grid_id,row,column,x,y,z,sionna_rssi_dbm,path_gain_linear
grid-r000-c000,0,0,0.19999980926513672,0.20000028610229492,0.44999998807907104,-37.62853910840573,1.726418531688978e-06
grid-r000-c001,0,1,0.40000009536743164,0.20000028610229492,0.44999998807907104,-37.4767640272308,1.7878192011266947e-06
grid-r000-c002,0,2,0.5999999046325684,0.20000028610229492,0.44999998807907104,-37.838076565439906,1.6451001556561096e-06
grid-r000-c003,0,3,0.7999997138977051,0.20000028610229492,0.44999998807907104,-37.65929253838415,1.714236532279756e-06
grid-r000-c004,0,4,1.0,0.20000028610229492,0.44999998807907104,-37.765696286053455,1.672747430347954e-06
grid-r000-c005,0,5,1.1999998092651367,0.20000028610229492,0.44999998807907104,-37.51515520283797,1.7720847154123476e-06
grid-r000-c006,0,6,1.4000000953674316,0.20000028610229492,0.44999998807907104,-37.062380872238904,1.966807758435607e-06
grid-r000-c007,0,7,1.5999999046325684,0.20000028610229492,0.44999998807907104,-36.0324151779026,2.4932078304118477e-06
grid-r000-c008,0,8,1.799999713897705,0.20000028610229492,0.44999998807907104,-34.89142089245658,3.242335196773638e-06
grid-r000-c009,0,9,2.0,0.20000028610229492,0.44999998807907104,-33.00953030190924,5.0008861762762535e-06
grid-r000-c010,0,10,2.200000047683716,0.20000028610229492,0.44999998807907104,-31.335926474260205,7.352031389018521e-06
grid-r000-c011,0,11,2.3999998569488525,0.20000028610229492,0.44999998807907104,-29.591186557016172,1.0987056157318875e-05
grid-r000-c012,0,12,2.5999999046325684,0.20000028610229492,0.44999998807907104,-28.17510430120877,1.5222625734168105e-05
grid-r000-c013,0,13,2.799999952316284,0.20000028610229492,0.44999998807907104,-27.174310480527268,1.9167653590557165e-05
grid-r000-c014,0,14,3.0,0.20000028610229492,0.44999998807907104,-26.672556878035927,2.1515146727324463e-05
grid-r000-c015,0,15,3.200000047683716,0.20000028610229492,0.44999998807907104,-26.577034790817024,2.199361006205436e-05
grid-r000-c016,0,16,3.3999998569488525,0.20000028610229492,0.44999998807907104,-26.849764198797423,2.0654922991525382e-05
grid-r000-c017,0,17,3.5999999046325684,0.20000028610229492,0.44999998807907104,-27.637579452642655,1.7228285287274048e-05
grid-r000-c018,0,18,3.799999952316284,0.20000028610229492,0.44999998807907104,-28.846139101518077,1.3043258149991743e-05
grid-r000-c019,0,19,4.0,0.20000028610229492,0.44999998807907104,-30.479178531082596,8.955341399996541e-06
grid-r000-c020,0,20,4.199999809265137,0.20000028610229492,0.44999998807907104,-32.188069729466314,6.042171207809588e-06
grid-r000-c021,0,21,4.400000095367432,0.20000028610229492,0.44999998807907104,-33.99252365069377,3.987930995208444e-06
grid-r000-c022,0,22,4.599999904632568,0.20000028610229492,0.44999998807907104,-35.60930911928354,2.748331326074549e-06
grid-r000-c023,0,23,4.800000190734863,0.20000028610229492,0.44999998807907104,-36.78615905755869,2.095965328408056e-06
grid-r000-c024,0,24,5.0,0.20000028610229492,0.44999998807907104,-37.28441128061522,1.8687829879127094e-06
grid-r000-c025,0,25,5.199999809265137,0.20000028610229492,0.44999998807907104,-37.8640524794194,1.6352898910554359e-06
grid-r000-c026,0,26,5.400000095367432,0.20000028610229492,0.44999998807907104,-37.870002976160805,1.6330508287865086e-06
grid-r000-c027,0,27,5.599999904632568,0.20000028610229492,0.44999998807907104,-37.646284285601624,1.71937881532358e-06
grid-r000-c028,0,28,5.800000190734863,0.20000028610229492,0.44999998807907104,-37.56721097366358,1.750970795910689e-06
grid-r000-c029,0,29,6.0,0.20000028610229492,0.44999998807907104,-37.65790680371776,1.7147835933428723e-06
grid-r000-c030,0,30,6.199999809265137,0.20000028610229492,0.44999998807907104,-37.37294245155198,1.8310734049009625e-06
grid-r000-c031,0,31,6.400000095367432,0.20000028610229492,0.44999998807907104,-37.36266720648296,1.8354107851337176e-06
grid-r000-c032,0,32,6.599999904632568,0.20000028610229492,0.44999998807907104,-37.30278861297323,1.8608918708196143e-06
grid-r000-c033,0,33,6.800000190734863,0.20000028610229492,0.44999998807907104,-37.11959674570509,1.9410661025176523e-06
grid-r000-c034,0,34,7.0,0.20000028610229492,0.44999998807907104,-37.549667929947745,1.7580580333742546e-06
grid-r000-c035,0,35,7.199999809265137,0.20000028610229492,0.44999998807907104,-37.36415748381377,1.8347810737395776e-06
grid-r000-c036,0,36,7.400000095367432,0.20000028610229492,0.44999998807907104,-37.64263831868459,1.72082286553632e-06
grid-r000-c037,0,37,7.599999904632568,0.20000028610229492,0.44999998807907104,-37.27949198985308,1.870900973699463e-06
grid-r000-c038,0,38,7.800000190734863,0.20000028610229492,0.44999998807907104,-37.27935977665454,1.8709579308051616e-06
grid-r000-c039,0,39,8.0,0.20000028610229492,0.44999998807907104,-37.59067930833811,1.7415344473192818e-06
grid-r000-c040,0,40,8.199999809265137,0.20000028610229492,0.44999998807907104,-38.02489014980892,1.5758358813400264e-06
grid-r000-c041,0,41,8.399999618530273,0.20000028610229492,0.44999998807907104,-37.85295550974878,1.639473680370429e-06
grid-r000-c042,0,42,8.600000381469727,0.20000028610229492,0.44999998807907104,-38.10725263403482,1.5462322835446685e-06
grid-r000-c043,0,43,8.800000190734863,0.20000028610229492,0.44999998807907104,-38.09613649827189,1.5501950656471308e-06
grid-r000-c044,0,44,9.0,0.20000028610229492,0.44999998807907104,-38.46307445367365,1.4245987358663115e-06
grid-r000-c045,0,45,9.199999809265137,0.20000028610229492,0.44999998807907104,-38.4020584082089,1.4447548437601654e-06
grid-r000-c046,0,46,9.399999618530273,0.20000028610229492,0.44999998807907104,-38.331066028506015,1.4685657561130938e-06
grid-r000-c047,0,47,9.600000381469727,0.20000028610229492,0.44999998807907104,-38.93995609740142,1.2764517123287078e-06
grid-r000-c048,0,48,9.800000190734863,0.20000028610229492,0.44999998807907104,-38.614860309746994,1.3756690577793051e-06
grid-r000-c049,0,49,10.0,0.20000028610229492,0.44999998807907104,-38.54319386308873,1.3985584246256622e-06
grid-r000-c050,0,50,10.200000762939453,0.20000028610229492,0.44999998807907104,-39.30935538184216,1.1723693660314893e-06
grid-r000-c051,0,51,10.399999618530273,0.20000028610229492,0.44999998807907104,-38.939396042417584,1.2766163308697287e-06
grid-r000-c052,0,52,10.600000381469727,0.20000028610229492,0.44999998807907104,-38.82703786826683,1.3100751630190643e-06
grid-r000-c053,0,53,10.800000190734863,0.20000028610229492,0.44999998807907104,-39.608786073077425,1.0942621884169057e-06
grid-r000-c054,0,54,11.0,0.20000028610229492,0.44999998807907104,-39.49012554878652,1.1245724635955412e-06
grid-r000-c055,0,55,11.200000762939453,0.20000028610229492,0.44999998807907104,-39.63314256519634,1.0881424259423511e-06
grid-r000-c056,0,56,11.399999618530273,0.20000028610229492,0.44999998807907104,-38.870354957981554,1.297073254136194e-06
grid-r000-c057,0,57,11.600000381469727,0.20000028610229492,0.44999998807907104,-40.05166748270612,9.881736104944139e-07
grid-r001-c000,1,0,0.19999980926513672,0.40000057220458984,0.44999998807907104,-37.7796619928519,1.6673769778208225e-06
grid-r001-c001,1,1,0.40000009536743164,0.40000057220458984,0.44999998807907104,-37.80394754976175,1.6580790997977601e-06
grid-r001-c002,1,2,0.5999999046325684,0.40000057220458984,0.44999998807907104,-37.93123764800192,1.6101867004181258e-06
grid-r001-c003,1,3,0.7999997138977051,0.40000057220458984,0.44999998807907104,-38.055810267617275,1.5646563724658336e-06
grid-r001-c004,1,4,1.0,0.40000057220458984,0.44999998807907104,-37.81608366399303,1.653452159189328e-06
grid-r001-c005,1,5,1.1999998092651367,0.40000057220458984,0.44999998807907104,-37.89640017332986,1.6231549579970306e-06
grid-r001-c006,1,6,1.4000000953674316,0.40000057220458984,0.44999998807907104,-37.164672556288714,1.9210237951483577e-06
grid-r001-c007,1,7,1.5999999046325684,0.40000057220458984,0.44999998807907104,-36.393978781989354,2.2940459984965855e-06
grid-r001-c008,1,8,1.799999713897705,0.40000057220458984,0.44999998807907104,-34.854900595137494,3.2697153073968366e-06
grid-r001-c009,1,9,2.0,0.40000057220458984,0.44999998807907104,-33.24838212517514,4.733275545731885e-06
grid-r001-c010,1,10,2.200000047683716,0.40000057220458984,0.44999998807907104,-31.3063496784564,7.402271876344457e-06
grid-r001-c011,1,11,2.3999998569488525,0.40000057220458984,0.44999998807907104,-29.51893960419185,1.1171359801664948e-05
grid-r001-c012,1,12,2.5999999046325684,0.40000057220458984,0.44999998807907104,-27.96497033636419,1.5977284419932403e-05
grid-r001-c013,1,13,2.799999952316284,0.40000057220458984,0.44999998807907104,-26.814679803850538,2.082245919154957e-05
grid-r001-c014,1,14,3.0,0.40000057220458984,0.44999998807907104,-26.199534185237823,2.399090226390399e-05
grid-r001-c015,1,15,3.200000047683716,0.40000057220458984,0.44999998807907104,-26.077195228010865,2.4676324756001122e-05
grid-r001-c016,1,16,3.3999998569488525,0.40000057220458984,0.44999998807907104,-26.430732850421712,2.2747135517420247e-05
grid-r001-c017,1,17,3.5999999046325684,0.40000057220458984,0.44999998807907104,-27.331093192203745,1.848803185566794e-05
grid-r001-c018,1,18,3.799999952316284,0.40000057220458984,0.44999998807907104,-28.70417358155266,1.347667148365872e-05
grid-r001-c019,1,19,4.0,0.40000057220458984,0.44999998807907104,-30.39432591316612,9.132031664194074e-06
grid-r001-c020,1,20,4.199999809265137,0.40000057220458984,0.44999998807907104,-32.25528090876879,5.94938273934531e-06
grid-r001-c021,1,21,4.400000095367432,0.40000057220458984,0.44999998807907104,-34.18131788521577,3.8182838579814415e-06
grid-r001-c022,1,22,4.599999904632568,0.40000057220458984,0.44999998807907104,-35.69332030516982,2.6956777219311334e-06
grid-r001-c023,1,23,4.800000190734863,0.40000057220458984,0.44999998807907104,-36.88892490850012,2.04695129468746e-06
grid-r001-c024,1,24,5.0,0.40000057220458984,0.44999998807907104,-37.7096794401377,1.6944628669079975e-06
grid-r001-c025,1,25,5.199999809265137,0.40000057220458984,0.44999998807907104,-38.08873738330413,1.5528383983109961e-06
grid-r001-c026,1,26,5.400000095367432,0.40000057220458984,0.44999998807907104,-38.004479547935624,1.5832592907827348e-06
grid-r001-c027,1,27,5.599999904632568,0.40000057220458984,0.44999998807907104,-37.9669423540578,1.5970031199685764e-06
grid-r001-c028,1,28,5.800000190734863,0.40000057220458984,0.44999998807907104,-37.8090717180043,1.6561239135626238e-06
grid-r001-c029,1,29,6.0,0.40000057220458984,0.44999998807907104,-37.93765161564764,1.6078104181360686e-06
grid-r001-c030,1,30,6.199999809265137,0.40000057220458984,0.44999998807907104,-37.615352775237305,1.7316683624812867e-06
grid-r001-c031,1,31,6.400000095367432,0.40000057220458984,0.44999998807907104,-37.453826394975486,1.7972866999116377e-06
grid-r001-c032,1,32,6.599999904632568,0.40000057220458984,0.44999998807907104,-37.58940967005955,1.7420436506654369e-06
grid-r001-c033,1,33,6.800000190734863,0.40000057220458984,0.44999998807907104,-37.57549662570249,1.7476334051025333e-06
grid-r001-c034,1,34,7.0,0.40000057220458984,0.44999998807907104,-37.46672346047994,1.7919572883329238e-06
grid-r001-c035,1,35,7.199999809265137,0.40000057220458984,0.44999998807907104,-37.66322753165939,1.7126840248238295e-06
grid-r001-c036,1,36,7.400000095367432,0.40000057220458984,0.44999998807907104,-37.534178530000446,1.7643394585320493e-06
grid-r001-c037,1,37,7.599999904632568,0.40000057220458984,0.44999998807907104,-37.73601056311547,1.684220478637144e-06
grid-r001-c038,1,38,7.800000190734863,0.40000057220458984,0.44999998807907104,-37.86864628871116,1.6335610553142033e-06
grid-r001-c039,1,39,8.0,0.40000057220458984,0.44999998807907104,-38.08811772954007,1.5530599739577156e-06
grid-r001-c040,1,40,8.199999809265137,0.40000057220458984,0.44999998807907104,-37.668532849995614,1.7105930965044536e-06
grid-r001-c041,1,41,8.399999618530273,0.40000057220458984,0.44999998807907104,-37.98632684217278,1.589890871400712e-06
grid-r001-c042,1,42,8.600000381469727,0.40000057220458984,0.44999998807907104,-38.435999037004294,1.4335079185912036e-06
grid-r001-c043,1,43,8.800000190734863,0.40000057220458984,0.44999998807907104,-38.40541015511925,1.4436402580031427e-06
grid-r001-c044,1,44,9.0,0.40000057220458984,0.44999998807907104,-38.19843465899531,1.5141068843149696e-06
grid-r001-c045,1,45,9.199999809265137,0.40000057220458984,0.44999998807907104,-38.34632513622814,1.4634149465564406e-06
grid-r001-c046,1,46,9.399999618530273,0.40000057220458984,0.44999998807907104,-38.765355282378835,1.3288148466017446e-06
grid-r001-c047,1,47,9.600000381469727,0.40000057220458984,0.44999998807907104,-38.657153024163755,1.3623374570670421e-06
grid-r001-c048,1,48,9.800000190734863,0.40000057220458984,0.44999998807907104,-38.68978055278169,1.3521408845917904e-06
grid-r001-c049,1,49,10.0,0.40000057220458984,0.44999998807907104,-39.03058202549579,1.2500914863267099e-06
grid-r001-c050,1,50,10.200000762939453,0.40000057220458984,0.44999998807907104,-38.72585572117786,1.3409556913757115e-06
grid-r001-c051,1,51,10.399999618530273,0.40000057220458984,0.44999998807907104,-38.642505259638796,1.3669400686922017e-06
grid-r001-c052,1,52,10.600000381469727,0.40000057220458984,0.44999998807907104,-39.35034564309695,1.1613561810008832e-06
grid-r001-c053,1,53,10.800000190734863,0.40000057220458984,0.44999998807907104,-39.37538685314101,1.1546791256478173e-06
grid-r001-c054,1,54,11.0,0.40000057220458984,0.44999998807907104,-39.13703610375045,1.219821797349141e-06
grid-r001-c055,1,55,11.200000762939453,0.40000057220458984,0.44999998807907104,-39.21153332203566,1.1990758821411873e-06
grid-r001-c056,1,56,11.399999618530273,0.40000057220458984,0.44999998807907104,-39.96906043303859,1.0071495353258797e-06
grid-r001-c057,1,57,11.600000381469727,0.40000057220458984,0.44999998807907104,-39.17539660231368,1.2090947620890802e-06
grid-r002-c000,2,0,0.19999980926513672,0.6000003814697266,0.44999998807907104,-37.380610846675964,1.8278431070939405e-06
grid-r002-c001,2,1,0.40000009536743164,0.6000003814697266,0.44999998807907104,-37.709332709621215,1.6945981542448862e-06
grid-r002-c002,2,2,0.5999999046325684,0.6000003814697266,0.44999998807907104,-37.56713878783412,1.7509998997411458e-06
grid-r002-c003,2,3,0.7999997138977051,0.6000003814697266,0.44999998807907104,-37.73463325174863,1.6847546930875978e-06
grid-r002-c004,2,4,1.0,0.6000003814697266,0.44999998807907104,-37.73786662333957,1.6835008409543661e-06
grid-r002-c005,2,5,1.1999998092651367,0.6000003814697266,0.44999998807907104,-37.28863977324633,1.8669643395696767e-06
grid-r002-c006,2,6,1.4000000953674316,0.6000003814697266,0.44999998807907104,-37.02376081122586,1.9843757854687283e-06
grid-r002-c007,2,7,1.5999999046325684,0.6000003814697266,0.44999998807907104,-36.091759140087746,2.459371216900763e-06
grid-r002-c008,2,8,1.799999713897705,0.6000003814697266,0.44999998807907104,-34.67694518276829,3.406477162570809e-06
grid-r002-c009,2,9,2.0,0.6000003814697266,0.44999998807907104,-33.120524981243726,4.874695605394663e-06
grid-r002-c010,2,10,2.200000047683716,0.6000003814697266,0.44999998807907104,-31.329955545113805,7.362146334344288e-06
grid-r002-c011,2,11,2.3999998569488525,0.6000003814697266,0.44999998807907104,-29.538227320444214,1.1121856005047448e-05
grid-r002-c012,2,12,2.5999999046325684,0.6000003814697266,0.44999998807907104,-27.995077422695367,1.5866906323935837e-05
grid-r002-c013,2,13,2.799999952316284,0.6000003814697266,0.44999998807907104,-26.882922754656768,2.0497822333709337e-05
grid-r002-c014,2,14,3.0,0.6000003814697266,0.44999998807907104,-26.222335794372576,2.3865273760748096e-05
grid-r002-c015,2,15,3.200000047683716,0.6000003814697266,0.44999998807907104,13.724522040854822,0.23575027287006378
grid-r002-c016,2,16,3.3999998569488525,0.6000003814697266,0.44999998807907104,-26.486569257065014,2.2456551960203797e-05
grid-r002-c017,2,17,3.5999999046325684,0.6000003814697266,0.44999998807907104,-27.381609214229663,1.8274229660164565e-05
grid-r002-c018,2,18,3.799999952316284,0.6000003814697266,0.44999998807907104,-28.756810584324,1.3314318493939936e-05
grid-r002-c019,2,19,4.0,0.6000003814697266,0.44999998807907104,-30.400450107966144,9.119163223658688e-06
grid-r002-c020,2,20,4.199999809265137,0.6000003814697266,0.44999998807907104,-32.26236767465245,5.939682523603551e-06
grid-r002-c021,2,21,4.400000095367432,0.6000003814697266,0.44999998807907104,-33.94851297476502,4.028549483336974e-06
grid-r002-c022,2,22,4.599999904632568,0.6000003814697266,0.44999998807907104,-35.41520577804367,2.873951416404452e-06
grid-r002-c023,2,23,4.800000190734863,0.6000003814697266,0.44999998807907104,-36.717282468575014,2.1294711132213706e-06
grid-r002-c024,2,24,5.0,0.6000003814697266,0.44999998807907104,-37.22382559722988,1.895035893539898e-06
grid-r002-c025,2,25,5.199999809265137,0.6000003814697266,0.44999998807907104,-37.48254416924237,1.7854413272289094e-06
grid-r002-c026,2,26,5.400000095367432,0.6000003814697266,0.44999998807907104,-37.67413336525387,1.7083885950341937e-06
grid-r002-c027,2,27,5.599999904632568,0.6000003814697266,0.44999998807907104,-37.844637749501544,1.6426166666860809e-06
grid-r002-c028,2,28,5.800000190734863,0.6000003814697266,0.44999998807907104,-37.73243819458736,1.6856064348758082e-06
grid-r002-c029,2,29,6.0,0.6000003814697266,0.44999998807907104,-37.49502881350318,1.7803160972107435e-06
grid-r002-c030,2,30,6.199999809265137,0.6000003814697266,0.44999998807907104,-37.564005218602,1.752263756316097e-06
grid-r002-c031,2,31,6.400000095367432,0.6000003814697266,0.44999998807907104,-37.676234951996946,1.7075620917239576e-06
grid-r002-c032,2,32,6.599999904632568,0.6000003814697266,0.44999998807907104,-37.396593464356954,1.8211287624581018e-06
grid-r002-c033,2,33,6.800000190734863,0.6000003814697266,0.44999998807907104,-37.74664717912919,1.6801005813249503e-06
grid-r002-c034,2,34,7.0,0.6000003814697266,0.44999998807907104,-37.422176540256714,1.8104325363310636e-06
grid-r002-c035,2,35,7.199999809265137,0.6000003814697266,0.44999998807907104,-37.53235994010073,1.7650784229772398e-06
grid-r002-c036,2,36,7.400000095367432,0.6000003814697266,0.44999998807907104,-37.70966399692905,1.6944688923103968e-06
grid-r002-c037,2,37,7.599999904632568,0.6000003814697266,0.44999998807907104,-37.66270952012852,1.7128883200712153e-06
grid-r002-c038,2,38,7.800000190734863,0.6000003814697266,0.44999998807907104,-37.85417867235299,1.6390119981224416e-06
grid-r002-c039,2,39,8.0,0.6000003814697266,0.44999998807907104,-37.79989343979742,1.6596276282143663e-06
grid-r002-c040,2,40,8.199999809265137,0.6000003814697266,0.44999998807907104,-37.98537822503839,1.5902381846899516e-06
grid-r002-c041,2,41,8.399999618530273,0.6000003814697266,0.44999998807907104,-38.29051889973579,1.4823409628661466e-06
grid-r002-c042,2,42,8.600000381469727,0.6000003814697266,0.44999998807907104,-37.941087728683,1.6065388308561523e-06
grid-r002-c043,2,43,8.800000190734863,0.6000003814697266,0.44999998807907104,-38.185293878651024,1.5186951713985763e-06
grid-r002-c044,2,44,9.0,0.6000003814697266,0.44999998807907104,-38.317365216061475,1.4732059980815393e-06
grid-r002-c045,2,45,9.199999809265137,0.6000003814697266,0.44999998807907104,-38.62251066180251,1.3732478691963479e-06
grid-r002-c046,2,46,9.399999618530273,0.6000003814697266,0.44999998807907104,-38.39601375573089,1.446767100787838e-06
grid-r002-c047,2,47,9.600000381469727,0.6000003814697266,0.44999998807907104,-38.72464636292,1.341329152637627e-06
grid-r002-c048,2,48,9.800000190734863,0.6000003814697266,0.44999998807907104,-38.83533479558436,1.3075747347102151e-06
grid-r002-c049,2,49,10.0,0.6000003814697266,0.44999998807907104,-39.072681152576536,1.2380320413285517e-06
grid-r002-c050,2,50,10.200000762939453,0.6000003814697266,0.44999998807907104,-39.03172716440522,1.2497619081841549e-06
grid-r002-c051,2,51,10.399999618530273,0.6000003814697266,0.44999998807907104,-39.26616028278008,1.184087977890158e-06
grid-r002-c052,2,52,10.600000381469727,0.6000003814697266,0.44999998807907104,-39.281404108048946,1.1799390904343454e-06
grid-r002-c053,2,53,10.800000190734863,0.6000003814697266,0.44999998807907104,-39.08437554328596,1.234702835972712e-06
grid-r002-c054,2,54,11.0,0.6000003814697266,0.44999998807907104,-39.475468273704195,1.1283742651357898e-06
grid-r002-c055,2,55,11.200000762939453,0.6000003814697266,0.44999998807907104,-39.95218959800805,1.0110695711773587e-06
grid-r002-c056,2,56,11.399999618530273,0.6000003814697266,0.44999998807907104,-39.46088384919151,1.1321699275868014e-06
grid-r002-c057,2,57,11.600000381469727,0.6000003814697266,0.44999998807907104,-39.73277962451806,1.0634621503413655e-06
grid-r003-c000,3,0,0.19999980926513672,0.8000001907348633,0.44999998807907104,-37.632743742559846,1.7247479036086588e-06
grid-r003-c001,3,1,0.40000009536743164,0.8000001907348633,0.44999998807907104,-37.649114013809914,1.7182588862851844e-06
grid-r003-c002,3,2,0.5999999046325684,0.8000001907348633,0.44999998807907104,-37.79578128935754,1.6611998034932185e-06
grid-r003-c003,3,3,0.7999997138977051,0.8000001907348633,0.44999998807907104,-37.52614276023192,1.767607045621844e-06
grid-r003-c004,3,4,1.0,0.8000001907348633,0.44999998807907104,-37.70774480448651,1.6952178611973068e-06
grid-r003-c005,3,5,1.1999998092651367,0.8000001907348633,0.44999998807907104,-37.66254666338188,1.712952553134528e-06
grid-r003-c006,3,6,1.4000000953674316,0.8000001907348633,0.44999998807907104,-36.99376391839951,1.998129391722614e-06
grid-r003-c007,3,7,1.5999999046325684,0.8000001907348633,0.44999998807907104,-36.20124407125963,2.398145852566813e-06
grid-r003-c008,3,8,1.799999713897705,0.8000001907348633,0.44999998807907104,-35.26993434656038,2.9717109555349452e-06
grid-r003-c009,3,9,2.0,0.8000001907348633,0.44999998807907104,-33.55662343933709,4.408975200931309e-06
grid-r003-c010,3,10,2.200000047683716,0.8000001907348633,0.44999998807907104,-31.89763270165603,6.460062650148757e-06
grid-r003-c011,3,11,2.3999998569488525,0.8000001907348633,0.44999998807907104,-30.15654468865805,9.645961654314306e-06
grid-r003-c012,3,12,2.5999999046325684,0.8000001907348633,0.44999998807907104,-28.600582770368213,1.3801990462525282e-05
grid-r003-c013,3,13,2.799999952316284,0.8000001907348633,0.44999998807907104,-27.446945211886458,1.8001366697717458e-05
grid-r003-c014,3,14,3.0,0.8000001907348633,0.44999998807907104,-26.821061606780447,2.0791883798665367e-05
grid-r003-c015,3,15,3.200000047683716,0.8000001907348633,0.44999998807907104,-26.661069303745165,2.1572132027358748e-05
grid-r003-c016,3,16,3.3999998569488525,0.8000001907348633,0.44999998807907104,-27.076636869708807,1.9603621694841422e-05
grid-r003-c017,3,17,3.5999999046325684,0.8000001907348633,0.44999998807907104,-27.995671928739682,1.5864734450588003e-05
grid-r003-c018,3,18,3.799999952316284,0.8000001907348633,0.44999998807907104,-29.32155043983328,1.169081951957196e-05
grid-r003-c019,3,19,4.0,0.8000001907348633,0.44999998807907104,-31.046558755264122,7.858580829633866e-06
grid-r003-c020,3,20,4.199999809265137,0.8000001907348633,0.44999998807907104,-32.75510637715553,5.302606041368563e-06
grid-r003-c021,3,21,4.400000095367432,0.8000001907348633,0.44999998807907104,-34.46242370243815,3.578966470740852e-06
grid-r003-c022,3,22,4.599999904632568,0.8000001907348633,0.44999998807907104,-35.814454644413985,2.6215282105113147e-06
grid-r003-c023,3,23,4.800000190734863,0.8000001907348633,0.44999998807907104,-36.76007384130615,2.1085922981001204e-06
grid-r003-c024,3,24,5.0,0.8000001907348633,0.44999998807907104,-37.29792109000836,1.8629787064128323e-06
grid-r003-c025,3,25,5.199999809265137,0.8000001907348633,0.44999998807907104,-37.933942375936205,1.6091842098830966e-06
grid-r003-c026,3,26,5.400000095367432,0.8000001907348633,0.44999998807907104,-37.67061382376153,1.7097736417781562e-06
grid-r003-c027,3,27,5.599999904632568,0.8000001907348633,0.44999998807907104,-37.68767795257065,1.7030688468366861e-06
grid-r003-c028,3,28,5.800000190734863,0.8000001907348633,0.44999998807907104,-37.505657737477065,1.7759642787495977e-06
grid-r003-c029,3,29,6.0,0.8000001907348633,0.44999998807907104,-37.560933601339855,1.7535035112814512e-06
grid-r003-c030,3,30,6.199999809265137,0.8000001907348633,0.44999998807907104,-37.55748038051042,1.7548983350934577e-06
grid-r003-c031,3,31,6.400000095367432,0.8000001907348633,0.44999998807907104,-37.50367653483429,1.7767746385288774e-06
grid-r003-c032,3,32,6.599999904632568,0.8000001907348633,0.44999998807907104,-37.42601863953407,1.8088315982822678e-06
grid-r003-c033,3,33,6.800000190734863,0.8000001907348633,0.44999998807907104,-37.30389196223899,1.8604191609483678e-06
grid-r003-c034,3,34,7.0,0.8000001907348633,0.44999998807907104,-37.60506439151493,1.7357755268676556e-06
grid-r003-c035,3,35,7.199999809265137,0.8000001907348633,0.44999998807907104,-37.608982990235646,1.734210059112229e-06
grid-r003-c036,3,36,7.400000095367432,0.8000001907348633,0.44999998807907104,-37.55979620362372,1.7539628061058465e-06
grid-r003-c037,3,37,7.599999904632568,0.8000001907348633,0.44999998807907104,-37.58823135607315,1.7425163605366834e-06
grid-r003-c038,3,38,7.800000190734863,0.8000001907348633,0.44999998807907104,-37.9688125797705,1.596315541974036e-06
grid-r003-c039,3,39,8.0,0.8000001907348633,0.44999998807907104,-37.92212336680632,1.6135694522745325e-06
grid-r003-c040,3,40,8.199999809265137,0.8000001907348633,0.44999998807907104,-38.07794535643191,1.5567019318041275e-06
grid-r003-c041,3,41,8.399999618530273,0.8000001907348633,0.44999998807907104,-38.21668378931862,1.5077579291755683e-06
grid-r003-c042,3,42,8.600000381469727,0.8000001907348633,0.44999998807907104,-38.24022464252323,1.4996072650319547e-06
grid-r003-c043,3,43,8.800000190734863,0.8000001907348633,0.44999998807907104,-38.69911763594359,1.3492369816958671e-06
grid-r003-c044,3,44,9.0,0.8000001907348633,0.44999998807907104,-38.48405737895466,1.417732391928439e-06
grid-r003-c045,3,45,9.199999809265137,0.8000001907348633,0.44999998807907104,-38.77197745696964,1.3267901977087604e-06
grid-r003-c046,3,46,9.399999618530273,0.8000001907348633,0.44999998807907104,-38.61535526910834,1.375512283630087e-06
grid-r003-c047,3,47,9.600000381469727,0.8000001907348633,0.44999998807907104,-38.647346561978495,1.365417119814083e-06
grid-r003-c048,3,48,9.800000190734863,0.8000001907348633,0.44999998807907104,-38.79163487898819,1.3207983329266426e-06
grid-r003-c049,3,49,10.0,0.8000001907348633,0.44999998807907104,-38.67515643788286,1.3567016594606685e-06
grid-r003-c050,3,50,10.200000762939453,0.8000001907348633,0.44999998807907104,-39.06548824989468,1.2400842024362646e-06
grid-r003-c051,3,51,10.399999618530273,0.8000001907348633,0.44999998807907104,-39.387298025479765,1.1515165851960774e-06
grid-r003-c052,3,52,10.600000381469727,0.8000001907348633,0.44999998807907104,-38.993656297153464,1.2607656572072301e-06
grid-r003-c053,3,53,10.800000190734863,0.8000001907348633,0.44999998807907104,-40.23398095569504,9.475494948674168e-07
grid-r003-c054,3,54,11.0,0.8000001907348633,0.44999998807907104,-39.32462210142906,1.1682553804348572e-06
grid-r003-c055,3,55,11.200000762939453,0.8000001907348633,0.44999998807907104,-38.46455737075281,1.4241123835745384e-06
grid-r003-c056,3,56,11.399999618530273,0.8000001907348633,0.44999998807907104,-39.244830660938575,1.1899177252416848e-06
grid-r003-c057,3,57,11.600000381469727,0.8000001907348633,0.44999998807907104,-39.12876743782505,1.2221464658068726e-06
grid-r004-c000,4,0,0.19999980926513672,1.0000004768371582,0.44999998807907104,-37.56622500768813,1.7513683587822015e-06
grid-r004-c001,4,1,0.40000009536743164,1.0000004768371582,0.44999998807907104,-37.51648358057111,1.7715427702569286e-06
grid-r004-c002,4,2,0.5999999046325684,1.0000004768371582,0.44999998807907104,-37.77010503392634,1.671050199547608e-06
grid-r004-c003,4,3,0.7999997138977051,1.0000004768371582,0.44999998807907104,-37.86200439813199,1.636061256249377e-06
grid-r004-c004,4,4,1.0,1.0000004768371582,0.44999998807907104,-37.79094292637561,1.6630515347060282e-06
grid-r004-c005,4,5,1.1999998092651367,1.0000004768371582,0.44999998807907104,-37.67663052247186,1.7074065681299544e-06
grid-r004-c006,4,6,1.4000000953674316,1.0000004768371582,0.44999998807907104,-37.26677810828321,1.8763860225590179e-06
grid-r004-c007,4,7,1.5999999046325684,1.0000004768371582,0.44999998807907104,-36.766594776475834,2.1054286207800033e-06
grid-r004-c008,4,8,1.799999713897705,1.0000004768371582,0.44999998807907104,-35.64576341320537,2.725358626776142e-06
grid-r004-c009,4,9,2.0,1.0000004768371582,0.44999998807907104,-34.34133805111707,3.6801557143917307e-06
grid-r004-c010,4,10,2.200000047683716,1.0000004768371582,0.44999998807907104,-32.76975857136069,5.284746293909848e-06
grid-r004-c011,4,11,2.3999998569488525,1.0000004768371582,0.44999998807907104,-31.10431067556994,7.754770194878802e-06
grid-r004-c012,4,12,2.5999999046325684,1.0000004768371582,0.44999998807907104,-29.65920604463453,1.0816316716955043e-05
grid-r004-c013,4,13,2.799999952316284,1.0000004768371582,0.44999998807907104,-28.57667975885426,1.3878164281777572e-05
grid-r004-c014,4,14,3.0,1.0000004768371582,0.44999998807907104,-27.897017221358276,1.622924355615396e-05
grid-r004-c015,4,15,3.200000047683716,1.0000004768371582,0.44999998807907104,-27.776662020155705,1.668529148446396e-05
grid-r004-c016,4,16,3.3999998569488525,1.0000004768371582,0.44999998807907104,-28.171528137684916,1.523516584711615e-05
grid-r004-c017,4,17,3.5999999046325684,1.0000004768371582,0.44999998807907104,-29.042575405204516,1.246644023922272e-05
grid-r004-c018,4,18,3.799999952316284,1.0000004768371582,0.44999998807907104,-30.35648219527586,9.211954420607071e-06
grid-r004-c019,4,19,4.0,1.0000004768371582,0.44999998807907104,-31.920270539371785,6.426476829801686e-06
grid-r004-c020,4,20,4.199999809265137,1.0000004768371582,0.44999998807907104,-33.625963268591825,4.339140105003025e-06
grid-r004-c021,4,21,4.400000095367432,1.0000004768371582,0.44999998807907104,-35.129903297323885,3.0690903258800972e-06
grid-r004-c022,4,22,4.599999904632568,1.0000004768371582,0.44999998807907104,-36.29731392516501,2.345679149584612e-06
grid-r004-c023,4,23,4.800000190734863,1.0000004768371582,0.44999998807907104,-37.34878103679123,1.8412887357044383e-06
grid-r004-c024,4,24,5.0,1.0000004768371582,0.44999998807907104,-37.55447691298692,1.7561123968334869e-06
grid-r004-c025,4,25,5.199999809265137,1.0000004768371582,0.44999998807907104,-37.74029741435761,1.6825588318170048e-06
grid-r004-c026,4,26,5.400000095367432,1.0000004768371582,0.44999998807907104,-38.05368615309125,1.5654218259442132e-06
grid-r004-c027,4,27,5.599999904632568,1.0000004768371582,0.44999998807907104,-37.74954867151274,1.678978492236638e-06
grid-r004-c028,4,28,5.800000190734863,1.0000004768371582,0.44999998807907104,-37.72547128993353,1.6883126363609335e-06
grid-r004-c029,4,29,6.0,1.0000004768371582,0.44999998807907104,-37.6144652830868,1.7320222696071141e-06
grid-r004-c030,4,30,6.199999809265137,1.0000004768371582,0.44999998807907104,-37.5411050943098,1.7615277556615183e-06
grid-r004-c031,4,31,6.400000095367432,1.0000004768371582,0.44999998807907104,-37.415500109151694,1.8132178638552432e-06
grid-r004-c032,4,32,6.599999904632568,1.0000004768371582,0.44999998807907104,-37.69978781112928,1.6983266277748044e-06
grid-r004-c033,4,33,6.800000190734863,1.0000004768371582,0.44999998807907104,-37.53187967970579,1.7652736232776078e-06
grid-r004-c034,4,34,7.0,1.0000004768371582,0.44999998807907104,-37.56230732170956,1.7529489468870452e-06
grid-r004-c035,4,35,7.199999809265137,1.0000004768371582,0.44999998807907104,-37.607972125782624,1.7346137610729784e-06
grid-r004-c036,4,36,7.400000095367432,1.0000004768371582,0.44999998807907104,-37.715419373990684,1.6922248278206098e-06
grid-r004-c037,4,37,7.599999904632568,1.0000004768371582,0.44999998807907104,-37.68802295845675,1.7029335594997974e-06
grid-r004-c038,4,38,7.800000190734863,1.0000004768371582,0.44999998807907104,-37.883216848646,1.628089648875175e-06
grid-r004-c039,4,39,8.0,1.0000004768371582,0.44999998807907104,-38.150969057556324,1.53074586251023e-06
grid-r004-c040,4,40,8.199999809265137,1.0000004768371582,0.44999998807907104,-37.973965121415844,1.5944227698128088e-06
grid-r004-c041,4,41,8.399999618530273,1.0000004768371582,0.44999998807907104,-38.37073974181632,1.455211190659611e-06
grid-r004-c042,4,42,8.600000381469727,1.0000004768371582,0.44999998807907104,-38.321052691153206,1.471955670240277e-06
grid-r004-c043,4,43,8.800000190734863,1.0000004768371582,0.44999998807907104,-38.271403695086946,1.488879775024543e-06
grid-r004-c044,4,44,9.0,1.0000004768371582,0.44999998807907104,-38.25471508232654,1.4946120927561424e-06
grid-r004-c045,4,45,9.199999809265137,1.0000004768371582,0.44999998807907104,-38.99381098812164,1.26072075090633e-06
grid-r004-c046,4,46,9.399999618530273,1.0000004768371582,0.44999998807907104,-38.80844948698767,1.3156944760339684e-06
grid-r004-c047,4,47,9.600000381469727,1.0000004768371582,0.44999998807907104,-38.83051744884405,1.3090259471937316e-06
grid-r004-c048,4,48,9.800000190734863,1.0000004768371582,0.44999998807907104,-38.659906099143,1.3614741192213842e-06
grid-r004-c049,4,49,10.0,1.0000004768371582,0.44999998807907104,-39.66666793368457,1.0797748473123647e-06
grid-r004-c050,4,50,10.200000762939453,1.0000004768371582,0.44999998807907104,-39.32057395910283,1.1693448414007435e-06
grid-r004-c051,4,51,10.399999618530273,1.0000004768371582,0.44999998807907104,-39.08973326914162,1.2331805692156195e-06
grid-r004-c052,4,52,10.600000381469727,1.0000004768371582,0.44999998807907104,-39.12672897582872,1.2227202432768536e-06
grid-r004-c053,4,53,10.800000190734863,1.0000004768371582,0.44999998807907104,-38.97277315900553,1.2668426734308014e-06
grid-r004-c054,4,54,11.0,1.0000004768371582,0.44999998807907104,-39.29768770776754,1.1755232662835624e-06
grid-r004-c055,4,55,11.200000762939453,1.0000004768371582,0.44999998807907104,-39.70780964409059,1.069594190994394e-06
grid-r004-c056,4,56,11.399999618530273,1.0000004768371582,0.44999998807907104,-39.507501142481786,1.1200821745660505e-06
grid-r004-c057,4,57,11.600000381469727,1.0000004768371582,0.44999998807907104,-39.54057946931222,1.1115834013253334e-06
grid-r005-c000,5,0,0.19999980926513672,1.200000286102295,0.44999998807907104,-37.75082511888972,1.6784850913609262e-06
grid-r005-c001,5,1,0.40000009536743164,1.200000286102295,0.44999998807907104,-37.637684916957326,1.7227866919711232e-06
grid-r005-c002,5,2,0.5999999046325684,1.200000286102295,0.44999998807907104,-37.64325265432766,1.720579462016758e-06
grid-r005-c003,5,3,0.7999997138977051,1.200000286102295,0.44999998807907104,-37.80213715312908,1.6587704294579453e-06
grid-r005-c004,5,4,1.0,1.200000286102295,0.44999998807907104,-37.881251860426886,1.6288264532704488e-06
grid-r005-c005,5,5,1.1999998092651367,1.200000286102295,0.44999998807907104,-37.7150934822803,1.6923518160183448e-06
grid-r005-c006,5,6,1.4000000953674316,1.200000286102295,0.44999998807907104,-37.73869492258699,1.6831797893246403e-06
grid-r005-c007,5,7,1.5999999046325684,1.200000286102295,0.44999998807907104,-37.242904435498986,1.8867291373680928e-06
grid-r005-c008,5,8,1.799999713897705,1.200000286102295,0.44999998807907104,-36.488793957165285,2.244505139969988e-06
grid-r005-c009,5,9,2.0,1.200000286102295,0.44999998807907104,-35.18826872756253,3.028120318049332e-06
grid-r005-c010,5,10,2.200000047683716,1.200000286102295,0.44999998807907104,-33.88483125702847,4.088056357431924e-06
grid-r005-c011,5,11,2.3999998569488525,1.200000286102295,0.44999998807907104,-32.36334563467472,5.8031719163409434e-06
grid-r005-c012,5,12,2.5999999046325684,1.200000286102295,0.44999998807907104,-31.140939708705922,7.68964036979014e-06
grid-r005-c013,5,13,2.799999952316284,1.200000286102295,0.44999998807907104,-30.070118627881385,9.839842277870048e-06
grid-r005-c014,5,14,3.0,1.200000286102295,0.44999998807907104,-29.49640031599624,1.1229488336539362e-05
grid-r005-c015,5,15,3.200000047683716,1.200000286102295,0.44999998807907104,-29.387733934846302,1.1514010111568496e-05
grid-r005-c016,5,16,3.3999998569488525,1.200000286102295,0.44999998807907104,-29.735113496700407,1.0628908057697117e-05
grid-r005-c017,5,17,3.5999999046325684,1.200000286102295,0.44999998807907104,-30.56840592948152,8.773227818892337e-06
grid-r005-c018,5,18,3.799999952316284,1.200000286102295,0.44999998807907104,-31.7256675989412,6.720989858877147e-06
grid-r005-c019,5,19,4.0,1.200000286102295,0.44999998807907104,-33.127948657460486,4.866370090894634e-06
grid-r005-c020,5,20,4.199999809265137,1.200000286102295,0.44999998807907104,-34.60096182870448,3.466600674073561e-06
grid-r005-c021,5,21,4.400000095367432,1.200000286102295,0.44999998807907104,-35.77513736385774,2.645369022502564e-06
grid-r005-c022,5,22,4.599999904632568,1.200000286102295,0.44999998807907104,-37.083864697671494,1.9571023130993126e-06
grid-r005-c023,5,23,4.800000190734863,1.200000286102295,0.44999998807907104,-37.42612045418678,1.8087891930917976e-06
grid-r005-c024,5,24,5.0,1.200000286102295,0.44999998807907104,-37.9069510849162,1.619216391191003e-06
grid-r005-c025,5,25,5.199999809265137,1.200000286102295,0.44999998807907104,-38.074206923714144,1.5580425269945408e-06
grid-r005-c026,5,26,5.400000095367432,1.200000286102295,0.44999998807907104,-38.015226629917684,1.5793461898283567e-06
grid-r005-c027,5,27,5.599999904632568,1.200000286102295,0.44999998807907104,-37.81311948861523,1.6545810694879037e-06
grid-r005-c028,5,28,5.800000190734863,1.200000286102295,0.44999998807907104,-37.58635544170119,1.7432691947760759e-06
grid-r005-c029,5,29,6.0,1.200000286102295,0.44999998807907104,-37.651315358402826,1.7173881587950746e-06
grid-r005-c030,5,30,6.199999809265137,1.200000286102295,0.44999998807907104,-37.72363367282878,1.689027158136014e-06
grid-r005-c031,5,31,6.400000095367432,1.200000286102295,0.44999998807907104,-37.53237980058499,1.7650703512117616e-06
grid-r005-c032,5,32,6.599999904632568,1.200000286102295,0.44999998807907104,-37.38355317198988,1.8266051711179898e-06
grid-r005-c033,5,33,6.800000190734863,1.200000286102295,0.44999998807907104,-37.591204960482834,1.7413236719221459e-06
grid-r005-c034,5,34,7.0,1.200000286102295,0.44999998807907104,-37.60875295590488,1.734301918077108e-06
grid-r005-c035,5,35,7.199999809265137,1.200000286102295,0.44999998807907104,-37.748877657709734,1.6792379256003187e-06
grid-r005-c036,5,36,7.400000095367432,1.200000286102295,0.44999998807907104,-37.65224549519733,1.7170203818750451e-06
grid-r005-c037,5,37,7.599999904632568,1.200000286102295,0.44999998807907104,-37.70452416887606,1.6964754649961833e-06
grid-r005-c038,5,38,7.800000190734863,1.200000286102295,0.44999998807907104,-38.11594862704463,1.5431393194376142e-06
grid-r005-c039,5,39,8.0,1.200000286102295,0.44999998807907104,-38.09166007236353,1.5517937299591722e-06
grid-r005-c040,5,40,8.199999809265137,1.200000286102295,0.44999998807907104,-38.157214484924715,1.5285461358871544e-06
grid-r005-c041,5,41,8.399999618530273,1.200000286102295,0.44999998807907104,-38.45297027601074,1.42791702728573e-06
grid-r005-c042,5,42,8.600000381469727,1.200000286102295,0.44999998807907104,-38.34933667509543,1.4624005189034506e-06
grid-r005-c043,5,43,8.800000190734863,1.200000286102295,0.44999998807907104,-38.35514289193779,1.4604466969103669e-06
grid-r005-c044,5,44,9.0,1.200000286102295,0.44999998807907104,-38.513682752098006,1.4080942492000759e-06
grid-r005-c045,5,45,9.199999809265137,1.200000286102295,0.44999998807907104,-38.965560829182365,1.2689482673522434e-06
grid-r005-c046,5,46,9.399999618530273,1.200000286102295,0.44999998807907104,-39.07233938855087,1.2381294709484791e-06
grid-r005-c047,5,47,9.600000381469727,1.200000286102295,0.44999998807907104,-39.2210389831948,1.1964542636633269e-06
grid-r005-c048,5,48,9.800000190734863,1.200000286102295,0.44999998807907104,-39.297877558027345,1.1754718798329122e-06
grid-r005-c049,5,49,10.0,1.200000286102295,0.44999998807907104,-38.84079071488461,1.305933096773515e-06
grid-r005-c050,5,50,10.200000762939453,1.200000286102295,0.44999998807907104,-38.65196484843213,1.3639659073305666e-06
grid-r005-c051,5,51,10.399999618530273,1.200000286102295,0.44999998807907104,-39.35456505270632,1.1602284075706848e-06
grid-r005-c052,5,52,10.600000381469727,1.200000286102295,0.44999998807907104,-39.356784865252614,1.1596355307119666e-06
grid-r005-c053,5,53,10.800000190734863,1.200000286102295,0.44999998807907104,-39.50270741088899,1.1213192010472994e-06
grid-r005-c054,5,54,11.0,1.200000286102295,0.44999998807907104,-39.550281270749686,1.1091029818999232e-06
grid-r005-c055,5,55,11.200000762939453,1.200000286102295,0.44999998807907104,-39.410891603443545,1.1452777926024282e-06
grid-r005-c056,5,56,11.399999618530273,1.200000286102295,0.44999998807907104,-39.269996065820585,1.1830426274173078e-06
grid-r005-c057,5,57,11.600000381469727,1.200000286102295,0.44999998807907104,-40.097139031999646,9.778812000149628e-07
grid-r006-c000,6,0,0.19999980926513672,1.4000005722045898,0.44999998807907104,-37.7647922912736,1.6730956531318952e-06
grid-r006-c001,6,1,0.40000009536743164,1.4000005722045898,0.44999998807907104,-37.473248746851546,1.7892668893182417e-06
grid-r006-c002,6,2,0.5999999046325684,1.4000005722045898,0.44999998807907104,-37.933202994047406,1.6094581951620057e-06
grid-r006-c003,6,3,0.7999997138977051,1.4000005722045898,0.44999998807907104,-37.72752501962651,1.68751444107329e-06
grid-r006-c004,6,4,1.0,1.4000005722045898,0.44999998807907104,-38.072653782881254,1.5585998198730522e-06
grid-r006-c005,6,5,1.1999998092651367,1.4000005722045898,0.44999998807907104,-38.19501662085966,1.5152990044953185e-06
grid-r006-c006,6,6,1.4000000953674316,1.4000005722045898,0.44999998807907104,-37.815902412124416,1.6535211670998251e-06
grid-r006-c007,6,7,1.5999999046325684,1.4000005722045898,0.44999998807907104,-37.78167041433711,1.6666060673742322e-06
grid-r006-c008,6,8,1.799999713897705,1.4000005722045898,0.44999998807907104,-37.09759521645698,1.95092457033752e-06
grid-r006-c009,6,9,2.0,1.4000005722045898,0.44999998807907104,-36.280593889036666,2.3547272576252e-06
grid-r006-c010,6,10,2.200000047683716,1.4000005722045898,0.44999998807907104,-35.00093322258353,3.161598215228878e-06
grid-r006-c011,6,11,2.3999998569488525,1.4000005722045898,0.44999998807907104,-33.944065864484955,4.0326767702936195e-06
grid-r006-c012,6,12,2.5999999046325684,1.4000005722045898,0.44999998807907104,-32.706433829378945,5.36236802872736e-06
grid-r006-c013,6,13,2.799999952316284,1.4000005722045898,0.44999998807907104,-31.919298308504395,6.427915650419891e-06
grid-r006-c014,6,14,3.0,1.4000005722045898,0.44999998807907104,-31.369233948203032,7.2958619057317264e-06
grid-r006-c015,6,15,3.200000047683716,1.4000005722045898,0.44999998807907104,-31.221764692018596,7.54785469325725e-06
grid-r006-c016,6,16,3.3999998569488525,1.4000005722045898,0.44999998807907104,-31.620847283759083,6.885179573146161e-06
grid-r006-c017,6,17,3.5999999046325684,1.4000005722045898,0.44999998807907104,-32.26209037875628,5.94006178289419e-06
grid-r006-c018,6,18,3.799999952316284,1.4000005722045898,0.44999998807907104,-33.376643231698964,4.595530754158972e-06
grid-r006-c019,6,19,4.0,1.4000005722045898,0.44999998807907104,-34.45261626438005,3.587057790355175e-06
grid-r006-c020,6,20,4.199999809265137,1.4000005722045898,0.44999998807907104,-35.62262823764348,2.7399155442253686e-06
grid-r006-c021,6,21,4.400000095367432,1.4000005722045898,0.44999998807907104,-36.79433944235136,2.092021077260142e-06
grid-r006-c022,6,22,4.599999904632568,1.4000005722045898,0.44999998807907104,-37.46259662426592,1.7936608855961822e-06
grid-r006-c023,6,23,4.800000190734863,1.4000005722045898,0.44999998807907104,-38.031049621776994,1.5736025034129852e-06
grid-r006-c024,6,24,5.0,1.4000005722045898,0.44999998807907104,-38.02767235294197,1.5748266832815716e-06
grid-r006-c025,6,25,5.199999809265137,1.4000005722045898,0.44999998807907104,-37.910030369903716,1.6180687225642032e-06
grid-r006-c026,6,26,5.400000095367432,1.4000005722045898,0.44999998807907104,-37.95958152965939,1.5997121636246447e-06
grid-r006-c027,6,27,5.599999904632568,1.4000005722045898,0.44999998807907104,-38.10909739109146,1.5455756283699884e-06
grid-r006-c028,6,28,5.800000190734863,1.4000005722045898,0.44999998807907104,-37.90929901361444,1.618341229914222e-06
grid-r006-c029,6,29,6.0,1.4000005722045898,0.44999998807907104,-37.861095220778196,1.6364037946914323e-06
grid-r006-c030,6,30,6.199999809265137,1.4000005722045898,0.44999998807907104,-37.677204857772836,1.7071807860702393e-06
grid-r006-c031,6,31,6.400000095367432,1.4000005722045898,0.44999998807907104,-37.6433298469692,1.720548880257411e-06
grid-r006-c032,6,32,6.599999904632568,1.4000005722045898,0.44999998807907104,-37.70134256339457,1.6977187442535069e-06
grid-r006-c033,6,33,6.800000190734863,1.4000005722045898,0.44999998807907104,-37.748455754267,1.6794010662124492e-06
grid-r006-c034,6,34,7.0,1.4000005722045898,0.44999998807907104,-37.53911186093505,1.7623364101382322e-06
grid-r006-c035,6,35,7.199999809265137,1.4000005722045898,0.44999998807907104,-37.80651215560928,1.657100256124977e-06
grid-r006-c036,6,36,7.400000095367432,1.4000005722045898,0.44999998807907104,-37.72226670943398,1.6895588714760379e-06
grid-r006-c037,6,37,7.599999904632568,1.4000005722045898,0.44999998807907104,-37.984060751745616,1.5907206716292421e-06
grid-r006-c038,6,38,7.800000190734863,1.4000005722045898,0.44999998807907104,-37.74910759029012,1.6791490224932204e-06
grid-r006-c039,6,39,8.0,1.4000005722045898,0.44999998807907104,-38.27375183613935,1.4880749859003117e-06
grid-r006-c040,6,40,8.199999809265137,1.4000005722045898,0.44999998807907104,-38.476675725285546,1.4201441445038654e-06
grid-r006-c041,6,41,8.399999618530273,1.4000005722045898,0.44999998807907104,-38.359503500427294,1.4589810461984598e-06
grid-r006-c042,6,42,8.600000381469727,1.4000005722045898,0.44999998807907104,-38.856932557000434,1.3010882184971706e-06
grid-r006-c043,6,43,8.800000190734863,1.4000005722045898,0.44999998807907104,-38.55732610257626,1.39401481646928e-06
grid-r006-c044,6,44,9.0,1.4000005722045898,0.44999998807907104,-38.59182198548893,1.382986056341906e-06
grid-r006-c045,6,45,9.199999809265137,1.4000005722045898,0.44999998807907104,-38.853467778225486,1.3021266340729198e-06
grid-r006-c046,6,46,9.399999618530273,1.4000005722045898,0.44999998807907104,-38.735465236602344,1.337991875516309e-06
grid-r006-c047,6,47,9.600000381469727,1.4000005722045898,0.44999998807907104,-39.19238822814045,1.2043734614053392e-06
grid-r006-c048,6,48,9.800000190734863,1.4000005722045898,0.44999998807907104,-38.98843332715829,1.262282808056625e-06
grid-r006-c049,6,49,10.0,1.4000005722045898,0.44999998807907104,-39.50600619579121,1.1204678003196022e-06
grid-r006-c050,6,50,10.200000762939453,1.4000005722045898,0.44999998807907104,-39.03753848831563,1.2480907116696471e-06
grid-r006-c051,6,51,10.399999618530273,1.4000005722045898,0.44999998807907104,-39.3574427265856,1.1594598845476867e-06
grid-r006-c052,6,52,10.600000381469727,1.4000005722045898,0.44999998807907104,-39.84727055952088,1.0357929340898409e-06
grid-r006-c053,6,53,10.800000190734863,1.4000005722045898,0.44999998807907104,-39.83953531155889,1.0376394357081153e-06
grid-r006-c054,6,54,11.0,1.4000005722045898,0.44999998807907104,-38.96400241245007,1.2694036968241562e-06
grid-r006-c055,6,55,11.200000762939453,1.4000005722045898,0.44999998807907104,-39.13708224669092,1.2198088370496407e-06
grid-r006-c056,6,56,11.399999618530273,1.4000005722045898,0.44999998807907104,-40.60125002175628,8.707129381946288e-07
grid-r006-c057,6,57,11.600000381469727,1.4000005722045898,0.44999998807907104,-38.83449208192917,1.3078284837320098e-06
grid-r007-c000,7,0,0.19999980926513672,1.6000003814697266,0.44999998807907104,-37.8129162794003,1.6546584902243922e-06
grid-r007-c001,7,1,0.40000009536743164,1.6000003814697266,0.44999998807907104,-37.837168782235366,1.6454440583402175e-06
grid-r007-c002,7,2,0.5999999046325684,1.6000003814697266,0.44999998807907104,-37.80143118093061,1.659040094637021e-06
grid-r007-c003,7,3,0.7999997138977051,1.6000003814697266,0.44999998807907104,-38.186009168942476,1.5184450603555888e-06
grid-r007-c004,7,4,1.0,1.6000003814697266,0.44999998807907104,-37.8513735296501,1.6400709910158184e-06
grid-r007-c005,7,5,1.1999998092651367,1.6000003814697266,0.44999998807907104,-38.36749905457811,1.456297468394041e-06
grid-r007-c006,7,6,1.4000000953674316,1.6000003814697266,0.44999998807907104,-38.21882887733706,1.5070133940753294e-06
grid-r007-c007,7,7,1.5999999046325684,1.6000003814697266,0.44999998807907104,-37.77582810544799,1.6688495634298306e-06
grid-r007-c008,7,8,1.799999713897705,1.6000003814697266,0.44999998807907104,-37.55121676615288,1.7574311641510576e-06
grid-r007-c009,7,9,2.0,1.6000003814697266,0.44999998807907104,-37.14536473360643,1.9295832771604182e-06
grid-r007-c010,7,10,2.200000047683716,1.6000003814697266,0.44999998807907104,-36.51203703965446,2.232524821010884e-06
grid-r007-c011,7,11,2.3999998569488525,1.6000003814697266,0.44999998807907104,-35.29301666412874,2.955958507300238e-06
grid-r007-c012,7,12,2.5999999046325684,1.6000003814697266,0.44999998807907104,-34.571910780959854,3.489867367534316e-06
grid-r007-c013,7,13,2.799999952316284,1.6000003814697266,0.44999998807907104,-33.726446984647076,4.239896952640265e-06
grid-r007-c014,7,14,3.0,1.6000003814697266,0.44999998807907104,-33.44818709085615,4.520446054812055e-06
grid-r007-c015,7,15,3.200000047683716,1.6000003814697266,0.44999998807907104,-33.25992722961381,4.72070951218484e-06
grid-r007-c016,7,16,3.3999998569488525,1.6000003814697266,0.44999998807907104,-33.599891265880125,4.365267614048207e-06
grid-r007-c017,7,17,3.5999999046325684,1.6000003814697266,0.44999998807907104,-34.20651855897593,3.7961917769280262e-06
grid-r007-c018,7,18,3.799999952316284,1.6000003814697266,0.44999998807907104,-34.85982909689489,3.2660068427503575e-06
grid-r007-c019,7,19,4.0,1.6000003814697266,0.44999998807907104,-35.941277319842584,2.546081304899417e-06
grid-r007-c020,7,20,4.199999809265137,1.6000003814697266,0.44999998807907104,-36.67833110644679,2.1486559944605688e-06
grid-r007-c021,7,21,4.400000095367432,1.6000003814697266,0.44999998807907104,-37.443584592441496,1.8015301748164347e-06
grid-r007-c022,7,22,4.599999904632568,1.6000003814697266,0.44999998807907104,-37.93214414843624,1.6098506421258207e-06
grid-r007-c023,7,23,4.800000190734863,1.6000003814697266,0.44999998807907104,-38.211705923638505,1.509487105977314e-06
grid-r007-c024,7,24,5.0,1.6000003814697266,0.44999998807907104,-38.50936605215567,1.409494529980293e-06
grid-r007-c025,7,25,5.199999809265137,1.6000003814697266,0.44999998807907104,-38.02997323994752,1.5739925629532081e-06
grid-r007-c026,7,26,5.400000095367432,1.6000003814697266,0.44999998807907104,-38.13369982267723,1.5368448202934815e-06
grid-r007-c027,7,27,5.599999904632568,1.6000003814697266,0.44999998807907104,-38.00161274350476,1.5843047549424227e-06
grid-r007-c028,7,28,5.800000190734863,1.6000003814697266,0.44999998807907104,-37.977931872945135,1.5929671235426213e-06
grid-r007-c029,7,29,6.0,1.6000003814697266,0.44999998807907104,-37.695552648742144,1.699983613434597e-06
grid-r007-c030,7,30,6.199999809265137,1.6000003814697266,0.44999998807907104,-37.836179289632945,1.6458189975310233e-06
grid-r007-c031,7,31,6.400000095367432,1.6000003814697266,0.44999998807907104,-37.63555864357252,1.7236303619938553e-06
grid-r007-c032,7,32,6.599999904632568,1.6000003814697266,0.44999998807907104,-37.80095176861609,1.6592232441325905e-06
grid-r007-c033,7,33,6.800000190734863,1.6000003814697266,0.44999998807907104,-37.89854306069138,1.6223542615989572e-06
grid-r007-c034,7,34,7.0,1.6000003814697266,0.44999998807907104,-37.93150136000609,1.6100889297376852e-06
grid-r007-c035,7,35,7.199999809265137,1.6000003814697266,0.44999998807907104,-37.71644739142073,1.6918243090913165e-06
grid-r007-c036,7,36,7.400000095367432,1.6000003814697266,0.44999998807907104,-38.04770270357079,1.5675800568715204e-06
grid-r007-c037,7,37,7.599999904632568,1.6000003814697266,0.44999998807907104,-37.95915377525191,1.599869733581727e-06
grid-r007-c038,7,38,7.800000190734863,1.6000003814697266,0.44999998807907104,-38.252761208685826,1.4952846640881035e-06
grid-r007-c039,7,39,8.0,1.6000003814697266,0.44999998807907104,-38.232612627088,1.502237978456833e-06
grid-r007-c040,7,40,8.199999809265137,1.6000003814697266,0.44999998807907104,-38.51837265319076,1.4065744835534133e-06
grid-r007-c041,7,41,8.399999618530273,1.6000003814697266,0.44999998807907104,-38.66352901128635,1.3603388424598961e-06
grid-r007-c042,7,42,8.600000381469727,1.6000003814697266,0.44999998807907104,-38.33359029886745,1.4677124227091554e-06
grid-r007-c043,7,43,8.800000190734863,1.6000003814697266,0.44999998807907104,-38.97059312685581,1.2674787512878538e-06
grid-r007-c044,7,44,9.0,1.6000003814697266,0.44999998807907104,-38.837911145441275,1.306799276790116e-06
grid-r007-c045,7,45,9.199999809265137,1.6000003814697266,0.44999998807907104,-39.09410757513753,1.2319391089476994e-06
grid-r007-c046,7,46,9.399999618530273,1.6000003814697266,0.44999998807907104,-39.13862507930378,1.2193755765110836e-06
grid-r007-c047,7,47,9.600000381469727,1.6000003814697266,0.44999998807907104,-38.84512935773495,1.304629108744848e-06
grid-r007-c048,7,48,9.800000190734863,1.6000003814697266,0.44999998807907104,-39.19066390120072,1.204851741931634e-06
grid-r007-c049,7,49,10.0,1.6000003814697266,0.44999998807907104,-39.40968941634871,1.1455948651928338e-06
grid-r007-c050,7,50,10.200000762939453,1.6000003814697266,0.44999998807907104,-39.343074235945046,1.1633022722890018e-06
grid-r007-c051,7,51,10.399999618530273,1.6000003814697266,0.44999998807907104,-39.19558662353086,1.2034868177579483e-06
grid-r007-c052,7,52,10.600000381469727,1.6000003814697266,0.44999998807907104,-39.19968083960651,1.2023527915516752e-06
grid-r007-c053,7,53,10.800000190734863,1.6000003814697266,0.44999998807907104,-39.36921505041206,1.1563212183318683e-06
grid-r007-c054,7,54,11.0,1.6000003814697266,0.44999998807907104,-38.97898767507325,1.2650311873585451e-06
grid-r007-c055,7,55,11.200000762939453,1.6000003814697266,0.44999998807907104,-39.54373557875983,1.1107758837169968e-06
grid-r007-c056,7,56,11.399999618530273,1.6000003814697266,0.44999998807907104,-39.655281146604295,1.0826096286109532e-06
grid-r007-c057,7,57,11.600000381469727,1.6000003814697266,0.44999998807907104,-39.86578633844271,1.0313863185729133e-06
grid-r008-c000,8,0,0.19999980926513672,1.8000001907348633,0.44999998807907104,-37.61191927565161,1.733037947815319e-06
grid-r008-c001,8,1,0.40000009536743164,1.8000001907348633,0.44999998807907104,-37.82103951770089,1.6515664356120396e-06
grid-r008-c002,8,2,0.5999999046325684,1.8000001907348633,0.44999998807907104,-37.856796331305425,1.638024400563154e-06
grid-r008-c003,8,3,0.7999997138977051,1.8000001907348633,0.44999998807907104,-37.91804674376042,1.615084784134524e-06
grid-r008-c004,8,4,1.0,1.8000001907348633,0.44999998807907104,-38.09075592468738,1.552116827951977e-06
grid-r008-c005,8,5,1.1999998092651367,1.8000001907348633,0.44999998807907104,-38.03762821608559,1.5712206504758797e-06
grid-r008-c006,8,6,1.4000000953674316,1.8000001907348633,0.44999998807907104,-38.275675677113895,1.4874159433020395e-06
grid-r008-c007,8,7,1.5999999046325684,1.8000001907348633,0.44999998807907104,-38.279180737821584,1.4862159787298879e-06
grid-r008-c008,8,8,1.799999713897705,1.8000001907348633,0.44999998807907104,-37.931907691821436,1.6099382946777041e-06
grid-r008-c009,8,9,2.0,1.8000001907348633,0.44999998807907104,-37.783526830889336,1.6658938193359063e-06
grid-r008-c010,8,10,2.200000047683716,1.8000001907348633,0.44999998807907104,-37.30523742987863,1.859842882367957e-06
grid-r008-c011,8,11,2.3999998569488525,1.8000001907348633,0.44999998807907104,-36.85082671896349,2.0649870293709682e-06
grid-r008-c012,8,12,2.5999999046325684,1.8000001907348633,0.44999998807907104,-36.023478072943774,2.4983437469927594e-06
grid-r008-c013,8,13,2.799999952316284,1.8000001907348633,0.44999998807907104,-35.71920170694214,2.679660838111886e-06
grid-r008-c014,8,14,3.0,1.8000001907348633,0.44999998807907104,-35.200435604246955,3.019648829649668e-06
grid-r008-c015,8,15,3.200000047683716,1.8000001907348633,0.44999998807907104,-35.26149605734431,2.9774905669910368e-06
grid-r008-c016,8,16,3.3999998569488525,1.8000001907348633,0.44999998807907104,-35.428952702110465,2.864868747565197e-06
grid-r008-c017,8,17,3.5999999046325684,1.8000001907348633,0.44999998807907104,-35.735959381656755,2.669341029104544e-06
grid-r008-c018,8,18,3.799999952316284,1.8000001907348633,0.44999998807907104,-36.65414764271853,2.1606540485663572e-06
grid-r008-c019,8,19,4.0,1.8000001907348633,0.44999998807907104,-37.03816348779498,1.977805823116796e-06
grid-r008-c020,8,20,4.199999809265137,1.8000001907348633,0.44999998807907104,-37.83958885839805,1.644527401367668e-06
grid-r008-c021,8,21,4.400000095367432,1.8000001907348633,0.44999998807907104,-37.940200868302725,1.606866931069817e-06
grid-r008-c022,8,22,4.599999904632568,1.8000001907348633,0.44999998807907104,-38.42033189292507,1.4386886277861777e-06
grid-r008-c023,8,23,4.800000190734863,1.8000001907348633,0.44999998807907104,-38.44485668092383,1.4305871900432976e-06
grid-r008-c024,8,24,5.0,1.8000001907348633,0.44999998807907104,-38.18532021225022,1.518685962764721e-06
grid-r008-c025,8,25,5.199999809265137,1.8000001907348633,0.44999998807907104,-38.38422564136526,1.450699414817791e-06
grid-r008-c026,8,26,5.400000095367432,1.8000001907348633,0.44999998807907104,-38.37736294090273,1.4529936152030132e-06
grid-r008-c027,8,27,5.599999904632568,1.8000001907348633,0.44999998807907104,-37.9820157968392,1.5914698678898276e-06
grid-r008-c028,8,28,5.800000190734863,1.8000001907348633,0.44999998807907104,-38.08743618071439,1.5533037185377907e-06
grid-r008-c029,8,29,6.0,1.8000001907348633,0.44999998807907104,-37.97266813173976,1.5948990039760247e-06
grid-r008-c030,8,30,6.199999809265137,1.8000001907348633,0.44999998807907104,-37.89775977862785,1.6226468915192527e-06
grid-r008-c031,8,31,6.400000095367432,1.8000001907348633,0.44999998807907104,-37.99874720734812,1.5853504464757862e-06
grid-r008-c032,8,32,6.599999904632568,1.8000001907348633,0.44999998807907104,-37.8278381745059,1.6489830159116536e-06
grid-r008-c033,8,33,6.800000190734863,1.8000001907348633,0.44999998807907104,-37.50297021340782,1.7770636304703658e-06
grid-r008-c034,8,34,7.0,1.8000001907348633,0.44999998807907104,-37.96362042243504,1.598225139787246e-06
grid-r008-c035,8,35,7.199999809265137,1.8000001907348633,0.44999998807907104,-37.79093639490248,1.663054035816458e-06
grid-r008-c036,8,36,7.400000095367432,1.8000001907348633,0.44999998807907104,-37.93006156477671,1.610622803127626e-06
grid-r008-c037,8,37,7.599999904632568,1.8000001907348633,0.44999998807907104,-38.25704033319026,1.4938120784790954e-06
grid-r008-c038,8,38,7.800000190734863,1.8000001907348633,0.44999998807907104,-38.22427512936551,1.5051247146402602e-06
grid-r008-c039,8,39,8.0,1.8000001907348633,0.44999998807907104,-38.36789811698629,1.4561636589860427e-06
grid-r008-c040,8,40,8.199999809265137,1.8000001907348633,0.44999998807907104,-38.40738330201505,1.4429845123231644e-06
grid-r008-c041,8,41,8.399999618530273,1.8000001907348633,0.44999998807907104,-38.50574658505606,1.4106697108218214e-06
grid-r008-c042,8,42,8.600000381469727,1.8000001907348633,0.44999998807907104,-38.620614150122314,1.3738476809521671e-06
grid-r008-c043,8,43,8.800000190734863,1.8000001907348633,0.44999998807907104,-38.78504725726374,1.322803313996701e-06
grid-r008-c044,8,44,9.0,1.8000001907348633,0.44999998807907104,-38.87092254965569,1.296903747061151e-06
grid-r008-c045,8,45,9.199999809265137,1.8000001907348633,0.44999998807907104,-38.8695328239282,1.2973188177056727e-06
grid-r008-c046,8,46,9.399999618530273,1.8000001907348633,0.44999998807907104,-39.18943716453619,1.2051921203237725e-06
grid-r008-c047,8,47,9.600000381469727,1.8000001907348633,0.44999998807907104,-39.28194686078569,1.1797916386058205e-06
grid-r008-c048,8,48,9.800000190734863,1.8000001907348633,0.44999998807907104,-38.68839247034362,1.352573121948808e-06
grid-r008-c049,8,49,10.0,1.8000001907348633,0.44999998807907104,-39.74121481138482,1.0613986205498804e-06
grid-r008-c050,8,50,10.200000762939453,1.8000001907348633,0.44999998807907104,-39.70679145120159,1.069844984158408e-06
grid-r008-c051,8,51,10.399999618530273,1.8000001907348633,0.44999998807907104,-39.60508461825873,1.095195216294087e-06
grid-r008-c052,8,52,10.600000381469727,1.8000001907348633,0.44999998807907104,-38.93183309454908,1.2788414096576162e-06
grid-r008-c053,8,53,10.800000190734863,1.8000001907348633,0.44999998807907104,-40.017640923509106,9.95946265902603e-07
grid-r008-c054,8,54,11.0,1.8000001907348633,0.44999998807907104,-38.52129060877153,1.4056297459319467e-06
grid-r008-c055,8,55,11.200000762939453,1.8000001907348633,0.44999998807907104,-40.1262435496843,9.713497775010183e-07
grid-r008-c056,8,56,11.399999618530273,1.8000001907348633,0.44999998807907104,-39.12152346760785,1.2241866897966247e-06
grid-r008-c057,8,57,11.600000381469727,1.8000001907348633,0.44999998807907104,-39.61148511253764,1.0935823411273304e-06
grid-r009-c000,9,0,0.19999980926513672,2.000000476837158,0.44999998807907104,-37.886274186225776,1.6269439129246166e-06
grid-r009-c001,9,1,0.40000009536743164,2.000000476837158,0.44999998807907104,-37.70436090067317,1.6965392433121451e-06
grid-r009-c002,9,2,0.5999999046325684,2.000000476837158,0.44999998807907104,-37.91582943731795,1.6159095821421943e-06
grid-r009-c003,9,3,0.7999997138977051,2.000000476837158,0.44999998807907104,-38.10133464598853,1.5483407196370536e-06
grid-r009-c004,9,4,1.0,2.000000476837158,0.44999998807907104,-37.935222632603896,1.608709908396122e-06
grid-r009-c005,9,5,1.1999998092651367,2.000000476837158,0.44999998807907104,-38.277847119852424,1.4866724313833402e-06
grid-r009-c006,9,6,1.4000000953674316,2.000000476837158,0.44999998807907104,-38.584425391192426,1.3853434666089015e-06
grid-r009-c007,9,7,1.5999999046325684,2.000000476837158,0.44999998807907104,-38.216959522324174,1.5076622048582067e-06
grid-r009-c008,9,8,1.799999713897705,2.000000476837158,0.44999998807907104,-38.428392192775476,1.43602096613904e-06
grid-r009-c009,9,9,2.0,2.000000476837158,0.44999998807907104,-38.29022047179934,1.4824428262727452e-06
grid-r009-c010,9,10,2.200000047683716,2.000000476837158,0.44999998807907104,-37.84056531454205,1.6441576917713974e-06
grid-r009-c011,9,11,2.3999998569488525,2.000000476837158,0.44999998807907104,-37.83722129344832,1.6454241631436162e-06
grid-r009-c012,9,12,2.5999999046325684,2.000000476837158,0.44999998807907104,-37.59282172537715,1.740675543260295e-06
grid-r009-c013,9,13,2.799999952316284,2.000000476837158,0.44999998807907104,-37.08702185428132,1.955680090759415e-06
grid-r009-c014,9,14,3.0,2.000000476837158,0.44999998807907104,-36.90867090288333,2.037665581156034e-06
grid-r009-c015,9,15,3.200000047683716,2.000000476837158,0.44999998807907104,-36.835652798953795,2.0722145563922822e-06
grid-r009-c016,9,16,3.3999998569488525,2.000000476837158,0.44999998807907104,-37.00498780589636,1.9929721020162106e-06
grid-r009-c017,9,17,3.5999999046325684,2.000000476837158,0.44999998807907104,-37.26759494426888,1.87603313861473e-06
grid-r009-c018,9,18,3.799999952316284,2.000000476837158,0.44999998807907104,-37.495820109037766,1.7799917486627237e-06
grid-r009-c019,9,19,4.0,2.000000476837158,0.44999998807907104,-38.116626665332625,1.542898417028482e-06
grid-r009-c020,9,20,4.199999809265137,2.000000476837158,0.44999998807907104,-38.352486123287235,1.4613403891416965e-06
grid-r009-c021,9,21,4.400000095367432,2.000000476837158,0.44999998807907104,-38.58778397243307,1.3842725365975639e-06
grid-r009-c022,9,22,4.599999904632568,2.000000476837158,0.44999998807907104,-38.43679852052345,1.4332440514408518e-06
grid-r009-c023,9,23,4.800000190734863,2.000000476837158,0.44999998807907104,-38.4867282888528,1.4168607549436274e-06
grid-r009-c024,9,24,5.0,2.000000476837158,0.44999998807907104,-38.49137799361672,1.415344627275772e-06
grid-r009-c025,9,25,5.199999809265137,2.000000476837158,0.44999998807907104,-38.32906205087471,1.46924355703959e-06
grid-r009-c026,9,26,5.400000095367432,2.000000476837158,0.44999998807907104,-37.997749168722535,1.585714812790684e-06
grid-r009-c027,9,27,5.599999904632568,2.000000476837158,0.44999998807907104,-38.18559396109671,1.5185902384473593e-06
grid-r009-c028,9,28,5.800000190734863,2.000000476837158,0.44999998807907104,-37.948369224303384,1.6038475223467685e-06
grid-r009-c029,9,29,6.0,2.000000476837158,0.44999998807907104,-37.71091216014203,1.693981971584435e-06
grid-r009-c030,9,30,6.199999809265137,2.000000476837158,0.44999998807907104,-37.71638552257631,1.6918484107009135e-06
grid-r009-c031,9,31,6.400000095367432,2.000000476837158,0.44999998807907104,-37.88656340686255,1.626835569368268e-06
grid-r009-c032,9,32,6.599999904632568,2.000000476837158,0.44999998807907104,-37.78117481273704,1.6667962654537405e-06
grid-r009-c033,9,33,6.800000190734863,2.000000476837158,0.44999998807907104,-37.95282756127472,1.6022019053707481e-06
grid-r009-c034,9,34,7.0,2.000000476837158,0.44999998807907104,-38.08757890293456,1.5532526731476537e-06
grid-r009-c035,9,35,7.199999809265137,2.000000476837158,0.44999998807907104,-38.0083875091367,1.5818352494534338e-06
grid-r009-c036,9,36,7.400000095367432,2.000000476837158,0.44999998807907104,-37.93526560078255,1.608693992238841e-06
grid-r009-c037,9,37,7.599999904632568,2.000000476837158,0.44999998807907104,-38.08251719789027,1.5550640455330722e-06
grid-r009-c038,9,38,7.800000190734863,2.000000476837158,0.44999998807907104,-38.6434405012801,1.3666457334693405e-06
grid-r009-c039,9,39,8.0,2.000000476837158,0.44999998807907104,-38.45026751532269,1.4288059446698753e-06
grid-r009-c040,9,40,8.199999809265137,2.000000476837158,0.44999998807907104,-38.63849240126524,1.3682036978934775e-06
grid-r009-c041,9,41,8.399999618530273,2.000000476837158,0.44999998807907104,-38.58624733094453,1.3847624131813063e-06
grid-r009-c042,9,42,8.600000381469727,2.000000476837158,0.44999998807907104,-39.064679688843206,1.2403151004036772e-06
grid-r009-c043,9,43,8.800000190734863,2.000000476837158,0.44999998807907104,-38.882537338255574,1.2934399364894489e-06
grid-r009-c044,9,44,9.0,2.000000476837158,0.44999998807907104,-38.93825913634588,1.2769505701726303e-06
grid-r009-c045,9,45,9.199999809265137,2.000000476837158,0.44999998807907104,-38.884532298615156,1.2928459227623534e-06
grid-r009-c046,9,46,9.399999618530273,2.000000476837158,0.44999998807907104,-39.37805159080138,1.1539708566488116e-06
grid-r009-c047,9,47,9.600000381469727,2.000000476837158,0.44999998807907104,-39.007362129878125,1.2567930980367237e-06
grid-r009-c048,9,48,9.800000190734863,2.000000476837158,0.44999998807907104,-39.32541163946343,1.1680430134219932e-06
grid-r009-c049,9,49,10.0,2.000000476837158,0.44999998807907104,-39.44780930757279,1.1355834885762306e-06
grid-r009-c050,9,50,10.200000762939453,2.000000476837158,0.44999998807907104,-40.26194180149905,9.414685564479441e-07
grid-r009-c051,9,51,10.399999618530273,2.000000476837158,0.44999998807907104,-39.117918903958106,1.2252031638126937e-06
grid-r009-c052,9,52,10.600000381469727,2.000000476837158,0.44999998807907104,-39.66040162069915,1.081333948604879e-06
grid-r009-c053,9,53,10.800000190734863,2.000000476837158,0.44999998807907104,-38.95364378996811,1.2724350426651654e-06
grid-r009-c054,9,54,11.0,2.000000476837158,0.44999998807907104,-39.45312912615756,1.1341933259245707e-06
grid-r009-c055,9,55,11.200000762939453,2.000000476837158,0.44999998807907104,-39.728644002484046,1.0644753274391405e-06
grid-r009-c056,9,56,11.399999618530273,2.000000476837158,0.44999998807907104,-39.39438451022566,1.1496391607579426e-06
grid-r009-c057,9,57,11.600000381469727,2.000000476837158,0.44999998807907104,-39.33592048982832,1.1652200555545278e-06
grid-r010-c000,10,0,0.19999980926513672,2.200000286102295,0.44999998807907104,-37.57334466403344,1.7484995851191343e-06
grid-r010-c001,10,1,0.40000009536743164,2.200000286102295,0.44999998807907104,-37.98506247930859,1.5903538042039145e-06
grid-r010-c002,10,2,0.5999999046325684,2.200000286102295,0.44999998807907104,-37.699133161491154,1.6985826505333534e-06
grid-r010-c003,10,3,0.7999997138977051,2.200000286102295,0.44999998807907104,-38.05293020260797,1.565694333294232e-06
grid-r010-c004,10,4,1.0,2.200000286102295,0.44999998807907104,-38.22797991180693,1.5038413039292209e-06
grid-r010-c005,10,5,1.1999998092651367,2.200000286102295,0.44999998807907104,-38.00639565057662,1.5825609125386109e-06
grid-r010-c006,10,6,1.4000000953674316,2.200000286102295,0.44999998807907104,-38.44562465857078,1.430334236829367e-06
grid-r010-c007,10,7,1.5999999046325684,2.200000286102295,0.44999998807907104,-38.688420213043536,1.3525644817491411e-06
grid-r010-c008,10,8,1.799999713897705,2.200000286102295,0.44999998807907104,-38.37350378250341,1.4542853250532062e-06
grid-r010-c009,10,9,2.0,2.200000286102295,0.44999998807907104,-38.77805334412102,1.3249352832644945e-06
grid-r010-c010,10,10,2.200000047683716,2.200000286102295,0.44999998807907104,-38.31770372435889,1.4730911743754405e-06
grid-r010-c011,10,11,2.3999998569488525,2.200000286102295,0.44999998807907104,-38.25320996700539,1.4951301636756398e-06
grid-r010-c012,10,12,2.5999999046325684,2.200000286102295,0.44999998807907104,-38.27975284095116,1.4860202099953312e-06
grid-r010-c013,10,13,2.799999952316284,2.200000286102295,0.44999998807907104,-38.04865463753846,1.5672364952479256e-06
grid-r010-c014,10,14,3.0,2.200000286102295,0.44999998807907104,-38.15723354255559,1.5285394283637288e-06
grid-r010-c015,10,15,3.200000047683716,2.200000286102295,0.44999998807907104,-38.1224463390872,1.5408322724397294e-06
grid-r010-c016,10,16,3.3999998569488525,2.200000286102295,0.44999998807907104,-37.98268689515879,1.5912239632598357e-06
grid-r010-c017,10,17,3.5999999046325684,2.200000286102295,0.44999998807907104,-38.306069155738875,1.4770428151678061e-06
grid-r010-c018,10,18,3.799999952316284,2.200000286102295,0.44999998807907104,-38.383826777466325,1.4508326557916007e-06
grid-r010-c019,10,19,4.0,2.200000286102295,0.44999998807907104,-38.09309685177679,1.551280433886859e-06
grid-r010-c020,10,20,4.199999809265137,2.200000286102295,0.44999998807907104,-39.00698461400006,1.2569023510877742e-06
grid-r010-c021,10,21,4.400000095367432,2.200000286102295,0.44999998807907104,-38.50660557219861,1.4103907233220525e-06
grid-r010-c022,10,22,4.599999904632568,2.200000286102295,0.44999998807907104,-38.5964841419942,1.3815022157359635e-06
grid-r010-c023,10,23,4.800000190734863,2.200000286102295,0.44999998807907104,-38.90190633351391,1.287684199269279e-06
grid-r010-c024,10,24,5.0,2.200000286102295,0.44999998807907104,-38.310254265019,1.4756201380805578e-06
grid-r010-c025,10,25,5.199999809265137,2.200000286102295,0.44999998807907104,-38.42913800682318,1.4357743793880218e-06
grid-r010-c026,10,26,5.400000095367432,2.200000286102295,0.44999998807907104,-38.201477821932414,1.5130462998058647e-06
grid-r010-c027,10,27,5.599999904632568,2.200000286102295,0.44999998807907104,-38.00331869435634,1.5836825468795723e-06
grid-r010-c028,10,28,5.800000190734863,2.200000286102295,0.44999998807907104,-38.08299411180701,1.5548932879028143e-06
grid-r010-c029,10,29,6.0,2.200000286102295,0.44999998807907104,-38.25331002761074,1.4950957165638101e-06
grid-r010-c030,10,30,6.199999809265137,2.200000286102295,0.44999998807907104,-38.058732030384164,1.5636040870958823e-06
grid-r010-c031,10,31,6.400000095367432,2.200000286102295,0.44999998807907104,-37.91621749882449,1.6157651998582878e-06
grid-r010-c032,10,32,6.599999904632568,2.200000286102295,0.44999998807907104,-37.83024975995684,1.6480676094943192e-06
grid-r010-c033,10,33,6.800000190734863,2.200000286102295,0.44999998807907104,-38.25345698548435,1.495045125921024e-06
grid-r010-c034,10,34,7.0,2.200000286102295,0.44999998807907104,-37.82520409259079,1.6499834600836039e-06
grid-r010-c035,10,35,7.199999809265137,2.200000286102295,0.44999998807907104,-38.4324260666972,1.4346877605930786e-06
grid-r010-c036,10,36,7.400000095367432,2.200000286102295,0.44999998807907104,-38.00640313822909,1.5825581840545055e-06
grid-r010-c037,10,37,7.599999904632568,2.200000286102295,0.44999998807907104,-38.43822562509593,1.4327731605590088e-06
grid-r010-c038,10,38,7.800000190734863,2.200000286102295,0.44999998807907104,-38.42631153643627,1.436709112567769e-06
grid-r010-c039,10,39,8.0,2.200000286102295,0.44999998807907104,-38.73500288861142,1.3381343251239741e-06
grid-r010-c040,10,40,8.199999809265137,2.200000286102295,0.44999998807907104,-38.591127305485486,1.3832072909281123e-06
grid-r010-c041,10,41,8.399999618530273,2.200000286102295,0.44999998807907104,-39.08742211430937,1.233836997016624e-06
grid-r010-c042,10,42,8.600000381469727,2.200000286102295,0.44999998807907104,-38.606961519210934,1.378173351440637e-06
grid-r010-c043,10,43,8.800000190734863,2.200000286102295,0.44999998807907104,-38.94942568722961,1.2736715007122257e-06
grid-r010-c044,10,44,9.0,2.200000286102295,0.44999998807907104,-38.879830621268454,1.2942463172294083e-06
grid-r010-c045,10,45,9.199999809265137,2.200000286102295,0.44999998807907104,-39.48822666397813,1.125064272855525e-06
grid-r010-c046,10,46,9.399999618530273,2.200000286102295,0.44999998807907104,-39.03321167271357,1.2493347867348348e-06
grid-r010-c047,10,47,9.600000381469727,2.200000286102295,0.44999998807907104,-39.27141818941594,1.1826552963611903e-06
grid-r010-c048,10,48,9.800000190734863,2.200000286102295,0.44999998807907104,-39.598132233643064,1.0969498589474824e-06
grid-r010-c049,10,49,10.0,2.200000286102295,0.44999998807907104,-39.44110139666543,1.1373388133506523e-06
grid-r010-c050,10,50,10.200000762939453,2.200000286102295,0.44999998807907104,-39.5658606330131,1.1051314459109562e-06
grid-r010-c051,10,51,10.399999618530273,2.200000286102295,0.44999998807907104,-39.292780942688225,1.1768521517296904e-06
grid-r010-c052,10,52,10.600000381469727,2.200000286102295,0.44999998807907104,-39.132556501968864,1.2210806517032324e-06
grid-r010-c053,10,53,10.800000190734863,2.200000286102295,0.44999998807907104,-39.62450148816582,1.0903096381298383e-06
grid-r010-c054,10,54,11.0,2.200000286102295,0.44999998807907104,-40.00313735283791,9.99277858682035e-07
grid-r010-c055,10,55,11.200000762939453,2.200000286102295,0.44999998807907104,-39.84357171407912,1.0366754850110738e-06
grid-r010-c056,10,56,11.399999618530273,2.200000286102295,0.44999998807907104,-39.69582340968648,1.0725502761488315e-06
grid-r010-c057,10,57,11.600000381469727,2.200000286102295,0.44999998807907104,-39.83395840829694,1.0389727549409145e-06
grid-r011-c000,11,0,0.19999980926513672,2.40000057220459,0.44999998807907104,-37.85811434579051,1.637527361708635e-06
grid-r011-c001,11,1,0.40000009536743164,2.40000057220459,0.44999998807907104,-37.77531897071949,1.6690452184775495e-06
grid-r011-c002,11,2,0.5999999046325684,2.40000057220459,0.44999998807907104,-37.94805492642653,1.6039635966080823e-06
grid-r011-c003,11,3,0.7999997138977051,2.40000057220459,0.44999998807907104,-38.07083425410079,1.5592529507557629e-06
grid-r011-c004,11,4,1.0,2.40000057220459,0.44999998807907104,-38.07153663805829,1.5590007933496963e-06
grid-r011-c005,11,5,1.1999998092651367,2.40000057220459,0.44999998807907104,-38.402750835856885,1.4445245142269414e-06
grid-r011-c006,11,6,1.4000000953674316,2.40000057220459,0.44999998807907104,-38.12816569179853,1.538804440315289e-06
grid-r011-c007,11,7,1.5999999046325684,2.40000057220459,0.44999998807907104,-38.50082241508798,1.4122700804364285e-06
grid-r011-c008,11,8,1.799999713897705,2.40000057220459,0.44999998807907104,-38.80236318334145,1.3175396134101902e-06
grid-r011-c009,11,9,2.0,2.40000057220459,0.44999998807907104,-38.42671603998799,1.4365753031597706e-06
grid-r011-c010,11,10,2.200000047683716,2.40000057220459,0.44999998807907104,-38.85310188843259,1.3022363418713212e-06
grid-r011-c011,11,11,2.3999998569488525,2.40000057220459,0.44999998807907104,-38.93916360986466,1.2766846566591994e-06
grid-r011-c012,11,12,2.5999999046325684,2.40000057220459,0.44999998807907104,-38.479953017118234,1.4190728734320146e-06
grid-r011-c013,11,13,2.799999952316284,2.40000057220459,0.44999998807907104,-38.80436101049994,1.316933662565134e-06
grid-r011-c014,11,14,3.0,2.40000057220459,0.44999998807907104,-38.647093810507364,1.3654965869136504e-06
grid-r011-c015,11,15,3.200000047683716,2.40000057220459,0.44999998807907104,-38.6279297718113,1.3715354043597472e-06
grid-r011-c016,11,16,3.3999998569488525,2.40000057220459,0.44999998807907104,-38.50432196509328,1.411132529938186e-06
grid-r011-c017,11,17,3.5999999046325684,2.40000057220459,0.44999998807907104,-38.825817715750404,1.310443280999607e-06
grid-r011-c018,11,18,3.799999952316284,2.40000057220459,0.44999998807907104,-38.78615034958681,1.3224673693912337e-06
grid-r011-c019,11,19,4.0,2.40000057220459,0.44999998807907104,-38.920142883211426,1.2822883945773356e-06
grid-r011-c020,11,20,4.199999809265137,2.40000057220459,0.44999998807907104,-38.679739925158046,1.3552705695474287e-06
grid-r011-c021,11,21,4.400000095367432,2.40000057220459,0.44999998807907104,-38.604159804653634,1.3790627235721331e-06
grid-r011-c022,11,22,4.599999904632568,2.40000057220459,0.44999998807907104,-38.867870381171514,1.2978155154996784e-06
grid-r011-c023,11,23,4.800000190734863,2.40000057220459,0.44999998807907104,-38.45551176212425,1.4270816564021516e-06
grid-r011-c024,11,24,5.0,2.40000057220459,0.44999998807907104,-38.611955938322666,1.3765893527306616e-06
grid-r011-c025,11,25,5.199999809265137,2.40000057220459,0.44999998807907104,-38.219449116251745,1.5067981848915224e-06
grid-r011-c026,11,26,5.400000095367432,2.40000057220459,0.44999998807907104,-38.34023958525404,1.4654669939773157e-06
grid-r011-c027,11,27,5.599999904632568,2.40000057220459,0.44999998807907104,-38.27062281071022,1.4891475075273775e-06
grid-r011-c028,11,28,5.800000190734863,2.40000057220459,0.44999998807907104,-37.88837746886728,1.6261561768260435e-06
grid-r011-c029,11,29,6.0,2.40000057220459,0.44999998807907104,-38.03304183576409,1.5728808193671284e-06
grid-r011-c030,11,30,6.199999809265137,2.40000057220459,0.44999998807907104,-38.00267588396723,1.5839169691389543e-06
grid-r011-c031,11,31,6.400000095367432,2.40000057220459,0.44999998807907104,-38.14429458786328,1.5331002032326069e-06
grid-r011-c032,11,32,6.599999904632568,2.40000057220459,0.44999998807907104,-37.90931152221952,1.6183365687538753e-06
grid-r011-c033,11,33,6.800000190734863,2.40000057220459,0.44999998807907104,-38.45331122192269,1.4278049320637365e-06
grid-r011-c034,11,34,7.0,2.40000057220459,0.44999998807907104,-38.163257035263534,1.5264208741427865e-06
grid-r011-c035,11,35,7.199999809265137,2.40000057220459,0.44999998807907104,-37.822099723535636,1.6511633020854788e-06
grid-r011-c036,11,36,7.400000095367432,2.40000057220459,0.44999998807907104,-38.395369830300645,1.4469816278506187e-06
grid-r011-c037,11,37,7.599999904632568,2.40000057220459,0.44999998807907104,-38.272515080937175,1.488498810431338e-06
grid-r011-c038,11,38,7.800000190734863,2.40000057220459,0.44999998807907104,-38.878980374254624,1.2944997251906898e-06
grid-r011-c039,11,39,8.0,2.40000057220459,0.44999998807907104,-38.51721479283491,1.406949536431057e-06
grid-r011-c040,11,40,8.199999809265137,2.40000057220459,0.44999998807907104,-38.85700693552237,1.3010659358769772e-06
grid-r011-c041,11,41,8.399999618530273,2.40000057220459,0.44999998807907104,-38.8147420038206,1.313789539381105e-06
grid-r011-c042,11,42,8.600000381469727,2.40000057220459,0.44999998807907104,-38.68251428654075,1.354405071651854e-06
grid-r011-c043,11,43,8.800000190734863,2.40000057220459,0.44999998807907104,-39.00414035445894,1.2577257848533918e-06
grid-r011-c044,11,44,9.0,2.40000057220459,0.44999998807907104,-39.4964070870395,1.1229470828766352e-06
grid-r011-c045,11,45,9.199999809265137,2.40000057220459,0.44999998807907104,-39.057593806268954,1.2423404314176878e-06
grid-r011-c046,11,46,9.399999618530273,2.40000057220459,0.44999998807907104,-39.83813898719342,1.0379731065768283e-06
grid-r011-c047,11,47,9.600000381469727,2.40000057220459,0.44999998807907104,-38.822288438867986,1.3115086403558962e-06
grid-r011-c048,11,48,9.800000190734863,2.40000057220459,0.44999998807907104,-39.720038745309154,1.0665866057024687e-06
grid-r011-c049,11,49,10.0,2.40000057220459,0.44999998807907104,-39.726609656522484,1.0649740715962253e-06
grid-r011-c050,11,50,10.200000762939453,2.40000057220459,0.44999998807907104,-39.20772288779802,1.200128394884814e-06
grid-r011-c051,11,51,10.399999618530273,2.40000057220459,0.44999998807907104,-39.80007926921879,1.0471094356034882e-06
grid-r011-c052,11,52,10.600000381469727,2.40000057220459,0.44999998807907104,-39.11416029941995,1.226263975695474e-06
grid-r011-c053,11,53,10.800000190734863,2.40000057220459,0.44999998807907104,-39.6554891152451,1.0825577874129522e-06
grid-r011-c054,11,54,11.0,2.40000057220459,0.44999998807907104,-39.189054546040964,1.2052983038302045e-06
grid-r011-c055,11,55,11.200000762939453,2.40000057220459,0.44999998807907104,-39.527377405387725,1.1149676311106305e-06
grid-r011-c056,11,56,11.399999618530273,2.40000057220459,0.44999998807907104,-40.53552942233254,8.839894007905968e-07
grid-r011-c057,11,57,11.600000381469727,2.40000057220459,0.44999998807907104,-39.244220752836185,1.1900848448931356e-06
grid-r012-c000,12,0,0.19999980926513672,2.6000003814697266,0.44999998807907104,-37.93085866669938,1.6103272173495498e-06
grid-r012-c001,12,1,0.40000009536743164,2.6000003814697266,0.44999998807907104,-38.0093380440463,1.5814890730325715e-06
grid-r012-c002,12,2,0.5999999046325684,2.6000003814697266,0.44999998807907104,-37.7225665452584,1.6894422287805355e-06
grid-r012-c003,12,3,0.7999997138977051,2.6000003814697266,0.44999998807907104,-37.98868018289379,1.589029579918133e-06
grid-r012-c004,12,4,1.0,2.6000003814697266,0.44999998807907104,-38.216631068017875,1.5077762327564415e-06
grid-r012-c005,12,5,1.1999998092651367,2.6000003814697266,0.44999998807907104,-38.09998439699318,1.5488221833948046e-06
grid-r012-c006,12,6,1.4000000953674316,2.6000003814697266,0.44999998807907104,-38.424749207462966,1.437226046618889e-06
grid-r012-c007,12,7,1.5999999046325684,2.6000003814697266,0.44999998807907104,-38.27383478565176,1.4880465641908813e-06
grid-r012-c008,12,8,1.799999713897705,2.6000003814697266,0.44999998807907104,-38.61587469611577,1.3753477787759039e-06
grid-r012-c009,12,9,2.0,2.6000003814697266,0.44999998807907104,-38.75465785302612,1.332091983385908e-06
grid-r012-c010,12,10,2.200000047683716,2.6000003814697266,0.44999998807907104,-38.54257080657517,1.3987590818942408e-06
grid-r012-c011,12,11,2.3999998569488525,2.6000003814697266,0.44999998807907104,-38.66652729125168,1.359400016553991e-06
grid-r012-c012,12,12,2.5999999046325684,2.6000003814697266,0.44999998807907104,-38.828334891652965,1.3096839666104643e-06
grid-r012-c013,12,13,2.799999952316284,2.6000003814697266,0.44999998807907104,-38.75248270096986,1.3327593251233338e-06
grid-r012-c014,12,14,3.0,2.6000003814697266,0.44999998807907104,-38.97399320766532,1.2664868336287327e-06
grid-r012-c015,12,15,3.200000047683716,2.6000003814697266,0.44999998807907104,-38.8325531778566,1.3084124930173857e-06
grid-r012-c016,12,16,3.3999998569488525,2.6000003814697266,0.44999998807907104,-39.196297652464665,1.2032897984681767e-06
grid-r012-c017,12,17,3.5999999046325684,2.6000003814697266,0.44999998807907104,-38.728089041016005,1.3402662943917676e-06
grid-r012-c018,12,18,3.799999952316284,2.6000003814697266,0.44999998807907104,-39.06856741477802,1.2392052894938388e-06
grid-r012-c019,12,19,4.0,2.6000003814697266,0.44999998807907104,-38.94832103215354,1.2739955081997323e-06
grid-r012-c020,12,20,4.199999809265137,2.6000003814697266,0.44999998807907104,-39.01091694493133,1.2557648005895317e-06
grid-r012-c021,12,21,4.400000095367432,2.6000003814697266,0.44999998807907104,-38.775537574970244,1.3257030104796286e-06
grid-r012-c022,12,22,4.599999904632568,2.6000003814697266,0.44999998807907104,-38.5069181960758,1.410289200975967e-06
grid-r012-c023,12,23,4.800000190734863,2.6000003814697266,0.44999998807907104,-38.52784366166951,1.4035103959031403e-06
grid-r012-c024,12,24,5.0,2.6000003814697266,0.44999998807907104,-38.211216954066806,1.5096570677997079e-06
grid-r012-c025,12,25,5.199999809265137,2.6000003814697266,0.44999998807907104,-38.42708655293481,1.4364527487487067e-06
grid-r012-c026,12,26,5.400000095367432,2.6000003814697266,0.44999998807907104,-38.377230078865885,1.4530380667565623e-06
grid-r012-c027,12,27,5.599999904632568,2.6000003814697266,0.44999998807907104,-38.155835774168914,1.529031464997388e-06
grid-r012-c028,12,28,5.800000190734863,2.6000003814697266,0.44999998807907104,-38.51296014098932,1.4083285577726201e-06
grid-r012-c029,12,29,6.0,2.6000003814697266,0.44999998807907104,-37.92653828782515,1.611929974387749e-06
grid-r012-c030,12,30,6.199999809265137,2.6000003814697266,0.44999998807907104,-38.12216789052122,1.5409310663017095e-06
grid-r012-c031,12,31,6.400000095367432,2.6000003814697266,0.44999998807907104,-38.11927615717899,1.5419574310726603e-06
grid-r012-c032,12,32,6.599999904632568,2.6000003814697266,0.44999998807907104,-38.038233793002405,1.5710015759395901e-06
grid-r012-c033,12,33,6.800000190734863,2.6000003814697266,0.44999998807907104,-38.059686385218214,1.5632605254722876e-06
grid-r012-c034,12,34,7.0,2.6000003814697266,0.44999998807907104,-38.20038348609878,1.513427605459583e-06
grid-r012-c035,12,35,7.199999809265137,2.6000003814697266,0.44999998807907104,-38.2350326170919,1.5014011296443641e-06
grid-r012-c036,12,36,7.400000095367432,2.6000003814697266,0.44999998807907104,-38.38549326437487,1.4502760450341157e-06
grid-r012-c037,12,37,7.599999904632568,2.6000003814697266,0.44999998807907104,-38.634953044857944,1.369319193145202e-06
grid-r012-c038,12,38,7.800000190734863,2.6000003814697266,0.44999998807907104,-38.69450086864902,1.350672050648427e-06
grid-r012-c039,12,39,8.0,2.6000003814697266,0.44999998807907104,-38.83928889779745,1.306384774579783e-06
grid-r012-c040,12,40,8.199999809265137,2.6000003814697266,0.44999998807907104,-38.69259385717844,1.3512652685676585e-06
grid-r012-c041,12,41,8.399999618530273,2.6000003814697266,0.44999998807907104,-38.807783815772076,1.3158961564840865e-06
grid-r012-c042,12,42,8.600000381469727,2.6000003814697266,0.44999998807907104,-39.19965414800676,1.202360181196127e-06
grid-r012-c043,12,43,8.800000190734863,2.6000003814697266,0.44999998807907104,-39.39304305278295,1.149994318438985e-06
grid-r012-c044,12,44,9.0,2.6000003814697266,0.44999998807907104,-38.68389465666993,1.35397465328424e-06
grid-r012-c045,12,45,9.199999809265137,2.6000003814697266,0.44999998807907104,-39.46348070957942,1.1314931498418446e-06
grid-r012-c046,12,46,9.399999618530273,2.6000003814697266,0.44999998807907104,-39.089220418017725,1.2333262020547409e-06
grid-r012-c047,12,47,9.600000381469727,2.6000003814697266,0.44999998807907104,-39.45600492335991,1.1334425380482571e-06
grid-r012-c048,12,48,9.800000190734863,2.6000003814697266,0.44999998807907104,-39.68673067144727,1.074798205991101e-06
grid-r012-c049,12,49,10.0,2.6000003814697266,0.44999998807907104,-38.9731099049649,1.2667444480030099e-06
grid-r012-c050,12,50,10.200000762939453,2.6000003814697266,0.44999998807907104,-39.53486982307485,1.1130457551189465e-06
grid-r012-c051,12,51,10.399999618530273,2.6000003814697266,0.44999998807907104,-39.5796200282428,1.1016356893378543e-06
grid-r012-c052,12,52,10.600000381469727,2.6000003814697266,0.44999998807907104,-40.08461127557307,9.807060905586695e-07
grid-r012-c053,12,53,10.800000190734863,2.6000003814697266,0.44999998807907104,-39.3869974681731,1.1515962796693202e-06
grid-r012-c054,12,54,11.0,2.6000003814697266,0.44999998807907104,-40.41928287565721,9.079704454961757e-07
grid-r012-c055,12,55,11.200000762939453,2.6000003814697266,0.44999998807907104,-39.439349228540515,1.1377977671145345e-06
grid-r012-c056,12,56,11.399999618530273,2.6000003814697266,0.44999998807907104,-39.38782115627595,1.151377887254057e-06
grid-r012-c057,12,57,11.600000381469727,2.6000003814697266,0.44999998807907104,-39.57930855142345,1.1017147016900708e-06
grid-r013-c000,13,0,0.19999980926513672,2.8000001907348633,0.44999998807907104,-37.63039900314136,1.725679339870112e-06
grid-r013-c001,13,1,0.40000009536743164,2.8000001907348633,0.44999998807907104,-37.91735499380771,1.615342057448288e-06
grid-r013-c002,13,2,0.5999999046325684,2.8000001907348633,0.44999998807907104,-38.103188694034955,1.5476798580493778e-06
grid-r013-c003,13,3,0.7999997138977051,2.8000001907348633,0.44999998807907104,-37.89294481604009,1.624446895220899e-06
grid-r013-c004,13,4,1.0,2.8000001907348633,0.44999998807907104,-38.074835688622876,1.5578169723085011e-06
grid-r013-c005,13,5,1.1999998092651367,2.8000001907348633,0.44999998807907104,-38.25126799299994,1.4957988696551183e-06
grid-r013-c006,13,6,1.4000000953674316,2.8000001907348633,0.44999998807907104,-38.23475803607707,1.5014960581538617e-06
grid-r013-c007,13,7,1.5999999046325684,2.8000001907348633,0.44999998807907104,-38.40498711256021,1.4437808886214043e-06
grid-r013-c008,13,8,1.799999713897705,2.8000001907348633,0.44999998807907104,-38.32612733146802,1.4702367252539261e-06
grid-r013-c009,13,9,2.0,2.8000001907348633,0.44999998807907104,-38.72837381291694,1.3401784144662088e-06
grid-r013-c010,13,10,2.200000047683716,2.8000001907348633,0.44999998807907104,-38.7862959563072,1.3224230315245222e-06
grid-r013-c011,13,11,2.3999998569488525,2.8000001907348633,0.44999998807907104,-38.66840145036613,1.3588135061581852e-06
grid-r013-c012,13,12,2.5999999046325684,2.8000001907348633,0.44999998807907104,-38.887421938491045,1.2919859955218271e-06
grid-r013-c013,13,13,2.799999952316284,2.8000001907348633,0.44999998807907104,-38.62054119625769,1.3738707593802246e-06
grid-r013-c014,13,14,3.0,2.8000001907348633,0.44999998807907104,-38.90194966122442,1.2876713526566164e-06
grid-r013-c015,13,15,3.200000047683716,2.8000001907348633,0.44999998807907104,-39.03337844982776,1.2492868108893163e-06
grid-r013-c016,13,16,3.3999998569488525,2.8000001907348633,0.44999998807907104,-38.76285836781542,1.3295790495249094e-06
grid-r013-c017,13,17,3.5999999046325684,2.8000001907348633,0.44999998807907104,-38.936252102299996,1.2775408322340809e-06
grid-r013-c018,13,18,3.799999952316284,2.8000001907348633,0.44999998807907104,-38.8328958294822,1.3083092653687345e-06
grid-r013-c019,13,19,4.0,2.8000001907348633,0.44999998807907104,-38.95906865163924,1.270846610168519e-06
grid-r013-c020,13,20,4.199999809265137,2.8000001907348633,0.44999998807907104,-38.71635816653615,1.3438914265861968e-06
grid-r013-c021,13,21,4.400000095367432,2.8000001907348633,0.44999998807907104,-38.70261190945507,1.3481518408298143e-06
grid-r013-c022,13,22,4.599999904632568,2.8000001907348633,0.44999998807907104,-38.532071375239894,1.4021447896084283e-06
grid-r013-c023,13,23,4.800000190734863,2.8000001907348633,0.44999998807907104,-38.62583478969061,1.3721971754421247e-06
grid-r013-c024,13,24,5.0,2.8000001907348633,0.44999998807907104,-38.5369652015261,1.400565679432475e-06
grid-r013-c025,13,25,5.199999809265137,2.8000001907348633,0.44999998807907104,-38.01178042104425,1.5805999282747507e-06
grid-r013-c026,13,26,5.400000095367432,2.8000001907348633,0.44999998807907104,-38.25246404326661,1.495386982242053e-06
grid-r013-c027,13,27,5.599999904632568,2.8000001907348633,0.44999998807907104,-38.16149389083862,1.5270406947820447e-06
grid-r013-c028,13,28,5.800000190734863,2.8000001907348633,0.44999998807907104,-38.150071505323886,1.5310622529796092e-06
grid-r013-c029,13,29,6.0,2.8000001907348633,0.44999998807907104,-38.11021241816893,1.54517886130634e-06
grid-r013-c030,13,30,6.199999809265137,2.8000001907348633,0.44999998807907104,-38.18918127502653,1.5173363863141276e-06
grid-r013-c031,13,31,6.400000095367432,2.8000001907348633,0.44999998807907104,-38.24128460608488,1.4992413071013289e-06
grid-r013-c032,13,32,6.599999904632568,2.8000001907348633,0.44999998807907104,-37.96960043077423,1.596025981598359e-06
grid-r013-c033,13,33,6.800000190734863,2.8000001907348633,0.44999998807907104,-38.44916014236607,1.429170310984773e-06
grid-r013-c034,13,34,7.0,2.8000001907348633,0.44999998807907104,-38.32186618108768,1.471679979658802e-06
grid-r013-c035,13,35,7.199999809265137,2.8000001907348633,0.44999998807907104,-38.051116079871996,1.566348487358482e-06
grid-r013-c036,13,36,7.400000095367432,2.8000001907348633,0.44999998807907104,-38.74294010863025,1.3356909676076612e-06
grid-r013-c037,13,37,7.599999904632568,2.8000001907348633,0.44999998807907104,-39.002168177018284,1.258297061212943e-06
grid-r013-c038,13,38,7.800000190734863,2.8000001907348633,0.44999998807907104,-38.530356846113854,1.4026984445081325e-06
grid-r013-c039,13,39,8.0,2.8000001907348633,0.44999998807907104,-39.205659372429665,1.2006987617496634e-06
grid-r013-c040,13,40,8.199999809265137,2.8000001907348633,0.44999998807907104,-38.61216396952861,1.376523414364783e-06
grid-r013-c041,13,41,8.399999618530273,2.8000001907348633,0.44999998807907104,-39.16250938436079,1.2126879482821096e-06
grid-r013-c042,13,42,8.600000381469727,2.8000001907348633,0.44999998807907104,-39.38876380836259,1.1511280035847449e-06
grid-r013-c043,13,43,8.800000190734863,2.8000001907348633,0.44999998807907104,-38.914289176850694,1.2840179124395945e-06
grid-r013-c044,13,44,9.0,2.8000001907348633,0.44999998807907104,-39.56471572150583,1.1054228252760367e-06
grid-r013-c045,13,45,9.199999809265137,2.8000001907348633,0.44999998807907104,-39.261595550020004,1.185333189823723e-06
grid-r013-c046,13,46,9.399999618530273,2.8000001907348633,0.44999998807907104,-39.76484098277502,1.0556401548456051e-06
grid-r013-c047,13,47,9.600000381469727,2.8000001907348633,0.44999998807907104,-39.29209253335114,1.1770387118303915e-06
grid-r013-c048,13,48,9.800000190734863,2.8000001907348633,0.44999998807907104,-39.64823343401436,1.0843679092431557e-06
grid-r013-c049,13,49,10.0,2.8000001907348633,0.44999998807907104,-39.553681448835725,1.1082349828939186e-06
grid-r013-c050,13,50,10.200000762939453,2.8000001907348633,0.44999998807907104,-39.34317609936574,1.1632749874479487e-06
grid-r013-c051,13,51,10.399999618530273,2.8000001907348633,0.44999998807907104,-39.221830548182865,1.1962362123085768e-06
grid-r013-c052,13,52,10.600000381469727,2.8000001907348633,0.44999998807907104,-40.15027261999422,9.659902389103081e-07
grid-r013-c053,13,53,10.800000190734863,2.8000001907348633,0.44999998807907104,-39.711529969451014,1.0686783298297087e-06
grid-r013-c054,13,54,11.0,2.8000001907348633,0.44999998807907104,-38.7310802620101,1.3393434983299812e-06
grid-r013-c055,13,55,11.200000762939453,2.8000001907348633,0.44999998807907104,-40.573767591023866,8.762403354012349e-07
grid-r013-c056,13,56,11.399999618530273,2.8000001907348633,0.44999998807907104,-40.73605404841989,8.441013505944284e-07
grid-r013-c057,13,57,11.600000381469727,2.8000001907348633,0.44999998807907104,-39.87572712401593,1.0290282261848915e-06
grid-r014-c000,14,0,0.19999980926513672,3.000000476837158,0.44999998807907104,-38.02232359148352,1.5767674312883173e-06
grid-r014-c001,14,1,0.40000009536743164,3.000000476837158,0.44999998807907104,-38.0273742080709,1.5749347994642449e-06
grid-r014-c002,14,2,0.5999999046325684,3.000000476837158,0.44999998807907104,-37.88631910065423,1.6269270872726338e-06
grid-r014-c003,14,3,0.7999997138977051,3.000000476837158,0.44999998807907104,-38.079194859963295,1.556254119350342e-06
grid-r014-c004,14,4,1.0,3.000000476837158,0.44999998807907104,-37.86831594748885,1.633685315027833e-06
grid-r014-c005,14,5,1.1999998092651367,3.000000476837158,0.44999998807907104,-38.20299416440723,1.51251811075781e-06
grid-r014-c006,14,6,1.4000000953674316,3.000000476837158,0.44999998807907104,-38.31751871457434,1.4731539295098628e-06
grid-r014-c007,14,7,1.5999999046325684,3.000000476837158,0.44999998807907104,-38.31025292663774,1.4756205928279087e-06
grid-r014-c008,14,8,1.799999713897705,3.000000476837158,0.44999998807907104,-38.52551229646985,1.404264025950397e-06
grid-r014-c009,14,9,2.0,3.000000476837158,0.44999998807907104,-38.34805930888698,1.4628307098973892e-06
grid-r014-c010,14,10,2.200000047683716,3.000000476837158,0.44999998807907104,-38.77986144021696,1.324383788414707e-06
grid-r014-c011,14,11,2.3999998569488525,3.000000476837158,0.44999998807907104,-38.66529113044812,1.3597870065495954e-06
grid-r014-c012,14,12,2.5999999046325684,3.000000476837158,0.44999998807907104,-38.79184534254402,1.3207343272370053e-06
grid-r014-c013,14,13,2.799999952316284,3.000000476837158,0.44999998807907104,-38.96341474745837,1.2695754776359536e-06
grid-r014-c014,14,14,3.0,3.000000476837158,0.44999998807907104,-38.541020084059866,1.3992586218591896e-06
grid-r014-c015,14,15,3.200000047683716,3.000000476837158,0.44999998807907104,-38.72300055693987,1.341837560175918e-06
grid-r014-c016,14,16,3.3999998569488525,3.000000476837158,0.44999998807907104,-39.13408235689337,1.2206517112645088e-06
grid-r014-c017,14,17,3.5999999046325684,3.000000476837158,0.44999998807907104,-38.7186553446353,1.343180770163599e-06
grid-r014-c018,14,18,3.799999952316284,3.000000476837158,0.44999998807907104,-38.874811652873206,1.2957428907611757e-06
grid-r014-c019,14,19,4.0,3.000000476837158,0.44999998807907104,-38.777116233273304,1.3252212056613644e-06
grid-r014-c020,14,20,4.199999809265137,3.000000476837158,0.44999998807907104,-38.69297972369536,1.3511452152670245e-06
grid-r014-c021,14,21,4.400000095367432,3.000000476837158,0.44999998807907104,-38.50797666323257,1.4099455256655347e-06
grid-r014-c022,14,22,4.599999904632568,3.000000476837158,0.44999998807907104,-38.64518942695283,1.3660954891747679e-06
grid-r014-c023,14,23,4.800000190734863,3.000000476837158,0.44999998807907104,-38.46653919691426,1.4234626632969594e-06
grid-r014-c024,14,24,5.0,3.000000476837158,0.44999998807907104,-38.24189093330112,1.4990320096330834e-06
grid-r014-c025,14,25,5.199999809265137,3.000000476837158,0.44999998807907104,-38.603423414538966,1.3792965773973265e-06
grid-r014-c026,14,26,5.400000095367432,3.000000476837158,0.44999998807907104,-38.13514768764,1.5363325474027079e-06
grid-r014-c027,14,27,5.599999904632568,3.000000476837158,0.44999998807907104,-38.24042548558766,1.4995379160609446e-06
grid-r014-c028,14,28,5.800000190734863,3.000000476837158,0.44999998807907104,-38.14414000638192,1.5331547729147132e-06
grid-r014-c029,14,29,6.0,3.000000476837158,0.44999998807907104,-38.45542596098295,1.4271098507379065e-06
grid-r014-c030,14,30,6.199999809265137,3.000000476837158,0.44999998807907104,-38.18527014603794,1.51870347053773e-06
grid-r014-c031,14,31,6.400000095367432,3.000000476837158,0.44999998807907104,-37.89228653019464,1.624693140911404e-06
grid-r014-c032,14,32,6.599999904632568,3.000000476837158,0.44999998807907104,-38.368393181638005,1.4559976762029692e-06
grid-r014-c033,14,33,6.800000190734863,3.000000476837158,0.44999998807907104,-38.21264116995621,1.509162075308268e-06
grid-r014-c034,14,34,7.0,3.000000476837158,0.44999998807907104,-38.143843418570626,1.5332594784922549e-06
grid-r014-c035,14,35,7.199999809265137,3.000000476837158,0.44999998807907104,-38.184000477767995,1.5191475313258707e-06
grid-r014-c036,14,36,7.400000095367432,3.000000476837158,0.44999998807907104,-39.27836770180514,1.1807643431893666e-06
grid-r014-c037,14,37,7.599999904632568,3.000000476837158,0.44999998807907104,-38.756062090192145,1.3316613376446185e-06
grid-r014-c038,14,38,7.800000190734863,3.000000476837158,0.44999998807907104,-39.07175721538529,1.2382954537315527e-06
grid-r014-c039,14,39,8.0,3.000000476837158,0.44999998807907104,-38.807858482941704,1.31587353280338e-06
grid-r014-c040,14,40,8.199999809265137,3.000000476837158,0.44999998807907104,-39.26878510257232,1.183372546620376e-06
grid-r014-c041,14,41,8.399999618530273,3.000000476837158,0.44999998807907104,-38.846619188755504,1.3041816373515758e-06
grid-r014-c042,14,42,8.600000381469727,3.000000476837158,0.44999998807907104,-38.75632015147352,1.3315822116055642e-06
grid-r014-c043,14,43,8.800000190734863,3.000000476837158,0.44999998807907104,-39.754343721014074,1.0581948117760476e-06
grid-r014-c044,14,44,9.0,3.000000476837158,0.44999998807907104,-39.557227415948304,1.1073304904130055e-06
grid-r014-c045,14,45,9.199999809265137,3.000000476837158,0.44999998807907104,-39.276646940652,1.1812322782134288e-06
grid-r014-c046,14,46,9.399999618530273,3.000000476837158,0.44999998807907104,-39.69128224853887,1.0736723652371438e-06
grid-r014-c047,14,47,9.600000381469727,3.000000476837158,0.44999998807907104,-39.4736986889466,1.1288341283943737e-06
grid-r014-c048,14,48,9.800000190734863,3.000000476837158,0.44999998807907104,-39.761831363113025,1.0563719570200192e-06
grid-r014-c049,14,49,10.0,3.000000476837158,0.44999998807907104,-39.49393635726214,1.1235861165914685e-06
grid-r014-c050,14,50,10.200000762939453,3.000000476837158,0.44999998807907104,-39.37389009904959,1.1550771432666807e-06
grid-r014-c051,14,51,10.399999618530273,3.000000476837158,0.44999998807907104,-39.52194910646156,1.1163621138621238e-06
grid-r014-c052,14,52,10.600000381469727,3.000000476837158,0.44999998807907104,-39.1699893125411,1.2106011126888916e-06
grid-r014-c053,14,53,10.800000190734863,3.000000476837158,0.44999998807907104,-40.33633584685692,9.254786732526554e-07
grid-r014-c054,14,54,11.0,3.000000476837158,0.44999998807907104,-40.106466530946996,9.757832231116481e-07
grid-r014-c055,14,55,11.200000762939453,3.000000476837158,0.44999998807907104,-40.24649621411356,9.448228297515016e-07
grid-r014-c056,14,56,11.399999618530273,3.000000476837158,0.44999998807907104,-39.632458376514,1.0883138656936353e-06
grid-r014-c057,14,57,11.600000381469727,3.000000476837158,0.44999998807907104,-40.14239831270872,9.677432899479754e-07
grid-r015-c000,15,0,0.19999980926513672,3.200000286102295,0.44999998807907104,-37.67794096244609,1.7068914530682378e-06
grid-r015-c001,15,1,0.40000009536743164,3.200000286102295,0.44999998807907104,-38.00505962327155,1.5830478332645725e-06
grid-r015-c002,15,2,0.5999999046325684,3.200000286102295,0.44999998807907104,-38.00436011193437,1.5833028328415821e-06
grid-r015-c003,15,3,0.7999997138977051,3.200000286102295,0.44999998807907104,-37.91348255709407,1.6167830381164094e-06
grid-r015-c004,15,4,1.0,3.200000286102295,0.44999998807907104,-38.166629117756024,1.5252361436068895e-06
grid-r015-c005,15,5,1.1999998092651367,3.200000286102295,0.44999998807907104,-37.851777852307855,1.6399183095927583e-06
grid-r015-c006,15,6,1.4000000953674316,3.200000286102295,0.44999998807907104,-38.22012515632309,1.5065636489453027e-06
grid-r015-c007,15,7,1.5999999046325684,3.200000286102295,0.44999998807907104,-38.275672025754616,1.4874171938572545e-06
grid-r015-c008,15,8,1.799999713897705,3.200000286102295,0.44999998807907104,-38.18685596481723,1.5181490198301617e-06
grid-r015-c009,15,9,2.0,3.200000286102295,0.44999998807907104,-38.799279787808594,1.3184753697714768e-06
grid-r015-c010,15,10,2.200000047683716,3.200000286102295,0.44999998807907104,-38.319372184866126,1.4725253549841e-06
grid-r015-c011,15,11,2.3999998569488525,3.200000286102295,0.44999998807907104,-38.75858922952268,1.3308866755323834e-06
grid-r015-c012,15,12,2.5999999046325684,3.200000286102295,0.44999998807907104,-38.56594340620559,1.3912515441916184e-06
grid-r015-c013,15,13,2.799999952316284,3.200000286102295,0.44999998807907104,-38.64604571782583,1.3658261650562054e-06
grid-r015-c014,15,14,3.0,3.200000286102295,0.44999998807907104,-38.87435861462893,1.2958780644112267e-06
grid-r015-c015,15,15,3.200000047683716,3.200000286102295,0.44999998807907104,-38.635065544210015,1.3692837228518329e-06
grid-r015-c016,15,16,3.3999998569488525,3.200000286102295,0.44999998807907104,-38.489686774350176,1.415895894751884e-06
grid-r015-c017,15,17,3.5999999046325684,3.200000286102295,0.44999998807907104,-38.69285511721795,1.3511839824786875e-06
grid-r015-c018,15,18,3.799999952316284,3.200000286102295,0.44999998807907104,-38.728411390940096,1.3401668184087612e-06
grid-r015-c019,15,19,4.0,3.200000286102295,0.44999998807907104,-38.5946132487713,1.382097480018274e-06
grid-r015-c020,15,20,4.199999809265137,3.200000286102295,0.44999998807907104,-38.51050079848629,1.4091262983129127e-06
grid-r015-c021,15,21,4.400000095367432,3.200000286102295,0.44999998807907104,-38.68341187829405,1.3541251746573835e-06
grid-r015-c022,15,22,4.599999904632568,3.200000286102295,0.44999998807907104,-38.371293834430205,1.4550255400536116e-06
grid-r015-c023,15,23,4.800000190734863,3.200000286102295,0.44999998807907104,-38.614242317856906,1.3758648265138618e-06
grid-r015-c024,15,24,5.0,3.200000286102295,0.44999998807907104,-38.228078736147644,1.5038070841910667e-06
grid-r015-c025,15,25,5.199999809265137,3.200000286102295,0.44999998807907104,-38.33582354712035,1.466957883167197e-06
grid-r015-c026,15,26,5.400000095367432,3.200000286102295,0.44999998807907104,-38.44234625547446,1.43141437547456e-06
grid-r015-c027,15,27,5.599999904632568,3.200000286102295,0.44999998807907104,-38.46276739574777,1.4246994624045328e-06
grid-r015-c028,15,28,5.800000190734863,3.200000286102295,0.44999998807907104,-38.22631894881894,1.5044165593280923e-06
grid-r015-c029,15,29,6.0,3.200000286102295,0.44999998807907104,-38.334628547483206,1.4673615851279465e-06
grid-r015-c030,15,30,6.199999809265137,3.200000286102295,0.44999998807907104,-38.33511377662318,1.4671976487079519e-06
grid-r015-c031,15,31,6.400000095367432,3.200000286102295,0.44999998807907104,-38.58501812394053,1.3851544053977705e-06
grid-r015-c032,15,32,6.599999904632568,3.200000286102295,0.44999998807907104,-38.60614943406848,1.3784310795017518e-06
grid-r015-c033,15,33,6.800000190734863,3.200000286102295,0.44999998807907104,-38.04085254160948,1.570054564581369e-06
grid-r015-c034,15,34,7.0,3.200000286102295,0.44999998807907104,-38.41551659597947,1.4402846773009514e-06
grid-r015-c035,15,35,7.199999809265137,3.200000286102295,0.44999998807907104,-38.6148761016328,1.3756640555584454e-06
grid-r015-c036,15,36,7.400000095367432,3.200000286102295,0.44999998807907104,-39.22639827699024,1.194978722196538e-06
grid-r015-c037,15,37,7.599999904632568,3.200000286102295,0.44999998807907104,-38.80634250320868,1.316332941314613e-06
grid-r015-c038,15,38,7.800000190734863,3.200000286102295,0.44999998807907104,-38.873259174175026,1.2962061646248912e-06
grid-r015-c039,15,39,8.0,3.200000286102295,0.44999998807907104,-39.36396925235271,1.1577187706279801e-06
grid-r015-c040,15,40,8.199999809265137,3.200000286102295,0.44999998807907104,-39.24837147909784,1.1889479765159194e-06
grid-r015-c041,15,41,8.399999618530273,3.200000286102295,0.44999998807907104,-39.41514870144709,1.1441557035141159e-06
grid-r015-c042,15,42,8.600000381469727,3.200000286102295,0.44999998807907104,-39.23183948397043,1.1934824897252838e-06
grid-r015-c043,15,43,8.800000190734863,3.200000286102295,0.44999998807907104,-38.943366332958036,1.2754497902278672e-06
grid-r015-c044,15,44,9.0,3.200000286102295,0.44999998807907104,-39.17383004017286,1.209530978485418e-06
grid-r015-c045,15,45,9.199999809265137,3.200000286102295,0.44999998807907104,-39.458236676461944,1.132860234065447e-06
grid-r015-c046,15,46,9.399999618530273,3.200000286102295,0.44999998807907104,-39.78302623239682,1.0512291055420064e-06
grid-r015-c047,15,47,9.600000381469727,3.200000286102295,0.44999998807907104,-39.657073834945805,1.0821628393387073e-06
grid-r015-c048,15,48,9.800000190734863,3.200000286102295,0.44999998807907104,-39.339836224552656,1.1641699302344932e-06
grid-r015-c049,15,49,10.0,3.200000286102295,0.44999998807907104,-39.63708918877643,1.0871540325751994e-06
grid-r015-c050,15,50,10.200000762939453,3.200000286102295,0.44999998807907104,-40.231245179824526,9.481465781391307e-07
grid-r015-c051,15,51,10.399999618530273,3.200000286102295,0.44999998807907104,-40.02041600053721,9.953100743587129e-07
grid-r015-c052,15,52,10.600000381469727,3.200000286102295,0.44999998807907104,-39.54434369213878,1.1106203601229936e-06
grid-r015-c053,15,53,10.800000190734863,3.200000286102295,0.44999998807907104,-39.62561154051245,1.0900309916905826e-06
grid-r015-c054,15,54,11.0,3.200000286102295,0.44999998807907104,-39.13766109890952,1.2196462648716988e-06
grid-r015-c055,15,55,11.200000762939453,3.200000286102295,0.44999998807907104,-39.55412208583991,1.108122546611412e-06
grid-r015-c056,15,56,11.399999618530273,3.200000286102295,0.44999998807907104,-40.65677089981493,8.596524594395305e-07
grid-r015-c057,15,57,11.600000381469727,3.200000286102295,0.44999998807907104,-40.325236599123556,9.278469406126533e-07
grid-r016-c000,16,0,0.19999980926513672,3.40000057220459,0.44999998807907104,-38.0696115283605,1.5596920093230437e-06
grid-r016-c001,16,1,0.40000009536743164,3.40000057220459,0.44999998807907104,-37.68797482994026,1.7029524315148592e-06
grid-r016-c002,16,2,0.5999999046325684,3.40000057220459,0.44999998807907104,-38.104194670072104,1.5473214034500415e-06
grid-r016-c003,16,3,0.7999997138977051,3.40000057220459,0.44999998807907104,-38.05819178545675,1.563798605275224e-06
grid-r016-c004,16,4,1.0,3.40000057220459,0.44999998807907104,-38.020457102199885,1.5774452322148136e-06
grid-r016-c005,16,5,1.1999998092651367,3.40000057220459,0.44999998807907104,-38.23452753296454,1.5015757526271045e-06
grid-r016-c006,16,6,1.4000000953674316,3.40000057220459,0.44999998807907104,-38.325665938582326,1.4703929309689556e-06
grid-r016-c007,16,7,1.5999999046325684,3.40000057220459,0.44999998807907104,-38.12714035493961,1.5391677834486472e-06
grid-r016-c008,16,8,1.799999713897705,3.40000057220459,0.44999998807907104,-38.37408063808255,1.4540921711159172e-06
grid-r016-c009,16,9,2.0,3.40000057220459,0.44999998807907104,-38.09332983621452,1.5511972151216469e-06
grid-r016-c010,16,10,2.200000047683716,3.40000057220459,0.44999998807907104,-38.46098889695956,1.4252830169425579e-06
grid-r016-c011,16,11,2.3999998569488525,3.40000057220459,0.44999998807907104,-38.42219784476029,1.438070626136323e-06
grid-r016-c012,16,12,2.5999999046325684,3.40000057220459,0.44999998807907104,-38.8862183249548,1.2923441090606502e-06
grid-r016-c013,16,13,2.799999952316284,3.40000057220459,0.44999998807907104,-38.58895545172514,1.383899189022486e-06
grid-r016-c014,16,14,3.0,3.40000057220459,0.44999998807907104,-38.54182502133213,1.3989993021823466e-06
grid-r016-c015,16,15,3.200000047683716,3.40000057220459,0.44999998807907104,-38.77170506788203,1.3268734164739726e-06
grid-r016-c016,16,16,3.3999998569488525,3.40000057220459,0.44999998807907104,-38.49616643475532,1.413784957549069e-06
grid-r016-c017,16,17,3.5999999046325684,3.40000057220459,0.44999998807907104,-38.74362364180251,1.3354807606447139e-06
grid-r016-c018,16,18,3.799999952316284,3.40000057220459,0.44999998807907104,-38.569120797736105,1.39023404699401e-06
grid-r016-c019,16,19,4.0,3.40000057220459,0.44999998807907104,-38.64921643961513,1.3648293588630622e-06
grid-r016-c020,16,20,4.199999809265137,3.40000057220459,0.44999998807907104,-38.494296014214584,1.4143939779387438e-06
grid-r016-c021,16,21,4.400000095367432,3.40000057220459,0.44999998807907104,-38.50615890568396,1.4105357877269853e-06
grid-r016-c022,16,22,4.599999904632568,3.40000057220459,0.44999998807907104,-38.25263870803298,1.4953268419048982e-06
grid-r016-c023,16,23,4.800000190734863,3.40000057220459,0.44999998807907104,-38.24251282774304,1.498817368883465e-06
grid-r016-c024,16,24,5.0,3.40000057220459,0.44999998807907104,-38.27556149060407,1.4874550515742158e-06
grid-r016-c025,16,25,5.199999809265137,3.40000057220459,0.44999998807907104,-38.31488552581864,1.474047394367517e-06
grid-r016-c026,16,26,5.400000095367432,3.40000057220459,0.44999998807907104,-38.396976580157784,1.4464463902186253e-06
grid-r016-c027,16,27,5.599999904632568,3.40000057220459,0.44999998807907104,-38.2366893501736,1.5008284890427603e-06
grid-r016-c028,16,28,5.800000190734863,3.40000057220459,0.44999998807907104,-38.3143084412342,1.4742432767889113e-06
grid-r016-c029,16,29,6.0,3.40000057220459,0.44999998807907104,-38.46222992335551,1.424875790689839e-06
grid-r016-c030,16,30,6.199999809265137,3.40000057220459,0.44999998807907104,-38.35530449320559,1.460392354601936e-06
grid-r016-c031,16,31,6.400000095367432,3.40000057220459,0.44999998807907104,-38.226161091916666,1.5044712426970364e-06
grid-r016-c032,16,32,6.599999904632568,3.40000057220459,0.44999998807907104,-38.50138496480498,1.4120871583145345e-06
grid-r016-c033,16,33,6.800000190734863,3.40000057220459,0.44999998807907104,-38.55650589334672,1.3942781151854433e-06
grid-r016-c034,16,34,7.0,3.40000057220459,0.44999998807907104,-39.04502599395863,1.2459407798814937e-06
grid-r016-c035,16,35,7.199999809265137,3.40000057220459,0.44999998807907104,-39.00334195623668,1.2579570238813176e-06
grid-r016-c036,16,36,7.400000095367432,3.40000057220459,0.44999998807907104,-38.4620708775488,1.4249279729483533e-06
grid-r016-c037,16,37,7.599999904632568,3.40000057220459,0.44999998807907104,-38.74194291248004,1.335997694695834e-06
grid-r016-c038,16,38,7.800000190734863,3.40000057220459,0.44999998807907104,-38.85387768723586,1.3020037386013428e-06
grid-r016-c039,16,39,8.0,3.40000057220459,0.44999998807907104,-39.24838393724691,1.1889445659107878e-06
grid-r016-c040,16,40,8.199999809265137,3.40000057220459,0.44999998807907104,-39.277863861249116,1.1809013358288212e-06
grid-r016-c041,16,41,8.399999618530273,3.40000057220459,0.44999998807907104,-39.49556298639972,1.1231653616050608e-06
grid-r016-c042,16,42,8.600000381469727,3.40000057220459,0.44999998807907104,-39.77034007987751,1.0543043345023762e-06
grid-r016-c043,16,43,8.800000190734863,3.40000057220459,0.44999998807907104,-39.66676030077827,1.079751882571145e-06
grid-r016-c044,16,44,9.0,3.40000057220459,0.44999998807907104,-39.79888129577836,1.0473983138581389e-06
grid-r016-c045,16,45,9.199999809265137,3.40000057220459,0.44999998807907104,-39.70869325603,1.0693765943869948e-06
grid-r016-c046,16,46,9.399999618530273,3.40000057220459,0.44999998807907104,-39.57438794200137,1.1029636652892805e-06
grid-r016-c047,16,47,9.600000381469727,3.40000057220459,0.44999998807907104,-39.32171920525133,1.1690365226968424e-06
grid-r016-c048,16,48,9.800000190734863,3.40000057220459,0.44999998807907104,-39.25039930566289,1.1883929573741625e-06
grid-r016-c049,16,49,10.0,3.40000057220459,0.44999998807907104,-39.77777656523075,1.052500579135085e-06
grid-r016-c050,16,50,10.200000762939453,3.40000057220459,0.44999998807907104,-39.432915199064965,1.1394846524126478e-06
grid-r016-c051,16,51,10.399999618530273,3.40000057220459,0.44999998807907104,-39.30581500899671,1.1733254723367281e-06
grid-r016-c052,16,52,10.600000381469727,3.40000057220459,0.44999998807907104,-40.76183198878557,8.391059509449406e-07
grid-r016-c053,16,53,10.800000190734863,3.40000057220459,0.44999998807907104,-40.18084417719143,9.592141623215866e-07
grid-r016-c054,16,54,11.0,3.40000057220459,0.44999998807907104,-40.60586427009164,8.697883231434389e-07
grid-r016-c055,16,55,11.200000762939453,3.40000057220459,0.44999998807907104,-40.59952880643393,8.710580914339516e-07
grid-r016-c056,16,56,11.399999618530273,3.40000057220459,0.44999998807907104,-40.77311521231494,8.369287343157339e-07
grid-r016-c057,16,57,11.600000381469727,3.40000057220459,0.44999998807907104,-40.87323304070486,8.178557209248538e-07
grid-r017-c000,17,0,0.19999980926513672,3.6000003814697266,0.44999998807907104,-37.70257262805374,1.6972379626167822e-06
grid-r017-c001,17,1,0.40000009536743164,3.6000003814697266,0.44999998807907104,-38.113143844578126,1.544136239317595e-06
grid-r017-c002,17,2,0.5999999046325684,3.6000003814697266,0.44999998807907104,-37.99334932368288,1.5873221173023921e-06
grid-r017-c003,17,3,0.7999997138977051,3.6000003814697266,0.44999998807907104,-38.19933606629754,1.513792653895507e-06
grid-r017-c004,17,4,1.0,3.6000003814697266,0.44999998807907104,-38.22029328151177,1.5065053275975515e-06
grid-r017-c005,17,5,1.1999998092651367,3.6000003814697266,0.44999998807907104,-38.03378742490513,1.5726108131275396e-06
grid-r017-c006,17,6,1.4000000953674316,3.6000003814697266,0.44999998807907104,-38.334800154921744,1.4673036048407084e-06
grid-r017-c007,17,7,1.5999999046325684,3.6000003814697266,0.44999998807907104,-38.35150574993385,1.4616703083447646e-06
grid-r017-c008,17,8,1.799999713897705,3.6000003814697266,0.44999998807907104,-38.2826583742201,1.4850263596599689e-06
grid-r017-c009,17,9,2.0,3.6000003814697266,0.44999998807907104,-38.42825397851341,1.436066668247804e-06
grid-r017-c010,17,10,2.200000047683716,3.6000003814697266,0.44999998807907104,-38.358527970240466,1.4593088053516112e-06
grid-r017-c011,17,11,2.3999998569488525,3.6000003814697266,0.44999998807907104,-38.43135901486225,1.4350403034768533e-06
grid-r017-c012,17,12,2.5999999046325684,3.6000003814697266,0.44999998807907104,-38.3462239216183,1.463449052607757e-06
grid-r017-c013,17,13,2.799999952316284,3.6000003814697266,0.44999998807907104,-38.702064061696,1.3483219163390459e-06
grid-r017-c014,17,14,3.0,3.6000003814697266,0.44999998807907104,-38.643979196504894,1.3664762263942976e-06
grid-r017-c015,17,15,3.200000047683716,3.6000003814697266,0.44999998807907104,-38.41366858887178,1.4408976767299464e-06
grid-r017-c016,17,16,3.3999998569488525,3.6000003814697266,0.44999998807907104,-38.64209206908101,1.3670701264345553e-06
grid-r017-c017,17,17,3.5999999046325684,3.6000003814697266,0.44999998807907104,-38.334522894511274,1.467397282794991e-06
grid-r017-c018,17,18,3.799999952316284,3.6000003814697266,0.44999998807907104,-38.673588210625795,1.3571916497312486e-06
grid-r017-c019,17,19,4.0,3.6000003814697266,0.44999998807907104,-38.490180574387374,1.4157349141896702e-06
grid-r017-c020,17,20,4.199999809265137,3.6000003814697266,0.44999998807907104,-38.753400059862656,1.3324778365131351e-06
grid-r017-c021,17,21,4.400000095367432,3.6000003814697266,0.44999998807907104,-38.3611288555663,1.4584351220037206e-06
grid-r017-c022,17,22,4.599999904632568,3.6000003814697266,0.44999998807907104,-38.40181680223297,1.4448352203544346e-06
grid-r017-c023,17,23,4.800000190734863,3.6000003814697266,0.44999998807907104,-38.50756837176916,1.410078084518318e-06
grid-r017-c024,17,24,5.0,3.6000003814697266,0.44999998807907104,-38.40347277334089,1.4442844076256733e-06
grid-r017-c025,17,25,5.199999809265137,3.6000003814697266,0.44999998807907104,-38.558534741457215,1.393626916978974e-06
grid-r017-c026,17,26,5.400000095367432,3.6000003814697266,0.44999998807907104,-38.30693567802317,1.4767481388844317e-06
grid-r017-c027,17,27,5.599999904632568,3.6000003814697266,0.44999998807907104,-38.78421125887343,1.3230579725131975e-06
grid-r017-c028,17,28,5.800000190734863,3.6000003814697266,0.44999998807907104,-38.06674064769677,1.5607233763148542e-06
grid-r017-c029,17,29,6.0,3.6000003814697266,0.44999998807907104,-38.32182726428438,1.4716931673319777e-06
grid-r017-c030,17,30,6.199999809265137,3.6000003814697266,0.44999998807907104,-38.60376635560634,1.3791876654067892e-06
grid-r017-c031,17,31,6.400000095367432,3.6000003814697266,0.44999998807907104,-38.434696962085354,1.433937768524629e-06
grid-r017-c032,17,32,6.599999904632568,3.6000003814697266,0.44999998807907104,-38.287296563324475,1.4834412240816164e-06
grid-r017-c033,17,33,6.800000190734863,3.6000003814697266,0.44999998807907104,-38.37684069078498,1.4531683518725913e-06
grid-r017-c034,17,34,7.0,3.6000003814697266,0.44999998807907104,-38.6534785729113,1.3634905826620525e-06
grid-r017-c035,17,35,7.199999809265137,3.6000003814697266,0.44999998807907104,-38.593984915227885,1.3822974551658262e-06
grid-r017-c036,17,36,7.400000095367432,3.6000003814697266,0.44999998807907104,-39.23539414972339,1.1925060334760929e-06
grid-r017-c037,17,37,7.599999904632568,3.6000003814697266,0.44999998807907104,-38.99888320350549,1.2592491884788615e-06
grid-r017-c038,17,38,7.800000190734863,3.6000003814697266,0.44999998807907104,-39.21132909214967,1.1991322708126972e-06
grid-r017-c039,17,39,8.0,3.6000003814697266,0.44999998807907104,-38.82494972450719,1.3107052154737175e-06
grid-r017-c040,17,40,8.199999809265137,3.6000003814697266,0.44999998807907104,-39.47028754737342,1.1297211131022777e-06
grid-r017-c041,17,41,8.399999618530273,3.6000003814697266,0.44999998807907104,-38.852010089706404,1.3025637599639595e-06
grid-r017-c042,17,42,8.600000381469727,3.6000003814697266,0.44999998807907104,-38.91376048857572,1.2841742318414617e-06
grid-r017-c043,17,43,8.800000190734863,3.6000003814697266,0.44999998807907104,-39.47473191635997,1.1285656000836752e-06
grid-r017-c044,17,44,9.0,3.6000003814697266,0.44999998807907104,-39.893490858565585,1.024827838591591e-06
grid-r017-c045,17,45,9.199999809265137,3.6000003814697266,0.44999998807907104,-40.022572918262384,9.94815877675137e-07
grid-r017-c046,17,46,9.399999618530273,3.6000003814697266,0.44999998807907104,-39.58238261748755,1.1009351510438137e-06
grid-r017-c047,17,47,9.600000381469727,3.6000003814697266,0.44999998807907104,-39.561001193333496,1.1063686997658806e-06
grid-r017-c048,17,48,9.800000190734863,3.6000003814697266,0.44999998807907104,-39.71119733796235,1.0687601843528682e-06
grid-r017-c049,17,49,10.0,3.6000003814697266,0.44999998807907104,-39.35816585031301,1.1592668442972354e-06
grid-r017-c050,17,50,10.200000762939453,3.6000003814697266,0.44999998807907104,-39.75284111728498,1.058560997080349e-06
grid-r017-c051,17,51,10.399999618530273,3.6000003814697266,0.44999998807907104,-39.65093615063232,1.0836932915481157e-06
grid-r017-c052,17,52,10.600000381469727,3.6000003814697266,0.44999998807907104,-39.833632422892975,1.0390507441115915e-06
grid-r017-c053,17,53,10.800000190734863,3.6000003814697266,0.44999998807907104,-38.93596534843813,1.2776251878676703e-06
grid-r017-c054,17,54,11.0,3.6000003814697266,0.44999998807907104,-39.61057320924783,1.093811988539528e-06
grid-r017-c055,17,55,11.200000762939453,3.6000003814697266,0.44999998807907104,-40.29940890562776,9.333813295597793e-07
grid-r017-c056,17,56,11.399999618530273,3.6000003814697266,0.44999998807907104,-39.168731705626584,1.210951722896425e-06
grid-r017-c057,17,57,11.600000381469727,3.6000003814697266,0.44999998807907104,-39.46917279611229,1.1300111282253056e-06
grid-r018-c000,18,0,0.19999980926513672,3.8000006675720215,0.44999998807907104,-38.143096403311404,1.533523231955769e-06
grid-r018-c001,18,1,0.40000009536743164,3.8000006675720215,0.44999998807907104,-37.954336269934934,1.6016454083001008e-06
grid-r018-c002,18,2,0.5999999046325684,3.8000006675720215,0.44999998807907104,-38.016428195893496,1.5789092913109926e-06
grid-r018-c003,18,3,0.7999997138977051,3.8000006675720215,0.44999998807907104,-38.19902329198894,1.5139016795728821e-06
grid-r018-c004,18,4,1.0,3.8000006675720215,0.44999998807907104,-37.94534601229047,1.6049643818405457e-06
grid-r018-c005,18,5,1.1999998092651367,3.8000006675720215,0.44999998807907104,-38.110344706852615,1.5451317949555232e-06
grid-r018-c006,18,6,1.4000000953674316,3.8000006675720215,0.44999998807907104,-38.19725861030608,1.5145169527386315e-06
grid-r018-c007,18,7,1.5999999046325684,3.8000006675720215,0.44999998807907104,-38.330820607523954,1.4686487475046306e-06
grid-r018-c008,18,8,1.799999713897705,3.8000006675720215,0.44999998807907104,-38.38358039861694,1.4509149650621112e-06
grid-r018-c009,18,9,2.0,3.8000006675720215,0.44999998807907104,-38.05327898944307,1.5655685956517118e-06
grid-r018-c010,18,10,2.200000047683716,3.8000006675720215,0.44999998807907104,-38.55277087185476,1.3954777386970818e-06
grid-r018-c011,18,11,2.3999998569488525,3.8000006675720215,0.44999998807907104,-38.326409765709634,1.4701411146234022e-06
grid-r018-c012,18,12,2.5999999046325684,3.8000006675720215,0.44999998807907104,-38.66377509869725,1.3602617627839209e-06
grid-r018-c013,18,13,2.799999952316284,3.8000006675720215,0.44999998807907104,-38.26449236050686,1.4912510550857405e-06
grid-r018-c014,18,14,3.0,3.8000006675720215,0.44999998807907104,-38.596346906239646,1.3815458714816486e-06
grid-r018-c015,18,15,3.200000047683716,3.8000006675720215,0.44999998807907104,-38.56566802341888,1.3913397651776904e-06
grid-r018-c016,18,16,3.3999998569488525,3.8000006675720215,0.44999998807907104,-38.49929421408548,1.4127671192909474e-06
grid-r018-c017,18,17,3.5999999046325684,3.8000006675720215,0.44999998807907104,-38.649098508652045,1.3648664207721595e-06
grid-r018-c018,18,18,3.799999952316284,3.8000006675720215,0.44999998807907104,-38.30357151701638,1.4778925105929375e-06
grid-r018-c019,18,19,4.0,3.8000006675720215,0.44999998807907104,-38.50516317275056,1.4108592267803033e-06
grid-r018-c020,18,20,4.199999809265137,3.8000006675720215,0.44999998807907104,-38.38068955423176,1.4518810758090694e-06
grid-r018-c021,18,21,4.400000095367432,3.8000006675720215,0.44999998807907104,-38.45155214526473,1.428383370694064e-06
grid-r018-c022,18,22,4.599999904632568,3.8000006675720215,0.44999998807907104,-38.515335637919875,1.4075584431338939e-06
grid-r018-c023,18,23,4.800000190734863,3.8000006675720215,0.44999998807907104,-38.72424368638576,1.3414535260380944e-06
grid-r018-c024,18,24,5.0,3.8000006675720215,0.44999998807907104,-38.4115614084604,1.441596964468772e-06
grid-r018-c025,18,25,5.199999809265137,3.8000006675720215,0.44999998807907104,-38.46602102591123,1.4236325114325155e-06
grid-r018-c026,18,26,5.400000095367432,3.8000006675720215,0.44999998807907104,-38.59917898692913,1.380645244353218e-06
grid-r018-c027,18,27,5.599999904632568,3.8000006675720215,0.44999998807907104,-38.31726433898879,1.4732402178196935e-06
grid-r018-c028,18,28,5.800000190734863,3.8000006675720215,0.44999998807907104,-38.48051426178713,1.4188894965627696e-06
grid-r018-c029,18,29,6.0,3.8000006675720215,0.44999998807907104,-38.51620669844628,1.4072761587158311e-06
grid-r018-c030,18,30,6.199999809265137,3.8000006675720215,0.44999998807907104,-38.46293478467941,1.4246445516619133e-06
grid-r018-c031,18,31,6.400000095367432,3.8000006675720215,0.44999998807907104,-38.3967308194981,1.4465282447417849e-06
grid-r018-c032,18,32,6.599999904632568,3.8000006675720215,0.44999998807907104,-39.01255246879878,1.2552919770314475e-06
grid-r018-c033,18,33,6.800000190734863,3.8000006675720215,0.44999998807907104,-38.7837056325947,1.3232120181783102e-06
grid-r018-c034,18,34,7.0,3.8000006675720215,0.44999998807907104,-38.76321339039711,1.3294703649080475e-06
grid-r018-c035,18,35,7.199999809265137,3.8000006675720215,0.44999998807907104,-39.15437214546345,1.2149622534707305e-06
grid-r018-c036,18,36,7.400000095367432,3.8000006675720215,0.44999998807907104,-39.35611262966171,1.159815042228729e-06
grid-r018-c037,18,37,7.599999904632568,3.8000006675720215,0.44999998807907104,-39.192448491545726,1.2043567494401941e-06
grid-r018-c038,18,38,7.800000190734863,3.8000006675720215,0.44999998807907104,-39.31478562962617,1.1709043974406086e-06
grid-r018-c039,18,39,8.0,3.8000006675720215,0.44999998807907104,-39.63981905966382,1.0864708883673302e-06
grid-r018-c040,18,40,8.199999809265137,3.8000006675720215,0.44999998807907104,-38.86555034175337,1.2985090052097803e-06
grid-r018-c041,18,41,8.399999618530273,3.8000006675720215,0.44999998807907104,-40.26556765999517,9.4068286671245e-07
grid-r018-c042,18,42,8.600000381469727,3.8000006675720215,0.44999998807907104,-40.23411904033486,9.475193678554206e-07
grid-r018-c043,18,43,8.800000190734863,3.8000006675720215,0.44999998807907104,-39.14899257677898,1.216468149323191e-06
grid-r018-c044,18,44,9.0,3.8000006675720215,0.44999998807907104,-39.44327251349124,1.1367703791620443e-06
grid-r018-c045,18,45,9.199999809265137,3.8000006675720215,0.44999998807907104,-40.15106748228793,9.65813455877651e-07
grid-r018-c046,18,46,9.399999618530273,3.8000006675720215,0.44999998807907104,-39.099732546400254,1.230344537361816e-06
grid-r018-c047,18,47,9.600000381469727,3.8000006675720215,0.44999998807907104,-40.05518340602193,9.8737393727788e-07
grid-r018-c048,18,48,9.800000190734863,3.8000006675720215,0.44999998807907104,-39.677816462581255,1.0770065728138434e-06
grid-r018-c049,18,49,10.0,3.8000006675720215,0.44999998807907104,-39.63747478288204,1.0870575124499737e-06
grid-r018-c050,18,50,10.200000762939453,3.8000006675720215,0.44999998807907104,-39.861791899062155,1.0323353762942133e-06
grid-r018-c051,18,51,10.399999618530273,3.8000006675720215,0.44999998807907104,-40.86139984473358,8.200871661756537e-07
grid-r018-c052,18,52,10.600000381469727,3.8000006675720215,0.44999998807907104,-39.83749116904163,1.0381279480498051e-06
grid-r018-c053,18,53,10.800000190734863,3.8000006675720215,0.44999998807907104,-41.454560987524886,7.153917067626026e-07
grid-r018-c054,18,54,11.0,3.8000006675720215,0.44999998807907104,-40.294331331811506,9.344732347926765e-07
grid-r018-c055,18,55,11.200000762939453,3.8000006675720215,0.44999998807907104,-40.19847284128747,9.553284598950995e-07
grid-r018-c056,18,56,11.399999618530273,3.8000006675720215,0.44999998807907104,-40.328090554365914,9.272374086322088e-07
grid-r018-c057,18,57,11.600000381469727,3.8000006675720215,0.44999998807907104,-41.18010875607055,7.620599262736505e-07
grid-r019-c000,19,0,0.19999980926513672,4.000000476837158,0.44999998807907104,-38.09420745948039,1.5508837805100484e-06
grid-r019-c001,19,1,0.40000009536743164,4.000000476837158,0.44999998807907104,-38.2504910504478,1.496066488471115e-06
grid-r019-c002,19,2,0.5999999046325684,4.000000476837158,0.44999998807907104,-37.91499384778333,1.6162205156433629e-06
grid-r019-c003,19,3,0.7999997138977051,4.000000476837158,0.44999998807907104,-38.18257035142709,1.5196478670986835e-06
grid-r019-c004,19,4,1.0,4.000000476837158,0.44999998807907104,-38.270140423646666,1.4893129218762624e-06
grid-r019-c005,19,5,1.1999998092651367,4.000000476837158,0.44999998807907104,-37.970823475969915,1.5955765775288455e-06
grid-r019-c006,19,6,1.4000000953674316,4.000000476837158,0.44999998807907104,-38.28653111880601,1.483702703808376e-06
grid-r019-c007,19,7,1.5999999046325684,4.000000476837158,0.44999998807907104,-37.98827813601966,1.5891766906861449e-06
grid-r019-c008,19,8,1.799999713897705,4.000000476837158,0.44999998807907104,-38.399804169344726,1.4455049495154526e-06
grid-r019-c009,19,9,2.0,4.000000476837158,0.44999998807907104,-38.46877039681657,1.4227315432435717e-06
grid-r019-c010,19,10,2.200000047683716,4.000000476837158,0.44999998807907104,-38.28612515516219,1.4838414017503965e-06
grid-r019-c011,19,11,2.3999998569488525,4.000000476837158,0.44999998807907104,-38.51610565629058,1.407308900525095e-06
grid-r019-c012,19,12,2.5999999046325684,4.000000476837158,0.44999998807907104,-38.32790015396763,1.4696366861244314e-06
grid-r019-c013,19,13,2.799999952316284,4.000000476837158,0.44999998807907104,-38.48064196986652,1.4188477734933258e-06
grid-r019-c014,19,14,3.0,4.000000476837158,0.44999998807907104,-38.37635723218089,1.4533301282426692e-06
grid-r019-c015,19,15,3.200000047683716,4.000000476837158,0.44999998807907104,-38.670860626238685,1.3580443010141607e-06
grid-r019-c016,19,16,3.3999998569488525,4.000000476837158,0.44999998807907104,-38.44245594413363,1.4313782230601646e-06
grid-r019-c017,19,17,3.5999999046325684,4.000000476837158,0.44999998807907104,-38.369016161661605,1.4557888334820746e-06
grid-r019-c018,19,18,3.799999952316284,4.000000476837158,0.44999998807907104,-38.75795712135017,1.331080397903861e-06
grid-r019-c019,19,19,4.0,4.000000476837158,0.44999998807907104,-38.467177110779815,1.4232535932023893e-06
grid-r019-c020,19,20,4.199999809265137,4.000000476837158,0.44999998807907104,-38.325624973024404,1.4704068007631577e-06
grid-r019-c021,19,21,4.400000095367432,4.000000476837158,0.44999998807907104,-38.65150225580506,1.3641111991091748e-06
grid-r019-c022,19,22,4.599999904632568,4.000000476837158,0.44999998807907104,-38.39239918205227,1.4479717265203362e-06
grid-r019-c023,19,23,4.800000190734863,4.000000476837158,0.44999998807907104,-38.568215980719664,1.3905237210565247e-06
grid-r019-c024,19,24,5.0,4.000000476837158,0.44999998807907104,-38.25908541505167,1.4931088117009494e-06
grid-r019-c025,19,25,5.199999809265137,4.000000476837158,0.44999998807907104,-38.67635827967313,1.3563262655225117e-06
grid-r019-c026,19,26,5.400000095367432,4.000000476837158,0.44999998807907104,-38.63138090331532,1.370445943393861e-06
grid-r019-c027,19,27,5.599999904632568,4.000000476837158,0.44999998807907104,-38.47644870539994,1.4202183820088976e-06
grid-r019-c028,19,28,5.800000190734863,4.000000476837158,0.44999998807907104,-38.9508016664107,1.2732680261251517e-06
grid-r019-c029,19,29,6.0,4.000000476837158,0.44999998807907104,-38.56227224331893,1.3924280892751995e-06
grid-r019-c030,19,30,6.199999809265137,4.000000476837158,0.44999998807907104,-38.68370139302332,1.3540349073082325e-06
grid-r019-c031,19,31,6.400000095367432,4.000000476837158,0.44999998807907104,-38.41469497199304,1.4405571846509702e-06
grid-r019-c032,19,32,6.599999904632568,4.000000476837158,0.44999998807907104,-38.55663798048259,1.3942357099949731e-06
grid-r019-c033,19,33,6.800000190734863,4.000000476837158,0.44999998807907104,-38.762014377292424,1.3298374597070506e-06
grid-r019-c034,19,34,7.0,4.000000476837158,0.44999998807907104,-38.98335376019682,1.2637600548259798e-06
grid-r019-c035,19,35,7.199999809265137,4.000000476837158,0.44999998807907104,-39.211059408123845,1.199206735691405e-06
grid-r019-c036,19,36,7.400000095367432,4.000000476837158,0.44999998807907104,-39.2065966141692,1.2004396694464958e-06
grid-r019-c037,19,37,7.599999904632568,4.000000476837158,0.44999998807907104,-39.23345029052339,1.1930399068660336e-06
grid-r019-c038,19,38,7.800000190734863,4.000000476837158,0.44999998807907104,-39.078800367026744,1.2362888810457662e-06
grid-r019-c039,19,39,8.0,4.000000476837158,0.44999998807907104,-39.601226413622555,1.0961686029986595e-06
grid-r019-c040,19,40,8.199999809265137,4.000000476837158,0.44999998807907104,-39.303238792460924,1.1740216905309353e-06
grid-r019-c041,19,41,8.399999618530273,4.000000476837158,0.44999998807907104,-39.23296859964496,1.1931722383451415e-06
grid-r019-c042,19,42,8.600000381469727,4.000000476837158,0.44999998807907104,-39.89477738634974,1.0245242947348743e-06
grid-r019-c043,19,43,8.800000190734863,4.000000476837158,0.44999998807907104,-39.780308136601896,1.0518872386455769e-06
grid-r019-c044,19,44,9.0,4.000000476837158,0.44999998807907104,-39.43514291862381,1.1389003020667587e-06
grid-r019-c045,19,45,9.199999809265137,4.000000476837158,0.44999998807907104,-39.295665813405066,1.176070668407192e-06
grid-r019-c046,19,46,9.399999618530273,4.000000476837158,0.44999998807907104,-39.87388936961614,1.029463760460203e-06
grid-r019-c047,19,47,9.600000381469727,4.000000476837158,0.44999998807907104,-38.92404010733999,1.281138224840106e-06
grid-r019-c048,19,48,9.800000190734863,4.000000476837158,0.44999998807907104,-39.46116077947764,1.1320977364448481e-06
grid-r019-c049,19,49,10.0,4.000000476837158,0.44999998807907104,-40.31893808280568,9.291935612054658e-07
grid-r019-c050,19,50,10.200000762939453,4.000000476837158,0.44999998807907104,-40.173634688800746,9.608078244127682e-07
grid-r019-c051,19,51,10.399999618530273,4.000000476837158,0.44999998807907104,-39.645730799446966,1.0849929594769492e-06
grid-r019-c052,19,52,10.600000381469727,4.000000476837158,0.44999998807907104,-39.72852108925554,1.0645054544511368e-06
grid-r019-c053,19,53,10.800000190734863,4.000000476837158,0.44999998807907104,-39.652105389450995,1.083401571122522e-06
grid-r019-c054,19,54,11.0,4.000000476837158,0.44999998807907104,-39.797913163591474,1.047631826622819e-06
grid-r019-c055,19,55,11.200000762939453,4.000000476837158,0.44999998807907104,-40.748308822687065,8.417228514190356e-07
grid-r019-c056,19,56,11.399999618530273,4.000000476837158,0.44999998807907104,-41.871449813412596,6.499126925518794e-07
grid-r019-c057,19,57,11.600000381469727,4.000000476837158,0.44999998807907104,-40.34304435509764,9.240501981366833e-07
grid-r020-c000,20,0,0.19999980926513672,4.200000762939453,0.44999998807907104,-38.04103934103524,1.5699870345997624e-06
grid-r020-c001,20,1,0.40000009536743164,4.200000762939453,0.44999998807907104,-38.15269727927284,1.5301368421205552e-06
grid-r020-c002,20,2,0.5999999046325684,4.200000762939453,0.44999998807907104,-37.90875263629164,1.6185448430405813e-06
grid-r020-c003,20,3,0.7999997138977051,4.200000762939453,0.44999998807907104,-38.37294329759317,1.4544730220222846e-06
grid-r020-c004,20,4,1.0,4.200000762939453,0.44999998807907104,-38.31704047398809,1.4733161606272915e-06
grid-r020-c005,20,5,1.1999998092651367,4.200000762939453,0.44999998807907104,-38.59424995444891,1.3822130995322368e-06
grid-r020-c006,20,6,1.4000000953674316,4.200000762939453,0.44999998807907104,-38.02601635595887,1.575427290845255e-06
grid-r020-c007,20,7,1.5999999046325684,4.200000762939453,0.44999998807907104,-38.3334631422491,1.4677553963338141e-06
grid-r020-c008,20,8,1.799999713897705,4.200000762939453,0.44999998807907104,-38.53286761160565,1.4018877436683397e-06
grid-r020-c009,20,9,2.0,4.200000762939453,0.44999998807907104,-38.332201196913054,1.4681819493489456e-06
grid-r020-c010,20,10,2.200000047683716,4.200000762939453,0.44999998807907104,-38.45559929487404,1.427052893632208e-06
grid-r020-c011,20,11,2.3999998569488525,4.200000762939453,0.44999998807907104,-38.187197136235504,1.5180297623373917e-06
grid-r020-c012,20,12,2.5999999046325684,4.200000762939453,0.44999998807907104,-38.64565749243174,1.3659482647199184e-06
grid-r020-c013,20,13,2.799999952316284,4.200000762939453,0.44999998807907104,-38.32526133669128,1.4705299236084102e-06
grid-r020-c014,20,14,3.0,4.200000762939453,0.44999998807907104,-38.66253101208948,1.3606514812636306e-06
grid-r020-c015,20,15,3.200000047683716,4.200000762939453,0.44999998807907104,-38.385853807991914,1.4501556506729685e-06
grid-r020-c016,20,16,3.3999998569488525,4.200000762939453,0.44999998807907104,-38.53207067098221,1.4021450169821037e-06
grid-r020-c017,20,17,3.5999999046325684,4.200000762939453,0.44999998807907104,-38.42955377896597,1.4356369320012163e-06
grid-r020-c018,20,18,3.799999952316284,4.200000762939453,0.44999998807907104,-38.533188823898726,1.4017840612723376e-06
grid-r020-c019,20,19,4.0,4.200000762939453,0.44999998807907104,-38.48921952940568,1.416048235114431e-06
grid-r020-c020,20,20,4.199999809265137,4.200000762939453,0.44999998807907104,-38.90187259187945,1.2876942037109984e-06
grid-r020-c021,20,21,4.400000095367432,4.200000762939453,0.44999998807907104,-38.280462260467225,1.4857774885967956e-06
grid-r020-c022,20,22,4.599999904632568,4.200000762939453,0.44999998807907104,-38.47072116376008,1.4220926232155762e-06
grid-r020-c023,20,23,4.800000190734863,4.200000762939453,0.44999998807907104,-38.44925860247117,1.4291379102360224e-06
grid-r020-c024,20,24,5.0,4.200000762939453,0.44999998807907104,-38.37586091921502,1.4534962247125804e-06
grid-r020-c025,20,25,5.199999809265137,4.200000762939453,0.44999998807907104,-38.6300931157027,1.3708523738387157e-06
grid-r020-c026,20,26,5.400000095367432,4.200000762939453,0.44999998807907104,-38.356748014769565,1.4599070254917024e-06
grid-r020-c027,20,27,5.599999904632568,4.200000762939453,0.44999998807907104,-38.35648524392349,1.459995360164612e-06
grid-r020-c028,20,28,5.800000190734863,4.200000762939453,0.44999998807907104,-38.61337110585312,1.3761408581558499e-06
grid-r020-c029,20,29,6.0,4.200000762939453,0.44999998807907104,-38.544060642763185,1.3982793234390556e-06
grid-r020-c030,20,30,6.199999809265137,4.200000762939453,0.44999998807907104,-38.87477812108932,1.2957528952028952e-06
grid-r020-c031,20,31,6.400000095367432,4.200000762939453,0.44999998807907104,-38.676109658221264,1.3564039136326755e-06
grid-r020-c032,20,32,6.599999904632568,4.200000762939453,0.44999998807907104,-38.89712338897371,1.2891031246908824e-06
grid-r020-c033,20,33,6.800000190734863,4.200000762939453,0.44999998807907104,-38.66643867107284,1.359427756142395e-06
grid-r020-c034,20,34,7.0,4.200000762939453,0.44999998807907104,-39.58586772532019,1.1000520316883922e-06
grid-r020-c035,20,35,7.199999809265137,4.200000762939453,0.44999998807907104,-39.237029469955694,1.1920570841539302e-06
grid-r020-c036,20,36,7.400000095367432,4.200000762939453,0.44999998807907104,-39.08099066040605,1.2356655361145386e-06
grid-r020-c037,20,37,7.599999904632568,4.200000762939453,0.44999998807907104,-39.62963247654933,1.0890222483794787e-06
grid-r020-c038,20,38,7.800000190734863,4.200000762939453,0.44999998807907104,-39.48579742511682,1.1256937568759895e-06
grid-r020-c039,20,39,8.0,4.200000762939453,0.44999998807907104,-40.080129367310974,9.81718699222256e-07
grid-r020-c040,20,40,8.199999809265137,4.200000762939453,0.44999998807907104,-39.15170427138083,1.2157088349340484e-06
grid-r020-c041,20,41,8.399999618530273,4.200000762939453,0.44999998807907104,-40.166813211993414,9.623181540519e-07
grid-r020-c042,20,42,8.600000381469727,4.200000762939453,0.44999998807907104,-39.38173444213618,1.1529926950970548e-06
grid-r020-c043,20,43,8.800000190734863,4.200000762939453,0.44999998807907104,-39.812261147301164,1.0441764288771083e-06
grid-r020-c044,20,44,9.0,4.200000762939453,0.44999998807907104,-40.25823041355235,9.422734592590132e-07
grid-r020-c045,20,45,9.199999809265137,4.200000762939453,0.44999998807907104,-39.57059894137132,1.1039263654311071e-06
grid-r020-c046,20,46,9.399999618530273,4.200000762939453,0.44999998807907104,-39.3649212441623,1.1574650216061855e-06
grid-r020-c047,20,47,9.600000381469727,4.200000762939453,0.44999998807907104,-39.574524923390946,1.1029288771169377e-06
grid-r020-c048,20,48,9.800000190734863,4.200000762939453,0.44999998807907104,-40.46008090906339,8.994808240458951e-07
grid-r020-c049,20,49,10.0,4.200000762939453,0.44999998807907104,-39.38491129057391,1.1521495935085113e-06
grid-r020-c050,20,50,10.200000762939453,4.200000762939453,0.44999998807907104,-39.757613832041244,1.05739832179097e-06
grid-r020-c051,20,51,10.399999618530273,4.200000762939453,0.44999998807907104,-39.38650701703548,1.1517263374116737e-06
grid-r020-c052,20,52,10.600000381469727,4.200000762939453,0.44999998807907104,-39.95881493965888,1.0095283187183668e-06
grid-r020-c053,20,53,10.800000190734863,4.200000762939453,0.44999998807907104,-40.30936530968017,9.31243960167194e-07
grid-r020-c054,20,54,11.0,4.200000762939453,0.44999998807907104,-40.982319274475635,7.975686457939446e-07
grid-r020-c055,20,55,11.200000762939453,4.200000762939453,0.44999998807907104,-40.12052133817163,9.726304597279523e-07
grid-r020-c056,20,56,11.399999618530273,4.200000762939453,0.44999998807907104,-39.98574607373217,1.0032874797616387e-06
grid-r020-c057,20,57,11.600000381469727,4.200000762939453,0.44999998807907104,-41.1239173749653,7.719839345554647e-07
grid-r021-c000,21,0,0.19999980926513672,4.40000057220459,0.44999998807907104,-38.524464310899056,1.404602926413645e-06
grid-r021-c001,21,1,0.40000009536743164,4.40000057220459,0.44999998807907104,-38.26141598531813,1.492307774242363e-06
grid-r021-c002,21,2,0.5999999046325684,4.40000057220459,0.44999998807907104,-38.21534925322694,1.5082213167261216e-06
grid-r021-c003,21,3,0.7999997138977051,4.40000057220459,0.44999998807907104,-38.12385968473695,1.540330913485377e-06
grid-r021-c004,21,4,1.0,4.40000057220459,0.44999998807907104,-38.21624893958433,1.5079089052960626e-06
grid-r021-c005,21,5,1.1999998092651367,4.40000057220459,0.44999998807907104,-38.13108325867902,1.5377710269603995e-06
grid-r021-c006,21,6,1.4000000953674316,4.40000057220459,0.44999998807907104,-38.59130578408789,1.3831504475092515e-06
grid-r021-c007,21,7,1.5999999046325684,4.40000057220459,0.44999998807907104,-38.27101273796914,1.4890138118062168e-06
grid-r021-c008,21,8,1.799999713897705,4.40000057220459,0.44999998807907104,-38.45231093627305,1.4281338280852651e-06
grid-r021-c009,21,9,2.0,4.40000057220459,0.44999998807907104,-38.55070758128734,1.396140874021512e-06
grid-r021-c010,21,10,2.200000047683716,4.40000057220459,0.44999998807907104,-38.26655122393986,1.4905442640156252e-06
grid-r021-c011,21,11,2.3999998569488525,4.40000057220459,0.44999998807907104,-38.60528808050755,1.3787044963464723e-06
grid-r021-c012,21,12,2.5999999046325684,4.40000057220459,0.44999998807907104,-38.33454779338783,1.4673888699689996e-06
grid-r021-c013,21,13,2.799999952316284,4.40000057220459,0.44999998807907104,-38.515298806749534,1.4075703802518547e-06
grid-r021-c014,21,14,3.0,4.40000057220459,0.44999998807907104,-38.46295696506334,1.424637275704299e-06
grid-r021-c015,21,15,3.200000047683716,4.40000057220459,0.44999998807907104,-38.48623906235349,1.4170203712637885e-06
grid-r021-c016,21,16,3.3999998569488525,4.40000057220459,0.44999998807907104,-38.43893177080666,1.4325402162285172e-06
grid-r021-c017,21,17,3.5999999046325684,4.40000057220459,0.44999998807907104,-38.73327754386247,1.3386660384639981e-06
grid-r021-c018,21,18,3.799999952316284,4.40000057220459,0.44999998807907104,-38.52166365849957,1.4055090105102863e-06
grid-r021-c019,21,19,4.0,4.40000057220459,0.44999998807907104,-38.44132262822727,1.4317517980089178e-06
grid-r021-c020,21,20,4.199999809265137,4.40000057220459,0.44999998807907104,-38.44515591718863,1.430488623554993e-06
grid-r021-c021,21,21,4.400000095367432,4.40000057220459,0.44999998807907104,-38.41736984813937,1.4396701999430661e-06
grid-r021-c022,21,22,4.599999904632568,4.40000057220459,0.44999998807907104,-38.862073364676945,1.2995490124012576e-06
grid-r021-c023,21,23,4.800000190734863,4.40000057220459,0.44999998807907104,-38.38681336071904,1.449835281164269e-06
grid-r021-c024,21,24,5.0,4.40000057220459,0.44999998807907104,-38.76459587826286,1.3290472224980476e-06
grid-r021-c025,21,25,5.199999809265137,4.40000057220459,0.44999998807907104,-38.59897908627776,1.3807087952955044e-06
grid-r021-c026,21,26,5.400000095367432,4.40000057220459,0.44999998807907104,-38.830599674405484,1.3090011634631082e-06
grid-r021-c027,21,27,5.599999904632568,4.40000057220459,0.44999998807907104,-38.893836134328915,1.2900792398795602e-06
grid-r021-c028,21,28,5.800000190734863,4.40000057220459,0.44999998807907104,-38.55004278304155,1.3963546052764286e-06
grid-r021-c029,21,29,6.0,4.40000057220459,0.44999998807907104,-38.8522144019945,1.3025024827584275e-06
grid-r021-c030,21,30,6.199999809265137,4.40000057220459,0.44999998807907104,-38.57469590058362,1.3884505278838333e-06
grid-r021-c031,21,31,6.400000095367432,4.40000057220459,0.44999998807907104,-39.13677706476521,1.2198945569252828e-06
grid-r021-c032,21,32,6.599999904632568,4.40000057220459,0.44999998807907104,-39.141093698721534,1.2186826552351704e-06
grid-r021-c033,21,33,6.800000190734863,4.40000057220459,0.44999998807907104,-39.483351133194155,1.1263280157436384e-06
grid-r021-c034,21,34,7.0,4.40000057220459,0.44999998807907104,-39.180590262534324,1.2076496886948007e-06
grid-r021-c035,21,35,7.199999809265137,4.40000057220459,0.44999998807907104,-39.122976459532346,1.2237771898071514e-06
grid-r021-c036,21,36,7.400000095367432,4.40000057220459,0.44999998807907104,-39.57700162951481,1.1023000752174994e-06
grid-r021-c037,21,37,7.599999904632568,4.40000057220459,0.44999998807907104,-38.98106337087163,1.2644267144423793e-06
grid-r021-c038,21,38,7.800000190734863,4.40000057220459,0.44999998807907104,-40.063694078102046,9.854409199760994e-07
grid-r021-c039,21,39,8.0,4.40000057220459,0.44999998807907104,-38.79377512954579,1.320147589467524e-06
grid-r021-c040,21,40,8.199999809265137,4.40000057220459,0.44999998807907104,-39.81095486758929,1.044490545609733e-06
grid-r021-c041,21,41,8.399999618530273,4.40000057220459,0.44999998807907104,-39.75002158161209,1.0592484613880515e-06
grid-r021-c042,21,42,8.600000381469727,4.40000057220459,0.44999998807907104,-39.83880878626435,1.0378130355093163e-06
grid-r021-c043,21,43,8.800000190734863,4.40000057220459,0.44999998807907104,-39.997762483696285,1.0005153399106348e-06
grid-r021-c044,21,44,9.0,4.40000057220459,0.44999998807907104,-40.0458674850612,9.894941968013882e-07
grid-r021-c045,21,45,9.199999809265137,4.40000057220459,0.44999998807907104,-39.51600461873867,1.1178912018294795e-06
grid-r021-c046,21,46,9.399999618530273,4.40000057220459,0.44999998807907104,-40.1323631988629,9.699820111563895e-07
grid-r021-c047,21,47,9.600000381469727,4.40000057220459,0.44999998807907104,-39.55991823874796,1.106644617721031e-06
grid-r021-c048,21,48,9.800000190734863,4.40000057220459,0.44999998807907104,-40.03196130572165,9.926676511895494e-07
grid-r021-c049,21,49,10.0,4.40000057220459,0.44999998807907104,-40.05641970388393,9.870929034150322e-07
grid-r021-c050,21,50,10.200000762939453,4.40000057220459,0.44999998807907104,-39.97953752595485,1.004722776087874e-06
grid-r021-c051,21,51,10.399999618530273,4.40000057220459,0.44999998807907104,-40.740933597651654,8.431534865849244e-07
grid-r021-c052,21,52,10.600000381469727,4.40000057220459,0.44999998807907104,-39.97092714259156,1.0067167295346735e-06
grid-r021-c053,21,53,10.800000190734863,4.40000057220459,0.44999998807907104,-40.24525999046627,9.450918128095509e-07
grid-r021-c054,21,54,11.0,4.40000057220459,0.44999998807907104,-41.434692590701886,7.186720267782221e-07
grid-r021-c055,21,55,11.200000762939453,4.40000057220459,0.44999998807907104,-40.49978182465709,8.912957127904519e-07
grid-r021-c056,21,56,11.399999618530273,4.40000057220459,0.44999998807907104,-41.164645768506894,7.647780648767366e-07
grid-r021-c057,21,57,11.600000381469727,4.40000057220459,0.44999998807907104,-39.79518102762242,1.0482910965947667e-06
grid-r022-c000,22,0,0.19999980926513672,4.600000381469727,0.44999998807907104,-37.81017820916094,1.6557020217078389e-06
grid-r022-c001,22,1,0.40000009536743164,4.600000381469727,0.44999998807907104,-38.95422935804785,1.2722634892270435e-06
grid-r022-c002,22,2,0.5999999046325684,4.600000381469727,0.44999998807907104,-38.22039291432452,1.5064707667988841e-06
grid-r022-c003,22,3,0.7999997138977051,4.600000381469727,0.44999998807907104,-38.28157164606688,1.4853980019324808e-06
grid-r022-c004,22,4,1.0,4.600000381469727,0.44999998807907104,-38.51941355198311,1.4062374020795687e-06
grid-r022-c005,22,5,1.1999998092651367,4.600000381469727,0.44999998807907104,-38.462540062105575,1.4247740409700782e-06
grid-r022-c006,22,6,1.4000000953674316,4.600000381469727,0.44999998807907104,-38.14586841166105,1.532544729343499e-06
grid-r022-c007,22,7,1.5999999046325684,4.600000381469727,0.44999998807907104,-38.55467904101899,1.3948647392680869e-06
grid-r022-c008,22,8,1.799999713897705,4.600000381469727,0.44999998807907104,-38.36767298296324,1.4562391470462899e-06
grid-r022-c009,22,9,2.0,4.600000381469727,0.44999998807907104,-38.61797673034108,1.3746822560278815e-06
grid-r022-c010,22,10,2.200000047683716,4.600000381469727,0.44999998807907104,-38.48157501394305,1.4185429790813942e-06
grid-r022-c011,22,11,2.3999998569488525,4.600000381469727,0.44999998807907104,-38.345999233615125,1.4635247680416796e-06
grid-r022-c012,22,12,2.5999999046325684,4.600000381469727,0.44999998807907104,-38.76577182214166,1.3286874036566587e-06
grid-r022-c013,22,13,2.799999952316284,4.600000381469727,0.44999998807907104,-38.178721651232664,1.5209951698125224e-06
grid-r022-c014,22,14,3.0,4.600000381469727,0.44999998807907104,-38.64783438859767,1.3652637562699965e-06
grid-r022-c015,22,15,3.200000047683716,4.600000381469727,0.44999998807907104,-38.59200227775153,1.3829286444888567e-06
grid-r022-c016,22,16,3.3999998569488525,4.600000381469727,0.44999998807907104,-38.29988249251934,1.4791484090892482e-06
grid-r022-c017,22,17,3.5999999046325684,4.600000381469727,0.44999998807907104,-38.48014194631383,1.4190111414791318e-06
grid-r022-c018,22,18,3.799999952316284,4.600000381469727,0.44999998807907104,-38.50066194968855,1.4123222626949428e-06
grid-r022-c019,22,19,4.0,4.600000381469727,0.44999998807907104,-38.58480354748234,1.3852228448740789e-06
grid-r022-c020,22,20,4.199999809265137,4.600000381469727,0.44999998807907104,-38.71783166049502,1.343435542366933e-06
grid-r022-c021,22,21,4.400000095367432,4.600000381469727,0.44999998807907104,-38.789020075155854,1.3215937997301808e-06
grid-r022-c022,22,22,4.599999904632568,4.600000381469727,0.44999998807907104,-38.526582691032026,1.4039179632163723e-06
grid-r022-c023,22,23,4.800000190734863,4.600000381469727,0.44999998807907104,-38.73459593027343,1.338259721705981e-06
grid-r022-c024,22,24,5.0,4.600000381469727,0.44999998807907104,-38.677518579968805,1.3559639455706929e-06
grid-r022-c025,22,25,5.199999809265137,4.600000381469727,0.44999998807907104,-38.80432689354316,1.3169440080673667e-06
grid-r022-c026,22,26,5.400000095367432,4.600000381469727,0.44999998807907104,-38.867018288267076,1.2980701740161749e-06
grid-r022-c027,22,27,5.599999904632568,4.600000381469727,0.44999998807907104,-38.67839292376371,1.3556909834733233e-06
grid-r022-c028,22,28,5.800000190734863,4.600000381469727,0.44999998807907104,-39.18814852189289,1.2055497791152447e-06
grid-r022-c029,22,29,6.0,4.600000381469727,0.44999998807907104,-38.60057282554486,1.3802022067466169e-06
grid-r022-c030,22,30,6.199999809265137,4.600000381469727,0.44999998807907104,-38.85945568674028,1.300332542086835e-06
grid-r022-c031,22,31,6.400000095367432,4.600000381469727,0.44999998807907104,-38.51809991927674,1.406662818226323e-06
grid-r022-c032,22,32,6.599999904632568,4.600000381469727,0.44999998807907104,-38.77962620722129,1.3244555248093093e-06
grid-r022-c033,22,33,6.800000190734863,4.600000381469727,0.44999998807907104,-39.0299718557428,1.2502671324909898e-06
grid-r022-c034,22,34,7.0,4.600000381469727,0.44999998807907104,-39.253861508663014,1.1874459460159414e-06
grid-r022-c035,22,35,7.199999809265137,4.600000381469727,0.44999998807907104,-39.80847812825549,1.045086378326232e-06
grid-r022-c036,22,36,7.400000095367432,4.600000381469727,0.44999998807907104,-39.20029314888471,1.2021832844766323e-06
grid-r022-c037,22,37,7.599999904632568,4.600000381469727,0.44999998807907104,-39.696722542894435,1.0723282457547612e-06
grid-r022-c038,22,38,7.800000190734863,4.600000381469727,0.44999998807907104,-39.67145074122545,1.078586365110823e-06
grid-r022-c039,22,39,8.0,4.600000381469727,0.44999998807907104,-39.35820418178602,1.1592566124818404e-06
grid-r022-c040,22,40,8.199999809265137,4.600000381469727,0.44999998807907104,-39.847631893518496,1.0357067594668479e-06
grid-r022-c041,22,41,8.399999618530273,4.600000381469727,0.44999998807907104,-39.767830223825214,1.0549138096394017e-06
grid-r022-c042,22,42,8.600000381469727,4.600000381469727,0.44999998807907104,-39.641008037039796,1.0861734835998504e-06
grid-r022-c043,22,43,8.800000190734863,4.600000381469727,0.44999998807907104,-40.2284403510524,9.487591228207748e-07
grid-r022-c044,22,44,9.0,4.600000381469727,0.44999998807907104,-39.322517931363635,1.1688215408867109e-06
grid-r022-c045,22,45,9.199999809265137,4.600000381469727,0.44999998807907104,-39.67836340793156,1.0768709444164415e-06
grid-r022-c046,22,46,9.399999618530273,4.600000381469727,0.44999998807907104,-39.503693832497476,1.121064542530803e-06
grid-r022-c047,22,47,9.600000381469727,4.600000381469727,0.44999998807907104,-40.44979797651539,9.016130775307829e-07
grid-r022-c048,22,48,9.800000190734863,4.600000381469727,0.44999998807907104,-38.57695420417491,1.3877287301511387e-06
grid-r022-c049,22,49,10.0,4.600000381469727,0.44999998807907104,-40.20214797330748,9.545203738525743e-07
grid-r022-c050,22,50,10.200000762939453,4.600000381469727,0.44999998807907104,-40.267327378725554,9.403017884324072e-07
grid-r022-c051,22,51,10.399999618530273,4.600000381469727,0.44999998807907104,-40.15953885775663,9.639313702791696e-07
grid-r022-c052,22,52,10.600000381469727,4.600000381469727,0.44999998807907104,-40.64527742999503,8.619305162937962e-07
grid-r022-c053,22,53,10.800000190734863,4.600000381469727,0.44999998807907104,-39.911226445728126,1.0206512115473743e-06
grid-r022-c054,22,54,11.0,4.600000381469727,0.44999998807907104,-39.84349408304132,1.0366940159656224e-06
grid-r022-c055,22,55,11.200000762939453,4.600000381469727,0.44999998807907104,-42.48697301041261,5.640306426357711e-07
grid-r022-c056,22,56,11.399999618530273,4.600000381469727,0.44999998807907104,-40.948765732911596,8.037545171646343e-07
grid-r022-c057,22,57,11.600000381469727,4.600000381469727,0.44999998807907104,-40.81115858673105,8.296294140563987e-07
grid-r023-c000,23,0,0.19999980926513672,4.800000190734863,0.44999998807907104,-38.327505757614865,1.4697701544719166e-06
grid-r023-c001,23,1,0.40000009536743164,4.800000190734863,0.44999998807907104,-38.43477684541766,1.4339113931782776e-06
grid-r023-c002,23,2,0.5999999046325684,4.800000190734863,0.44999998807907104,-38.0055568032554,1.5828666164452443e-06
grid-r023-c003,23,3,0.7999997138977051,4.800000190734863,0.44999998807907104,-38.443978764090716,1.4308764093584614e-06
grid-r023-c004,23,4,1.0,4.800000190734863,0.44999998807907104,-38.33006997435796,1.468902610213263e-06
grid-r023-c005,23,5,1.1999998092651367,4.800000190734863,0.44999998807907104,-38.44845578587788,1.4294021184468875e-06
grid-r023-c006,23,6,1.4000000953674316,4.800000190734863,0.44999998807907104,-38.65880886536564,1.3618181355923298e-06
grid-r023-c007,23,7,1.5999999046325684,4.800000190734863,0.44999998807907104,-38.087758504375174,1.553188440084341e-06
grid-r023-c008,23,8,1.799999713897705,4.800000190734863,0.44999998807907104,-38.361420007978154,1.45833735132328e-06
grid-r023-c009,23,9,2.0,4.800000190734863,0.44999998807907104,-38.36230678888797,1.458039605495287e-06
grid-r023-c010,23,10,2.200000047683716,4.800000190734863,0.44999998807907104,-38.6568685353251,1.3624267012346536e-06
grid-r023-c011,23,11,2.3999998569488525,4.800000190734863,0.44999998807907104,-38.738600759992195,1.3370262195167015e-06
grid-r023-c012,23,12,2.5999999046325684,4.800000190734863,0.44999998807907104,-38.44079159593741,1.4319268757390091e-06
grid-r023-c013,23,13,2.799999952316284,4.800000190734863,0.44999998807907104,-38.72406665303434,1.3415082094070385e-06
grid-r023-c014,23,14,3.0,4.800000190734863,0.44999998807907104,-38.4439794542072,1.430876181984786e-06
grid-r023-c015,23,15,3.200000047683716,4.800000190734863,0.44999998807907104,-38.424387481481844,1.43734575885901e-06
grid-r023-c016,23,16,3.3999998569488525,4.800000190734863,0.44999998807907104,-38.88914387677163,1.2914738363178913e-06
grid-r023-c017,23,17,3.5999999046325684,4.800000190734863,0.44999998807907104,-38.43728944395366,1.4330820476970985e-06
grid-r023-c018,23,18,3.799999952316284,4.800000190734863,0.44999998807907104,-38.71063795978773,1.3456626675178995e-06
grid-r023-c019,23,19,4.0,4.800000190734863,0.44999998807907104,-38.536362776563976,1.4007599702381412e-06
grid-r023-c020,23,20,4.199999809265137,4.800000190734863,0.44999998807907104,-38.95996853228485,1.2705833114523557e-06
grid-r023-c021,23,21,4.400000095367432,4.800000190734863,0.44999998807907104,-38.44448257830984,1.4307104265753878e-06
grid-r023-c022,23,22,4.599999904632568,4.800000190734863,0.44999998807907104,-38.90511029879204,1.2867345731137902e-06
grid-r023-c023,23,23,4.800000190734863,4.800000190734863,0.44999998807907104,-38.649945439805435,1.3646002798850532e-06
grid-r023-c024,23,24,5.0,4.800000190734863,0.44999998807907104,-38.96683139536809,1.2685770798270823e-06
grid-r023-c025,23,25,5.199999809265137,4.800000190734863,0.44999998807907104,-38.647535683215054,1.3653576615979546e-06
grid-r023-c026,23,26,5.400000095367432,4.800000190734863,0.44999998807907104,-38.889795754077824,1.291280000259576e-06
grid-r023-c027,23,27,5.599999904632568,4.800000190734863,0.44999998807907104,-38.73237622515135,1.3389438890953897e-06
grid-r023-c028,23,28,5.800000190734863,4.800000190734863,0.44999998807907104,-38.45200152712061,1.428235577805026e-06
grid-r023-c029,23,29,6.0,4.800000190734863,0.44999998807907104,-38.8403325167899,1.3060708852208336e-06
grid-r023-c030,23,30,6.199999809265137,4.800000190734863,0.44999998807907104,-38.92418308874724,1.2810960470233113e-06
grid-r023-c031,23,31,6.400000095367432,4.800000190734863,0.44999998807907104,-39.23782975477806,1.191837441183452e-06
grid-r023-c032,23,32,6.599999904632568,4.800000190734863,0.44999998807907104,-39.18157895051375,1.2073747939211898e-06
grid-r023-c033,23,33,6.800000190734863,4.800000190734863,0.44999998807907104,-39.45404426265895,1.1339543561916798e-06
grid-r023-c034,23,34,7.0,4.800000190734863,0.44999998807907104,-39.836697461941384,1.0383176913819625e-06
grid-r023-c035,23,35,7.199999809265137,4.800000190734863,0.44999998807907104,-39.310011151678765,1.1721923556251568e-06
grid-r023-c036,23,36,7.400000095367432,4.800000190734863,0.44999998807907104,-40.19868836180081,9.552810524837696e-07
grid-r023-c037,23,37,7.599999904632568,4.800000190734863,0.44999998807907104,-39.81731077755228,1.0429630492581055e-06
grid-r023-c038,23,38,7.800000190734863,4.800000190734863,0.44999998807907104,-39.568455334024655,1.1044713801311445e-06
grid-r023-c039,23,39,8.0,4.800000190734863,0.44999998807907104,-39.87521519937647,1.0291495300407405e-06
grid-r023-c040,23,40,8.199999809265137,4.800000190734863,0.44999998807907104,-39.75249551266684,1.0586452390271006e-06
grid-r023-c041,23,41,8.399999618530273,4.800000190734863,0.44999998807907104,-39.834876145840255,1.038753225657274e-06
grid-r023-c042,23,42,8.600000381469727,4.800000190734863,0.44999998807907104,-40.67306539713053,8.564331324123486e-07
grid-r023-c043,23,43,8.800000190734863,4.800000190734863,0.44999998807907104,-39.90331570480485,1.0225120377072017e-06
grid-r023-c044,23,44,9.0,4.800000190734863,0.44999998807907104,-39.147129192349155,1.2169901992820087e-06
grid-r023-c045,23,45,9.199999809265137,4.800000190734863,0.44999998807907104,-39.71947356662107,1.0667254173313268e-06
grid-r023-c046,23,46,9.399999618530273,4.800000190734863,0.44999998807907104,-39.78726617578849,1.0502033092052443e-06
grid-r023-c047,23,47,9.600000381469727,4.800000190734863,0.44999998807907104,-40.18420872157709,9.584713325239136e-07
grid-r023-c048,23,48,9.800000190734863,4.800000190734863,0.44999998807907104,-40.6827452731551,8.545263767700817e-07
grid-r023-c049,23,49,10.0,4.800000190734863,0.44999998807907104,-39.89634920205414,1.024153561957064e-06
grid-r023-c050,23,50,10.200000762939453,4.800000190734863,0.44999998807907104,-40.02261609732413,9.948059869202552e-07
grid-r023-c051,23,51,10.399999618530273,4.800000190734863,0.44999998807907104,-40.383380467472634,9.155075986200245e-07
grid-r023-c052,23,52,10.600000381469727,4.800000190734863,0.44999998807907104,-40.502072191962135,8.908257882467296e-07
grid-r023-c053,23,53,10.800000190734863,4.800000190734863,0.44999998807907104,-41.04672512589849,7.858279786887579e-07
grid-r023-c054,23,54,11.0,4.800000190734863,0.44999998807907104,-40.520580678428715,8.870374017533322e-07
grid-r023-c055,23,55,11.200000762939453,4.800000190734863,0.44999998807907104,-39.660244553590545,1.0813730568770552e-06
grid-r023-c056,23,56,11.399999618530273,4.800000190734863,0.44999998807907104,-41.4435716614377,7.172042160163983e-07
grid-r023-c057,23,57,11.600000381469727,4.800000190734863,0.44999998807907104,-41.521898998219406,7.043850018817466e-07
grid-r024-c000,24,0,0.19999980926513672,5.000000476837158,0.44999998807907104,-38.40424406642011,1.4440279301197734e-06
grid-r024-c001,24,1,0.40000009536743164,5.000000476837158,0.44999998807907104,-38.75258494947381,1.3327279475561227e-06
grid-r024-c002,24,2,0.5999999046325684,5.000000476837158,0.44999998807907104,-38.596422313890926,1.3815218835588894e-06
grid-r024-c003,24,3,0.7999997138977051,5.000000476837158,0.44999998807907104,-38.27904320510037,1.4862630450807046e-06
grid-r024-c004,24,4,1.0,5.000000476837158,0.44999998807907104,-38.4697980849178,1.422394916517078e-06
grid-r024-c005,24,5,1.1999998092651367,5.000000476837158,0.44999998807907104,-38.59956665591839,1.3805220078211278e-06
grid-r024-c006,24,6,1.4000000953674316,5.000000476837158,0.44999998807907104,-38.31084185423276,1.4754205039935187e-06
grid-r024-c007,24,7,1.5999999046325684,5.000000476837158,0.44999998807907104,-38.83528872905384,1.3075886045044172e-06
grid-r024-c008,24,8,1.799999713897705,5.000000476837158,0.44999998807907104,-38.507759206483385,1.4100161251917598e-06
grid-r024-c009,24,9,2.0,5.000000476837158,0.44999998807907104,-38.44531883187393,1.4304349633675884e-06
grid-r024-c010,24,10,2.200000047683716,5.000000476837158,0.44999998807907104,-38.84590108393549,1.3043973012827337e-06
grid-r024-c011,24,11,2.3999998569488525,5.000000476837158,0.44999998807907104,-38.3566536589297,1.4599387441194267e-06
grid-r024-c012,24,12,2.5999999046325684,5.000000476837158,0.44999998807907104,-38.978085796402596,1.2652939176405198e-06
grid-r024-c013,24,13,2.799999952316284,5.000000476837158,0.44999998807907104,-38.32732503258179,1.4698313179906108e-06
grid-r024-c014,24,14,3.0,5.000000476837158,0.44999998807907104,-38.598625438433196,1.380821231578011e-06
grid-r024-c015,24,15,3.200000047683716,5.000000476837158,0.44999998807907104,-38.65781521239276,1.3621297512145247e-06
grid-r024-c016,24,16,3.3999998569488525,5.000000476837158,0.44999998807907104,-38.546888853674155,1.3973690329294186e-06
grid-r024-c017,24,17,3.5999999046325684,5.000000476837158,0.44999998807907104,-38.71387970913072,1.3446585853671422e-06
grid-r024-c018,24,18,3.799999952316284,5.000000476837158,0.44999998807907104,-38.613160505459035,1.3762075923295924e-06
grid-r024-c019,24,19,4.0,5.000000476837158,0.44999998807907104,-38.892584063777356,1.2904512232125853e-06
grid-r024-c020,24,20,4.199999809265137,5.000000476837158,0.44999998807907104,-38.73287738542162,1.338789388682926e-06
grid-r024-c021,24,21,4.400000095367432,5.000000476837158,0.44999998807907104,-38.87237060606074,1.2964713960172958e-06
grid-r024-c022,24,22,4.599999904632568,5.000000476837158,0.44999998807907104,-38.69246706950901,1.351304717900348e-06
grid-r024-c023,24,23,4.800000190734863,5.000000476837158,0.44999998807907104,-39.16369229167441,1.2123576880185283e-06
grid-r024-c024,24,24,5.0,5.000000476837158,0.44999998807907104,-38.72605639309774,1.3408937320491532e-06
grid-r024-c025,24,25,5.199999809265137,5.000000476837158,0.44999998807907104,-38.6464932683721,1.365685420751106e-06
grid-r024-c026,24,26,5.400000095367432,5.000000476837158,0.44999998807907104,-38.955785435792436,1.2718077186946175e-06
grid-r024-c027,24,27,5.599999904632568,5.000000476837158,0.44999998807907104,-38.86629718310611,1.298285724260495e-06
grid-r024-c028,24,28,5.800000190734863,5.000000476837158,0.44999998807907104,-39.13221403677818,1.2211769444547826e-06
grid-r024-c029,24,29,6.0,5.000000476837158,0.44999998807907104,-39.037354145996815,1.2481436897360254e-06
grid-r024-c030,24,30,6.199999809265137,5.000000476837158,0.44999998807907104,-39.1204826304068,1.2244801155247842e-06
grid-r024-c031,24,31,6.400000095367432,5.000000476837158,0.44999998807907104,-39.126632064668826,1.2227475281179068e-06
grid-r024-c032,24,32,6.599999904632568,5.000000476837158,0.44999998807907104,-39.5425307167008,1.11108408873406e-06
grid-r024-c033,24,33,6.800000190734863,5.000000476837158,0.44999998807907104,-39.55952340901448,1.1067452305724146e-06
grid-r024-c034,24,34,7.0,5.000000476837158,0.44999998807907104,-39.276865969556106,1.1811727063104627e-06
grid-r024-c035,24,35,7.199999809265137,5.000000476837158,0.44999998807907104,-39.51611017843655,1.117864030675264e-06
grid-r024-c036,24,36,7.400000095367432,5.000000476837158,0.44999998807907104,-39.525976975383934,1.115327222578344e-06
grid-r024-c037,24,37,7.599999904632568,5.000000476837158,0.44999998807907104,-39.900571964877294,1.0231582336928113e-06
grid-r024-c038,24,38,7.800000190734863,5.000000476837158,0.44999998807907104,-39.921257847411454,1.0182964160776464e-06
grid-r024-c039,24,39,8.0,5.000000476837158,0.44999998807907104,-40.09101886662333,9.79260221356526e-07
grid-r024-c040,24,40,8.199999809265137,5.000000476837158,0.44999998807907104,-39.61689862593457,1.0922200317509123e-06
grid-r024-c041,24,41,8.399999618530273,5.000000476837158,0.44999998807907104,-39.625419491576224,1.0900791949097766e-06
grid-r024-c042,24,42,8.600000381469727,5.000000476837158,0.44999998807907104,-40.87601485388555,8.173320225068892e-07
grid-r024-c043,24,43,8.800000190734863,5.000000476837158,0.44999998807907104,-39.797816079475524,1.0476552461113897e-06
grid-r024-c044,24,44,9.0,5.000000476837158,0.44999998807907104,-39.23022803402766,1.1939254136450472e-06
grid-r024-c045,24,45,9.199999809265137,5.000000476837158,0.44999998807907104,-39.722124664402315,1.0660744464985328e-06
grid-r024-c046,24,46,9.399999618530273,5.000000476837158,0.44999998807907104,-40.16286181307099,9.63194111136545e-07
grid-r024-c047,24,47,9.600000381469727,5.000000476837158,0.44999998807907104,-39.35711953176936,1.1595461728575174e-06
grid-r024-c048,24,48,9.800000190734863,5.000000476837158,0.44999998807907104,-39.53462674270724,1.113108055506018e-06
grid-r024-c049,24,49,10.0,5.000000476837158,0.44999998807907104,-41.29297960937771,7.425095418511773e-07
grid-r024-c050,24,50,10.200000762939453,5.000000476837158,0.44999998807907104,-40.42195555817539,9.074118452190305e-07
grid-r024-c051,24,51,10.399999618530273,5.000000476837158,0.44999998807907104,-40.64121742367156,8.627366696600802e-07
grid-r024-c052,24,52,10.600000381469727,5.000000476837158,0.44999998807907104,-41.03444479003015,7.880531711634831e-07
grid-r024-c053,24,53,10.800000190734863,5.000000476837158,0.44999998807907104,-40.012627371964385,9.97096663013508e-07
grid-r024-c054,24,54,11.0,5.000000476837158,0.44999998807907104,-41.951799673276895,6.379990509230993e-07
grid-r024-c055,24,55,11.200000762939453,5.000000476837158,0.44999998807907104,-40.97051084949766,7.997401780812652e-07
grid-r024-c056,24,56,11.399999618530273,5.000000476837158,0.44999998807907104,-40.330870725028745,9.266440201827209e-07
grid-r024-c057,24,57,11.600000381469727,5.000000476837158,0.44999998807907104,-40.53485393137813,8.841269050208211e-07
grid-r025-c000,25,0,0.19999980926513672,5.200000762939453,0.44999998807907104,-38.45938668893326,1.425808932253858e-06
grid-r025-c001,25,1,0.40000009536743164,5.200000762939453,0.44999998807907104,-38.49148509030154,1.4153097254165914e-06
grid-r025-c002,25,2,0.5999999046325684,5.200000762939453,0.44999998807907104,-38.59982166370605,1.3804409491058323e-06
grid-r025-c003,25,3,0.7999997138977051,5.200000762939453,0.44999998807907104,-38.58826230019627,1.3841200825481792e-06
grid-r025-c004,25,4,1.0,5.200000762939453,0.44999998807907104,-38.36666409189462,1.4565774790753494e-06
grid-r025-c005,25,5,1.1999998092651367,5.200000762939453,0.44999998807907104,-38.793521564709664,1.3202246691434993e-06
grid-r025-c006,25,6,1.4000000953674316,5.200000762939453,0.44999998807907104,-38.72586013954232,1.3409543271336588e-06
grid-r025-c007,25,7,1.5999999046325684,5.200000762939453,0.44999998807907104,-38.47617859153236,1.4203067166818073e-06
grid-r025-c008,25,8,1.799999713897705,5.200000762939453,0.44999998807907104,-38.62988494421825,1.3709180848309188e-06
grid-r025-c009,25,9,2.0,5.200000762939453,0.44999998807907104,-38.68559246451642,1.353445441054646e-06
grid-r025-c010,25,10,2.200000047683716,5.200000762939453,0.44999998807907104,-38.665537317730326,1.3597099268736201e-06
grid-r025-c011,25,11,2.3999998569488525,5.200000762939453,0.44999998807907104,-38.88918325426608,1.291462126573606e-06
grid-r025-c012,25,12,2.5999999046325684,5.200000762939453,0.44999998807907104,-38.51477127835836,1.407741365255788e-06
grid-r025-c013,25,13,2.799999952316284,5.200000762939453,0.44999998807907104,-38.59034172987519,1.3834575156579376e-06
grid-r025-c014,25,14,3.0,5.200000762939453,0.44999998807907104,-38.847573691071595,1.3038950328336796e-06
grid-r025-c015,25,15,3.200000047683716,5.200000762939453,0.44999998807907104,-38.67123765820082,1.3579264077634434e-06
grid-r025-c016,25,16,3.3999998569488525,5.200000762939453,0.44999998807907104,-38.94202327902988,1.2758442835547612e-06
grid-r025-c017,25,17,3.5999999046325684,5.200000762939453,0.44999998807907104,-38.56753678161389,1.3907412039770861e-06
grid-r025-c018,25,18,3.799999952316284,5.200000762939453,0.44999998807907104,-39.05817925099378,1.2421729707057239e-06
grid-r025-c019,25,19,4.0,5.200000762939453,0.44999998807907104,-38.68778071584597,1.3527636610888294e-06
grid-r025-c020,25,20,4.199999809265137,5.200000762939453,0.44999998807907104,-38.63022061666024,1.3708121286981623e-06
grid-r025-c021,25,21,4.400000095367432,5.200000762939453,0.44999998807907104,-38.96904458568344,1.267930770154635e-06
grid-r025-c022,25,22,4.599999904632568,5.200000762939453,0.44999998807907104,-38.57892820250173,1.387098109262297e-06
grid-r025-c023,25,23,4.800000190734863,5.200000762939453,0.44999998807907104,-38.71267000990903,1.345033183497435e-06
grid-r025-c024,25,24,5.0,5.200000762939453,0.44999998807907104,-38.80032170138449,1.3181590929889353e-06
grid-r025-c025,25,25,5.199999809265137,5.200000762939453,0.44999998807907104,-39.20575436227146,1.2006725000901497e-06
grid-r025-c026,25,26,5.400000095367432,5.200000762939453,0.44999998807907104,-38.99015118474648,1.2617836091521895e-06
grid-r025-c027,25,27,5.599999904632568,5.200000762939453,0.44999998807907104,-39.29120711664343,1.1772787047448219e-06
grid-r025-c028,25,28,5.800000190734863,5.200000762939453,0.44999998807907104,-38.72379651625606,1.3415916555459262e-06
grid-r025-c029,25,29,6.0,5.200000762939453,0.44999998807907104,-39.11462174258471,1.226133690579445e-06
grid-r025-c030,25,30,6.199999809265137,5.200000762939453,0.44999998807907104,-39.028927459889424,1.2505678341767634e-06
grid-r025-c031,25,31,6.400000095367432,5.200000762939453,0.44999998807907104,-39.49922106138234,1.1222197144888924e-06
grid-r025-c032,25,32,6.599999904632568,5.200000762939453,0.44999998807907104,-39.20608992743682,1.2005797316305689e-06
grid-r025-c033,25,33,6.800000190734863,5.200000762939453,0.44999998807907104,-39.6747071060782,1.0777779380077845e-06
grid-r025-c034,25,34,7.0,5.200000762939453,0.44999998807907104,-40.28296329567261,9.36922504024551e-07
grid-r025-c035,25,35,7.199999809265137,5.200000762939453,0.44999998807907104,-39.58579681085834,1.1000699942087522e-06
grid-r025-c036,25,36,7.400000095367432,5.200000762939453,0.44999998807907104,-39.66117379772417,1.0811417041622917e-06
grid-r025-c037,25,37,7.599999904632568,5.200000762939453,0.44999998807907104,-39.73682578185099,1.0624718242979725e-06
grid-r025-c038,25,38,7.800000190734863,5.200000762939453,0.44999998807907104,-39.627222096334705,1.0896268349824823e-06
grid-r025-c039,25,39,8.0,5.200000762939453,0.44999998807907104,-40.32447944341786,9.280087169827311e-07
grid-r025-c040,25,40,8.199999809265137,5.200000762939453,0.44999998807907104,-39.659217365179884,1.0816288522619288e-06
grid-r025-c041,25,41,8.399999618530273,5.200000762939453,0.44999998807907104,-39.83021864953243,1.0398678114142967e-06
grid-r025-c042,25,42,8.600000381469727,5.200000762939453,0.44999998807907104,-39.68700492711331,1.0747303349489812e-06
grid-r025-c043,25,43,8.800000190734863,5.200000762939453,0.44999998807907104,-38.80495528839842,1.3167534689273452e-06
grid-r025-c044,25,44,9.0,5.200000762939453,0.44999998807907104,-40.44535581641628,9.025357599057315e-07
grid-r025-c045,25,45,9.199999809265137,5.200000762939453,0.44999998807907104,-39.74784069312429,1.0597805157885887e-06
grid-r025-c046,25,46,9.399999618530273,5.200000762939453,0.44999998807907104,-40.38588813962626,9.149791253548756e-07
grid-r025-c047,25,47,9.600000381469727,5.200000762939453,0.44999998807907104,-40.28661229251553,9.361356205772609e-07
grid-r025-c048,25,48,9.800000190734863,5.200000762939453,0.44999998807907104,-39.07071827008621,1.2385917216306552e-06
grid-r025-c049,25,49,10.0,5.200000762939453,0.44999998807907104,-40.00158864912083,9.996342669182923e-07
grid-r025-c050,25,50,10.200000762939453,5.200000762939453,0.44999998807907104,-41.446469487261375,7.167258218032657e-07
grid-r025-c051,25,51,10.399999618530273,5.200000762939453,0.44999998807907104,-40.46733919407012,8.979787935459171e-07
grid-r025-c052,25,52,10.600000381469727,5.200000762939453,0.44999998807907104,-41.31421158133137,7.388883886960684e-07
grid-r025-c053,25,53,10.800000190734863,5.200000762939453,0.44999998807907104,-40.329881122237445,9.268551934837888e-07
grid-r025-c054,25,54,11.0,5.200000762939453,0.44999998807907104,-40.3849150545698,9.151841595667065e-07
grid-r025-c055,25,55,11.200000762939453,5.200000762939453,0.44999998807907104,-41.38484274561276,7.26968721664889e-07
grid-r025-c056,25,56,11.399999618530273,5.200000762939453,0.44999998807907104,-41.53293011050934,7.025981290098571e-07
grid-r025-c057,25,57,11.600000381469727,5.200000762939453,0.44999998807907104,-41.154190711971765,7.666213832635549e-07
grid-r026-c000,26,0,0.19999980926513672,5.40000057220459,0.44999998807907104,-38.04511979919497,1.5685126300013508e-06
grid-r026-c001,26,1,0.40000009536743164,5.40000057220459,0.44999998807907104,-38.72082244244959,1.3425106999420677e-06
grid-r026-c002,26,2,0.5999999046325684,5.40000057220459,0.44999998807907104,-38.672993087452205,1.3573776413977612e-06
grid-r026-c003,26,3,0.7999997138977051,5.40000057220459,0.44999998807907104,-38.58899755095538,1.383885773975635e-06
grid-r026-c004,26,4,1.0,5.40000057220459,0.44999998807907104,-38.734785937806826,1.3382011729845544e-06
grid-r026-c005,26,5,1.1999998092651367,5.40000057220459,0.44999998807907104,-38.47519179319615,1.420629473614099e-06
grid-r026-c006,26,6,1.4000000953674316,5.40000057220459,0.44999998807907104,-38.799479387408084,1.3184147746869712e-06
grid-r026-c007,26,7,1.5999999046325684,5.40000057220459,0.44999998807907104,-38.52382390211437,1.4048100638319738e-06
grid-r026-c008,26,8,1.799999713897705,5.40000057220459,0.44999998807907104,-38.57366228883299,1.38878101552109e-06
grid-r026-c009,26,9,2.0,5.40000057220459,0.44999998807907104,-38.78855087009886,1.3217365903983591e-06
grid-r026-c010,26,10,2.200000047683716,5.40000057220459,0.44999998807907104,-38.782376358877066,1.3236170843811124e-06
grid-r026-c011,26,11,2.3999998569488525,5.40000057220459,0.44999998807907104,-38.35835406938489,1.4593672403862001e-06
grid-r026-c012,26,12,2.5999999046325684,5.40000057220459,0.44999998807907104,-38.784977460169905,1.322824573435355e-06
grid-r026-c013,26,13,2.799999952316284,5.40000057220459,0.44999998807907104,-38.93643877300696,1.2774859214914613e-06
grid-r026-c014,26,14,3.0,5.40000057220459,0.44999998807907104,-38.60074596888809,1.3801471823171596e-06
grid-r026-c015,26,15,3.200000047683716,5.40000057220459,0.44999998807907104,-38.9514186529554,1.2730871503663366e-06
grid-r026-c016,26,16,3.3999998569488525,5.40000057220459,0.44999998807907104,-38.660502333135256,1.3612872180601698e-06
grid-r026-c017,26,17,3.5999999046325684,5.40000057220459,0.44999998807907104,-38.855559439573994,1.3014996511628851e-06
grid-r026-c018,26,18,3.799999952316284,5.40000057220459,0.44999998807907104,-38.78563553830215,1.3226241435404518e-06
grid-r026-c019,26,19,4.0,5.40000057220459,0.44999998807907104,-39.00056479952966,1.2587616993187112e-06
grid-r026-c020,26,20,4.199999809265137,5.40000057220459,0.44999998807907104,-38.834583821048454,1.3078008578304434e-06
grid-r026-c021,26,21,4.400000095367432,5.40000057220459,0.44999998807907104,-39.12245200327314,1.2239249826961895e-06
grid-r026-c022,26,22,4.599999904632568,5.40000057220459,0.44999998807907104,-38.96082273657556,1.2703334277830436e-06
grid-r026-c023,26,23,4.800000190734863,5.40000057220459,0.44999998807907104,-38.81262670696485,1.3144295962774777e-06
grid-r026-c024,26,24,5.0,5.40000057220459,0.44999998807907104,-39.021006524461214,1.2528507795650512e-06
grid-r026-c025,26,25,5.199999809265137,5.40000057220459,0.44999998807907104,-39.15081453199717,1.2159579227954964e-06
grid-r026-c026,26,26,5.400000095367432,5.40000057220459,0.44999998807907104,-39.08098186986098,1.2356680372249684e-06
grid-r026-c027,26,27,5.599999904632568,5.40000057220459,0.44999998807907104,-39.03674935243724,1.2483175169109018e-06
grid-r026-c028,26,28,5.800000190734863,5.40000057220459,0.44999998807907104,-39.45607984843438,1.133422983912169e-06
grid-r026-c029,26,29,6.0,5.40000057220459,0.44999998807907104,-38.80460995992383,1.3168581745048868e-06
grid-r026-c030,26,30,6.199999809265137,5.40000057220459,0.44999998807907104,-39.29293197944263,1.1768112244681106e-06
grid-r026-c031,26,31,6.400000095367432,5.40000057220459,0.44999998807907104,-39.64937325245887,1.0840833510883385e-06
grid-r026-c032,26,32,6.599999904632568,5.40000057220459,0.44999998807907104,-39.195598110666936,1.203483634526492e-06
grid-r026-c033,26,33,6.800000190734863,5.40000057220459,0.44999998807907104,-40.07288768583945,9.833570402406622e-07
grid-r026-c034,26,34,7.0,5.40000057220459,0.44999998807907104,-40.015914585848876,9.963422371583874e-07
grid-r026-c035,26,35,7.199999809265137,5.40000057220459,0.44999998807907104,-39.74245328269995,1.0610959861878655e-06
grid-r026-c036,26,36,7.400000095367432,5.40000057220459,0.44999998807907104,-39.80379409726133,1.0462141517564305e-06
grid-r026-c037,26,37,7.599999904632568,5.40000057220459,0.44999998807907104,-40.255833588960115,9.427936333850084e-07
grid-r026-c038,26,38,7.800000190734863,5.40000057220459,0.44999998807907104,-40.00480226945224,9.988948477257509e-07
grid-r026-c039,26,39,8.0,5.40000057220459,0.44999998807907104,-39.88433380049274,1.0269909580529202e-06
grid-r026-c040,26,40,8.199999809265137,5.40000057220459,0.44999998807907104,-41.395820456503415,7.25133475043549e-07
grid-r026-c041,26,41,8.399999618530273,5.40000057220459,0.44999998807907104,-39.259664078895085,1.1858604693770758e-06
grid-r026-c042,26,42,8.600000381469727,5.40000057220459,0.44999998807907104,-41.014844057515305,7.916178788036632e-07
grid-r026-c043,26,43,8.800000190734863,5.40000057220459,0.44999998807907104,-39.415620387585776,1.1440314438004862e-06
grid-r026-c044,26,44,9.0,5.40000057220459,0.44999998807907104,-40.413625003052815,9.091540960071143e-07
grid-r026-c045,26,45,9.199999809265137,5.40000057220459,0.44999998807907104,-38.92871545598573,1.2797597719327314e-06
grid-r026-c046,26,46,9.399999618530273,5.40000057220459,0.44999998807907104,-40.477024794763466,8.959783599493676e-07
grid-r026-c047,26,47,9.600000381469727,5.40000057220459,0.44999998807907104,-40.64446466685893,8.620918379165232e-07
grid-r026-c048,26,48,9.800000190734863,5.40000057220459,0.44999998807907104,-39.80081113380749,1.0469329936313443e-06
grid-r026-c049,26,49,10.0,5.40000057220459,0.44999998807907104,-40.96554941171824,8.006543339433847e-07
grid-r026-c050,26,50,10.200000762939453,5.40000057220459,0.44999998807907104,-40.26548184469421,9.407014545104175e-07
grid-r026-c051,26,51,10.399999618530273,5.40000057220459,0.44999998807907104,-40.98337736150647,7.973743549882784e-07
grid-r026-c052,26,52,10.600000381469727,5.40000057220459,0.44999998807907104,-40.78993529920572,8.336936048181087e-07
grid-r026-c053,26,53,10.800000190734863,5.40000057220459,0.44999998807907104,-40.22400853216672,9.497277915215818e-07
grid-r026-c054,26,54,11.0,5.40000057220459,0.44999998807907104,-40.60143176430778,8.70676501563139e-07
grid-r026-c055,26,55,11.200000762939453,5.40000057220459,0.44999998807907104,-40.85133436046702,8.219900564654381e-07
grid-r026-c056,26,56,11.399999618530273,5.40000057220459,0.44999998807907104,-39.86902075460631,1.0306184776709415e-06
grid-r026-c057,26,57,11.600000381469727,5.40000057220459,0.44999998807907104,-41.57694999830949,6.955125968488574e-07
grid-r027-c000,27,0,0.19999980926513672,5.600000381469727,0.44999998807907104,-38.689744402978256,1.3521521395887248e-06
grid-r027-c001,27,1,0.40000009536743164,5.600000381469727,0.44999998807907104,-38.34302709147289,1.4645266901425202e-06
grid-r027-c002,27,2,0.5999999046325684,5.600000381469727,0.44999998807907104,-38.94094062324221,1.2761623793267063e-06
grid-r027-c003,27,3,0.7999997138977051,5.600000381469727,0.44999998807907104,-38.743932357542775,1.3353858321352163e-06
grid-r027-c004,27,4,1.0,5.600000381469727,0.44999998807907104,-38.64472574850211,1.3662413493875647e-06
grid-r027-c005,27,5,1.1999998092651367,5.600000381469727,0.44999998807907104,-38.898258387341045,1.2887662705907132e-06
grid-r027-c006,27,6,1.4000000953674316,5.600000381469727,0.44999998807907104,-38.849379527469466,1.303352973991423e-06
grid-r027-c007,27,7,1.5999999046325684,5.600000381469727,0.44999998807907104,-38.91283207547475,1.2844487855545594e-06
grid-r027-c008,27,8,1.799999713897705,5.600000381469727,0.44999998807907104,-38.858387343660326,1.3006524568481836e-06
grid-r027-c009,27,9,2.0,5.600000381469727,0.44999998807907104,-38.41707766411396,1.439767061128805e-06
grid-r027-c010,27,10,2.200000047683716,5.600000381469727,0.44999998807907104,-39.11255529397303,1.2267172451174702e-06
grid-r027-c011,27,11,2.3999998569488525,5.600000381469727,0.44999998807907104,-38.907971431253976,1.2858871514254133e-06
grid-r027-c012,27,12,2.5999999046325684,5.600000381469727,0.44999998807907104,-39.12645318849917,1.2227978913870174e-06
grid-r027-c013,27,13,2.799999952316284,5.600000381469727,0.44999998807907104,-38.65037819457085,1.3644643104271381e-06
grid-r027-c014,27,14,3.0,5.600000381469727,0.44999998807907104,-39.02270025839173,1.2523622672233614e-06
grid-r027-c015,27,15,3.200000047683716,5.600000381469727,0.44999998807907104,-38.88273240304575,1.2933818425153731e-06
grid-r027-c016,27,16,3.3999998569488525,5.600000381469727,0.44999998807907104,-39.09053569638041,1.2329527407928254e-06
grid-r027-c017,27,17,3.5999999046325684,5.600000381469727,0.44999998807907104,-38.78290757186317,1.3234551943241968e-06
grid-r027-c018,27,18,3.799999952316284,5.600000381469727,0.44999998807907104,-39.220458401332536,1.1966142210440012e-06
grid-r027-c019,27,19,4.0,5.600000381469727,0.44999998807907104,-39.09154895253507,1.2326651130933897e-06
grid-r027-c020,27,20,4.199999809265137,5.600000381469727,0.44999998807907104,-38.34058931558283,1.4653489870397607e-06
grid-r027-c021,27,21,4.400000095367432,5.600000381469727,0.44999998807907104,-38.950334815931875,1.2734049050777685e-06
grid-r027-c022,27,22,4.599999904632568,5.600000381469727,0.44999998807907104,-39.04251591862515,1.2466610996852978e-06
grid-r027-c023,27,23,4.800000190734863,5.600000381469727,0.44999998807907104,-39.26127982611035,1.185419364446716e-06
grid-r027-c024,27,24,5.0,5.600000381469727,0.44999998807907104,-39.20064143573605,1.2020868780382443e-06
grid-r027-c025,27,25,5.199999809265137,5.600000381469727,0.44999998807907104,-39.14314499583672,1.2181071724626236e-06
grid-r027-c026,27,26,5.400000095367432,5.600000381469727,0.44999998807907104,-39.1663797675711,1.2116076959500788e-06
grid-r027-c027,27,27,5.599999904632568,5.600000381469727,0.44999998807907104,-38.82325831817478,1.3112157830619253e-06
grid-r027-c028,27,28,5.800000190734863,5.600000381469727,0.44999998807907104,-39.149151683226016,1.2164235840828042e-06
grid-r027-c029,27,29,6.0,5.600000381469727,0.44999998807907104,-39.506037482150646,1.120459728554124e-06
grid-r027-c030,27,30,6.199999809265137,5.600000381469727,0.44999998807907104,-39.326780991384794,1.167674781754613e-06
grid-r027-c031,27,31,6.400000095367432,5.600000381469727,0.44999998807907104,-39.85869667842393,1.033071384881623e-06
grid-r027-c032,27,32,6.599999904632568,5.600000381469727,0.44999998807907104,-39.83797488314835,1.0380123285358422e-06
grid-r027-c033,27,33,6.800000190734863,5.600000381469727,0.44999998807907104,-39.512974515367915,1.118671434596763e-06
grid-r027-c034,27,34,7.0,5.600000381469727,0.44999998807907104,-39.980386282282474,1.0045264389191289e-06
grid-r027-c035,27,35,7.199999809265137,5.600000381469727,0.44999998807907104,-39.78704145783246,1.0502576515136752e-06
grid-r027-c036,27,36,7.400000095367432,5.600000381469727,0.44999998807907104,-40.228409907671825,9.487657735007815e-07
grid-r027-c037,27,37,7.599999904632568,5.600000381469727,0.44999998807907104,-40.04021824109746,9.907821549859364e-07
grid-r027-c038,27,38,7.800000190734863,5.600000381469727,0.44999998807907104,-39.76232448553443,1.0562520174062229e-06
grid-r027-c039,27,39,8.0,5.600000381469727,0.44999998807907104,-39.886214939016625,1.0265462151437532e-06
grid-r027-c040,27,40,8.199999809265137,5.600000381469727,0.44999998807907104,-40.30203103411391,9.328179544354498e-07
grid-r027-c041,27,41,8.399999618530273,5.600000381469727,0.44999998807907104,-40.52133049951923,8.868842655829212e-07
grid-r027-c042,27,42,8.600000381469727,5.600000381469727,0.44999998807907104,-38.925748098644284,1.2806344784621615e-06
grid-r027-c043,27,43,8.800000190734863,5.600000381469727,0.44999998807907104,-40.40592239496357,9.107679943554103e-07
grid-r027-c044,27,44,9.0,5.600000381469727,0.44999998807907104,-40.224278093496224,9.496688448962232e-07
grid-r027-c045,27,45,9.199999809265137,5.600000381469727,0.44999998807907104,-39.387846456821734,1.1513711797306314e-06
grid-r027-c046,27,46,9.399999618530273,5.600000381469727,0.44999998807907104,-40.183165712120726,9.587015483702999e-07
grid-r027-c047,27,47,9.600000381469727,5.600000381469727,0.44999998807907104,-40.06001306654425,9.862765182333533e-07
grid-r027-c048,27,48,9.800000190734863,5.600000381469727,0.44999998807907104,-41.26506293906451,7.472978040823364e-07
grid-r027-c049,27,49,10.0,5.600000381469727,0.44999998807907104,-40.5552248178182,8.799895567790372e-07
grid-r027-c050,27,50,10.200000762939453,5.600000381469727,0.44999998807907104,-40.73038310632693,8.452042834505846e-07
grid-r027-c051,27,51,10.399999618530273,5.600000381469727,0.44999998807907104,-40.38353821635912,9.154743452199909e-07
grid-r027-c052,27,52,10.600000381469727,5.600000381469727,0.44999998807907104,-40.712905166218874,8.486126148454787e-07
grid-r027-c053,27,53,10.800000190734863,5.600000381469727,0.44999998807907104,-43.20447805624483,4.781368261319585e-07
grid-r027-c054,27,54,11.0,5.600000381469727,0.44999998807907104,-40.811622513756056,8.295407951663947e-07
grid-r027-c055,27,55,11.200000762939453,5.600000381469727,0.44999998807907104,-40.461741684847695,8.991369213617872e-07
grid-r027-c056,27,56,11.399999618530273,5.600000381469727,0.44999998807907104,-43.447630800280415,4.52102511871999e-07
grid-r027-c057,27,57,11.600000381469727,5.600000381469727,0.44999998807907104,-39.98742255061746,1.0029002623923589e-06
grid-r028-c000,28,0,0.19999980926513672,5.800000190734863,0.44999998807907104,-38.57019595688623,1.3898899169362267e-06
grid-r028-c001,28,1,0.40000009536743164,5.800000190734863,0.44999998807907104,-38.92084294708659,1.2820817119063577e-06
grid-r028-c002,28,2,0.5999999046325684,5.800000190734863,0.44999998807907104,-38.827784523463905,1.3098499493935378e-06
grid-r028-c003,28,3,0.7999997138977051,5.800000190734863,0.44999998807907104,-38.77166488077434,1.3268856946524465e-06
grid-r028-c004,28,4,1.0,5.800000190734863,0.44999998807907104,-39.005832234700335,1.2572359082696494e-06
grid-r028-c005,28,5,1.1999998092651367,5.800000190734863,0.44999998807907104,-38.478369188244926,1.4195904896041611e-06
grid-r028-c006,28,6,1.4000000953674316,5.800000190734863,0.44999998807907104,-38.91228204109343,1.284611471419339e-06
grid-r028-c007,28,7,1.5999999046325684,5.800000190734863,0.44999998807907104,-38.74301182095873,1.3356689123611432e-06
grid-r028-c008,28,8,1.799999713897705,5.800000190734863,0.44999998807907104,-38.769936070977494,1.327413997387339e-06
grid-r028-c009,28,9,2.0,5.800000190734863,0.44999998807907104,-39.28767521572279,1.1782365163526265e-06
grid-r028-c010,28,10,2.200000047683716,5.800000190734863,0.44999998807907104,-38.78444039599416,1.3229881687948364e-06
grid-r028-c011,28,11,2.3999998569488525,5.800000190734863,0.44999998807907104,-38.88202395128033,1.2935928452861845e-06
grid-r028-c012,28,12,2.5999999046325684,5.800000190734863,0.44999998807907104,-38.50153251942868,1.412039182469016e-06
grid-r028-c013,28,13,2.799999952316284,5.800000190734863,0.44999998807907104,-38.958870127950206,1.2709047041425947e-06
grid-r028-c014,28,14,3.0,5.800000190734863,0.44999998807907104,-39.082815882988136,1.235146328326664e-06
grid-r028-c015,28,15,3.200000047683716,5.800000190734863,0.44999998807907104,-38.93328963421486,1.2784125829057302e-06
grid-r028-c016,28,16,3.3999998569488525,5.800000190734863,0.44999998807907104,-38.706990949015804,1.3467931694322033e-06
grid-r028-c017,28,17,3.5999999046325684,5.800000190734863,0.44999998807907104,-39.139399738548526,1.2191580935905222e-06
grid-r028-c018,28,18,3.799999952316284,5.800000190734863,0.44999998807907104,-38.929613699170375,1.2794951089745155e-06
grid-r028-c019,28,19,4.0,5.800000190734863,0.44999998807907104,-38.761526549084564,1.3299868442118168e-06
grid-r028-c020,28,20,4.199999809265137,5.800000190734863,0.44999998807907104,-39.2488058743299,1.1888290600836626e-06
grid-r028-c021,28,21,4.400000095367432,5.800000190734863,0.44999998807907104,-39.37711810497554,1.1542189213287202e-06
grid-r028-c022,28,22,4.599999904632568,5.800000190734863,0.44999998807907104,-39.55633931533977,1.107556954593747e-06
grid-r028-c023,28,23,4.800000190734863,5.800000190734863,0.44999998807907104,-38.937209116095275,1.2772593436238822e-06
grid-r028-c024,28,24,5.0,5.800000190734863,0.44999998807907104,-39.41050621214291,1.1453794286353514e-06
grid-r028-c025,28,25,5.199999809265137,5.800000190734863,0.44999998807907104,-39.20393429077153,1.2011757917207433e-06
grid-r028-c026,28,26,5.400000095367432,5.800000190734863,0.44999998807907104,-39.06450732675586,1.2403643268044107e-06
grid-r028-c027,28,27,5.599999904632568,5.800000190734863,0.44999998807907104,-39.525365674099305,1.1154842241012375e-06
grid-r028-c028,28,28,5.800000190734863,5.800000190734863,0.44999998807907104,-39.11291996096782,1.2266142448424944e-06
grid-r028-c029,28,29,6.0,5.800000190734863,0.44999998807907104,-39.31982793795025,1.1695457260429976e-06
grid-r028-c030,28,30,6.199999809265137,5.800000190734863,0.44999998807907104,-39.622769721025406,1.0907444902841235e-06
grid-r028-c031,28,31,6.400000095367432,5.800000190734863,0.44999998807907104,-39.82528916162079,1.0410487902845489e-06
grid-r028-c032,28,32,6.599999904632568,5.800000190734863,0.44999998807907104,-39.78668653997662,1.050343485076155e-06
grid-r028-c033,28,33,6.800000190734863,5.800000190734863,0.44999998807907104,-39.66210598139395,1.080909669326502e-06
grid-r028-c034,28,34,7.0,5.800000190734863,0.44999998807907104,-40.15570409545768,9.647828846937045e-07
grid-r028-c035,28,35,7.199999809265137,5.800000190734863,0.44999998807907104,-40.18149638822338,9.590701210981933e-07
grid-r028-c036,28,36,7.400000095367432,5.800000190734863,0.44999998807907104,-39.89115295574338,1.0253796745018917e-06
grid-r028-c037,28,37,7.599999904632568,5.800000190734863,0.44999998807907104,-40.276807574496544,9.382514463140978e-07
grid-r028-c038,28,38,7.800000190734863,5.800000190734863,0.44999998807907104,-39.9668025270621,1.0076732905872632e-06
grid-r028-c039,28,39,8.0,5.800000190734863,0.44999998807907104,-40.468164842264464,8.978080927590781e-07
grid-r028-c040,28,40,8.199999809265137,5.800000190734863,0.44999998807907104,-39.57691249553862,1.102322698898206e-06
grid-r028-c041,28,41,8.399999618530273,5.800000190734863,0.44999998807907104,-40.58687056118964,8.736006407161767e-07
grid-r028-c042,28,42,8.600000381469727,5.800000190734863,0.44999998807907104,-39.54439526122484,1.1106071724498179e-06
grid-r028-c043,28,43,8.800000190734863,5.800000190734863,0.44999998807907104,-39.653520653264565,1.0830485734913964e-06
grid-r028-c044,28,44,9.0,5.800000190734863,0.44999998807907104,-40.6174341912388,8.674742275616154e-07
grid-r028-c045,28,45,9.199999809265137,5.800000190734863,0.44999998807907104,-40.51789668998171,8.875857702150824e-07
grid-r028-c046,28,46,9.399999618530273,5.800000190734863,0.44999998807907104,-38.7498846926572,1.333556838289951e-06
grid-r028-c047,28,47,9.600000381469727,5.800000190734863,0.44999998807907104,-41.00077768827228,7.941860076243756e-07
grid-r028-c048,28,48,9.800000190734863,5.800000190734863,0.44999998807907104,-40.330941058008634,9.266290135201416e-07
grid-r028-c049,28,49,10.0,5.800000190734863,0.44999998807907104,-40.1906732387303,9.570456995788845e-07
grid-r028-c050,28,50,10.200000762939453,5.800000190734863,0.44999998807907104,-41.59709426820438,6.922940087861207e-07
grid-r028-c051,28,51,10.399999618530273,5.800000190734863,0.44999998807907104,-40.52846277337287,8.854289603732468e-07
grid-r028-c052,28,52,10.600000381469727,5.800000190734863,0.44999998807907104,-40.69280958188989,8.525483963239822e-07
grid-r028-c053,28,53,10.800000190734863,5.800000190734863,0.44999998807907104,-40.0868144243994,9.802087106436375e-07
grid-r028-c054,28,54,11.0,5.800000190734863,0.44999998807907104,-41.56233319477405,6.978573878768657e-07
grid-r028-c055,28,55,11.200000762939453,5.800000190734863,0.44999998807907104,-41.50493424187182,7.071419076964958e-07
grid-r028-c056,28,56,11.399999618530273,5.800000190734863,0.44999998807907104,-40.69610144121632,8.519024277120479e-07
grid-r028-c057,28,57,11.600000381469727,5.800000190734863,0.44999998807907104,-42.16953634221073,6.068011089155334e-07
grid-r029-c000,29,0,0.19999980926513672,6.000000476837158,0.44999998807907104,-38.22975810873935,1.5032256897029583e-06
grid-r029-c001,29,1,0.40000009536743164,6.000000476837158,0.44999998807907104,-39.13181782975771,1.2212883575557498e-06
grid-r029-c002,29,2,0.5999999046325684,6.000000476837158,0.44999998807907104,-38.81866460379126,1.3126034446031554e-06
grid-r029-c003,29,3,0.7999997138977051,6.000000476837158,0.44999998807907104,-39.12067255148359,1.2244265690242173e-06
grid-r029-c004,29,4,1.0,6.000000476837158,0.44999998807907104,-38.347219638531975,1.4631135627496406e-06
grid-r029-c005,29,5,1.1999998092651367,6.000000476837158,0.44999998807907104,-39.13644397952765,1.2199881211927277e-06
grid-r029-c006,29,6,1.4000000953674316,6.000000476837158,0.44999998807907104,-38.87162728882135,1.2966933127245284e-06
grid-r029-c007,29,7,1.5999999046325684,6.000000476837158,0.44999998807907104,-38.62382569366056,1.3728321164308e-06
grid-r029-c008,29,8,1.799999713897705,6.000000476837158,0.44999998807907104,-38.78417916571425,1.3230677495812415e-06
grid-r029-c009,29,9,2.0,6.000000476837158,0.44999998807907104,-38.715349056518924,1.344203724329418e-06
grid-r029-c010,29,10,2.200000047683716,6.000000476837158,0.44999998807907104,-38.54252597819381,1.3987735201226315e-06
grid-r029-c011,29,11,2.3999998569488525,6.000000476837158,0.44999998807907104,-39.207673519794525,1.2001420373053406e-06
grid-r029-c012,29,12,2.5999999046325684,6.000000476837158,0.44999998807907104,-39.291564029847486,1.1771819572459208e-06
grid-r029-c013,29,13,2.799999952316284,6.000000476837158,0.44999998807907104,-38.93750407037015,1.2771726005667006e-06
grid-r029-c014,29,14,3.0,6.000000476837158,0.44999998807907104,-39.24802764828751,1.189042109217553e-06
grid-r029-c015,29,15,3.200000047683716,6.000000476837158,0.44999998807907104,-38.97991940977373,1.2647598168769036e-06
grid-r029-c016,29,16,3.3999998569488525,6.000000476837158,0.44999998807907104,-39.299258422318566,1.1750981911973213e-06
grid-r029-c017,29,17,3.5999999046325684,6.000000476837158,0.44999998807907104,-38.79808500341784,1.3188381444706465e-06
grid-r029-c018,29,18,3.799999952316284,6.000000476837158,0.44999998807907104,-39.06701421681538,1.2396485544741154e-06
grid-r029-c019,29,19,4.0,6.000000476837158,0.44999998807907104,-38.94974550825105,1.2735777090711053e-06
grid-r029-c020,29,20,4.199999809265137,6.000000476837158,0.44999998807907104,-39.300815834700856,1.174676867776725e-06
grid-r029-c021,29,21,4.400000095367432,6.000000476837158,0.44999998807907104,-39.29721269845638,1.1756518460970256e-06
grid-r029-c022,29,22,4.599999904632568,6.000000476837158,0.44999998807907104,-38.7543809886739,1.332176907453686e-06
grid-r029-c023,29,23,4.800000190734863,6.000000476837158,0.44999998807907104,-39.17328348910026,1.2096832051611273e-06
grid-r029-c024,29,24,5.0,6.000000476837158,0.44999998807907104,-39.37436587497271,1.1549506098162965e-06
grid-r029-c025,29,25,5.199999809265137,6.000000476837158,0.44999998807907104,-39.08788512734532,1.2337054613453802e-06
grid-r029-c026,29,26,5.400000095367432,6.000000476837158,0.44999998807907104,-39.52177087451802,1.1164079296577256e-06
grid-r029-c027,29,27,5.599999904632568,6.000000476837158,0.44999998807907104,-38.99708076000684,1.2597719205587055e-06
grid-r029-c028,29,28,5.800000190734863,6.000000476837158,0.44999998807907104,-39.603365982553235,1.0956287042063195e-06
grid-r029-c029,29,29,6.0,6.000000476837158,0.44999998807907104,-39.53829302299496,1.112168774852762e-06
grid-r029-c030,29,30,6.199999809265137,6.000000476837158,0.44999998807907104,-39.40101973599064,1.1478840633571963e-06
grid-r029-c031,29,31,6.400000095367432,6.000000476837158,0.44999998807907104,-40.057897521529654,9.867570724964025e-07
grid-r029-c032,29,32,6.599999904632568,6.000000476837158,0.44999998807907104,-40.32275731271416,9.283767781198549e-07
grid-r029-c033,29,33,6.800000190734863,6.000000476837158,0.44999998807907104,-39.814901381484795,1.0435418289489462e-06
grid-r029-c034,29,34,7.0,6.000000476837158,0.44999998807907104,-40.192014258407326,9.56750227487646e-07
grid-r029-c035,29,35,7.199999809265137,6.000000476837158,0.44999998807907104,-40.69345333169426,8.524220334038546e-07
grid-r029-c036,29,36,7.400000095367432,6.000000476837158,0.44999998807907104,-39.495088251876844,1.1232881433898e-06
grid-r029-c037,29,37,7.599999904632568,6.000000476837158,0.44999998807907104,-40.862504149705856,8.198786645152722e-07
grid-r029-c038,29,38,7.800000190734863,6.000000476837158,0.44999998807907104,-40.332413516664296,9.263148967875168e-07
grid-r029-c039,29,39,8.0,6.000000476837158,0.44999998807907104,-39.90016132537754,1.0232549811917124e-06
grid-r029-c040,29,40,8.199999809265137,6.000000476837158,0.44999998807907104,-39.73234648037472,1.0635682201609598e-06
grid-r029-c041,29,41,8.399999618530273,6.000000476837158,0.44999998807907104,-40.78054327005585,8.354984970537771e-07
grid-r029-c042,29,42,8.600000381469727,6.000000476837158,0.44999998807907104,-38.870397591399126,1.2970605212103692e-06
grid-r029-c043,29,43,8.800000190734863,6.000000476837158,0.44999998807907104,-40.59196830562477,8.725758107175352e-07
grid-r029-c044,29,44,9.0,6.000000476837158,0.44999998807907104,-39.854853433717935,1.0339859954910935e-06
grid-r029-c045,29,45,9.199999809265137,6.000000476837158,0.44999998807907104,-40.23270010425229,9.478289939579554e-07
grid-r029-c046,29,46,9.399999618530273,6.000000476837158,0.44999998807907104,-40.24840845582477,9.44406906455697e-07
grid-r029-c047,29,47,9.600000381469727,6.000000476837158,0.44999998807907104,-40.32502188977156,9.278928132516739e-07
grid-r029-c048,29,48,9.800000190734863,6.000000476837158,0.44999998807907104,-41.619699359693875,6.886999699418084e-07
grid-r029-c049,29,49,10.0,6.000000476837158,0.44999998807907104,-41.21011582793486,7.568127102786093e-07
grid-r029-c050,29,50,10.200000762939453,6.000000476837158,0.44999998807907104,-41.395002104607634,7.252701266224904e-07
grid-r029-c051,29,51,10.399999618530273,6.000000476837158,0.44999998807907104,-40.98861215142338,7.964138148963684e-07
grid-r029-c052,29,52,10.600000381469727,6.000000476837158,0.44999998807907104,-40.62244459091254,8.664740107633406e-07
grid-r029-c053,29,53,10.800000190734863,6.000000476837158,0.44999998807907104,-42.34118778714507,5.832855549670057e-07
grid-r029-c054,29,54,11.0,6.000000476837158,0.44999998807907104,-41.150772843156204,7.67224946685019e-07
grid-r029-c055,29,55,11.200000762939453,6.000000476837158,0.44999998807907104,-40.86527246843996,8.193562166525226e-07
grid-r029-c056,29,56,11.399999618530273,6.000000476837158,0.44999998807907104,-41.20495100734006,7.577132805636211e-07
grid-r029-c057,29,57,11.600000381469727,6.000000476837158,0.44999998807907104,-40.85141064482034,8.219756182370475e-07
grid-r030-c000,30,0,0.19999980926513672,6.200000762939453,0.44999998807907104,-38.73801327689079,1.3372070952755166e-06
grid-r030-c001,30,1,0.40000009536743164,6.200000762939453,0.44999998807907104,-39.03058834485436,1.2500896673373063e-06
grid-r030-c002,30,2,0.5999999046325684,6.200000762939453,0.44999998807907104,-38.211596677500104,1.509525077381113e-06
grid-r030-c003,30,3,0.7999997138977051,6.200000762939453,0.44999998807907104,-39.111807138239385,1.2269285889487946e-06
grid-r030-c004,30,4,1.0,6.200000762939453,0.44999998807907104,-39.12938599145452,1.2219724112583208e-06
grid-r030-c005,30,5,1.1999998092651367,6.200000762939453,0.44999998807907104,-39.09256484896949,1.2323768032729276e-06
grid-r030-c006,30,6,1.4000000953674316,6.200000762939453,0.44999998807907104,-39.10770684601067,1.2280875125725288e-06
grid-r030-c007,30,7,1.5999999046325684,6.200000762939453,0.44999998807907104,-39.216795139755675,1.1976239875366446e-06
grid-r030-c008,30,8,1.799999713897705,6.200000762939453,0.44999998807907104,-38.90701008929639,1.2861718232670682e-06
grid-r030-c009,30,9,2.0,6.200000762939453,0.44999998807907104,-39.34384718436544,1.1630952485575108e-06
grid-r030-c010,30,10,2.200000047683716,6.200000762939453,0.44999998807907104,-39.53526774128903,1.1129437780255103e-06
grid-r030-c011,30,11,2.3999998569488525,6.200000762939453,0.44999998807907104,-39.2507670077407,1.1882923445227789e-06
grid-r030-c012,30,12,2.5999999046325684,6.200000762939453,0.44999998807907104,-38.91757271440986,1.2830474815928028e-06
grid-r030-c013,30,13,2.799999952316284,6.200000762939453,0.44999998807907104,-39.43748932720733,1.138285142587847e-06
grid-r030-c014,30,14,3.0,6.200000762939453,0.44999998807907104,-39.025241112278586,1.251629782927921e-06
grid-r030-c015,30,15,3.200000047683716,6.200000762939453,0.44999998807907104,-39.242162219438015,1.190649072668748e-06
grid-r030-c016,30,16,3.3999998569488525,6.200000762939453,0.44999998807907104,-38.78926889394673,1.3215180842962582e-06
grid-r030-c017,30,17,3.5999999046325684,6.200000762939453,0.44999998807907104,-39.124989345762515,1.223210119860596e-06
grid-r030-c018,30,18,3.799999952316284,6.200000762939453,0.44999998807907104,-39.22147106569939,1.1963352335442323e-06
grid-r030-c019,30,19,4.0,6.200000762939453,0.44999998807907104,-39.57466146142845,1.1028942026314326e-06
grid-r030-c020,30,20,4.199999809265137,6.200000762939453,0.44999998807907104,-38.89358967137157,1.290152454203053e-06
grid-r030-c021,30,21,4.400000095367432,6.200000762939453,0.44999998807907104,-39.79336950314156,1.0487284498594818e-06
grid-r030-c022,30,22,4.599999904632568,6.200000762939453,0.44999998807907104,-39.154122229307504,1.2150321708759293e-06
grid-r030-c023,30,23,4.800000190734863,6.200000762939453,0.44999998807907104,-39.44401398137246,1.1365763157300535e-06
grid-r030-c024,30,24,5.0,6.200000762939453,0.44999998807907104,-38.85479737411997,1.3017280480198679e-06
grid-r030-c025,30,25,5.199999809265137,6.200000762939453,0.44999998807907104,-39.300804906494605,1.1746798236345057e-06
grid-r030-c026,30,26,5.400000095367432,6.200000762939453,0.44999998807907104,-39.51693089322746,1.1176528005307773e-06
grid-r030-c027,30,27,5.599999904632568,6.200000762939453,0.44999998807907104,-40.13524008783827,9.693396805232624e-07
grid-r030-c028,30,28,5.800000190734863,6.200000762939453,0.44999998807907104,-39.16997381451989,1.210605432788725e-06
grid-r030-c029,30,29,6.0,6.200000762939453,0.44999998807907104,-39.085333366724115,1.2344305559963686e-06
grid-r030-c030,30,30,6.199999809265137,6.200000762939453,0.44999998807907104,-40.39579649663379,9.128939950642234e-07
grid-r030-c031,30,31,6.400000095367432,6.200000762939453,0.44999998807907104,-39.48497117064049,1.125907942878257e-06
grid-r030-c032,30,32,6.599999904632568,6.200000762939453,0.44999998807907104,-40.346935123170724,9.232227284883265e-07
grid-r030-c033,30,33,6.800000190734863,6.200000762939453,0.44999998807907104,-40.314445904032254,9.301551813223341e-07
grid-r030-c034,30,34,7.0,6.200000762939453,0.44999998807907104,-39.713825359101314,1.0681136473067454e-06
grid-r030-c035,30,35,7.199999809265137,6.200000762939453,0.44999998807907104,-40.25888570424462,9.421312938684423e-07
grid-r030-c036,30,36,7.400000095367432,6.200000762939453,0.44999998807907104,-40.18067895221955,9.592506557964953e-07
grid-r030-c037,30,37,7.599999904632568,6.200000762939453,0.44999998807907104,-39.898260633083204,1.0237029073323356e-06
grid-r030-c038,30,38,7.800000190734863,6.200000762939453,0.44999998807907104,-40.97972003827305,7.980461305123754e-07
grid-r030-c039,30,39,8.0,6.200000762939453,0.44999998807907104,-39.69498107281595,1.072758323061862e-06
grid-r030-c040,30,40,8.199999809265137,6.200000762939453,0.44999998807907104,-40.79014495253933,8.336533596775553e-07
grid-r030-c041,30,41,8.399999618530273,6.200000762939453,0.44999998807907104,-39.06357716723871,1.240630012944166e-06
grid-r030-c042,30,42,8.600000381469727,6.200000762939453,0.44999998807907104,-41.00837389091733,7.927981187094701e-07
grid-r030-c043,30,43,8.800000190734863,6.200000762939453,0.44999998807907104,-40.342029271572876,9.242662031283544e-07
grid-r030-c044,30,44,9.0,6.200000762939453,0.44999998807907104,-39.969217309709,1.0071131555378088e-06
grid-r030-c045,30,45,9.199999809265137,6.200000762939453,0.44999998807907104,-40.057242597161434,9.869058885669801e-07
grid-r030-c046,30,46,9.399999618530273,6.200000762939453,0.44999998807907104,-41.770246452204304,6.652354045399989e-07
grid-r030-c047,30,47,9.600000381469727,6.200000762939453,0.44999998807907104,-41.06803396001538,7.819817255949602e-07
grid-r030-c048,30,48,9.800000190734863,6.200000762939453,0.44999998807907104,-40.72362319762129,8.465208907182387e-07
grid-r030-c049,30,49,10.0,6.200000762939453,0.44999998807907104,-41.13997618342864,7.691346581850667e-07
grid-r030-c050,30,50,10.200000762939453,6.200000762939453,0.44999998807907104,-40.82275196402712,8.274176934719435e-07
grid-r030-c051,30,51,10.399999618530273,6.200000762939453,0.44999998807907104,-40.58443054632913,8.740915973248775e-07
grid-r030-c052,30,52,10.600000381469727,6.200000762939453,0.44999998807907104,-40.93385804020497,8.065182441896468e-07
grid-r030-c053,30,53,10.800000190734863,6.200000762939453,0.44999998807907104,-40.81030912464553,8.297917020172463e-07
grid-r030-c054,30,54,11.0,6.200000762939453,0.44999998807907104,-40.26405000286262,9.41011649047141e-07
grid-r030-c055,30,55,11.200000762939453,6.200000762939453,0.44999998807907104,-40.93305585025462,8.06667230790481e-07
grid-r030-c056,30,56,11.399999618530273,6.200000762939453,0.44999998807907104,-41.77637910000635,6.642966923209315e-07
grid-r030-c057,30,57,11.600000381469727,6.200000762939453,0.44999998807907104,-40.33591307485877,9.255687700715498e-07
grid-r031-c000,31,0,0.19999980926513672,6.40000057220459,0.44999998807907104,-38.824654405930346,1.3107943459544913e-06
grid-r031-c001,31,1,0.40000009536743164,6.40000057220459,0.44999998807907104,-39.20484155883281,1.2009248848698917e-06
grid-r031-c002,31,2,0.5999999046325684,6.40000057220459,0.44999998807907104,-39.345550193689874,1.1626392506514094e-06
grid-r031-c003,31,3,0.7999997138977051,6.40000057220459,0.44999998807907104,-39.09895489914735,1.2305648624533205e-06
grid-r031-c004,31,4,1.0,6.40000057220459,0.44999998807907104,-38.84319704830935,1.3052097074250923e-06
grid-r031-c005,31,5,1.1999998092651367,6.40000057220459,0.44999998807907104,-38.91060046728711,1.2851089650212089e-06
grid-r031-c006,31,6,1.4000000953674316,6.40000057220459,0.44999998807907104,-39.27408462154119,1.1819294059023377e-06
grid-r031-c007,31,7,1.5999999046325684,6.40000057220459,0.44999998807907104,-39.03055477336726,1.2500993307185126e-06
grid-r031-c008,31,8,1.799999713897705,6.40000057220459,0.44999998807907104,-39.45203139092178,1.1344800441293046e-06
grid-r031-c009,31,9,2.0,6.40000057220459,0.44999998807907104,-38.86962720918901,1.2972906233699177e-06
grid-r031-c010,31,10,2.200000047683716,6.40000057220459,0.44999998807907104,-39.13632904474231,1.2200204082546406e-06
grid-r031-c011,31,11,2.3999998569488525,6.40000057220459,0.44999998807907104,-39.29720849878259,1.1756529829654028e-06
grid-r031-c012,31,12,2.5999999046325684,6.40000057220459,0.44999998807907104,-39.0940895401076,1.231944224855397e-06
grid-r031-c013,31,13,2.799999952316284,6.40000057220459,0.44999998807907104,-38.958322001048266,1.27106511627062e-06
grid-r031-c014,31,14,3.0,6.40000057220459,0.44999998807907104,-39.543683573015436,1.1107891850770102e-06
grid-r031-c015,31,15,3.200000047683716,6.40000057220459,0.44999998807907104,-38.888330027734916,1.2917158755954006e-06
grid-r031-c016,31,16,3.3999998569488525,6.40000057220459,0.44999998807907104,-39.606110805299,1.0949364650514326e-06
grid-r031-c017,31,17,3.5999999046325684,6.40000057220459,0.44999998807907104,-39.2932357470428,1.1767289151976001e-06
grid-r031-c018,31,18,3.799999952316284,6.40000057220459,0.44999998807907104,-39.44009566903,1.1376022257536533e-06
grid-r031-c019,31,19,4.0,6.40000057220459,0.44999998807907104,-39.08732767691623,1.2338638271103264e-06
grid-r031-c020,31,20,4.199999809265137,6.40000057220459,0.44999998807907104,-39.199845920529654,1.202307089442911e-06
grid-r031-c021,31,21,4.400000095367432,6.40000057220459,0.44999998807907104,-39.1450845286942,1.2175632946309634e-06
grid-r031-c022,31,22,4.599999904632568,6.40000057220459,0.44999998807907104,-39.687197421751975,1.0746827001639758e-06
grid-r031-c023,31,23,4.800000190734863,6.40000057220459,0.44999998807907104,-39.794508033642835,1.048453555085871e-06
grid-r031-c024,31,24,5.0,6.40000057220459,0.44999998807907104,-39.971697204013495,1.0065382411994506e-06
grid-r031-c025,31,25,5.199999809265137,6.40000057220459,0.44999998807907104,-39.08468426330214,1.2346150697339908e-06
grid-r031-c026,31,26,5.400000095367432,6.40000057220459,0.44999998807907104,-39.68027619516388,1.0763967566163046e-06
grid-r031-c027,31,27,5.599999904632568,6.40000057220459,0.44999998807907104,-39.07460741799562,1.237483047589194e-06
grid-r031-c028,31,28,5.800000190734863,6.40000057220459,0.44999998807907104,-39.927257337541,1.0168906783292186e-06
grid-r031-c029,31,29,6.0,6.40000057220459,0.44999998807907104,-40.03293529015109,9.924450523612904e-07
grid-r031-c030,31,30,6.199999809265137,6.40000057220459,0.44999998807907104,-40.39347337043764,9.133824505624943e-07
grid-r031-c031,31,31,6.400000095367432,6.40000057220459,0.44999998807907104,-40.07431938597699,9.830329190663178e-07
grid-r031-c032,31,32,6.599999904632568,6.40000057220459,0.44999998807907104,-40.1488064679902,9.663164064477314e-07
grid-r031-c033,31,33,6.800000190734863,6.40000057220459,0.44999998807907104,-40.21551721248717,9.515865144749114e-07
grid-r031-c034,31,34,7.0,6.40000057220459,0.44999998807907104,-40.144366572303284,9.673047998148832e-07
grid-r031-c035,31,35,7.199999809265137,6.40000057220459,0.44999998807907104,-40.26870121084292,9.400043836649274e-07
grid-r031-c036,31,36,7.400000095367432,6.40000057220459,0.44999998807907104,-40.53626479091499,8.838397320687363e-07
grid-r031-c037,31,37,7.599999904632568,6.40000057220459,0.44999998807907104,-41.33116447656484,7.360097242781194e-07
grid-r031-c038,31,38,7.800000190734863,6.40000057220459,0.44999998807907104,-39.750437379520164,1.0591470527288038e-06
grid-r031-c039,31,39,8.0,6.40000057220459,0.44999998807907104,-40.07388545717015,9.831311444941093e-07
grid-r031-c040,31,40,8.199999809265137,6.40000057220459,0.44999998807907104,-39.82019898651465,1.0422696732348413e-06
grid-r031-c041,31,41,8.399999618530273,6.40000057220459,0.44999998807907104,-39.69119165767122,1.073694761544175e-06
grid-r031-c042,31,42,8.600000381469727,6.40000057220459,0.44999998807907104,-40.61101250325474,8.687578656463302e-07
grid-r031-c043,31,43,8.800000190734863,6.40000057220459,0.44999998807907104,-40.11158104310735,9.746347586769843e-07
grid-r031-c044,31,44,9.0,6.40000057220459,0.44999998807907104,-41.10255186726829,7.75791136220505e-07
grid-r031-c045,31,45,9.199999809265137,6.40000057220459,0.44999998807907104,-41.51248639220073,7.059132940412383e-07
grid-r031-c046,31,46,9.399999618530273,6.40000057220459,0.44999998807907104,-40.85893243089343,8.205532253668935e-07
grid-r031-c047,31,47,9.600000381469727,6.40000057220459,0.44999998807907104,-40.13094276953489,9.702993111204705e-07
grid-r031-c048,31,48,9.800000190734863,6.40000057220459,0.44999998807907104,-40.584526290433764,8.740723274058837e-07
grid-r031-c049,31,49,10.0,6.40000057220459,0.44999998807907104,-40.502645873337244,8.907081223696878e-07
grid-r031-c050,31,50,10.200000762939453,6.40000057220459,0.44999998807907104,-40.36082107835361,9.202755677506502e-07
grid-r031-c051,31,51,10.399999618530273,6.40000057220459,0.44999998807907104,-41.2257137008315,7.540994602095452e-07
grid-r031-c052,31,52,10.600000381469727,6.40000057220459,0.44999998807907104,-41.43949436032842,7.178778673733177e-07
grid-r031-c053,31,53,10.800000190734863,6.40000057220459,0.44999998807907104,-40.58163371657408,8.746546882321127e-07
grid-r031-c054,31,54,11.0,6.40000057220459,0.44999998807907104,-42.20375255135104,6.020391651873069e-07
grid-r031-c055,31,55,11.200000762939453,6.40000057220459,0.44999998807907104,-41.247034705656844,7.504064001295774e-07
grid-r031-c056,31,56,11.399999618530273,6.40000057220459,0.44999998807907104,-40.85452743552827,8.213859246097854e-07
grid-r031-c057,31,57,11.600000381469727,6.40000057220459,0.44999998807907104,-42.61560277715194,5.475700959323149e-07
grid-r032-c000,32,0,0.19999980926513672,6.600000381469727,0.44999998807907104,-38.662465696501876,1.3606719448944204e-06
grid-r032-c001,32,1,0.40000009536743164,6.600000381469727,0.44999998807907104,-38.812510264057565,1.3144648391971714e-06
grid-r032-c002,32,2,0.5999999046325684,6.600000381469727,0.44999998807907104,-39.543864040062424,1.1107430282208952e-06
grid-r032-c003,32,3,0.7999997138977051,6.600000381469727,0.44999998807907104,-38.90516555369017,1.2867182022091583e-06
grid-r032-c004,32,4,1.0,6.600000381469727,0.44999998807907104,-39.297989707987185,1.1754415254472406e-06
grid-r032-c005,32,5,1.1999998092651367,6.600000381469727,0.44999998807907104,-39.26393503780772,1.184694838229916e-06
grid-r032-c006,32,6,1.4000000953674316,6.600000381469727,0.44999998807907104,-39.08290022865158,1.2351223404039047e-06
grid-r032-c007,32,7,1.5999999046325684,6.600000381469727,0.44999998807907104,-39.20849680460341,1.1999145499430597e-06
grid-r032-c008,32,8,1.799999713897705,6.600000381469727,0.44999998807907104,-38.68055933073474,1.3550148878493928e-06
grid-r032-c009,32,9,2.0,6.600000381469727,0.44999998807907104,-39.29502605786131,1.1762439271478797e-06
grid-r032-c010,32,10,2.200000047683716,6.600000381469727,0.44999998807907104,-39.33994607033252,1.1641404853435233e-06
grid-r032-c011,32,11,2.3999998569488525,6.600000381469727,0.44999998807907104,-39.419962910259095,1.1428880952735199e-06
grid-r032-c012,32,12,2.5999999046325684,6.600000381469727,0.44999998807907104,-39.34388114461719,1.163086153610493e-06
grid-r032-c013,32,13,2.799999952316284,6.600000381469727,0.44999998807907104,-39.461685032877696,1.1319610848659067e-06
grid-r032-c014,32,14,3.0,6.600000381469727,0.44999998807907104,-39.03011955240145,1.2502246136136819e-06
grid-r032-c015,32,15,3.200000047683716,6.600000381469727,0.44999998807907104,-39.759806175428444,1.0568646757747047e-06
grid-r032-c016,32,16,3.3999998569488525,6.600000381469727,0.44999998807907104,-39.15392352574909,1.2150877637395752e-06
grid-r032-c017,32,17,3.5999999046325684,6.600000381469727,0.44999998807907104,-39.85933476166032,1.0329196129532647e-06
grid-r032-c018,32,18,3.799999952316284,6.600000381469727,0.44999998807907104,-39.26907216463376,1.1832943300760235e-06
grid-r032-c019,32,19,4.0,6.600000381469727,0.44999998807907104,-39.59584948317286,1.0975265922752442e-06
grid-r032-c020,32,20,4.199999809265137,6.600000381469727,0.44999998807907104,-39.67325515537627,1.078138325283362e-06
grid-r032-c021,32,21,4.400000095367432,6.600000381469727,0.44999998807907104,-39.65981219179291,1.0814807183123776e-06
grid-r032-c022,32,22,4.599999904632568,6.600000381469727,0.44999998807907104,-39.02404128750166,1.2519756182882702e-06
grid-r032-c023,32,23,4.800000190734863,6.600000381469727,0.44999998807907104,-38.74471330298401,1.3351457255339483e-06
grid-r032-c024,32,24,5.0,6.600000381469727,0.44999998807907104,-38.949290787970206,1.2737110637317528e-06
grid-r032-c025,32,25,5.199999809265137,6.600000381469727,0.44999998807907104,-39.67100856581327,1.078696186596062e-06
grid-r032-c026,32,26,5.400000095367432,6.600000381469727,0.44999998807907104,-39.31780035370914,1.1700918776114122e-06
grid-r032-c027,32,27,5.599999904632568,6.600000381469727,0.44999998807907104,-39.526215145012515,1.1152660590596497e-06
grid-r032-c028,32,28,5.800000190734863,6.600000381469727,0.44999998807907104,-40.05508489742372,9.873963335849112e-07
grid-r032-c029,32,29,6.0,6.600000381469727,0.44999998807907104,-39.97529475785966,1.0057048029921134e-06
grid-r032-c030,32,30,6.199999809265137,6.600000381469727,0.44999998807907104,-40.08598590932219,9.803957254916895e-07
grid-r032-c031,32,31,6.400000095367432,6.600000381469727,0.44999998807907104,-39.975297212535224,1.0057042345579248e-06
grid-r032-c032,32,32,6.599999904632568,6.600000381469727,0.44999998807907104,-40.38702471569144,9.147397008746339e-07
grid-r032-c033,32,33,6.800000190734863,6.600000381469727,0.44999998807907104,-40.354220871862594,9.216752232532599e-07
grid-r032-c034,32,34,7.0,6.600000381469727,0.44999998807907104,-40.47166988911688,8.970837939159537e-07
grid-r032-c035,32,35,7.199999809265137,6.600000381469727,0.44999998807907104,-40.25080589273177,9.438857091481623e-07
grid-r032-c036,32,36,7.400000095367432,6.600000381469727,0.44999998807907104,-40.51143460503151,8.889074365470151e-07
grid-r032-c037,32,37,7.599999904632568,6.600000381469727,0.44999998807907104,-40.400834429500414,9.11835627448454e-07
grid-r032-c038,32,38,7.800000190734863,6.600000381469727,0.44999998807907104,-40.30228986696838,9.327623615718039e-07
grid-r032-c039,32,39,8.0,6.600000381469727,0.44999998807907104,-39.24299538692536,1.1904206758117652e-06
grid-r032-c040,32,40,8.199999809265137,6.600000381469727,0.44999998807907104,-39.95729320304199,1.0098821121573565e-06
grid-r032-c041,32,41,8.399999618530273,6.600000381469727,0.44999998807907104,-40.43740182993139,9.041902444550942e-07
grid-r032-c042,32,42,8.600000381469727,6.600000381469727,0.44999998807907104,-40.155143244560946,9.649074854678474e-07
grid-r032-c043,32,43,8.800000190734863,6.600000381469727,0.44999998807907104,-40.16447732383216,9.628358839108841e-07
grid-r032-c044,32,44,9.0,6.600000381469727,0.44999998807907104,-40.59730402972092,8.715044259588467e-07
grid-r032-c045,32,45,9.199999809265137,6.600000381469727,0.44999998807907104,-40.593307282312274,8.723068276594859e-07
grid-r032-c046,32,46,9.399999618530273,6.600000381469727,0.44999998807907104,-40.179770584518586,9.59451313065074e-07
grid-r032-c047,32,47,9.600000381469727,6.600000381469727,0.44999998807907104,-40.61289264072337,8.683818464305659e-07
grid-r032-c048,32,48,9.800000190734863,6.600000381469727,0.44999998807907104,-41.05774848944668,7.838359010747808e-07
grid-r032-c049,32,49,10.0,6.600000381469727,0.44999998807907104,-40.88582383281925,8.154880788424634e-07
grid-r032-c050,32,50,10.200000762939453,6.600000381469727,0.44999998807907104,-41.07426646371905,7.808603186276741e-07
grid-r032-c051,32,51,10.399999618530273,6.600000381469727,0.44999998807907104,-43.28690941021926,4.6914712470425e-07
grid-r032-c052,32,52,10.600000381469727,6.600000381469727,0.44999998807907104,-41.02906626509249,7.890297410995117e-07
grid-r032-c053,32,53,10.800000190734863,6.600000381469727,0.44999998807907104,-40.18287577423554,9.587655540599371e-07
grid-r032-c054,32,54,11.0,6.600000381469727,0.44999998807907104,-41.68683624782346,6.781353363294329e-07
grid-r032-c055,32,55,11.200000762939453,6.600000381469727,0.44999998807907104,-40.22200671154742,9.501656563770666e-07
grid-r032-c056,32,56,11.399999618530273,6.600000381469727,0.44999998807907104,-42.830564315903985,5.211269922256179e-07
grid-r032-c057,32,57,11.600000381469727,6.600000381469727,0.44999998807907104,-40.18858075446515,9.575069270795211e-07
grid-r033-c000,33,0,0.19999980926513672,6.800000190734863,0.44999998807907104,-38.949833123937616,1.2735520158457803e-06
grid-r033-c001,33,1,0.40000009536743164,6.800000190734863,0.44999998807907104,-39.60802360496472,1.0944543191726552e-06
grid-r033-c002,33,2,0.5999999046325684,6.800000190734863,0.44999998807907104,-38.96702249888722,1.268521259589761e-06
grid-r033-c003,33,3,0.7999997138977051,6.800000190734863,0.44999998807907104,-39.999960512291366,1.0000090924222604e-06
grid-r033-c004,33,4,1.0,6.800000190734863,0.44999998807907104,-38.978465101175345,1.2651834140342544e-06
grid-r033-c005,33,5,1.1999998092651367,6.800000190734863,0.44999998807907104,-38.72721494843381,1.340536073257681e-06
grid-r033-c006,33,6,1.4000000953674316,6.800000190734863,0.44999998807907104,-39.53505657836537,1.1129978929602657e-06
grid-r033-c007,33,7,1.5999999046325684,6.800000190734863,0.44999998807907104,-39.372133642124524,1.1555443961697165e-06
grid-r033-c008,33,8,1.799999713897705,6.800000190734863,0.44999998807907104,-39.20464339892852,1.2009796819256735e-06
grid-r033-c009,33,9,2.0,6.800000190734863,0.44999998807907104,-39.30811192330474,1.1727050832632813e-06
grid-r033-c010,33,10,2.200000047683716,6.800000190734863,0.44999998807907104,-38.70356568098872,1.3478558003043872e-06
grid-r033-c011,33,11,2.3999998569488525,6.800000190734863,0.44999998807907104,-39.460863788785844,1.1321751571813365e-06
grid-r033-c012,33,12,2.5999999046325684,6.800000190734863,0.44999998807907104,-39.57047952615149,1.1039567198167788e-06
grid-r033-c013,33,13,2.799999952316284,6.800000190734863,0.44999998807907104,-39.089933461658,1.2331237257967587e-06
grid-r033-c014,33,14,3.0,6.800000190734863,0.44999998807907104,-39.68736649329341,1.0746408634076943e-06
grid-r033-c015,33,15,3.200000047683716,6.800000190734863,0.44999998807907104,-39.20989975179783,1.1995269915132667e-06
grid-r033-c016,33,16,3.3999998569488525,6.800000190734863,0.44999998807907104,-38.9965023177541,1.2599397223311826e-06
grid-r033-c017,33,17,3.5999999046325684,6.800000190734863,0.44999998807907104,-39.564596914577905,1.1054530659748707e-06
grid-r033-c018,33,18,3.799999952316284,6.800000190734863,0.44999998807907104,-39.429363180585646,1.1404169981688028e-06
grid-r033-c019,33,19,4.0,6.800000190734863,0.44999998807907104,-39.43788362743565,1.1381818012523581e-06
grid-r033-c020,33,20,4.199999809265137,6.800000190734863,0.44999998807907104,-39.6355734862949,1.0875335192395141e-06
grid-r033-c021,33,21,4.400000095367432,6.800000190734863,0.44999998807907104,-39.67098247612406,1.0787026667458122e-06
grid-r033-c022,33,22,4.599999904632568,6.800000190734863,0.44999998807907104,-39.673510700141755,1.0780748880279134e-06
grid-r033-c023,33,23,4.800000190734863,6.800000190734863,0.44999998807907104,-39.890513069491185,1.0255307643092237e-06
grid-r033-c024,33,24,5.0,6.800000190734863,0.44999998807907104,-39.805079813991036,1.0459044688104768e-06
grid-r033-c025,33,25,5.199999809265137,6.800000190734863,0.44999998807907104,-39.80864064902843,1.0450472700540558e-06
grid-r033-c026,33,26,5.400000095367432,6.800000190734863,0.44999998807907104,-39.717750711552014,1.0671486734281643e-06
grid-r033-c027,33,27,5.599999904632568,6.800000190734863,0.44999998807907104,-39.31677088562975,1.170369273495453e-06
grid-r033-c028,33,28,5.800000190734863,6.800000190734863,0.44999998807907104,-39.665611339038314,1.0800375775943394e-06
grid-r033-c029,33,29,6.0,6.800000190734863,0.44999998807907104,-39.90322202993154,1.0225340929537197e-06
grid-r033-c030,33,30,6.199999809265137,6.800000190734863,0.44999998807907104,-39.98701838468699,1.0029935992861283e-06
grid-r033-c031,33,31,6.400000095367432,6.800000190734863,0.44999998807907104,-41.00759175466003,7.929409093776485e-07
grid-r033-c032,33,32,6.599999904632568,6.800000190734863,0.44999998807907104,-40.3729327305506,9.17712668524473e-07
grid-r033-c033,33,33,6.800000190734863,6.800000190734863,0.44999998807907104,-40.570921588563834,8.768147381488234e-07
grid-r033-c034,33,34,7.0,6.800000190734863,0.44999998807907104,-40.69692798429567,8.517403102814569e-07
grid-r033-c035,33,35,7.199999809265137,6.800000190734863,0.44999998807907104,-40.0888705296218,9.797447546588955e-07
grid-r033-c036,33,36,7.400000095367432,6.800000190734863,0.44999998807907104,-41.465646691461274,7.135679425118724e-07
grid-r033-c037,33,37,7.599999904632568,6.800000190734863,0.44999998807907104,-40.69246153919263,8.526167221134529e-07
grid-r033-c038,33,38,7.800000190734863,6.800000190734863,0.44999998807907104,-39.61587033893303,1.092478669306729e-06
grid-r033-c039,33,39,8.0,6.800000190734863,0.44999998807907104,-39.8462224796551,1.0360429314459907e-06
grid-r033-c040,33,40,8.199999809265137,6.800000190734863,0.44999998807907104,-39.869231549355895,1.030568455462344e-06
grid-r033-c041,33,41,8.399999618530273,6.800000190734863,0.44999998807907104,-40.34527757246097,9.235751576852635e-07
grid-r033-c042,33,42,8.600000381469727,6.800000190734863,0.44999998807907104,-40.042917033668076,9.901666544465115e-07
grid-r033-c043,33,43,8.800000190734863,6.800000190734863,0.44999998807907104,-40.377107248013495,9.16830970254523e-07
grid-r033-c044,33,44,9.0,6.800000190734863,0.44999998807907104,-41.18764838501011,7.607380894114613e-07
grid-r033-c045,33,45,9.199999809265137,6.800000190734863,0.44999998807907104,-40.742100234050234,8.429270224041829e-07
grid-r033-c046,33,46,9.399999618530273,6.800000190734863,0.44999998807907104,-41.17904957509835,7.622458042533253e-07
grid-r033-c047,33,47,9.600000381469727,6.800000190734863,0.44999998807907104,-41.34327233616815,7.33960632715025e-07
grid-r033-c048,33,48,9.800000190734863,6.800000190734863,0.44999998807907104,-40.898321292316986,8.131447657433455e-07
grid-r033-c049,33,49,10.0,6.800000190734863,0.44999998807907104,-40.54936643193851,8.811774137029715e-07
grid-r033-c050,33,50,10.200000762939453,6.800000190734863,0.44999998807907104,-41.986467883533564,6.329264010673796e-07
grid-r033-c051,33,51,10.399999618530273,6.800000190734863,0.44999998807907104,-39.841932231843955,1.0370669087933493e-06
grid-r033-c052,33,52,10.600000381469727,6.800000190734863,0.44999998807907104,-40.49312398755143,8.926631380745675e-07
grid-r033-c053,33,53,10.800000190734863,6.800000190734863,0.44999998807907104,-43.884600159907464,4.0882738971959043e-07
grid-r033-c054,33,54,11.0,6.800000190734863,0.44999998807907104,-41.069610511977395,7.816979064045881e-07
grid-r033-c055,33,55,11.200000762939453,6.800000190734863,0.44999998807907104,-42.59222291737758,5.505258400262392e-07
grid-r033-c056,33,56,11.399999618530273,6.800000190734863,0.44999998807907104,-40.090323136698245,9.794171091925818e-07
grid-r033-c057,33,57,11.600000381469727,6.800000190734863,0.44999998807907104,-42.617116518960216,5.473792725751991e-07
grid-r034-c000,34,0,0.19999980926513672,7.000000476837158,0.44999998807907104,-39.52328983971077,1.1160175290569896e-06
grid-r034-c001,34,1,0.40000009536743164,7.000000476837158,0.44999998807907104,-38.875236157158696,1.2956162436239538e-06
grid-r034-c002,34,2,0.5999999046325684,7.000000476837158,0.44999998807907104,-39.46440108532738,1.1312533843010897e-06
grid-r034-c003,34,3,0.7999997138977051,7.000000476837158,0.44999998807907104,-38.99862639389181,1.2593236533575691e-06
grid-r034-c004,34,4,1.0,7.000000476837158,0.44999998807907104,-39.484780417659294,1.125957396652666e-06
grid-r034-c005,34,5,1.1999998092651367,7.000000476837158,0.44999998807907104,-39.473915200158565,1.1287778534097015e-06
grid-r034-c006,34,6,1.4000000953674316,7.000000476837158,0.44999998807907104,-39.241768293454015,1.1907570751645835e-06
grid-r034-c007,34,7,1.5999999046325684,7.000000476837158,0.44999998807907104,-39.42990136219525,1.1402756854295149e-06
grid-r034-c008,34,8,1.799999713897705,7.000000476837158,0.44999998807907104,-38.96844572562489,1.2681056205110508e-06
grid-r034-c009,34,9,2.0,7.000000476837158,0.44999998807907104,-39.673696185599105,1.0780288448586361e-06
grid-r034-c010,34,10,2.200000047683716,7.000000476837158,0.44999998807907104,-39.80706105366875,1.045427438839397e-06
grid-r034-c011,34,11,2.3999998569488525,7.000000476837158,0.44999998807907104,-39.65725679462993,1.082117250916781e-06
grid-r034-c012,34,12,2.5999999046325684,7.000000476837158,0.44999998807907104,-39.23514408159258,1.1925747003260767e-06
grid-r034-c013,34,13,2.799999952316284,7.000000476837158,0.44999998807907104,-39.64137488590374,1.086081738321809e-06
grid-r034-c014,34,14,3.0,7.000000476837158,0.44999998807907104,-39.346452706918654,1.162397666121251e-06
grid-r034-c015,34,15,3.200000047683716,7.000000476837158,0.44999998807907104,-39.04517856266192,1.2458970104489708e-06
grid-r034-c016,34,16,3.3999998569488525,7.000000476837158,0.44999998807907104,-39.6932103966906,1.0731957900134148e-06
grid-r034-c017,34,17,3.5999999046325684,7.000000476837158,0.44999998807907104,-39.33419075537036,1.1656842389129451e-06
grid-r034-c018,34,18,3.799999952316284,7.000000476837158,0.44999998807907104,-39.538660176490346,1.1120747558379662e-06
grid-r034-c019,34,19,4.0,7.000000476837158,0.44999998807907104,-39.27475764802039,1.1817462564067682e-06
grid-r034-c020,34,20,4.199999809265137,7.000000476837158,0.44999998807907104,-39.18295441072341,1.206992465085932e-06
grid-r034-c021,34,21,4.400000095367432,7.000000476837158,0.44999998807907104,-39.407737056444596,1.1461099802545505e-06
grid-r034-c022,34,22,4.599999904632568,7.000000476837158,0.44999998807907104,-39.53026602836607,1.1142262792418478e-06
grid-r034-c023,34,23,4.800000190734863,7.000000476837158,0.44999998807907104,-39.34764686087099,1.1620780924204155e-06
grid-r034-c024,34,24,5.0,7.000000476837158,0.44999998807907104,-39.77347182561658,1.0535443379922071e-06
grid-r034-c025,34,25,5.199999809265137,7.000000476837158,0.44999998807907104,-39.190317642827914,1.2049478073095088e-06
grid-r034-c026,34,26,5.400000095367432,7.000000476837158,0.44999998807907104,-39.45573964671338,1.1335117733324296e-06
grid-r034-c027,34,27,5.599999904632568,7.000000476837158,0.44999998807907104,-39.98782724651787,1.0028068118117517e-06
grid-r034-c028,34,28,5.800000190734863,7.000000476837158,0.44999998807907104,-40.051488613603084,9.882143103823182e-07
grid-r034-c029,34,29,6.0,7.000000476837158,0.44999998807907104,-40.58394027921374,8.741902775000199e-07
grid-r034-c030,34,30,6.199999809265137,7.000000476837158,0.44999998807907104,-40.06221629046138,9.857762961473782e-07
grid-r034-c031,34,31,6.400000095367432,7.000000476837158,0.44999998807907104,-41.74324003726147,6.693850309602567e-07
grid-r034-c032,34,32,6.599999904632568,7.000000476837158,0.44999998807907104,-39.88529446422237,1.0267638117511524e-06
grid-r034-c033,34,33,6.800000190734863,7.000000476837158,0.44999998807907104,-41.10572976300973,7.752236683700175e-07
grid-r034-c034,34,34,7.0,7.000000476837158,0.44999998807907104,-40.71297411185961,8.485991429552087e-07
grid-r034-c035,34,35,7.199999809265137,7.000000476837158,0.44999998807907104,-40.183811060772356,9.585590987626347e-07
grid-r034-c036,34,36,7.400000095367432,7.000000476837158,0.44999998807907104,-39.72051927447456,1.0664685987649136e-06
grid-r034-c037,34,37,7.599999904632568,7.000000476837158,0.44999998807907104,-40.37997287269533,9.162262131212628e-07
grid-r034-c038,34,38,7.800000190734863,7.000000476837158,0.44999998807907104,-40.584781335915196,8.740209977986524e-07
grid-r034-c039,34,39,8.0,7.000000476837158,0.44999998807907104,-40.01898013797952,9.95639197753917e-07
grid-r034-c040,34,40,8.199999809265137,7.000000476837158,0.44999998807907104,-40.88754425143367,8.151650945364963e-07
grid-r034-c041,34,41,8.399999618530273,7.000000476837158,0.44999998807907104,-40.074744316615366,9.829367400016054e-07
grid-r034-c042,34,42,8.600000381469727,7.000000476837158,0.44999998807907104,-40.704140534933366,8.503269555149018e-07
grid-r034-c043,34,43,8.800000190734863,7.000000476837158,0.44999998807907104,-41.31521669168503,7.387174036921351e-07
grid-r034-c044,34,44,9.0,7.000000476837158,0.44999998807907104,-40.34704475769914,9.231994226865936e-07
grid-r034-c045,34,45,9.199999809265137,7.000000476837158,0.44999998807907104,-41.8563660768254,6.521738669107435e-07
grid-r034-c046,34,46,9.399999618530273,7.000000476837158,0.44999998807907104,-40.74795718372832,8.417910066782497e-07
grid-r034-c047,34,47,9.600000381469727,7.000000476837158,0.44999998807907104,-40.417434690754476,9.083569239010103e-07
grid-r034-c048,34,48,9.800000190734863,7.000000476837158,0.44999998807907104,-40.83540081378413,8.250113410213089e-07
grid-r034-c049,34,49,10.0,7.000000476837158,0.44999998807907104,-41.95928646137907,6.369001539496821e-07
grid-r034-c050,34,50,10.200000762939453,7.000000476837158,0.44999998807907104,-41.711455607623655,6.743019866917166e-07
grid-r034-c051,34,51,10.399999618530273,7.000000476837158,0.44999998807907104,-40.77057656837489,8.374180993087066e-07
grid-r034-c052,34,52,10.600000381469727,7.000000476837158,0.44999998807907104,-42.109688603670854,6.152209834908717e-07
grid-r034-c053,34,53,10.800000190734863,7.000000476837158,0.44999998807907104,-40.01737620359633,9.960069746739464e-07
grid-r034-c054,34,54,11.0,7.000000476837158,0.44999998807907104,-40.01050161807177,9.975848342946847e-07
grid-r034-c055,34,55,11.200000762939453,7.000000476837158,0.44999998807907104,-41.41642701845448,7.217009851956391e-07
grid-r034-c056,34,56,11.399999618530273,7.000000476837158,0.44999998807907104,-42.130569288563045,6.122701279309695e-07
grid-r034-c057,34,57,11.600000381469727,7.000000476837158,0.44999998807907104,-41.77276657066558,6.648494945693528e-07
grid-r035-c000,35,0,0.19999980926513672,7.200000286102295,0.44999998807907104,-40.23862770043891,9.46536204082804e-07
grid-r035-c001,35,1,0.40000009536743164,7.200000286102295,0.44999998807907104,-39.25611695771133,1.1868294222949771e-06
grid-r035-c002,35,2,0.5999999046325684,7.200000286102295,0.44999998807907104,-38.758577358098975,1.3308903135111905e-06
grid-r035-c003,35,3,0.7999997138977051,7.200000286102295,0.44999998807907104,-39.517524219071475,1.1175001191077172e-06
grid-r035-c004,35,4,1.0,7.200000286102295,0.44999998807907104,-39.740190152660624,1.0616490726533812e-06
grid-r035-c005,35,5,1.1999998092651367,7.200000286102295,0.44999998807907104,-39.05167979690297,1.2440333421182004e-06
grid-r035-c006,35,6,1.4000000953674316,7.200000286102295,0.44999998807907104,-39.673251949713055,1.0781391210912261e-06
grid-r035-c007,35,7,1.5999999046325684,7.200000286102295,0.44999998807907104,-39.12342108667329,1.2236519069119822e-06
grid-r035-c008,35,8,1.799999713897705,7.200000286102295,0.44999998807907104,-39.74359669313603,1.0608166576275835e-06
grid-r035-c009,35,9,2.0,7.200000286102295,0.44999998807907104,-39.158521228809995,1.2138020792917814e-06
grid-r035-c010,35,10,2.200000047683716,7.200000286102295,0.44999998807907104,-39.40759446644505,1.1461476105978363e-06
grid-r035-c011,35,11,2.3999998569488525,7.200000286102295,0.44999998807907104,-39.592862076686465,1.0982818139382289e-06
grid-r035-c012,35,12,2.5999999046325684,7.200000286102295,0.44999998807907104,-39.235396633916125,1.1925053513550665e-06
grid-r035-c013,35,13,2.799999952316284,7.200000286102295,0.44999998807907104,-39.34563682682202,1.1626160585365142e-06
grid-r035-c014,35,14,3.0,7.200000286102295,0.44999998807907104,-39.68439399904818,1.0753766446214286e-06
grid-r035-c015,35,15,3.200000047683716,7.200000286102295,0.44999998807907104,-39.49384407827602,1.12360999082739e-06
grid-r035-c016,35,16,3.3999998569488525,7.200000286102295,0.44999998807907104,-39.89616022632219,1.024198127197451e-06
grid-r035-c017,35,17,3.5999999046325684,7.200000286102295,0.44999998807907104,-39.371735439732944,1.155650352302473e-06
grid-r035-c018,35,18,3.799999952316284,7.200000286102295,0.44999998807907104,-39.36368096625166,1.15779562293028e-06
grid-r035-c019,35,19,4.0,7.200000286102295,0.44999998807907104,-40.358189228771565,9.208334290633502e-07
grid-r035-c020,35,20,4.199999809265137,7.200000286102295,0.44999998807907104,-39.646876788849866,1.0847066960195662e-06
grid-r035-c021,35,21,4.400000095367432,7.200000286102295,0.44999998807907104,-39.59422893226632,1.0979362059515552e-06
grid-r035-c022,35,22,4.599999904632568,7.200000286102295,0.44999998807907104,-39.67736126218412,1.077119463843701e-06
grid-r035-c023,35,23,4.800000190734863,7.200000286102295,0.44999998807907104,-40.68531574883526,8.540207545593148e-07
grid-r035-c024,35,24,5.0,7.200000286102295,0.44999998807907104,-39.80202898083371,1.046639454216347e-06
grid-r035-c025,35,25,5.199999809265137,7.200000286102295,0.44999998807907104,-40.20712764876535,9.534265359434357e-07
grid-r035-c026,35,26,5.400000095367432,7.200000286102295,0.44999998807907104,-40.44431462423085,9.027521628013346e-07
grid-r035-c027,35,27,5.599999904632568,7.200000286102295,0.44999998807907104,-39.90406034705426,1.022336732603435e-06
grid-r035-c028,35,28,5.800000190734863,7.200000286102295,0.44999998807907104,-40.67285987892669,8.564736617699964e-07
grid-r035-c029,35,29,6.0,7.200000286102295,0.44999998807907104,-40.54138062535177,8.827992132864892e-07
grid-r035-c030,35,30,6.199999809265137,7.200000286102295,0.44999998807907104,-40.923434698109986,8.084562637122872e-07
grid-r035-c031,35,31,6.400000095367432,7.200000286102295,0.44999998807907104,-40.283359599697384,9.368370115225844e-07
grid-r035-c032,35,32,6.599999904632568,7.200000286102295,0.44999998807907104,-40.310023059419116,9.311029316450004e-07
grid-r035-c033,35,33,6.800000190734863,7.200000286102295,0.44999998807907104,-41.19671461744427,7.59151646434475e-07
grid-r035-c034,35,34,7.0,7.200000286102295,0.44999998807907104,-39.75737009911802,1.0574576663202606e-06
grid-r035-c035,35,35,7.199999809265137,7.200000286102295,0.44999998807907104,-40.5989441679783,8.711753594070615e-07
grid-r035-c036,35,36,7.400000095367432,7.200000286102295,0.44999998807907104,-40.37606371349963,9.170512953460275e-07
grid-r035-c037,35,37,7.599999904632568,7.200000286102295,0.44999998807907104,-40.02639568002472,9.939406027115183e-07
grid-r035-c038,35,38,7.800000190734863,7.200000286102295,0.44999998807907104,-39.87468990364494,1.0292740171280457e-06
grid-r035-c039,35,39,8.0,7.200000286102295,0.44999998807907104,-39.924843444679006,1.0174560429732082e-06
grid-r035-c040,35,40,8.199999809265137,7.200000286102295,0.44999998807907104,-40.07825786561578,9.821418416322558e-07
grid-r035-c041,35,41,8.399999618530273,7.200000286102295,0.44999998807907104,-40.12207140683664,9.722833738123882e-07
grid-r035-c042,35,42,8.600000381469727,7.200000286102295,0.44999998807907104,-40.538781011603156,8.833278002384759e-07
grid-r035-c043,35,43,8.800000190734863,7.200000286102295,0.44999998807907104,-40.67983275059744,8.550996426492929e-07
grid-r035-c044,35,44,9.0,7.200000286102295,0.44999998807907104,-42.19248826039896,6.036027002664923e-07
grid-r035-c045,35,45,9.199999809265137,7.200000286102295,0.44999998807907104,-41.08818029416788,7.783626188029302e-07
grid-r035-c046,35,46,9.399999618530273,7.200000286102295,0.44999998807907104,-40.73012287024906,8.452549309367896e-07
grid-r035-c047,35,47,9.600000381469727,7.200000286102295,0.44999998807907104,-40.84709007681131,8.227937655647111e-07
grid-r035-c048,35,48,9.800000190734863,7.200000286102295,0.44999998807907104,-40.927286347439804,8.077395818872901e-07
grid-r035-c049,35,49,10.0,7.200000286102295,0.44999998807907104,-42.323730549186386,5.856348934685229e-07
grid-r035-c050,35,50,10.200000762939453,7.200000286102295,0.44999998807907104,-40.950416327599406,8.034490974750952e-07
grid-r035-c051,35,51,10.399999618530273,7.200000286102295,0.44999998807907104,-40.85627909565342,8.210546980080835e-07
grid-r035-c052,35,52,10.600000381469727,7.200000286102295,0.44999998807907104,-42.01025525924717,6.294691843322653e-07
grid-r035-c053,35,53,10.800000190734863,7.200000286102295,0.44999998807907104,-41.411087948126564,7.225887657114072e-07
grid-r035-c054,35,54,11.0,7.200000286102295,0.44999998807907104,-43.58714208605787,4.378101152724412e-07
grid-r035-c055,35,55,11.200000762939453,7.200000286102295,0.44999998807907104,-41.49375419582456,7.089646487656864e-07
grid-r035-c056,35,56,11.399999618530273,7.200000286102295,0.44999998807907104,-40.94657113418472,8.041607770792325e-07
grid-r035-c057,35,57,11.600000381469727,7.200000286102295,0.44999998807907104,-40.26553144415678,9.406907111042528e-07
grid-r036-c000,36,0,0.19999980926513672,7.40000057220459,0.44999998807907104,-43.48742366736457,4.479789765809983e-07
grid-r036-c001,36,1,0.40000009536743164,7.40000057220459,0.44999998807907104,-75.89610366631776,2.5727028840627497e-10
grid-r036-c004,36,4,1.0,7.40000057220459,0.44999998807907104,-51.25153302387476,7.496295495457161e-08
grid-r036-c006,36,6,1.4000000953674316,7.40000057220459,0.44999998807907104,-78.60643002573632,1.37834202385001e-10
grid-r036-c008,36,8,1.799999713897705,7.40000057220459,0.44999998807907104,-78.37458358117551,1.4539237869204413e-10
grid-r036-c011,36,11,2.3999998569488525,7.40000057220459,0.44999998807907104,-67.66935059157548,1.710271035904043e-09
grid-r036-c015,36,15,3.200000047683716,7.40000057220459,0.44999998807907104,-77.95659146324267,1.6008139258616438e-10
grid-r036-c022,36,22,4.599999904632568,7.40000057220459,0.44999998807907104,-72.71921508163244,5.34660982154378e-10
grid-r036-c023,36,23,4.800000190734863,7.40000057220459,0.44999998807907104,-78.59335181570944,1.3824989764099627e-10
grid-r036-c027,36,27,5.599999904632568,7.40000057220459,0.44999998807907104,-50.86054606747058,8.202484025332524e-08
grid-r036-c028,36,28,5.800000190734863,7.40000057220459,0.44999998807907104,-40.233142641691124,9.477324169893109e-07
grid-r036-c029,36,29,6.0,7.40000057220459,0.44999998807907104,-40.497247399799356,8.918160006032849e-07
grid-r036-c030,36,30,6.199999809265137,7.40000057220459,0.44999998807907104,-40.89436905156561,8.138850944305887e-07
grid-r036-c031,36,31,6.400000095367432,7.40000057220459,0.44999998807907104,-39.72888705624052,1.0644157555361744e-06
grid-r036-c032,36,32,6.599999904632568,7.40000057220459,0.44999998807907104,-40.15272105744025,9.654457926444593e-07
grid-r036-c033,36,33,6.800000190734863,7.40000057220459,0.44999998807907104,-40.94343147355093,8.047423420975974e-07
grid-r036-c034,36,34,7.0,7.40000057220459,0.44999998807907104,-40.38221438207997,9.157534464065975e-07
grid-r036-c035,36,35,7.199999809265137,7.40000057220459,0.44999998807907104,-41.22388606402047,7.54416873860464e-07
grid-r036-c036,36,36,7.400000095367432,7.40000057220459,0.44999998807907104,-39.974616338714725,1.0058619182018447e-06
grid-r036-c037,36,37,7.599999904632568,7.40000057220459,0.44999998807907104,-40.462963652694185,8.988839681478566e-07
grid-r036-c038,36,38,7.800000190734863,7.40000057220459,0.44999998807907104,-39.93938397194291,1.0140552149096038e-06
grid-r036-c039,36,39,8.0,7.40000057220459,0.44999998807907104,-40.10484159802325,9.7614838523441e-07
grid-r036-c040,36,40,8.199999809265137,7.40000057220459,0.44999998807907104,-40.491973683326286,8.928996066970285e-07
grid-r036-c041,36,41,8.399999618530273,7.40000057220459,0.44999998807907104,-40.90084673419555,8.12672055872099e-07
grid-r036-c042,36,42,8.600000381469727,7.40000057220459,0.44999998807907104,-40.64497756626875,8.619900313533435e-07
grid-r036-c043,36,43,8.800000190734863,7.40000057220459,0.44999998807907104,-41.83146554884787,6.559238840964099e-07
grid-r036-c044,36,44,9.0,7.40000057220459,0.44999998807907104,-40.46563478071156,8.98331279586273e-07
grid-r036-c045,36,45,9.199999809265137,7.40000057220459,0.44999998807907104,-42.624509730709775,5.46448234217678e-07
grid-r036-c046,36,46,9.399999618530273,7.40000057220459,0.44999998807907104,-40.76417860062554,8.386526815229445e-07
grid-r036-c047,36,47,9.600000381469727,7.40000057220459,0.44999998807907104,-40.73349809517511,8.445982757621096e-07
grid-r036-c048,36,48,9.800000190734863,7.40000057220459,0.44999998807907104,-40.305146786574404,9.321489642388769e-07
grid-r036-c049,36,49,10.0,7.40000057220459,0.44999998807907104,-43.34674490402407,4.627277121471707e-07
grid-r036-c050,36,50,10.200000762939453,7.40000057220459,0.44999998807907104,-41.113101700702046,7.739088800917671e-07
grid-r036-c051,36,51,10.399999618530273,7.40000057220459,0.44999998807907104,-41.88991618858375,6.471551046161039e-07
grid-r036-c052,36,52,10.600000381469727,7.40000057220459,0.44999998807907104,-41.78830783783419,6.624745765293483e-07
grid-r036-c053,36,53,10.800000190734863,7.40000057220459,0.44999998807907104,-40.873823192965624,8.177445920409809e-07
grid-r036-c054,36,54,11.0,7.40000057220459,0.44999998807907104,-40.78932564454884,8.338106454175431e-07
grid-r036-c055,36,55,11.200000762939453,7.40000057220459,0.44999998807907104,-42.11955773325301,6.138245112197183e-07
grid-r036-c056,36,56,11.399999618530273,7.40000057220459,0.44999998807907104,-41.59291913462194,6.929598725946562e-07
grid-r036-c057,36,57,11.600000381469727,7.40000057220459,0.44999998807907104,-42.37203890211865,5.791567332380509e-07
grid-r037-c000,37,0,0.19999980926513672,7.600000381469727,0.44999998807907104,-46.418484309380645,2.281138051785092e-07
grid-r037-c028,37,28,5.800000190734863,7.600000381469727,0.44999998807907104,-42.571026704538816,5.532193085855397e-07
grid-r037-c029,37,29,6.0,7.600000381469727,0.44999998807907104,-41.976108254404096,6.344379812617262e-07
grid-r037-c030,37,30,6.199999809265137,7.600000381469727,0.44999998807907104,-40.44786560396601,9.020143352245213e-07
grid-r037-c031,37,31,6.400000095367432,7.600000381469727,0.44999998807907104,-41.46555224469434,7.135834607652214e-07
grid-r037-c032,37,32,6.599999904632568,7.600000381469727,0.44999998807907104,-41.13246912881664,7.704653057771793e-07
grid-r037-c033,37,33,6.800000190734863,7.600000381469727,0.44999998807907104,-40.20181331867363,9.545939292365802e-07
grid-r037-c034,37,34,7.0,7.600000381469727,0.44999998807907104,-41.21942003549782,7.551930707450083e-07
grid-r037-c035,37,35,7.199999809265137,7.600000381469727,0.44999998807907104,-42.120418081100865,6.13702923146775e-07
grid-r037-c036,37,36,7.400000095367432,7.600000381469727,0.44999998807907104,-44.359267407646556,3.6649939261224063e-07
grid-r037-c037,37,37,7.599999904632568,7.600000381469727,0.44999998807907104,-43.15121539205606,4.840368887926161e-07
grid-r037-c038,37,38,7.800000190734863,7.600000381469727,0.44999998807907104,-43.97684817249046,4.0023510905484727e-07
grid-r037-c039,37,39,8.0,7.600000381469727,0.44999998807907104,-42.909847566568935,5.116997954246472e-07
grid-r037-c040,37,40,8.199999809265137,7.600000381469727,0.44999998807907104,-43.52002802671399,4.446283980996668e-07
grid-r037-c041,37,41,8.399999618530273,7.600000381469727,0.44999998807907104,-41.01623638920701,7.913641297818685e-07
grid-r037-c042,37,42,8.600000381469727,7.600000381469727,0.44999998807907104,-41.3819334749541,7.274558697645261e-07
grid-r037-c043,37,43,8.800000190734863,7.600000381469727,0.44999998807907104,-40.81274519009604,8.293263817904517e-07
grid-r037-c044,37,44,9.0,7.600000381469727,0.44999998807907104,-41.17721394938741,7.625680495948473e-07
grid-r037-c045,37,45,9.199999809265137,7.600000381469727,0.44999998807907104,-42.51804487006147,5.600096528723952e-07
grid-r037-c046,37,46,9.399999618530273,7.600000381469727,0.44999998807907104,-40.750667211071,8.412658871748135e-07
grid-r037-c047,37,47,9.600000381469727,7.600000381469727,0.44999998807907104,-40.63140744100619,8.646876494822209e-07
grid-r037-c048,37,48,9.800000190734863,7.600000381469727,0.44999998807907104,-41.58399850838776,6.943847097318212e-07
grid-r037-c049,37,49,10.0,7.600000381469727,0.44999998807907104,-42.52961878386438,5.585192184298648e-07
grid-r037-c050,37,50,10.200000762939453,7.600000381469727,0.44999998807907104,-39.78736772579228,1.0501787528482964e-06
grid-r037-c051,37,51,10.399999618530273,7.600000381469727,0.44999998807907104,-44.33603144577671,3.684655212055077e-07
grid-r037-c052,37,52,10.600000381469727,7.600000381469727,0.44999998807907104,-41.336651957847515,7.350803343797452e-07
grid-r037-c053,37,53,10.800000190734863,7.600000381469727,0.44999998807907104,-42.777791804974356,5.274980026115372e-07
grid-r037-c054,37,54,11.0,7.600000381469727,0.44999998807907104,-40.780030653442445,8.355971203855006e-07
grid-r037-c055,37,55,11.200000762939453,7.600000381469727,0.44999998807907104,-41.17544187718158,7.628792673131102e-07
grid-r037-c056,37,56,11.399999618530273,7.600000381469727,0.44999998807907104,-40.26548499384959,9.407007723893912e-07
grid-r037-c057,37,57,11.600000381469727,7.600000381469727,0.44999998807907104,-42.87883448510535,5.153669349056145e-07
grid-r038-c000,38,0,0.19999980926513672,7.8000006675720215,0.44999998807907104,-46.83795790715463,2.0711149772978388e-07
grid-r038-c027,38,27,5.599999904632568,7.8000006675720215,0.44999998807907104,-50.55580275828041,8.79872459336184e-08
grid-r038-c028,38,28,5.800000190734863,7.8000006675720215,0.44999998807907104,-46.1408730278458,2.4317151314789953e-07
grid-r038-c029,38,29,6.0,7.8000006675720215,0.44999998807907104,-41.11977910844158,7.727198862994555e-07
grid-r038-c030,38,30,6.199999809265137,7.8000006675720215,0.44999998807907104,-40.92254100993986,8.086226443992928e-07
grid-r038-c031,38,31,6.400000095367432,7.8000006675720215,0.44999998807907104,-41.2405823044767,7.515221227549773e-07
grid-r038-c032,38,32,6.599999904632568,7.8000006675720215,0.44999998807907104,-41.86361834194125,6.510857133434911e-07
grid-r038-c033,38,33,6.800000190734863,7.8000006675720215,0.44999998807907104,-40.2725038341221,9.39181688863755e-07
grid-r038-c034,38,34,7.0,7.8000006675720215,0.44999998807907104,-41.263636733515774,7.475432539649773e-07
grid-r038-c035,38,35,7.199999809265137,7.8000006675720215,0.44999998807907104,-49.79589245890878,1.0481193868372429e-07
grid-r038-c040,38,40,8.199999809265137,7.8000006675720215,0.44999998807907104,-51.20902892215919,7.57002140971963e-08
grid-r038-c041,38,41,8.399999618530273,7.8000006675720215,0.44999998807907104,-43.862346156266334,4.10927668781369e-07
grid-r038-c042,38,42,8.600000381469727,7.8000006675720215,0.44999998807907104,-40.439839821019206,9.036828032549238e-07
grid-r038-c043,38,43,8.800000190734863,7.8000006675720215,0.44999998807907104,-41.170447070103656,7.637571570739965e-07
grid-r038-c044,38,44,9.0,7.8000006675720215,0.44999998807907104,-40.79900702119535,8.319539688272926e-07
grid-r038-c045,38,45,9.199999809265137,7.8000006675720215,0.44999998807907104,-41.89370045617717,6.465914452746802e-07
grid-r038-c046,38,46,9.399999618530273,7.8000006675720215,0.44999998807907104,-42.02516381517207,6.273120334299165e-07
grid-r038-c047,38,47,9.600000381469727,7.8000006675720215,0.44999998807907104,-40.184944387026945,9.583089877196471e-07
grid-r038-c048,38,48,9.800000190734863,7.8000006675720215,0.44999998807907104,-40.81330723253909,8.292190614156425e-07
grid-r038-c049,38,49,10.0,7.8000006675720215,0.44999998807907104,-41.41056014082966,7.226765887935471e-07
grid-r038-c050,38,50,10.200000762939453,7.8000006675720215,0.44999998807907104,-41.23059651551038,7.532520953645871e-07
grid-r038-c051,38,51,10.399999618530273,7.8000006675720215,0.44999998807907104,-41.579309950326746,6.951347586436896e-07
grid-r038-c052,38,52,10.600000381469727,7.8000006675720215,0.44999998807907104,-39.984401323903604,1.0035981858891319e-06
grid-r038-c053,38,53,10.800000190734863,7.8000006675720215,0.44999998807907104,-43.46545388441743,4.502509227677365e-07
grid-r038-c054,38,54,11.0,7.8000006675720215,0.44999998807907104,-40.93086550322781,8.070741728261055e-07
grid-r038-c055,38,55,11.200000762939453,7.8000006675720215,0.44999998807907104,-43.0420971291899,4.963525839229987e-07
grid-r038-c056,38,56,11.399999618530273,7.8000006675720215,0.44999998807907104,-41.81492378916516,6.584269840459456e-07
grid-r038-c057,38,57,11.600000381469727,7.8000006675720215,0.44999998807907104,-39.89099694769532,1.0254165090373135e-06
grid-r039-c000,39,0,0.19999980926513672,8.000000953674316,0.44999998807907104,-46.59767041590567,2.1889354684390128e-07
grid-r039-c028,39,28,5.800000190734863,8.000000953674316,0.44999998807907104,-61.288827826502356,7.432197079992875e-09
grid-r039-c029,39,29,6.0,8.000000953674316,0.44999998807907104,-41.54404990242903,7.008014790699235e-07
grid-r039-c030,39,30,6.199999809265137,8.000000953674316,0.44999998807907104,-40.73388276616433,8.445234698228887e-07
grid-r039-c031,39,31,6.400000095367432,8.000000953674316,0.44999998807907104,-40.83460762849428,8.251620329247089e-07
grid-r039-c032,39,32,6.599999904632568,8.000000953674316,0.44999998807907104,-40.67799353949256,8.55461848914274e-07
grid-r039-c033,39,33,6.800000190734863,8.000000953674316,0.44999998807907104,-43.057505407329444,4.945947011947283e-07
grid-r039-c034,39,34,7.0,8.000000953674316,0.44999998807907104,-39.678312515726006,1.0768835636554286e-06
grid-r039-c035,39,35,7.199999809265137,8.000000953674316,0.44999998807907104,-47.783884574872374,1.6657565993227763e-07
grid-r039-c040,39,40,8.199999809265137,8.000000953674316,0.44999998807907104,-70.72771121458983,8.457244349280302e-10
grid-r039-c041,39,41,8.399999618530273,8.000000953674316,0.44999998807907104,-51.051782192225204,7.849134675552705e-08
grid-r039-c042,39,42,8.600000381469727,8.000000953674316,0.44999998807907104,-43.64587254701868,4.319293793741963e-07
grid-r039-c043,39,43,8.800000190734863,8.000000953674316,0.44999998807907104,-41.24649850324062,7.504990549023205e-07
grid-r039-c044,39,44,9.0,8.000000953674316,0.44999998807907104,-40.69632052356886,8.518594540873892e-07
grid-r039-c045,39,45,9.199999809265137,8.000000953674316,0.44999998807907104,-40.844556710958514,8.232738650804095e-07
grid-r039-c046,39,46,9.399999618530273,8.000000953674316,0.44999998807907104,-41.86301323941258,6.511764354399929e-07
grid-r039-c047,39,47,9.600000381469727,8.000000953674316,0.44999998807907104,-41.47283655338561,7.123875889192277e-07
grid-r039-c048,39,48,9.800000190734863,8.000000953674316,0.44999998807907104,-42.84624902241924,5.192483172322682e-07
grid-r039-c049,39,49,10.0,8.000000953674316,0.44999998807907104,-40.995322697699244,7.951841780595714e-07
grid-r039-c050,39,50,10.200000762939453,8.000000953674316,0.44999998807907104,-41.204887475557975,7.577243650302989e-07
grid-r039-c051,39,51,10.399999618530273,8.000000953674316,0.44999998807907104,-43.293395261803866,4.684470127358509e-07
grid-r039-c052,39,52,10.600000381469727,8.000000953674316,0.44999998807907104,-41.65042449223618,6.838448030066502e-07
grid-r039-c053,39,53,10.800000190734863,8.000000953674316,0.44999998807907104,-40.57512323109731,8.759668617130956e-07
grid-r039-c054,39,54,11.0,8.000000953674316,0.44999998807907104,-42.72609633520765,5.338145001587691e-07
grid-r039-c055,39,55,11.200000762939453,8.000000953674316,0.44999998807907104,-40.42835442781572,9.060758543455449e-07
grid-r039-c056,39,56,11.399999618530273,8.000000953674316,0.44999998807907104,-42.33840462835923,5.836594709762721e-07
grid-r039-c057,39,57,11.600000381469727,8.000000953674316,0.44999998807907104,-41.60323166156151,6.913163588251336e-07
grid-r040-c000,40,0,0.19999980926513672,8.200000762939453,0.44999998807907104,-46.3589493597207,2.3126241899262823e-07
grid-r040-c027,40,27,5.599999904632568,8.200000762939453,0.44999998807907104,-67.44806058757203,1.7996744094972428e-09
grid-r040-c028,40,28,5.800000190734863,8.200000762939453,0.44999998807907104,-50.43886939013444,9.038847537112815e-08
grid-r040-c029,40,29,6.0,8.200000762939453,0.44999998807907104,-46.10083037067203,2.454239620419685e-07
grid-r040-c030,40,30,6.199999809265137,8.200000762939453,0.44999998807907104,-42.413841827962486,5.736088155572361e-07
grid-r040-c031,40,31,6.400000095367432,8.200000762939453,0.44999998807907104,-41.975810982529076,6.344814096337359e-07
grid-r040-c032,40,32,6.599999904632568,8.200000762939453,0.44999998807907104,-41.68694473285389,6.781183969906124e-07
grid-r040-c033,40,33,6.800000190734863,8.200000762939453,0.44999998807907104,-40.203679334270284,9.541838608129183e-07
grid-r040-c034,40,34,7.0,8.200000762939453,0.44999998807907104,-41.09822980453338,7.765635814394045e-07
grid-r040-c035,40,35,7.199999809265137,8.200000762939453,0.44999998807907104,-46.82323749077953,2.0781469345365622e-07
grid-r040-c041,40,41,8.399999618530273,8.200000762939453,0.44999998807907104,-50.900153579519426,8.128017725539394e-08
grid-r040-c042,40,42,8.600000381469727,8.200000762939453,0.44999998807907104,-45.14111278534014,3.0611789725298877e-07
grid-r040-c043,40,43,8.800000190734863,8.200000762939453,0.44999998807907104,-43.460361343327385,4.507791970809194e-07
grid-r040-c044,40,44,9.0,8.200000762939453,0.44999998807907104,-41.259764758249645,7.482100272682146e-07
grid-r040-c045,40,45,9.199999809265137,8.200000762939453,0.44999998807907104,-41.57725561560917,6.954636546652182e-07
grid-r040-c046,40,46,9.399999618530273,8.200000762939453,0.44999998807907104,-42.482906194057136,5.645590590575011e-07
grid-r040-c047,40,47,9.600000381469727,8.200000762939453,0.44999998807907104,-41.092069819553004,7.776658321745344e-07
grid-r040-c048,40,48,9.800000190734863,8.200000762939453,0.44999998807907104,-42.32997718601203,5.847931561220321e-07
grid-r040-c049,40,49,10.0,8.200000762939453,0.44999998807907104,-41.1308981029965,7.707440659032727e-07
grid-r040-c050,40,50,10.200000762939453,8.200000762939453,0.44999998807907104,-41.269206148847495,7.465852149834973e-07
grid-r040-c051,40,51,10.399999618530273,8.200000762939453,0.44999998807907104,-41.61400831822159,6.8960304133725e-07
grid-r040-c052,40,52,10.600000381469727,8.200000762939453,0.44999998807907104,-41.94511113836283,6.389823852259724e-07
grid-r040-c053,40,53,10.800000190734863,8.200000762939453,0.44999998807907104,-40.82593423736842,8.268116289400496e-07
grid-r040-c054,40,54,11.0,8.200000762939453,0.44999998807907104,-41.7916543609289,6.619642931582348e-07
grid-r040-c055,40,55,11.200000762939453,8.200000762939453,0.44999998807907104,-40.65347828923731,8.60304453453864e-07
grid-r040-c056,40,56,11.399999618530273,8.200000762939453,0.44999998807907104,-43.837147341779556,4.133189008825866e-07
grid-r040-c057,40,57,11.600000381469727,8.200000762939453,0.44999998807907104,-42.99432248364414,5.018428623770887e-07
grid-r041-c000,41,0,0.19999980926513672,8.40000057220459,0.44999998807907104,-52.1526506791903,6.091649851214243e-08
grid-r041-c028,41,28,5.800000190734863,8.40000057220459,0.44999998807907104,-67.35535417200084,1.8385040156942978e-09
grid-r041-c029,41,29,6.0,8.40000057220459,0.44999998807907104,-47.798195876966304,1.660276467418953e-07
grid-r041-c030,41,30,6.199999809265137,8.40000057220459,0.44999998807907104,-41.05720870150461,7.839333306947083e-07
grid-r041-c031,41,31,6.400000095367432,8.40000057220459,0.44999998807907104,-42.64081796519906,5.444001089927042e-07
grid-r041-c032,41,32,6.599999904632568,8.40000057220459,0.44999998807907104,-42.08924649524219,6.1812363583158e-07
grid-r041-c033,41,33,6.800000190734863,8.40000057220459,0.44999998807907104,-41.27452050222135,7.45672195989755e-07
grid-r041-c034,41,34,7.0,8.40000057220459,0.44999998807907104,-40.23136208701037,9.481210554440622e-07
grid-r041-c035,41,35,7.199999809265137,8.40000057220459,0.44999998807907104,-46.41688319918265,2.281979192275685e-07
grid-r041-c040,41,40,8.199999809265137,8.40000057220459,0.44999998807907104,-50.918996082951594,8.092829517636346e-08
grid-r041-c041,41,41,8.399999618530273,8.40000057220459,0.44999998807907104,-50.82310098393796,8.27351200882731e-08
grid-r041-c042,41,42,8.600000381469727,8.40000057220459,0.44999998807907104,-50.99061892378516,7.960458958677918e-08
grid-r041-c043,41,43,8.800000190734863,8.40000057220459,0.44999998807907104,-43.34080251776227,4.6336128889379324e-07
grid-r041-c044,41,44,9.0,8.40000057220459,0.44999998807907104,-43.230247078979,4.75308183922607e-07
grid-r041-c045,41,45,9.199999809265137,8.40000057220459,0.44999998807907104,-40.79846492464149,8.320578217535513e-07
grid-r041-c046,41,46,9.399999618530273,8.40000057220459,0.44999998807907104,-42.06293198020143,6.218803036972531e-07
grid-r041-c047,41,47,9.600000381469727,8.40000057220459,0.44999998807907104,-40.71860807910666,8.474989954265766e-07
grid-r041-c048,41,48,9.800000190734863,8.40000057220459,0.44999998807907104,-42.449829273904655,5.6887529353844e-07
grid-r041-c049,41,49,10.0,8.40000057220459,0.44999998807907104,-40.60380021626334,8.702018021722324e-07
grid-r041-c050,41,50,10.200000762939453,8.40000057220459,0.44999998807907104,-44.17158993636416,3.826846182164445e-07
grid-r041-c051,41,51,10.399999618530273,8.40000057220459,0.44999998807907104,-39.53587777589374,1.112787458623643e-06
grid-r041-c052,41,52,10.600000381469727,8.40000057220459,0.44999998807907104,-43.24061389694628,4.741749535241979e-07
grid-r041-c053,41,53,10.800000190734863,8.40000057220459,0.44999998807907104,-40.71855419082393,8.475095114590658e-07
grid-r041-c054,41,54,11.0,8.40000057220459,0.44999998807907104,-43.0956453231346,4.902701675746357e-07
grid-r041-c055,41,55,11.200000762939453,8.40000057220459,0.44999998807907104,-41.73140375253929,6.712118647556053e-07
grid-r041-c056,41,56,11.399999618530273,8.40000057220459,0.44999998807907104,-40.477802131036825,8.958180046647612e-07
grid-r041-c057,41,57,11.600000381469727,8.40000057220459,0.44999998807907104,-41.47480636321491,7.120645477698417e-07
grid-r042-c001,42,1,0.40000009536743164,8.600000381469727,0.44999998807907104,-51.92207738036201,6.423803711186338e-08
grid-r042-c029,42,29,6.0,8.600000381469727,0.44999998807907104,-52.17862456762796,6.05532619601945e-08
grid-r042-c030,42,30,6.199999809265137,8.600000381469727,0.44999998807907104,-43.873989107852196,4.098274928310275e-07
grid-r042-c031,42,31,6.400000095367432,8.600000381469727,0.44999998807907104,-42.47098495025111,5.661108843924012e-07
grid-r042-c032,42,32,6.599999904632568,8.600000381469727,0.44999998807907104,-41.93294903506667,6.407743171621405e-07
grid-r042-c033,42,33,6.800000190734863,8.600000381469727,0.44999998807907104,-40.75304655259676,8.408051144215278e-07
grid-r042-c034,42,34,7.0,8.600000381469727,0.44999998807907104,-40.10419826832258,9.762929948919918e-07
grid-r042-c035,42,35,7.199999809265137,8.600000381469727,0.44999998807907104,-47.06605794308393,1.965143212601106e-07
grid-r042-c040,42,40,8.199999809265137,8.600000381469727,0.44999998807907104,-70.03806938170486,9.912725085214902e-10
grid-r042-c041,42,41,8.399999618530273,8.600000381469727,0.44999998807907104,-50.697835348604215,8.515623761695679e-08
grid-r042-c042,42,42,8.600000381469727,8.600000381469727,0.44999998807907104,-47.84987744170937,1.6406360714427137e-07
grid-r042-c043,42,43,8.800000190734863,8.600000381469727,0.44999998807907104,-50.79301204445612,8.331031864372562e-08
grid-r042-c044,42,44,9.0,8.600000381469727,0.44999998807907104,-44.151953202147936,3.844188540824689e-07
grid-r042-c045,42,45,9.199999809265137,8.600000381469727,0.44999998807907104,-41.21145604001657,7.565791975139291e-07
grid-r042-c046,42,46,9.399999618530273,8.600000381469727,0.44999998807907104,-44.602534786495795,3.465345344011439e-07
grid-r042-c047,42,47,9.600000381469727,8.600000381469727,0.44999998807907104,-40.75495337347191,8.404360301028646e-07
grid-r042-c048,42,48,9.800000190734863,8.600000381469727,0.44999998807907104,-43.258921197161825,4.7218031795637216e-07
grid-r042-c049,42,49,10.0,8.600000381469727,0.44999998807907104,-40.746012099422074,8.421681059189723e-07
grid-r042-c050,42,50,10.200000762939453,8.600000381469727,0.44999998807907104,-41.948031344889756,6.385528763530601e-07
grid-r042-c051,42,51,10.399999618530273,8.600000381469727,0.44999998807907104,-41.13845377675791,7.694043233641423e-07
grid-r042-c052,42,52,10.600000381469727,8.600000381469727,0.44999998807907104,-41.391794522142675,7.258059895320912e-07
grid-r042-c053,42,53,10.800000190734863,8.600000381469727,0.44999998807907104,-41.683940553650594,6.785876394133084e-07
grid-r042-c054,42,54,11.0,8.600000381469727,0.44999998807907104,-40.526101045288186,8.859105946612544e-07
grid-r042-c055,42,55,11.200000762939453,8.600000381469727,0.44999998807907104,-43.780228021380566,4.187715774151002e-07
grid-r042-c056,42,56,11.399999618530273,8.600000381469727,0.44999998807907104,-41.065748612900336,7.823933287909313e-07
grid-r042-c057,42,57,11.600000381469727,8.600000381469727,0.44999998807907104,-41.34427578483552,7.337910687965632e-07
grid-r043-c001,43,1,0.40000009536743164,8.800000190734863,0.44999998807907104,-74.61367438450483,3.45646816723999e-10
grid-r043-c030,43,30,6.199999809265137,8.800000190734863,0.44999998807907104,-44.33528681688702,3.6852870266557147e-07
grid-r043-c031,43,31,6.400000095367432,8.800000190734863,0.44999998807907104,-41.07834574635223,7.801272090546263e-07
grid-r043-c032,43,32,6.599999904632568,8.800000190734863,0.44999998807907104,-40.537497573657944,8.835888820613036e-07
grid-r043-c033,43,33,6.800000190734863,8.800000190734863,0.44999998807907104,-40.94736538515888,8.040137231546396e-07
grid-r043-c034,43,34,7.0,8.800000190734863,0.44999998807907104,-40.84175541234424,8.238050668296637e-07
grid-r043-c035,43,35,7.199999809265137,8.800000190734863,0.44999998807907104,-47.04327102719111,1.975481183080774e-07
grid-r043-c040,43,40,8.199999809265137,8.800000190734863,0.44999998807907104,-50.72780217235855,8.457067224298953e-08
grid-r043-c041,43,41,8.399999618530273,8.800000190734863,0.44999998807907104,-50.62367971253042,8.662276229642885e-08
grid-r043-c042,43,42,8.600000381469727,8.800000190734863,0.44999998807907104,-63.07262518546169,4.9287578463008686e-09
grid-r043-c043,43,43,8.800000190734863,8.800000190734863,0.44999998807907104,-50.65930549850373,8.591509015332122e-08
grid-r043-c044,43,44,9.0,8.800000190734863,0.44999998807907104,-48.657276972900135,1.3622985761685413e-07
grid-r043-c045,43,45,9.199999809265137,8.800000190734863,0.44999998807907104,-41.43255994493654,7.190250244093477e-07
grid-r043-c046,43,46,9.399999618530273,8.800000190734863,0.44999998807907104,-43.32457759716476,4.6509561002494593e-07
grid-r043-c047,43,47,9.600000381469727,8.800000190734863,0.44999998807907104,-41.80050709289132,6.606163083233696e-07
grid-r043-c048,43,48,9.800000190734863,8.800000190734863,0.44999998807907104,-42.69371749994544,5.378092282626312e-07
grid-r043-c049,43,49,10.0,8.800000190734863,0.44999998807907104,-41.7721803056548,6.64939250327734e-07
grid-r043-c050,43,50,10.200000762939453,8.800000190734863,0.44999998807907104,-42.49989122296691,5.623554102385242e-07
grid-r043-c051,43,51,10.399999618530273,8.800000190734863,0.44999998807907104,-40.70460826736322,8.50235380767117e-07
grid-r043-c052,43,52,10.600000381469727,8.800000190734863,0.44999998807907104,-42.94673922878652,5.073715101389098e-07
grid-r043-c053,43,53,10.800000190734863,8.800000190734863,0.44999998807907104,-41.16199738370848,7.652445788153273e-07
grid-r043-c054,43,54,11.0,8.800000190734863,0.44999998807907104,-42.62760137584279,5.460593683892512e-07
grid-r043-c055,43,55,11.200000762939453,8.800000190734863,0.44999998807907104,-41.42172574032129,7.208209922282549e-07
grid-r043-c056,43,56,11.399999618530273,8.800000190734863,0.44999998807907104,-42.95932535218293,5.059032446297351e-07
grid-r043-c057,43,57,11.600000381469727,8.800000190734863,0.44999998807907104,-42.41406390798381,5.735794843531039e-07
grid-r044-c001,44,1,0.40000009536743164,9.000000953674316,0.44999998807907104,-80.25335268833169,9.433323566732099e-11
grid-r044-c002,44,2,0.5999999046325684,9.000000953674316,0.44999998807907104,-51.48974659358835,7.096191723121592e-08
grid-r044-c030,44,30,6.199999809265137,9.000000953674316,0.44999998807907104,-47.98336655382481,1.590974960663516e-07
grid-r044-c031,44,31,6.400000095367432,9.000000953674316,0.44999998807907104,-42.032777078952215,6.262133069867559e-07
grid-r044-c032,44,32,6.599999904632568,9.000000953674316,0.44999998807907104,-41.576756558287826,6.955435765121365e-07
grid-r044-c033,44,33,6.800000190734863,9.000000953674316,0.44999998807907104,-40.749862064269024,8.414218655161676e-07
grid-r044-c034,44,34,7.0,9.000000953674316,0.44999998807907104,-41.22546261703783,7.541430591118115e-07
grid-r044-c035,44,35,7.199999809265137,9.000000953674316,0.44999998807907104,-48.71017989813352,1.345804605534795e-07
grid-r044-c040,44,40,8.199999809265137,9.000000953674316,0.44999998807907104,-66.42205982461098,2.2792607801136455e-09
grid-r044-c041,44,41,8.399999618530273,9.000000953674316,0.44999998807907104,-50.44840178606104,9.01902978966973e-08
grid-r044-c042,44,42,8.600000381469727,9.000000953674316,0.44999998807907104,-50.62157164063437,8.666481932095849e-08
grid-r044-c043,44,43,8.800000190734863,9.000000953674316,0.44999998807907104,-50.62558815236605,8.658470562750153e-08
grid-r044-c044,44,44,9.0,9.000000953674316,0.44999998807907104,-50.69731718347997,8.516639837807816e-08
grid-r044-c045,44,45,9.199999809265137,9.000000953674316,0.44999998807907104,-48.51686045940997,1.4070643317154463e-07
grid-r044-c046,44,46,9.399999618530273,9.000000953674316,0.44999998807907104,-40.593655676340994,8.722368534108682e-07
grid-r044-c047,44,47,9.600000381469727,9.000000953674316,0.44999998807907104,-43.922787671201206,4.0524832911614794e-07
grid-r044-c048,44,48,9.800000190734863,9.000000953674316,0.44999998807907104,-43.41795934557973,4.5520189928538457e-07
grid-r044-c049,44,49,10.0,9.000000953674316,0.44999998807907104,-40.74616775619266,8.421379220635572e-07
grid-r044-c050,44,50,10.200000762939453,9.000000953674316,0.44999998807907104,-43.28273728916387,4.695980351243634e-07
grid-r044-c051,44,51,10.399999618530273,9.000000953674316,0.44999998807907104,-41.10988462018737,7.744823733446538e-07
grid-r044-c052,44,52,10.600000381469727,9.000000953674316,0.44999998807907104,-42.2028484790852,6.02164504925895e-07
grid-r044-c053,44,53,10.800000190734863,9.000000953674316,0.44999998807907104,-44.5282561730223,3.525123872805125e-07
grid-r044-c054,44,54,11.0,9.000000953674316,0.44999998807907104,-40.46171065957819,8.991433446681185e-07
grid-r044-c055,44,55,11.200000762939453,9.000000953674316,0.44999998807907104,-44.37920096455687,3.6482106224866584e-07
grid-r044-c056,44,56,11.399999618530273,9.000000953674316,0.44999998807907104,-43.27269908638851,4.7068471076272544e-07
grid-r044-c057,44,57,11.600000381469727,9.000000953674316,0.44999998807907104,-40.81296696192717,8.292840334434004e-07
grid-r045-c030,45,30,6.199999809265137,9.200000762939453,0.44999998807907104,-47.512707393033125,1.7730837953422451e-07
grid-r045-c031,45,31,6.400000095367432,9.200000762939453,0.44999998807907104,-43.209807083778735,4.775504862664093e-07
grid-r045-c032,45,32,6.599999904632568,9.200000762939453,0.44999998807907104,-40.652342386786955,8.605294965491339e-07
grid-r045-c033,45,33,6.800000190734863,9.200000762939453,0.44999998807907104,-41.11942514005623,7.727828688075533e-07
grid-r045-c034,45,34,7.0,9.200000762939453,0.44999998807907104,-41.71117517740481,6.74345528750564e-07
grid-r045-c035,45,35,7.199999809265137,9.200000762939453,0.44999998807907104,-46.70882087346163,2.1336241218250507e-07
grid-r045-c040,45,40,8.199999809265137,9.200000762939453,0.44999998807907104,-50.54386609637018,8.822941310882015e-08
grid-r045-c041,45,41,8.399999618530273,9.200000762939453,0.44999998807907104,-63.3284894020813,4.646768747562646e-09
grid-r045-c042,45,42,8.600000381469727,9.200000762939453,0.44999998807907104,-50.44647078689407,9.023040803413096e-08
grid-r045-c043,45,43,8.800000190734863,9.200000762939453,0.44999998807907104,-50.45437775634964,9.006627976759773e-08
grid-r045-c044,45,44,9.0,9.200000762939453,0.44999998807907104,-50.52734655533557,8.856565614223655e-08
grid-r045-c045,45,45,9.199999809265137,9.200000762939453,0.44999998807907104,-48.52997178625152,1.4028228179086e-07
grid-r045-c046,45,46,9.399999618530273,9.200000762939453,0.44999998807907104,-43.689499632833375,4.2761215013342735e-07
grid-r045-c047,45,47,9.600000381469727,9.200000762939453,0.44999998807907104,-42.98544252732357,5.028700229559036e-07
grid-r045-c048,45,48,9.800000190734863,9.200000762939453,0.44999998807907104,-42.484353379701886,5.643709641844907e-07
grid-r045-c049,45,49,10.0,9.200000762939453,0.44999998807907104,-41.832612112798515,6.557507390425599e-07
grid-r045-c050,45,50,10.200000762939453,9.200000762939453,0.44999998807907104,-42.30032707791825,5.887993097530853e-07
grid-r045-c051,45,51,10.399999618530273,9.200000762939453,0.44999998807907104,-41.01531373242791,7.915322726148588e-07
grid-r045-c052,45,52,10.600000381469727,9.200000762939453,0.44999998807907104,-43.66931367187131,4.2960431301253266e-07
grid-r045-c053,45,53,10.800000190734863,9.200000762939453,0.44999998807907104,-41.86280397545205,6.512078130072041e-07
grid-r045-c054,45,54,11.0,9.200000762939453,0.44999998807907104,-41.96620690563128,6.358860673572053e-07
grid-r045-c055,45,55,11.200000762939453,9.200000762939453,0.44999998807907104,-41.215881872530545,7.558085712844331e-07
grid-r045-c056,45,56,11.399999618530273,9.200000762939453,0.44999998807907104,-40.77759071883412,8.360667038687097e-07
grid-r045-c057,45,57,11.600000381469727,9.200000762939453,0.44999998807907104,-41.95866090652199,6.369918992277235e-07
grid-r046-c030,46,30,6.199999809265137,9.40000057220459,0.44999998807907104,-51.29641246764214,7.41922860925115e-08
grid-r046-c031,46,31,6.400000095367432,9.40000057220459,0.44999998807907104,-42.17308376308185,6.063056616767426e-07
grid-r046-c032,46,32,6.599999904632568,9.40000057220459,0.44999998807907104,-41.444071481029326,7.171216793722124e-07
grid-r046-c033,46,33,6.800000190734863,9.40000057220459,0.44999998807907104,-41.170505898029795,7.637468115717638e-07
grid-r046-c034,46,34,7.0,9.40000057220459,0.44999998807907104,-40.891561213907025,8.144114644892397e-07
grid-r046-c035,46,35,7.199999809265137,9.40000057220459,0.44999998807907104,-48.42051387032812,1.4386283453404758e-07
grid-r046-c040,46,40,8.199999809265137,9.40000057220459,0.44999998807907104,-68.97728960071842,1.2655259062910318e-09
grid-r046-c041,46,41,8.399999618530273,9.40000057220459,0.44999998807907104,-50.363670940385475,9.196718764314937e-08
grid-r046-c042,46,42,8.600000381469727,9.40000057220459,0.44999998807907104,-50.261386267528664,9.415889934416555e-08
grid-r046-c043,46,43,8.800000190734863,9.40000057220459,0.44999998807907104,-63.55786223849779,4.407717746346407e-09
grid-r046-c044,46,44,9.0,9.40000057220459,0.44999998807907104,-50.44828956278921,9.01926284768706e-08
grid-r046-c045,46,45,9.199999809265137,9.40000057220459,0.44999998807907104,-50.458456159555624,8.9981739392897e-08
grid-r046-c046,46,46,9.399999618530273,9.40000057220459,0.44999998807907104,-48.26952052719352,1.4895255162628018e-07
grid-r046-c047,46,47,9.600000381469727,9.40000057220459,0.44999998807907104,-44.12431342143309,3.8687321080033144e-07
grid-r046-c048,46,48,9.800000190734863,9.40000057220459,0.44999998807907104,-44.72489681443972,3.369072203440737e-07
grid-r046-c049,46,49,10.0,9.40000057220459,0.44999998807907104,-40.14072775261546,9.681156143415137e-07
grid-r046-c050,46,50,10.200000762939453,9.40000057220459,0.44999998807907104,-44.605722121314045,3.4628030221028894e-07
grid-r046-c051,46,51,10.399999618530273,9.40000057220459,0.44999998807907104,-42.12376496267062,6.132301564321097e-07
grid-r046-c052,46,52,10.600000381469727,9.40000057220459,0.44999998807907104,-42.53353538044358,5.580157562690147e-07
grid-r046-c053,46,53,10.800000190734863,9.40000057220459,0.44999998807907104,-43.62950461076018,4.335603307481506e-07
grid-r046-c054,46,54,11.0,9.40000057220459,0.44999998807907104,-42.842076249740856,5.197474592932849e-07
grid-r046-c055,46,55,11.200000762939453,9.40000057220459,0.44999998807907104,-40.84719809115006,8.227733019339212e-07
grid-r046-c056,46,56,11.399999618530273,9.40000057220459,0.44999998807907104,-42.461815655789394,5.673073815160024e-07
grid-r046-c057,46,57,11.600000381469727,9.40000057220459,0.44999998807907104,-43.03898822606605,4.967080258211354e-07
grid-r047-c029,47,29,6.0,9.600000381469727,0.44999998807907104,-51.10950986365344,7.745492069943793e-08
grid-r047-c030,47,30,6.199999809265137,9.600000381469727,0.44999998807907104,-48.128274222922016,1.5387659857424296e-07
grid-r047-c031,47,31,6.400000095367432,9.600000381469727,0.44999998807907104,-44.15930440551938,3.837687074792484e-07
grid-r047-c032,47,32,6.599999904632568,9.600000381469727,0.44999998807907104,-41.52645964212398,7.036456963760429e-07
grid-r047-c033,47,33,6.800000190734863,9.600000381469727,0.44999998807907104,-40.98516474575683,7.970462547746138e-07
grid-r047-c034,47,34,7.0,9.600000381469727,0.44999998807907104,-41.64666774870665,6.844365998404101e-07
grid-r047-c035,47,35,7.199999809265137,9.600000381469727,0.44999998807907104,-45.067349650927284,3.113615889560606e-07
grid-r047-c040,47,40,8.199999809265137,9.600000381469727,0.44999998807907104,-65.75684967375393,2.656531883360458e-09
grid-r047-c041,47,41,8.399999618530273,9.600000381469727,0.44999998807907104,-50.23840203887326,9.465853878509733e-08
grid-r047-c042,47,42,8.600000381469727,9.600000381469727,0.44999998807907104,-50.24393383174305,9.453804494796714e-08
grid-r047-c043,47,43,8.800000190734863,9.600000381469727,0.44999998807907104,-50.31064113272173,9.309704296356358e-08
grid-r047-c044,47,44,9.0,9.600000381469727,0.44999998807907104,-50.31841001016352,9.293065517113064e-08
grid-r047-c045,47,45,9.199999809265137,9.600000381469727,0.44999998807907104,-50.32881458825781,9.270828371654716e-08
grid-r047-c046,47,46,9.399999618530273,9.600000381469727,0.44999998807907104,-64.02525850442836,3.9579850508175696e-09
grid-r047-c047,47,47,9.600000381469727,9.600000381469727,0.44999998807907104,-48.19257835784559,1.5161499788973742e-07
grid-r047-c048,47,48,9.800000190734863,9.600000381469727,0.44999998807907104,-40.60617819209125,8.697254543221788e-07
grid-r047-c049,47,49,10.0,9.600000381469727,0.44999998807907104,-45.75690479238909,2.656498168107646e-07
grid-r047-c050,47,50,10.200000762939453,9.600000381469727,0.44999998807907104,-43.779199752095195,4.1887074075930286e-07
grid-r047-c051,47,51,10.399999618530273,9.600000381469727,0.44999998807907104,-41.91685593961664,6.431531573980465e-07
grid-r047-c052,47,52,10.600000381469727,9.600000381469727,0.44999998807907104,-40.75138621830092,8.411266207986046e-07
grid-r047-c053,47,53,10.800000190734863,9.600000381469727,0.44999998807907104,-43.44785932567667,4.5207872290120577e-07
grid-r047-c054,47,54,11.0,9.600000381469727,0.44999998807907104,-44.209660793339836,3.7934461261102115e-07
grid-r047-c055,47,55,11.200000762939453,9.600000381469727,0.44999998807907104,-41.24466670366367,7.508156727453752e-07
grid-r047-c056,47,56,11.399999618530273,9.600000381469727,0.44999998807907104,-42.15595223825025,6.087020665290765e-07
grid-r047-c057,47,57,11.600000381469727,9.600000381469727,0.44999998807907104,-41.50278323132889,7.074922336869349e-07
grid-r048-c028,48,28,5.800000190734863,9.800000190734863,0.44999998807907104,-80.61266510495278,8.684273439252266e-11
grid-r048-c029,48,29,6.0,9.800000190734863,0.44999998807907104,-47.94545130003448,1.6049254725203355e-07
grid-r048-c030,48,30,6.199999809265137,9.800000190734863,0.44999998807907104,-44.91469477221993,3.225005968943151e-07
grid-r048-c031,48,31,6.400000095367432,9.800000190734863,0.44999998807907104,-46.96602797402669,2.0109311549276754e-07
grid-r048-c032,48,32,6.599999904632568,9.800000190734863,0.44999998807907104,-41.503536993371746,7.073694519021956e-07
grid-r048-c033,48,33,6.800000190734863,9.800000190734863,0.44999998807907104,-41.793708957672976,6.616511996071495e-07
grid-r048-c034,48,34,7.0,9.800000190734863,0.44999998807907104,-40.35978788589457,9.204945286001021e-07
grid-r048-c035,48,35,7.199999809265137,9.800000190734863,0.44999998807907104,-47.064960761914094,1.965639739864855e-07
grid-r048-c040,48,40,8.199999809265137,9.800000190734863,0.44999998807907104,-68.5594113047215,1.3933456610715211e-09
grid-r048-c041,48,41,8.399999618530273,9.800000190734863,0.44999998807907104,-50.05260260589088,9.879608597884726e-08
grid-r048-c042,48,42,8.600000381469727,9.800000190734863,0.44999998807907104,-50.062339315878376,9.857483718178628e-08
grid-r048-c043,48,43,8.800000190734863,9.800000190734863,0.44999998807907104,-50.30082361595821,9.330773309557117e-08
grid-r048-c044,48,44,9.0,9.800000190734863,0.44999998807907104,-50.19125811025788,9.569168213374724e-08
grid-r048-c045,48,45,9.199999809265137,9.800000190734863,0.44999998807907104,-50.148957966170755,9.66282698300347e-08
grid-r048-c046,48,46,9.399999618530273,9.800000190734863,0.44999998807907104,-50.32188340975671,9.285636082267956e-08
grid-r048-c047,48,47,9.600000381469727,9.800000190734863,0.44999998807907104,-48.14062540685265,1.5343960058089579e-07
grid-r048-c048,48,48,9.800000190734863,9.800000190734863,0.44999998807907104,-44.51388685646799,3.5368066164664924e-07
grid-r048-c049,48,49,10.0,9.800000190734863,0.44999998807907104,-41.896769675528205,6.461346515607147e-07
grid-r048-c050,48,50,10.200000762939453,9.800000190734863,0.44999998807907104,-42.037049405699904,6.255975790736557e-07
grid-r048-c051,48,51,10.399999618530273,9.800000190734863,0.44999998807907104,-43.58515039139502,4.380109430712764e-07
grid-r048-c052,48,52,10.600000381469727,9.800000190734863,0.44999998807907104,-42.88130306523048,5.150740776116436e-07
grid-r048-c053,48,53,10.800000190734863,9.800000190734863,0.44999998807907104,-41.78998916479294,6.622181558668672e-07
grid-r048-c054,48,54,11.0,9.800000190734863,0.44999998807907104,-42.207938336341186,6.014591917846701e-07
grid-r048-c055,48,55,11.200000762939453,9.800000190734863,0.44999998807907104,-44.05996683644794,3.926479337224009e-07
grid-r048-c056,48,56,11.399999618530273,9.800000190734863,0.44999998807907104,-41.491711734306264,7.092981491041428e-07
grid-r048-c057,48,57,11.600000381469727,9.800000190734863,0.44999998807907104,-43.908079363173485,4.06623115623006e-07
grid-r049-c028,49,28,5.800000190734863,10.0,0.44999998807907104,-47.75254950671351,1.6778187728050398e-07
grid-r049-c029,49,29,6.0,10.0,0.44999998807907104,-47.71875759784929,1.6909245914575877e-07
grid-r049-c030,49,30,6.199999809265137,10.0,0.44999998807907104,-45.95670249738984,2.5370542289238074e-07
grid-r049-c031,49,31,6.400000095367432,10.0,0.44999998807907104,-50.70976733467407,8.492259695458415e-08
grid-r049-c032,49,32,6.599999904632568,10.0,0.44999998807907104,-48.978673791462,1.2651226199977827e-07
grid-r049-c033,49,33,6.800000190734863,10.0,0.44999998807907104,-40.523352377239135,8.86471468675154e-07
grid-r049-c034,49,34,7.0,10.0,0.44999998807907104,-43.06997813087226,4.931762873638945e-07
grid-r049-c035,49,35,7.199999809265137,10.0,0.44999998807907104,-50.58066727251395,8.748493485200015e-08
grid-r049-c041,49,41,8.399999618530273,10.0,0.44999998807907104,-49.921038451820195,1.0183478593717155e-07
grid-r049-c042,49,42,8.600000381469727,10.0,0.44999998807907104,-62.52657234425698,5.589111395920554e-09
grid-r049-c043,49,43,8.800000190734863,10.0,0.44999998807907104,-50.0603231402787,9.862061034482394e-08
grid-r049-c044,49,44,9.0,10.0,0.44999998807907104,-50.12304905199451,9.72064526649774e-08
grid-r049-c045,49,45,9.199999809265137,10.0,0.44999998807907104,-50.12735362491719,9.711015280799984e-08
grid-r049-c046,49,46,9.399999618530273,10.0,0.44999998807907104,-50.19548753540998,9.559853708651644e-08
grid-r049-c047,49,47,9.600000381469727,10.0,0.44999998807907104,-50.20198827207187,9.545554746637208e-08
grid-r049-c048,49,48,9.800000190734863,10.0,0.44999998807907104,-46.56760106538006,2.2041436409381276e-07
grid-r049-c049,49,49,10.0,10.0,0.44999998807907104,-44.31581342401215,3.7018486409579054e-07
grid-r049-c050,49,50,10.200000762939453,10.0,0.44999998807907104,-44.28870528659496,3.725027397649683e-07
grid-r049-c051,49,51,10.399999618530273,10.0,0.44999998807907104,-44.25155670435275,3.7570271160802804e-07
grid-r049-c052,49,52,10.600000381469727,10.0,0.44999998807907104,-40.55363391497324,8.803119726508157e-07
grid-r049-c053,49,53,10.800000190734863,10.0,0.44999998807907104,-44.0818351239201,3.906757797267346e-07
grid-r049-c054,49,54,11.0,10.0,0.44999998807907104,-44.047613929454386,3.9376635641019675e-07
grid-r049-c055,49,55,11.200000762939453,10.0,0.44999998807907104,-43.22976070237882,4.7536141778437013e-07
grid-r049-c056,49,56,11.399999618530273,10.0,0.44999998807907104,-43.91679811399108,4.0580761151431943e-07
grid-r049-c057,49,57,11.600000381469727,10.0,0.44999998807907104,-41.928277130239906,6.414639983631787e-07
grid-r050-c027,50,27,5.599999904632568,10.200000762939453,0.44999998807907104,-78.18458951984414,1.5189415003558082e-10
grid-r050-c028,50,28,5.800000190734863,10.200000762939453,0.44999998807907104,-50.5640091798692,8.782114235827976e-08
grid-r050-c029,50,29,6.0,10.200000762939453,0.44999998807907104,-47.55961112314199,1.7540375552016485e-07
grid-r050-c030,50,30,6.199999809265137,10.200000762939453,0.44999998807907104,-50.52042155988798,8.870699019780659e-08
grid-r050-c031,50,31,6.400000095367432,10.200000762939453,0.44999998807907104,-44.554139209708936,3.5041773571720114e-07
grid-r050-c032,50,32,6.599999904632568,10.200000762939453,0.44999998807907104,-46.61239366170365,2.1815272077674308e-07
grid-r050-c033,50,33,6.800000190734863,10.200000762939453,0.44999998807907104,-42.55509667746416,5.552522566176776e-07
grid-r050-c034,50,34,7.0,10.200000762939453,0.44999998807907104,-41.621220549922704,6.88458783315582e-07
grid-r050-c035,50,35,7.199999809265137,10.200000762939453,0.44999998807907104,-47.84823874765648,1.641255238382655e-07
grid-r050-c040,50,40,8.199999809265137,10.200000762939453,0.44999998807907104,-64.96683299440123,3.1865203808933984e-09
grid-r050-c041,50,41,8.399999618530273,10.200000762939453,0.44999998807907104,-49.92444396875713,1.0175496356623626e-07
grid-r050-c042,50,42,8.600000381469727,10.200000762939453,0.44999998807907104,-49.91520943847631,1.0197155830837801e-07
grid-r050-c043,50,43,8.800000190734863,10.200000762939453,0.44999998807907104,-49.92879371952722,1.0165310015963769e-07
grid-r050-c044,50,44,9.0,10.200000762939453,0.44999998807907104,-49.93759665388066,1.0144726303451534e-07
grid-r050-c045,50,45,9.199999809265137,10.200000762939453,0.44999998807907104,-64.1823423093306,3.817383298354571e-09
grid-r050-c046,50,46,9.399999618530273,10.200000762939453,0.44999998807907104,-50.06831697556848,9.843925141694854e-08
grid-r050-c047,50,47,9.600000381469727,10.200000762939453,0.44999998807907104,-50.0753436097981,9.828011116042035e-08
grid-r050-c048,50,48,9.800000190734863,10.200000762939453,0.44999998807907104,-50.05439083767298,9.875541451265235e-08
grid-r050-c049,50,49,10.0,10.200000762939453,0.44999998807907104,-46.39669323859505,2.292612606424882e-07
grid-r050-c050,50,50,10.200000762939453,10.200000762939453,0.44999998807907104,-44.20507070362392,3.7974575661792187e-07
grid-r050-c051,50,51,10.399999618530273,10.200000762939453,0.44999998807907104,-41.74652948527839,6.688782150376937e-07
grid-r050-c052,50,52,10.600000381469727,10.200000762939453,0.44999998807907104,-40.806138014682105,8.305890446536068e-07
grid-r050-c053,50,53,10.800000190734863,10.200000762939453,0.44999998807907104,-42.518065589018185,5.600069812317088e-07
grid-r050-c054,50,54,11.0,10.200000762939453,0.44999998807907104,-43.9179583678404,4.0569921111455187e-07
grid-r050-c055,50,55,11.200000762939453,10.200000762939453,0.44999998807907104,-44.79076920507103,3.3183567893502186e-07
grid-r050-c056,50,56,11.399999618530273,10.200000762939453,0.44999998807907104,-40.89116262386305,8.144862135850417e-07
grid-r050-c057,50,57,11.600000381469727,10.200000762939453,0.44999998807907104,-43.750184610487956,4.2167857827735133e-07
grid-r051-c027,51,27,5.599999904632568,10.40000057220459,0.44999998807907104,-47.43578815309067,1.8047671801468823e-07
grid-r051-c028,51,28,5.800000190734863,10.40000057220459,0.44999998807907104,-47.4156152927483,1.813169774322887e-07
grid-r051-c029,51,29,6.0,10.40000057220459,0.44999998807907104,-45.65292536643399,2.7208679398427194e-07
grid-r051-c030,51,30,6.199999809265137,10.40000057220459,0.44999998807907104,-45.592564536314896,2.7589481987888576e-07
grid-r051-c031,51,31,6.400000095367432,10.40000057220459,0.44999998807907104,-47.33315196781825,1.8479269670024223e-07
grid-r051-c032,51,32,6.599999904632568,10.40000057220459,0.44999998807907104,-45.564935603373726,2.7765560162151814e-07
grid-r051-c033,51,33,6.800000190734863,10.40000057220459,0.44999998807907104,-41.52226771132732,7.04325202605105e-07
grid-r051-c034,51,34,7.0,10.40000057220459,0.44999998807907104,-40.55794798260665,8.79437948242412e-07
grid-r051-c035,51,35,7.199999809265137,10.40000057220459,0.44999998807907104,-50.172830226882056,9.609858153680761e-08
grid-r051-c040,51,40,8.199999809265137,10.40000057220459,0.44999998807907104,-49.7921408442722,1.0490251867167899e-07
grid-r051-c041,51,41,8.399999618530273,10.40000057220459,0.44999998807907104,-63.13862335824433,4.854423529820906e-09
grid-r051-c042,51,42,8.600000381469727,10.40000057220459,0.44999998807907104,-49.92070392518117,1.0184263032897434e-07
grid-r051-c043,51,43,8.800000190734863,10.40000057220459,0.44999998807907104,-49.79909160082937,1.0473475953176603e-07
grid-r051-c044,51,44,9.0,10.40000057220459,0.44999998807907104,-49.80844452642707,1.045094464302565e-07
grid-r051-c045,51,45,9.199999809265137,10.40000057220459,0.44999998807907104,-49.93099574216271,1.0160157160044037e-07
grid-r051-c046,51,46,9.399999618530273,10.40000057220459,0.44999998807907104,-50.0496984548183,9.88621735587003e-08
grid-r051-c047,51,47,9.600000381469727,10.40000057220459,0.44999998807907104,-49.944157652071596,1.0129411975867697e-07
grid-r051-c048,51,48,9.800000190734863,10.40000057220459,0.44999998807907104,-49.95067701492238,1.0114217730006203e-07
grid-r051-c049,51,49,10.0,10.40000057220459,0.44999998807907104,-62.37084463623577,5.793160173794831e-09
grid-r051-c050,51,50,10.200000762939453,10.40000057220459,0.44999998807907104,-43.46770135602164,4.500179784372449e-07
grid-r051-c051,51,51,10.399999618530273,10.40000057220459,0.44999998807907104,-44.02838880145491,3.9551332520204596e-07
grid-r051-c052,51,52,10.600000381469727,10.40000057220459,0.44999998807907104,-41.43459744070625,7.186877724052465e-07
grid-r051-c053,51,53,10.800000190734863,10.40000057220459,0.44999998807907104,-45.00386108144977,3.1594674965162994e-07
grid-r051-c054,51,54,11.0,10.40000057220459,0.44999998807907104,-41.91500967844331,6.434266310861858e-07
grid-r051-c055,51,55,11.200000762939453,10.40000057220459,0.44999998807907104,-40.86049234516497,8.20258549083519e-07
grid-r051-c056,51,56,11.399999618530273,10.40000057220459,0.44999998807907104,-43.71555053087188,4.2505482156229846e-07
grid-r051-c057,51,57,11.600000381469727,10.40000057220459,0.44999998807907104,-43.65830976375087,4.3069420030406036e-07
grid-r052-c026,52,26,5.400000095367432,10.600000381469727,0.44999998807907104,-72.97833913699364,5.036931982616011e-10
grid-r052-c027,52,27,5.599999904632568,10.600000381469727,0.44999998807907104,-47.26512819455212,1.877099009561789e-07
grid-r052-c028,52,28,5.800000190734863,10.600000381469727,0.44999998807907104,-50.20804259880708,9.532256939337458e-08
grid-r052-c029,52,29,6.0,10.600000381469727,0.44999998807907104,-50.21103259821227,9.525696498258185e-08
grid-r052-c030,52,30,6.199999809265137,10.600000381469727,0.44999998807907104,-47.18637012822832,1.911450198122111e-07
grid-r052-c031,52,31,6.400000095367432,10.600000381469727,0.44999998807907104,-50.14828801631546,9.664317701663094e-08
grid-r052-c032,52,32,6.599999904632568,10.600000381469727,0.44999998807907104,-50.109829497672024,9.750279161835351e-08
grid-r052-c033,52,33,6.800000190734863,10.600000381469727,0.44999998807907104,-46.19831669191075,2.3997628773031465e-07
grid-r052-c034,52,34,7.0,10.600000381469727,0.44999998807907104,-42.64802637062541,5.43497264970938e-07
grid-r052-c035,52,35,7.199999809265137,10.600000381469727,0.44999998807907104,-47.50724393462043,1.7753157521838148e-07
grid-r052-c041,52,41,8.399999618530273,10.600000381469727,0.44999998807907104,-49.65152881877083,1.0835454133939493e-07
grid-r052-c042,52,42,8.600000381469727,10.600000381469727,0.44999998807907104,-49.792288222623654,1.0489895885257283e-07
grid-r052-c043,52,43,8.800000190734863,10.600000381469727,0.44999998807907104,-61.97640656811929,6.343944036757421e-09
grid-r052-c044,52,44,9.0,10.600000381469727,0.44999998807907104,-49.67848611332552,1.0768405189764962e-07
grid-r052-c045,52,45,9.199999809265137,10.600000381469727,0.44999998807907104,-49.802025678695315,1.0466402500242111e-07
grid-r052-c046,52,46,9.399999618530273,10.600000381469727,0.44999998807907104,-49.81045223424216,1.0446114373507953e-07
grid-r052-c047,52,47,9.600000381469727,10.600000381469727,0.44999998807907104,-49.87250365301654,1.0297922869995091e-07
grid-r052-c048,52,48,9.800000190734863,10.600000381469727,0.44999998807907104,-49.82331375303934,1.0415224238613519e-07
grid-r052-c049,52,49,10.0,10.600000381469727,0.44999998807907104,-49.94312046872167,1.013183137388296e-07
grid-r052-c050,52,50,10.200000762939453,10.600000381469727,0.44999998807907104,-49.79040151041794,1.0494454016907184e-07
grid-r052-c051,52,51,10.399999618530273,10.600000381469727,0.44999998807907104,-46.07655396366931,2.4679968646523776e-07
grid-r052-c052,52,52,10.600000381469727,10.600000381469727,0.44999998807907104,-43.86055626815129,4.110970621695742e-07
grid-r052-c053,52,53,10.800000190734863,10.600000381469727,0.44999998807907104,-40.57838994542731,8.753082170187554e-07
grid-r052-c054,52,54,11.0,10.600000381469727,0.44999998807907104,-43.02322246192961,4.98514452829113e-07
grid-r052-c055,52,55,11.200000762939453,10.600000381469727,0.44999998807907104,-44.509525522556544,3.540360182796576e-07
grid-r052-c056,52,56,11.399999618530273,10.600000381469727,0.44999998807907104,-43.61890485579849,4.3461980681058776e-07
grid-r052-c057,52,57,11.600000381469727,10.600000381469727,0.44999998807907104,-42.11400155510595,6.146103146420501e-07
grid-r053-c026,53,26,5.400000095367432,10.800000190734863,0.44999998807907104,-47.1317068007433,1.9356610891918535e-07
grid-r053-c027,53,27,5.599999904632568,10.800000190734863,0.44999998807907104,-47.096979395337954,1.9512012272571155e-07
grid-r053-c028,53,28,5.800000190734863,10.800000190734863,0.44999998807907104,-44.079288052175585,3.909049723915814e-07
grid-r053-c029,53,29,6.0,10.800000190734863,0.44999998807907104,-47.03983519890046,1.9770446613165404e-07
grid-r053-c030,53,30,6.199999809265137,10.800000190734863,0.44999998807907104,-47.02761574204007,1.9826151742563525e-07
grid-r053-c031,53,31,6.400000095367432,10.800000190734863,0.44999998807907104,-45.26664525180715,2.973962409669184e-07
grid-r053-c032,53,32,6.599999904632568,10.800000190734863,0.44999998807907104,-45.202021427357124,3.0185464083842817e-07
grid-r053-c033,53,33,6.800000190734863,10.800000190734863,0.44999998807907104,-46.05144374397591,2.4823077637847746e-07
grid-r053-c034,53,34,7.0,10.800000190734863,0.44999998807907104,-41.19198049439635,7.599796276736015e-07
grid-r053-c035,53,35,7.199999809265137,10.800000190734863,0.44999998807907104,-49.823190501299536,1.0415519824391595e-07
grid-r053-c041,53,41,8.399999618530273,10.800000190734863,0.44999998807907104,-49.51945485614253,1.1170034497354209e-07
grid-r053-c042,53,42,8.600000381469727,10.800000190734863,0.44999998807907104,-49.53090522024148,1.1140623001892891e-07
grid-r053-c043,53,43,8.800000190734863,10.800000190734863,0.44999998807907104,-49.66988250351167,1.0789759130602761e-07
grid-r053-c044,53,44,9.0,10.800000190734863,0.44999998807907104,-61.90867334950211,6.4436607161155735e-09
grid-r053-c045,53,45,9.199999809265137,10.800000190734863,0.44999998807907104,-49.672240623860674,1.078390212683189e-07
grid-r053-c046,53,46,9.399999618530273,10.800000190734863,0.44999998807907104,-49.68123370768481,1.0761594637642702e-07
grid-r053-c047,53,47,9.600000381469727,10.800000190734863,0.44999998807907104,-49.80305241090224,1.0463928390436195e-07
grid-r053-c048,53,48,9.800000190734863,10.800000190734863,0.44999998807907104,-49.63851853396072,1.0867962885185989e-07
grid-r053-c049,53,49,10.0,10.800000190734863,0.44999998807907104,-49.76050727927107,1.0566940744638487e-07
grid-r053-c050,53,50,10.200000762939453,10.800000190734863,0.44999998807907104,-47.60633299583664,1.7352685688365455e-07
grid-r053-c051,53,51,10.399999618530273,10.800000190734863,0.44999998807907104,-47.44534499209833,1.8008000779445865e-07
grid-r053-c052,53,52,10.600000381469727,10.800000190734863,0.44999998807907104,-43.81071876406964,4.1584178234188585e-07
grid-r053-c053,53,53,10.800000190734863,10.800000190734863,0.44999998807907104,-40.45952023182514,8.995969551506278e-07
grid-r053-c054,53,54,11.0,10.800000190734863,0.44999998807907104,-43.63828361091515,4.32684799989147e-07
grid-r053-c055,53,55,11.200000762939453,10.800000190734863,0.44999998807907104,-43.58190492259352,4.383383895856241e-07
grid-r053-c056,53,56,11.399999618530273,10.800000190734863,0.44999998807907104,-43.52946873995181,4.43662912630316e-07
grid-r053-c057,53,57,11.600000381469727,10.800000190734863,0.44999998807907104,-43.494934907589915,4.4720485448124236e-07
grid-r054-c026,54,26,5.400000095367432,11.0,0.44999998807907104,-49.936199768475674,1.014798982623688e-07
grid-r054-c027,54,27,5.599999904632568,11.0,0.44999998807907104,-49.864881071194034,1.0316013288047543e-07
grid-r054-c028,54,28,5.800000190734863,11.0,0.44999998807907104,-49.88043172673494,1.0279141093860744e-07
grid-r054-c029,54,29,6.0,11.0,0.44999998807907104,-46.87007623255509,2.055854508853372e-07
grid-r054-c030,54,30,6.199999809265137,11.0,0.44999998807907104,-49.8306229658142,1.0397710070719768e-07
grid-r054-c031,54,31,6.400000095367432,11.0,0.44999998807907104,-49.792208796543406,1.0490087731795938e-07
grid-r054-c032,54,32,6.599999904632568,11.0,0.44999998807907104,-46.7921461752253,2.0930778532601835e-07
grid-r054-c033,54,33,6.800000190734863,11.0,0.44999998807907104,-48.166513878181675,1.5252766161211184e-07
grid-r054-c034,54,34,7.0,11.0,0.44999998807907104,-46.92125071830746,2.0317717996931606e-07
grid-r054-c035,54,35,7.199999809265137,11.0,0.44999998807907104,-45.261344995449676,2.977594135700201e-07
grid-r054-c040,54,40,8.199999809265137,11.0,0.44999998807907104,-67.00430049082041,1.9932875350292534e-09
grid-r054-c041,54,41,8.399999618530273,11.0,0.44999998807907104,-49.46232844196642,1.1317933967802674e-07
grid-r054-c042,54,42,8.600000381469727,11.0,0.44999998807907104,-49.398556077358194,1.1485354178830676e-07
grid-r054-c043,54,43,8.800000190734863,11.0,0.44999998807907104,-62.73161536922103,5.3313655712372565e-09
grid-r054-c044,54,44,9.0,11.0,0.44999998807907104,-49.597963674965555,1.0969924346682092e-07
grid-r054-c045,54,45,9.199999809265137,11.0,0.44999998807907104,-49.60435587288228,1.0953790052781187e-07
grid-r054-c046,54,46,9.399999618530273,11.0,0.44999998807907104,-49.6106186870164,1.0938005345906276e-07
grid-r054-c047,54,47,9.600000381469727,11.0,0.44999998807907104,-63.48053935517491,4.486896632016624e-09
grid-r054-c048,54,48,9.800000190734863,11.0,0.44999998807907104,-63.67006531218627,4.295299671497332e-09
grid-r054-c049,54,49,10.0,11.0,0.44999998807907104,-49.68426251822157,1.0754092016895811e-07
grid-r054-c050,54,50,10.200000762939453,11.0,0.44999998807907104,-49.69109664275729,1.0737182520870192e-07
grid-r054-c051,54,51,10.399999618530273,11.0,0.44999998807907104,-47.41211825927002,1.8146303659705154e-07
grid-r054-c052,54,52,10.600000381469727,11.0,0.44999998807907104,-49.46074708049164,1.1322055826212818e-07
grid-r054-c053,54,53,10.800000190734863,11.0,0.44999998807907104,-43.61060311216785,4.3545139760681195e-07
grid-r054-c054,54,54,11.0,11.0,0.44999998807907104,-42.87123009757919,5.162701199878938e-07
grid-r054-c055,54,55,11.200000762939453,11.0,0.44999998807907104,-43.49487804948577,4.4721070935338503e-07
grid-r054-c056,54,56,11.399999618530273,11.0,0.44999998807907104,-43.46080906774867,4.507327275860007e-07
grid-r054-c057,54,57,11.600000381469727,11.0,0.44999998807907104,-43.39054631936966,4.5808425852555956e-07
grid-r055-c026,55,26,5.400000095367432,11.200000762939453,0.44999998807907104,-49.81140709233361,1.0443817899385976e-07
grid-r055-c027,55,27,5.599999904632568,11.200000762939453,0.44999998807907104,-49.76534918169338,1.0555166340964206e-07
grid-r055-c028,55,28,5.800000190734863,11.200000762939453,0.44999998807907104,-49.73762851724729,1.0622754587075178e-07
grid-r055-c029,55,29,6.0,11.200000762939453,0.44999998807907104,-49.73676147881254,1.0624875557141422e-07
grid-r055-c030,55,30,6.199999809265137,11.200000762939453,0.44999998807907104,-46.729642962959176,2.1234190228369698e-07
grid-r055-c031,55,31,6.400000095367432,11.200000762939453,0.44999998807907104,-46.65393918752909,2.1607577593840688e-07
grid-r055-c032,55,32,6.599999904632568,11.200000762939453,0.44999998807907104,-46.6211383486248,2.1771390379399236e-07
grid-r055-c033,55,33,6.800000190734863,11.200000762939453,0.44999998807907104,-44.857801191866,3.267532235895487e-07
grid-r055-c034,55,34,7.0,11.200000762939453,0.44999998807907104,-44.18918371394547,3.8113745404189103e-07
grid-r055-c035,55,35,7.199999809265137,11.200000762939453,0.44999998807907104,-53.0446145819332,4.960649491181357e-08
grid-r055-c040,55,40,8.199999809265137,11.200000762939453,0.44999998807907104,-66.87210756730359,2.0548931445318885e-09
grid-r055-c041,55,41,8.399999618530273,11.200000762939453,0.44999998807907104,-63.9593312614648,4.018526844618009e-09
grid-r055-c042,55,42,8.600000381469727,11.200000762939453,0.44999998807907104,-62.36292405561588,5.803735270148991e-09
grid-r055-c043,55,43,8.800000190734863,11.200000762939453,0.44999998807907104,-49.46645970820502,1.1307172798069587e-07
grid-r055-c044,55,44,9.0,11.200000762939453,0.44999998807907104,-49.61120300021723,1.0936533811900517e-07
grid-r055-c045,55,45,9.199999809265137,11.200000762939453,0.44999998807907104,-49.41217945289357,1.1449382242290085e-07
grid-r055-c046,55,46,9.399999618530273,11.200000762939453,0.44999998807907104,-49.42183552428003,1.1423954049405438e-07
grid-r055-c047,55,47,9.600000381469727,11.200000762939453,0.44999998807907104,-49.604497859606,1.0953431939242364e-07
grid-r055-c048,55,48,9.800000190734863,11.200000762939453,0.44999998807907104,-65.18417832847511,3.0309736942513155e-09
grid-r055-c049,55,49,10.0,11.200000762939453,0.44999998807907104,-49.55538888776039,1.1077993633534788e-07
grid-r055-c050,55,50,10.200000762939453,11.200000762939453,0.44999998807907104,-49.56277914961032,1.105915856669526e-07
grid-r055-c051,55,51,10.399999618530273,11.200000762939453,0.44999998807907104,-49.53368016748412,1.1133506916394253e-07
grid-r055-c052,55,52,10.600000381469727,11.200000762939453,0.44999998807907104,-45.82967760327388,2.6123552743229084e-07
grid-r055-c053,55,53,10.800000190734863,11.200000762939453,0.44999998807907104,-47.218023826042824,1.8975691773448489e-07
grid-r055-c054,55,54,11.0,11.200000762939453,0.44999998807907104,-41.55933654188712,6.983390790082922e-07
grid-r055-c055,55,55,11.200000762939453,11.200000762939453,0.44999998807907104,-43.38986976605994,4.581556254379393e-07
grid-r055-c056,55,56,11.399999618530273,11.200000762939453,0.44999998807907104,-43.38352241352007,4.5882572408117994e-07
grid-r055-c057,55,57,11.600000381469727,11.200000762939453,0.44999998807907104,-41.85674575971561,6.521168529616261e-07
grid-r056-c026,56,26,5.400000095367432,11.40000057220459,0.44999998807907104,-46.667825959434595,2.1538596683967626e-07
grid-r056-c027,56,27,5.599999904632568,11.40000057220459,0.44999998807907104,-46.61320398328567,2.1811202088883874e-07
grid-r056-c028,56,28,5.800000190734863,11.40000057220459,0.44999998807907104,-46.59864268710702,2.1884454781684326e-07
grid-r056-c029,56,29,6.0,11.40000057220459,0.44999998807907104,-46.589262081951205,2.1931775506800477e-07
grid-r056-c030,56,30,6.199999809265137,11.40000057220459,0.44999998807907104,-44.828211511681175,3.289870846856502e-07
grid-r056-c031,56,31,6.400000095367432,11.40000057220459,0.44999998807907104,-46.48405629476784,2.246954977636051e-07
grid-r056-c032,56,32,6.599999904632568,11.40000057220459,0.44999998807907104,-49.40684513817487,1.1463453830629078e-07
grid-r056-c033,56,33,6.800000190734863,11.40000057220459,0.44999998807907104,-49.399415390685036,1.1483081863161715e-07
grid-r056-c034,56,34,7.0,11.40000057220459,0.44999998807907104,-47.76301797768713,1.6737793373522436e-07
grid-r056-c035,56,35,7.199999809265137,11.40000057220459,0.44999998807907104,-47.859273968542965,1.6370901789741765e-07
grid-r056-c040,56,40,8.199999809265137,11.40000057220459,0.44999998807907104,-63.6639867588559,4.301315748023171e-09
grid-r056-c041,56,41,8.399999618530273,11.40000057220459,0.44999998807907104,-49.39782023402006,1.1487300355383923e-07
grid-r056-c042,56,42,8.600000381469727,11.40000057220459,0.44999998807907104,-49.25091113675131,1.1882529094009442e-07
grid-r056-c043,56,43,8.800000190734863,11.40000057220459,0.44999998807907104,-61.06161604468011,7.831381765299739e-09
grid-r056-c044,56,44,9.0,11.40000057220459,0.44999998807907104,-49.414953169549435,1.1442072178624585e-07
grid-r056-c045,56,45,9.199999809265137,11.40000057220459,0.44999998807907104,-49.280343331103666,1.1802273292005339e-07
grid-r056-c046,56,46,9.399999618530273,11.40000057220459,0.44999998807907104,-61.565072412686774,6.974173683005347e-09
grid-r056-c047,56,47,9.600000381469727,11.40000057220459,0.44999998807907104,-49.41504567526722,1.1441828462466219e-07
grid-r056-c048,56,48,9.800000190734863,11.40000057220459,0.44999998807907104,-49.54348161216761,1.1108408415339e-07
grid-r056-c049,56,49,10.0,11.40000057220459,0.44999998807907104,-49.422187776120865,1.1423027501678007e-07
grid-r056-c050,56,50,10.200000762939453,11.40000057220459,0.44999998807907104,-49.42974104810847,1.1403177779811813e-07
grid-r056-c051,56,51,10.399999618530273,11.40000057220459,0.44999998807907104,-49.436547695278364,1.1385319709233954e-07
grid-r056-c052,56,52,10.600000381469727,11.40000057220459,0.44999998807907104,-61.25060814545711,7.497892084984414e-09
grid-r056-c053,56,53,10.800000190734863,11.40000057220459,0.44999998807907104,-47.23134860385299,1.8917560851150483e-07
grid-r056-c054,56,54,11.0,11.40000057220459,0.44999998807907104,-43.411950464752984,4.558321506920038e-07
grid-r056-c055,56,55,11.200000762939453,11.40000057220459,0.44999998807907104,-43.33383992302665,4.6410474396907375e-07
grid-r056-c056,56,56,11.399999618530273,11.40000057220459,0.44999998807907104,-43.26822909018034,4.7116941459535155e-07
grid-r056-c057,56,57,11.600000381469727,11.40000057220459,0.44999998807907104,-43.16394522472375,4.826201802643482e-07
grid-r057-c026,57,26,5.400000095367432,11.600000381469727,0.44999998807907104,-66.51922837116759,2.228831119666097e-09
grid-r057-c027,57,27,5.599999904632568,11.600000381469727,0.44999998807907104,-46.448996027405926,2.265167893256148e-07
grid-r057-c028,57,28,5.800000190734863,11.600000381469727,0.44999998807907104,-49.37788740339748,1.1540144839727873e-07
grid-r057-c029,57,29,6.0,11.600000381469727,0.44999998807907104,-49.36147195888259,1.1583846770690798e-07
grid-r057-c030,57,30,6.199999809265137,11.600000381469727,0.44999998807907104,-49.30997687609181,1.1722016068915764e-07
grid-r057-c031,57,31,6.400000095367432,11.600000381469727,0.44999998807907104,-49.33184042907942,1.166315257705719e-07
grid-r057-c032,57,32,6.599999904632568,11.600000381469727,0.44999998807907104,-46.33786002185873,2.3238816027060238e-07
grid-r057-c033,57,33,6.800000190734863,11.600000381469727,0.44999998807907104,-46.23627512006554,2.378879742082063e-07
grid-r057-c034,57,34,7.0,11.600000381469727,0.44999998807907104,-49.23302560108341,1.1931565779832454e-07
grid-r057-c035,57,35,7.199999809265137,11.600000381469727,0.44999998807907104,-52.929883223539576,5.093445665238505e-08
grid-r057-c041,57,41,8.399999618530273,11.600000381469727,0.44999998807907104,-49.19274018644573,1.2042758612551552e-07
grid-r057-c042,57,42,8.600000381469727,11.600000381469727,0.44999998807907104,-49.27457120798803,1.1817969891581015e-07
grid-r057-c043,57,43,8.800000190734863,11.600000381469727,0.44999998807907104,-49.12944680112322,1.2219553013892437e-07
grid-r057-c044,57,44,9.0,11.600000381469727,0.44999998807907104,-49.21134772361111,1.1991271264832903e-07
grid-r057-c045,57,45,9.199999809265137,11.600000381469727,0.44999998807907104,-62.39162816988362,5.765502741894579e-09
grid-r057-c046,57,46,9.399999618530273,11.600000381469727,0.44999998807907104,-49.27391559799035,1.1819754064390509e-07
grid-r057-c047,57,47,9.600000381469727,11.600000381469727,0.44999998807907104,-49.28396138238773,1.1792445064884305e-07
grid-r057-c048,57,48,9.800000190734863,11.600000381469727,0.44999998807907104,-49.41721108762896,1.1436124935926273e-07
grid-r057-c049,57,49,10.0,11.600000381469727,0.44999998807907104,-49.35656911269437,1.159693141516982e-07
grid-r057-c050,57,50,10.200000762939453,11.600000381469727,0.44999998807907104,-49.30010482305322,1.1748691974844405e-07
grid-r057-c051,57,51,10.399999618530273,11.600000381469727,0.44999998807907104,-49.30743933872161,1.1728867121973963e-07
grid-r057-c052,57,52,10.600000381469727,11.600000381469727,0.44999998807907104,-49.42838927606854,1.140672765131967e-07
grid-r057-c053,57,53,10.800000190734863,11.600000381469727,0.44999998807907104,-47.1322456767398,1.9354209257471666e-07
grid-r057-c054,57,54,11.0,11.600000381469727,0.44999998807907104,-59.44618712554819,1.1360077323274709e-08
grid-r057-c055,57,55,11.200000762939453,11.600000381469727,0.44999998807907104,-41.350264629151994,7.327798812184483e-07
grid-r057-c056,57,56,11.399999618530273,11.600000381469727,0.44999998807907104,-43.2063067023426,4.779355435857724e-07
grid-r057-c057,57,57,11.600000381469727,11.600000381469727,0.44999998807907104,-43.067362954672284,4.934733510708611e-07
grid-r058-c026,58,26,5.400000095367432,11.80000114440918,0.44999998807907104,-65.88938319171089,2.5766870859200708e-09
grid-r058-c027,58,27,5.599999904632568,11.80000114440918,0.44999998807907104,-49.296121129917935,1.1759473750316829e-07
grid-r058-c028,58,28,5.800000190734863,11.80000114440918,0.44999998807907104,-46.30925010324586,2.3392411208078556e-07
grid-r058-c029,58,29,6.0,11.80000114440918,0.44999998807907104,-49.206725762936316,1.2004039717794512e-07
grid-r058-c030,58,30,6.199999809265137,11.80000114440918,0.44999998807907104,-49.2116081606937,1.1990552195584314e-07
grid-r058-c031,58,31,6.400000095367432,11.80000114440918,0.44999998807907104,-46.18564185909078,2.4067767867563816e-07
grid-r058-c032,58,32,6.599999904632568,11.80000114440918,0.44999998807907104,-46.164318805722814,2.4186226710298797e-07
grid-r058-c033,58,33,6.800000190734863,11.80000114440918,0.44999998807907104,-46.13357378275953,2.435805583900219e-07
grid-r058-c034,58,34,7.0,11.80000114440918,0.44999998807907104,-49.086444826646655,1.234114677117759e-07
grid-r058-c035,58,35,7.199999809265137,11.80000114440918,0.44999998807907104,-52.78371331949678,5.2677926021260646e-08
grid-r058-c040,58,40,8.199999809265137,11.80000114440918,0.44999998807907104,-49.312216414385205,1.1715972902948124e-07
grid-r058-c041,58,41,8.399999618530273,11.80000114440918,0.44999998807907104,-60.30754891280772,9.316335258802155e-09
grid-r058-c042,58,42,8.600000381469727,11.80000114440918,0.44999998807907104,-49.22863371728039,1.1943637900913018e-07
grid-r058-c043,58,43,8.800000190734863,11.80000114440918,0.44999998807907104,-49.07293041401293,1.2379609870549757e-07
grid-r058-c044,58,44,9.0,11.80000114440918,0.44999998807907104,-61.99184206022019,6.3214367074238e-09
grid-r058-c045,58,45,9.199999809265137,11.80000114440918,0.44999998807907104,-49.28067827704923,1.180136308676083e-07
grid-r058-c046,58,46,9.399999618530273,11.80000114440918,0.44999998807907104,-61.02165896882694,7.90376653014846e-09
grid-r058-c047,58,47,9.600000381469727,11.80000114440918,0.44999998807907104,-49.152033452110075,1.215616691752075e-07
grid-r058-c048,58,48,9.800000190734863,11.80000114440918,0.44999998807907104,-49.29015033696825,1.1775652097867351e-07
grid-r058-c049,58,49,10.0,11.80000114440918,0.44999998807907104,-49.16507146750473,1.211972744386003e-07
grid-r058-c050,58,50,10.200000762939453,11.80000114440918,0.44999998807907104,-49.16964979618959,1.2106957569812948e-07
grid-r058-c051,58,51,10.399999618530273,11.80000114440918,0.44999998807907104,-61.876617866044725,6.491397641639196e-09
grid-r058-c052,58,52,10.600000381469727,11.80000114440918,0.44999998807907104,-49.41274467501617,1.1447892234173196e-07
grid-r058-c053,58,53,10.800000190734863,11.80000114440918,0.44999998807907104,-49.2965320893321,1.1758361040392629e-07
grid-r058-c054,58,54,11.0,11.80000114440918,0.44999998807907104,-46.94756872483799,2.0194966054987162e-07
grid-r058-c055,58,55,11.200000762939453,11.80000114440918,0.44999998807907104,-46.86527207230762,2.05812995091037e-07
grid-r058-c056,58,56,11.399999618530273,11.80000114440918,0.44999998807907104,-43.11415434565511,4.881851509708213e-07
grid-r058-c057,58,57,11.600000381469727,11.80000114440918,0.44999998807907104,-43.097947588413696,4.90010336307023e-07
grid-r059-c026,59,26,5.400000095367432,12.0,0.44999998807907104,-49.20464607114924,1.2009789429612283e-07
grid-r059-c027,59,27,5.599999904632568,12.0,0.44999998807907104,-49.167979109923024,1.2111615887988592e-07
grid-r059-c028,59,28,5.800000190734863,12.0,0.44999998807907104,-49.12938669853881,1.2219722123063548e-07
grid-r059-c029,59,29,6.0,12.0,0.44999998807907104,-46.164551530630035,2.418493068034877e-07
grid-r059-c030,59,30,6.199999809265137,12.0,0.44999998807907104,-44.332857193410646,3.687349305891985e-07
grid-r059-c031,59,31,6.400000095367432,12.0,0.44999998807907104,-48.948196727596354,1.2740319732529315e-07
grid-r059-c032,59,32,6.599999904632568,12.0,0.44999998807907104,-48.92863337708938,1.2797839588074567e-07
grid-r059-c033,59,33,6.800000190734863,12.0,0.44999998807907104,-48.908083454488136,1.285853983290508e-07
grid-r059-c034,59,34,7.0,12.0,0.44999998807907104,-72.54591879010603,5.564269045521542e-10
grid-r059-c041,59,41,8.399999618530273,12.0,0.44999998807907104,-48.84379940755085,1.30502868955773e-07
grid-r059-c042,59,42,8.600000381469727,12.0,0.44999998807907104,-63.23301563283387,4.7500527955435246e-09
grid-r059-c043,59,43,8.800000190734863,12.0,0.44999998807907104,-60.333032585975644,9.261828637363578e-09
grid-r059-c044,59,44,9.0,12.0,0.44999998807907104,-48.99381813536915,1.2607186761215416e-07
grid-r059-c045,59,45,9.199999809265137,12.0,0.44999998807907104,-49.15181819230159,1.2156769457760674e-07
grid-r059-c046,59,46,9.399999618530273,12.0,0.44999998807907104,-49.08204775326841,1.2353648060070554e-07
grid-r059-c047,59,47,9.600000381469727,12.0,0.44999998807907104,-49.017094778309826,1.2539797467070457e-07
grid-r059-c048,59,48,9.800000190734863,12.0,0.44999998807907104,-64.07889950159674,3.9093994708139235e-09
grid-r059-c049,59,49,10.0,12.0,0.44999998807907104,-49.033309485528804,1.2493066492424987e-07
grid-r059-c050,59,50,10.200000762939453,12.0,0.44999998807907104,-62.69114349176735,5.381280754335194e-09
grid-r059-c051,59,51,10.399999618530273,12.0,0.44999998807907104,-49.161984610596576,1.2128344906159327e-07
grid-r059-c052,59,52,10.600000381469727,12.0,0.44999998807907104,-49.28712624737523,1.1783854603208965e-07
grid-r059-c053,59,53,10.800000190734863,12.0,0.44999998807907104,-49.167034472995624,1.211425058045279e-07
grid-r059-c054,59,54,11.0,12.0,0.44999998807907104,-49.12680155966588,1.222699808067773e-07
grid-r059-c055,59,55,11.200000762939453,12.0,0.44999998807907104,-46.81844656846013,2.080440708596143e-07
grid-r059-c056,59,56,11.399999618530273,12.0,0.44999998807907104,-46.583014899510474,2.196334634163577e-07
grid-r059-c057,59,57,11.600000381469727,12.0,0.44999998807907104,-43.007765868169834,5.002918328500527e-07
grid-r060-c026,60,26,5.400000095367432,12.200000762939453,0.44999998807907104,-49.10466831435906,1.228947041909123e-07
grid-r060-c027,60,27,5.599999904632568,12.200000762939453,0.44999998807907104,-46.021474418143654,2.4994966452140943e-07
grid-r060-c028,60,28,5.800000190734863,12.200000762939453,0.44999998807907104,-46.004670648963554,2.509186458610202e-07
grid-r060-c029,60,29,6.0,12.200000762939453,0.44999998807907104,-46.000641168637856,2.5115156176980236e-07
grid-r060-c030,60,30,6.199999809265137,12.200000762939453,0.44999998807907104,-48.87429727330175,1.2958963679920998e-07
grid-r060-c031,60,31,6.400000095367432,12.200000762939453,0.44999998807907104,-45.88204125413854,2.581046771865658e-07
grid-r060-c032,60,32,6.599999904632568,12.200000762939453,0.44999998807907104,-48.79228630237054,1.3206002336119127e-07
grid-r060-c033,60,33,6.800000190734863,12.200000762939453,0.44999998807907104,-48.81471146933971,1.31379877643667e-07
grid-r060-c041,60,41,8.399999618530273,12.200000762939453,0.44999998807907104,-61.05565541405133,7.842137605962307e-09
grid-r060-c042,60,42,8.600000381469727,12.200000762939453,0.44999998807907104,-48.923541925209506,1.2812851934995706e-07
grid-r060-c043,60,43,8.800000190734863,12.200000762939453,0.44999998807907104,-63.162957999615344,4.827299004972474e-09
grid-r060-c044,60,44,9.0,12.200000762939453,0.44999998807907104,-48.940939849460406,1.2761626067003817e-07
grid-r060-c045,60,45,9.199999809265137,12.200000762939453,0.44999998807907104,-49.02211829544298,1.252530097417548e-07
grid-r060-c046,60,46,9.399999618530273,12.200000762939453,0.44999998807907104,-48.87693458935712,1.2951096550750663e-07
grid-r060-c047,60,47,9.600000381469727,12.200000762939453,0.44999998807907104,-48.95865393781672,1.2709679708677868e-07
grid-r060-c048,60,48,9.800000190734863,12.200000762939453,0.44999998807907104,-63.808472942698145,4.1605687783885514e-09
grid-r060-c049,60,49,10.0,12.200000762939453,0.44999998807907104,-60.98167930028478,7.97686183773294e-09
grid-r060-c050,60,50,10.200000762939453,12.200000762939453,0.44999998807907104,-49.02609503563913,1.2513837077676726e-07
grid-r060-c051,60,51,10.399999618530273,12.200000762939453,0.44999998807907104,-49.15837316783626,1.213843461300712e-07
grid-r060-c052,60,52,10.600000381469727,12.200000762939453,0.44999998807907104,-49.03309360866389,1.249368750677604e-07
grid-r060-c053,60,53,10.800000190734863,12.200000762939453,0.44999998807907104,-49.03668784937339,1.2483351952141675e-07
grid-r060-c054,60,54,11.0,12.200000762939453,0.44999998807907104,-48.99690185009155,1.2598238186001254e-07
grid-r060-c055,60,55,11.200000762939453,12.200000762939453,0.44999998807907104,-48.900635930983356,1.288060929027779e-07
grid-r060-c056,60,56,11.399999618530273,12.200000762939453,0.44999998807907104,-46.781010543808335,2.09845154586219e-07
grid-r060-c057,60,57,11.600000381469727,12.200000762939453,0.44999998807907104,-42.92526833591775,5.098860924590554e-07
grid-r061-c026,61,26,5.400000095367432,12.40000057220459,0.44999998807907104,-45.95571058712301,2.5376337475790933e-07
grid-r061-c027,61,27,5.599999904632568,12.40000057220459,0.44999998807907104,-48.752905510432754,1.332629580019784e-07
grid-r061-c028,61,28,5.800000190734863,12.40000057220459,0.44999998807907104,-48.76847156688585,1.3278616961542866e-07
grid-r061-c029,61,29,6.0,12.40000057220459,0.44999998807907104,-48.75621670265292,1.3316139302332886e-07
grid-r061-c030,61,30,6.199999809265137,12.40000057220459,0.44999998807907104,-48.71351235815817,1.3447723290482827e-07
grid-r061-c031,61,31,6.400000095367432,12.40000057220459,0.44999998807907104,-48.69590507467444,1.3502354079264478e-07
grid-r061-c032,61,32,6.599999904632568,12.40000057220459,0.44999998807907104,-48.67731467670025,1.356027610199817e-07
grid-r061-c033,61,33,6.800000190734863,12.40000057220459,0.44999998807907104,-48.78063433181799,1.32414811560011e-07
grid-r061-c040,61,40,8.199999809265137,12.40000057220459,0.44999998807907104,-65.60390228461287,2.7517550460487428e-09
grid-r061-c041,61,41,8.399999618530273,12.40000057220459,0.44999998807907104,-48.87492501508251,1.2957090689269535e-07
grid-r061-c042,61,42,8.600000381469727,12.40000057220459,0.44999998807907104,-48.70665478894989,1.346897420262394e-07
grid-r061-c043,61,43,8.800000190734863,12.40000057220459,0.44999998807907104,-48.88370194014321,1.293093134790979e-07
grid-r061-c044,61,44,9.0,12.40000057220459,0.44999998807907104,-48.72733050789415,1.3405004040123458e-07
grid-r061-c045,61,45,9.199999809265137,12.40000057220459,0.44999998807907104,-66.19877570102808,2.399509257955401e-09
grid-r061-c046,61,46,9.399999618530273,12.40000057220459,0.44999998807907104,-48.74223118138944,1.3359090189624112e-07
grid-r061-c047,61,47,9.600000381469727,12.40000057220459,0.44999998807907104,-60.483168919059,8.947116825197554e-09
grid-r061-c048,61,48,9.800000190734863,12.40000057220459,0.44999998807907104,-49.1007163412573,1.230065862500851e-07
grid-r061-c049,61,49,10.0,12.40000057220459,0.44999998807907104,-48.88082202340429,1.2939509019815887e-07
grid-r061-c050,61,50,10.200000762939453,12.40000057220459,0.44999998807907104,-60.91060116153743,8.10848810317566e-09
grid-r061-c051,61,51,10.399999618530273,12.40000057220459,0.44999998807907104,-49.030724114544725,1.2500505874868395e-07
grid-r061-c052,61,52,10.600000381469727,12.40000057220459,0.44999998807907104,-48.90148458192395,1.2878092547907727e-07
grid-r061-c053,61,53,10.800000190734863,12.40000057220459,0.44999998807907104,-48.97109654112542,1.267331839471808e-07
grid-r061-c054,61,54,11.0,12.40000057220459,0.44999998807907104,-48.91283005740159,1.2844493824104575e-07
grid-r061-c055,61,55,11.200000762939453,12.40000057220459,0.44999998807907104,-46.799350618924166,2.0896085572985612e-07
grid-r061-c056,61,56,11.399999618530273,12.40000057220459,0.44999998807907104,-46.58939181126796,2.1931120386398106e-07
grid-r061-c057,61,57,11.600000381469727,12.40000057220459,0.44999998807907104,-48.70509484459669,1.3473812998654466e-07
grid-r062-c026,62,26,5.400000095367432,12.600000381469727,0.44999998807907104,-48.72864837944499,1.3400936893503967e-07
grid-r062-c027,62,27,5.599999904632568,12.600000381469727,0.44999998807907104,-48.68119958754221,1.354815140075516e-07
grid-r062-c028,62,28,5.800000190734863,12.600000381469727,0.44999998807907104,-48.6354998839563,1.3691467870557972e-07
grid-r062-c029,62,29,6.0,12.600000381469727,0.44999998807907104,-48.59024216001542,1.383489234285662e-07
grid-r062-c030,62,30,6.199999809265137,12.600000381469727,0.44999998807907104,-48.57363900251292,1.3887884620089608e-07
grid-r062-c031,62,31,6.400000095367432,12.600000381469727,0.44999998807907104,-48.55605264900163,1.394423634337727e-07
grid-r062-c032,62,32,6.599999904632568,12.600000381469727,0.44999998807907104,-48.5930307115278,1.382601197974509e-07
grid-r062-c033,62,33,6.800000190734863,12.600000381469727,0.44999998807907104,-70.71845266283765,8.475293244991633e-10
grid-r062-c040,62,40,8.199999809265137,12.600000381469727,0.44999998807907104,-48.740707822924946,1.3363776929509186e-07
grid-r062-c041,62,41,8.399999618530273,12.600000381469727,0.44999998807907104,-62.430225741455615,5.714489326180683e-09
grid-r062-c042,62,42,8.600000381469727,12.600000381469727,0.44999998807907104,-48.66015878138353,1.3613949079172016e-07
grid-r062-c043,62,43,8.800000190734863,12.600000381469727,0.44999998807907104,-48.84256196142486,1.305400587625627e-07
grid-r062-c044,62,44,9.0,12.600000381469727,0.44999998807907104,-59.80702510141576,1.0454360932499185e-08
grid-r062-c045,62,45,9.199999809265137,12.600000381469727,0.44999998807907104,-62.991730917313674,5.021424165363442e-09
grid-r062-c046,62,46,9.399999618530273,12.600000381469727,0.44999998807907104,-61.29237092700747,7.426136150456841e-09
grid-r062-c047,62,47,9.600000381469727,12.600000381469727,0.44999998807907104,-48.735772358074755,1.337897259645615e-07
grid-r062-c048,62,48,9.800000190734863,12.600000381469727,0.44999998807907104,-48.89746992848235,1.2890002665244538e-07
grid-r062-c049,62,49,10.0,12.600000381469727,0.44999998807907104,-48.74722903503856,1.3343725413506036e-07
grid-r062-c050,62,50,10.200000762939453,12.600000381469727,0.44999998807907104,-48.757556815209924,1.331203094423472e-07
grid-r062-c051,62,51,10.399999618530273,12.600000381469727,0.44999998807907104,-48.97263811717991,1.266882065920072e-07
grid-r062-c052,62,52,10.600000381469727,12.600000381469727,0.44999998807907104,-60.87118133867163,8.182421851188337e-09
grid-r062-c053,62,53,10.800000190734863,12.600000381469727,0.44999998807907104,-48.7775629658678,1.3250848951429361e-07
grid-r062-c054,62,54,11.0,12.600000381469727,0.44999998807907104,-48.84354451304654,1.305105286064645e-07
grid-r062-c055,62,55,11.200000762939453,12.600000381469727,0.44999998807907104,-48.8428309825745,1.3053197278622974e-07
grid-r062-c056,62,56,11.399999618530273,12.600000381469727,0.44999998807907104,-48.62901635013793,1.3711922974835034e-07
grid-r062-c057,62,57,11.600000381469727,12.600000381469727,0.44999998807907104,-50.03993706795748,9.908463027841208e-08
grid-r063-c026,63,26,5.400000095367432,12.80000114440918,0.44999998807907104,-64.56907481204891,3.49214701600431e-09
grid-r063-c027,63,27,5.599999904632568,12.80000114440918,0.44999998807907104,-48.53171389111613,1.402260210170425e-07
grid-r063-c028,63,28,5.800000190734863,12.80000114440918,0.44999998807907104,-45.56617520693395,2.775763618956262e-07
grid-r063-c029,63,29,6.0,12.80000114440918,0.44999998807907104,-48.44848825492575,1.4293914318841416e-07
grid-r063-c030,63,30,6.199999809265137,12.80000114440918,0.44999998807907104,-48.431930359092604,1.4348515264828166e-07
grid-r063-c031,63,31,6.400000095367432,12.80000114440918,0.44999998807907104,-48.44438577932981,1.4307423157333687e-07
grid-r063-c032,63,32,6.599999904632568,12.80000114440918,0.44999998807907104,-48.49115578514166,1.4154170457914006e-07
grid-r063-c040,63,40,8.199999809265137,12.80000114440918,0.44999998807907104,-62.14798039833778,6.09820416386242e-09
grid-r063-c041,63,41,8.399999618530273,12.80000114440918,0.44999998807907104,-65.25003296398388,2.985359959239986e-09
grid-r063-c042,63,42,8.600000381469727,12.80000114440918,0.44999998807907104,-60.60080179377695,8.708028076398477e-09
grid-r063-c043,63,43,8.800000190734863,12.80000114440918,0.44999998807907104,-62.51586411898856,5.6029092476705955e-09
grid-r063-c044,63,44,9.0,12.80000114440918,0.44999998807907104,-48.65957447034566,1.3615780858344806e-07
grid-r063-c045,63,45,9.199999809265137,12.80000114440918,0.44999998807907104,-48.75429787721748,1.332202401727045e-07
grid-r063-c046,63,46,9.399999618530273,12.80000114440918,0.44999998807907104,-59.82957760463944,1.0400213135142167e-08
grid-r063-c047,63,47,9.600000381469727,12.80000114440918,0.44999998807907104,-48.68149387496507,1.3547233379540558e-07
grid-r063-c048,63,48,9.800000190734863,12.80000114440918,0.44999998807907104,-48.76730976096738,1.3282169675221667e-07
grid-r063-c049,63,49,10.0,12.80000114440918,0.44999998807907104,-48.69006474088381,1.3520524078103335e-07
grid-r063-c050,63,50,10.200000762939453,12.80000114440918,0.44999998807907104,-48.77078495075604,1.3271545640236582e-07
grid-r063-c051,63,51,10.399999618530273,12.80000114440918,0.44999998807907104,-48.62719923853456,1.3717661317969032e-07
grid-r063-c052,63,52,10.600000381469727,12.80000114440918,0.44999998807907104,-48.63227627581006,1.3701634316021227e-07
grid-r063-c053,63,53,10.800000190734863,12.80000114440918,0.44999998807907104,-62.06560599930903,6.214975201146444e-09
grid-r063-c054,63,54,11.0,12.80000114440918,0.44999998807907104,-48.708091532876736,1.3464519099670724e-07
grid-r063-c055,63,55,11.200000762939453,12.80000114440918,0.44999998807907104,-61.03378205459292,7.881734376269378e-09
grid-r063-c056,63,56,11.399999618530273,12.80000114440918,0.44999998807907104,-61.16877828087509,7.640506893835664e-09
grid-r063-c057,63,57,11.600000381469727,12.80000114440918,0.44999998807907104,-46.55058805374139,2.2127950671801955e-07
grid-r064-c026,64,26,5.400000095367432,13.0,0.44999998807907104,-64.10575035658044,3.885303634376669e-09
grid-r064-c027,64,27,5.599999904632568,13.0,0.44999998807907104,-48.353522985577285,1.4609915410801477e-07
grid-r064-c028,64,28,5.800000190734863,13.0,0.44999998807907104,-48.45586311472229,1.4269662074184453e-07
grid-r064-c029,64,29,6.0,13.0,0.44999998807907104,-48.40115860520123,1.4450542096255958e-07
grid-r064-c030,64,30,6.199999809265137,13.0,0.44999998807907104,-45.434551719931235,2.861177677004889e-07
grid-r064-c031,64,31,6.400000095367432,13.0,0.44999998807907104,-48.377393353628634,1.452983440231037e-07
grid-r064-c032,64,32,6.599999904632568,13.0,0.44999998807907104,-69.46965685609237,1.1298851854135705e-09
grid-r064-c040,64,40,8.199999809265137,13.0,0.44999998807907104,-64.96927255136927,3.1847309234223076e-09
grid-r064-c041,64,41,8.399999618530273,13.0,0.44999998807907104,-48.60337992238243,1.3793103903481096e-07
grid-r064-c042,64,42,8.600000381469727,13.0,0.44999998807907104,-48.516800807207616,1.407083658477859e-07
grid-r064-c043,64,43,8.800000190734863,13.0,0.44999998807907104,-62.259896710041915,5.94306293066893e-09
grid-r064-c044,64,44,9.0,13.0,0.44999998807907104,-48.53028856061319,1.4027204997546505e-07
grid-r064-c045,64,45,9.199999809265137,13.0,0.44999998807907104,-48.622211266325294,1.3733425419104606e-07
grid-r064-c046,64,46,9.399999618530273,13.0,0.44999998807907104,-48.54219930974887,1.3988787372909428e-07
grid-r064-c047,64,47,9.600000381469727,13.0,0.44999998807907104,-48.46764797490397,1.4230992917418916e-07
grid-r064-c048,64,48,9.800000190734863,13.0,0.44999998807907104,-62.878215808112245,5.154403570628574e-09
grid-r064-c049,64,49,10.0,13.0,0.44999998807907104,-48.562288022429584,1.3924230302109208e-07
grid-r064-c050,64,50,10.200000762939453,13.0,0.44999998807907104,-48.640569490632714,1.3675494869858085e-07
grid-r064-c051,64,51,10.399999618530273,13.0,0.44999998807907104,-61.500064254054806,7.079353103733865e-09
grid-r064-c052,64,52,10.600000381469727,13.0,0.44999998807907104,-61.595799913756,6.925003681601538e-09
grid-r064-c053,64,53,10.800000190734863,13.0,0.44999998807907104,-63.52088152274524,4.445410262121641e-09
grid-r064-c054,64,54,11.0,13.0,0.44999998807907104,-60.55748002763403,8.795327133270803e-09
grid-r064-c055,64,55,11.200000762939453,13.0,0.44999998807907104,-48.63396888993732,1.3696295297904726e-07
grid-r064-c056,64,56,11.399999618530273,13.0,0.44999998807907104,-48.7019587846988,1.3483546013048908e-07
grid-r064-c057,64,57,11.600000381469727,13.0,0.44999998807907104,-50.30780802505069,9.315779436747107e-08
grid-r065-c026,65,26,5.400000095367432,13.200000762939453,0.44999998807907104,-48.39518941521851,1.447041739766064e-07
grid-r065-c027,65,27,5.599999904632568,13.200000762939453,0.44999998807907104,-48.29518791939684,1.4807481818479573e-07
grid-r065-c028,65,28,5.800000190734863,13.200000762939453,0.44999998807907104,-48.24448219857415,1.4981378626544029e-07
grid-r065-c029,65,29,6.0,13.200000762939453,0.44999998807907104,-48.1885746973157,1.51754832700135e-07
grid-r065-c030,65,30,6.199999809265137,13.200000762939453,0.44999998807907104,-48.21030792770085,1.5099730887868645e-07
grid-r065-c031,65,31,6.400000095367432,13.200000762939453,0.44999998807907104,-45.21515938147628,3.009428723999008e-07
grid-r065-c041,65,41,8.399999618530273,13.200000762939453,0.44999998807907104,-48.572383325964694,1.3891900607632124e-07
grid-r065-c042,65,42,8.600000381469727,13.200000762939453,0.44999998807907104,-48.28711833582342,1.4835021033832163e-07
grid-r065-c043,65,43,8.800000190734863,13.200000762939453,0.44999998807907104,-48.57887890389716,1.3871138548893214e-07
grid-r065-c044,65,44,9.0,13.200000762939453,0.44999998807907104,-59.16398440333212,1.2122761461341724e-08
grid-r065-c045,65,45,9.199999809265137,13.200000762939453,0.44999998807907104,-48.583636483546655,1.3855951408459077e-07
grid-r065-c046,65,46,9.399999618530273,13.200000762939453,0.44999998807907104,-48.32219463937989,1.4715686802446726e-07
grid-r065-c047,65,47,9.600000381469727,13.200000762939453,0.44999998807907104,-60.79565243875635,8.325968359201852e-09
grid-r065-c048,65,48,9.800000190734863,13.200000762939453,0.44999998807907104,-62.61669000703532,5.4743303223858675e-09
grid-r065-c049,65,49,10.0,13.200000762939453,0.44999998807907104,-59.78077807086913,1.0517734239101628e-08
grid-r065-c050,65,50,10.200000762939453,13.200000762939453,0.44999998807907104,-62.83510945276174,5.205818887077385e-09
grid-r065-c051,65,51,10.399999618530273,13.200000762939453,0.44999998807907104,-48.479044845160786,1.419369652921887e-07
grid-r065-c052,65,52,10.600000381469727,13.200000762939453,0.44999998807907104,-48.48474776687047,1.4175070361943654e-07
grid-r065-c053,65,53,10.800000190734863,13.200000762939453,0.44999998807907104,-48.63639881131586,1.368863422612776e-07
grid-r065-c054,65,54,11.0,13.200000762939453,0.44999998807907104,-61.55306413503496,6.993484014117257e-09
grid-r065-c055,65,55,11.200000762939453,13.200000762939453,0.44999998807907104,-48.5707309717106,1.389718704558618e-07
grid-r065-c056,65,56,11.399999618530273,13.200000762939453,0.44999998807907104,-48.77980477436843,1.3244010688140406e-07
grid-r066-c026,66,26,5.400000095367432,13.40000057220459,0.44999998807907104,-48.17553714269121,1.522110864016213e-07
grid-r066-c027,66,27,5.599999904632568,13.40000057220459,0.44999998807907104,-48.204735216750535,1.5119118756956595e-07
grid-r066-c028,66,28,5.800000190734863,13.40000057220459,0.44999998807907104,-48.14623239532129,1.532416291638583e-07
grid-r066-c029,66,29,6.0,13.40000057220459,0.44999998807907104,-48.12983912124784,1.5382116202999896e-07
grid-r066-c030,66,30,6.199999809265137,13.40000057220459,0.44999998807907104,-48.15412567010091,1.5296336641767994e-07
grid-r066-c031,66,31,6.400000095367432,13.40000057220459,0.44999998807907104,-65.40186088925756,2.8827960019128795e-09
grid-r066-c040,66,40,8.199999809265137,13.40000057220459,0.44999998807907104,-48.54556820989116,1.3977940227505314e-07
grid-r066-c041,66,41,8.399999618530273,13.40000057220459,0.44999998807907104,-59.898735080011164,1.023591078563868e-08
grid-r066-c042,66,42,8.600000381469727,13.40000057220459,0.44999998807907104,-48.34538064258527,1.4637332412803516e-07
grid-r066-c043,66,43,8.800000190734863,13.40000057220459,0.44999998807907104,-61.87878373896882,6.488161119477809e-09
grid-r066-c044,66,44,9.0,13.40000057220459,0.44999998807907104,-60.17544422888996,9.604075756897146e-09
grid-r066-c045,66,45,9.199999809265137,13.40000057220459,0.44999998807907104,-62.088387558114164,6.182458989201223e-09
grid-r066-c046,66,46,9.399999618530273,13.40000057220459,0.44999998807907104,-60.385796709719855,9.14998388168442e-09
grid-r066-c047,66,47,9.600000381469727,13.40000057220459,0.44999998807907104,-48.49159227684292,1.4152747951357014e-07
grid-r066-c048,66,48,9.800000190734863,13.40000057220459,0.44999998807907104,-48.40448905585083,1.4439464735005458e-07
grid-r066-c049,66,49,10.0,13.40000057220459,0.44999998807907104,-59.51916403183044,1.117078252121928e-08
grid-r066-c050,66,50,10.200000762939453,13.40000057220459,0.44999998807907104,-48.586613789646634,1.384645571533838e-07
grid-r066-c051,66,51,10.399999618530273,13.40000057220459,0.44999998807907104,-48.34336861743893,1.4644115253759082e-07
grid-r066-c052,66,52,10.600000381469727,13.40000057220459,0.44999998807907104,-48.585548194619705,1.3849853530700784e-07
grid-r066-c053,66,53,10.800000190734863,13.40000057220459,0.44999998807907104,-48.3529700572893,1.4611775611683697e-07
grid-r066-c054,66,54,11.0,13.40000057220459,0.44999998807907104,-48.35772187665046,1.4595796926641924e-07
grid-r066-c055,66,55,11.200000762939453,13.40000057220459,0.44999998807907104,-66.28547321015232,2.3520831948786736e-09
grid-r067-c026,67,26,5.400000095367432,13.600000381469727,0.44999998807907104,-48.13306898280415,1.5370680728210573e-07
grid-r067-c027,67,27,5.599999904632568,13.600000381469727,0.44999998807907104,-47.97844781066637,1.5927778918012336e-07
grid-r067-c028,67,28,5.800000190734863,13.600000381469727,0.44999998807907104,-47.96158684286834,1.5989736823485146e-07
grid-r067-c029,67,29,6.0,13.600000381469727,0.44999998807907104,-47.903472320759136,1.6205139274916291e-07
grid-r067-c030,67,30,6.199999809265137,13.600000381469727,0.44999998807907104,-44.96894381088332,3.184972001690767e-07
grid-r067-c031,67,31,6.400000095367432,13.600000381469727,0.44999998807907104,-68.15250519910578,1.5302045186516011e-09
grid-r067-c041,67,41,8.399999618530273,13.600000381469727,0.44999998807907104,-59.690003517245344,1.0739885425437024e-08
grid-r067-c042,67,42,8.600000381469727,13.600000381469727,0.44999998807907104,-61.599703536373326,6.918781991771539e-09
grid-r067-c043,67,43,8.800000190734863,13.600000381469727,0.44999998807907104,-48.3395608417548,1.4656960445336153e-07
grid-r067-c044,67,44,9.0,13.600000381469727,0.44999998807907104,-48.24955306267765,1.4963896433073387e-07
grid-r067-c045,67,45,9.199999809265137,13.600000381469727,0.44999998807907104,-61.83382753850617,6.555672449337635e-09
grid-r067-c046,67,46,9.399999618530273,13.600000381469727,0.44999998807907104,-48.263219264587335,1.4916882662419084e-07
grid-r067-c047,67,47,9.600000381469727,13.600000381469727,0.44999998807907104,-48.358436959002006,1.4593393871109583e-07
grid-r067-c048,67,48,9.800000190734863,13.600000381469727,0.44999998807907104,-48.275024787840806,1.4876388831908116e-07
grid-r067-c049,67,49,10.0,13.600000381469727,0.44999998807907104,-48.27898731291425,1.4862821728911513e-07
grid-r067-c050,67,50,10.200000762939453,13.600000381469727,0.44999998807907104,-62.441865251646334,5.699194449704237e-09
grid-r067-c051,67,51,10.399999618530273,13.600000381469727,0.44999998807907104,-48.28956107206963,1.482667926211434e-07
grid-r067-c052,67,52,10.600000381469727,13.600000381469727,0.44999998807907104,-48.37610015128985,1.453416160757115e-07
grid-r067-c053,67,53,10.800000190734863,13.600000381469727,0.44999998807907104,-48.21715667233204,1.5075937653818983e-07
grid-r067-c054,67,54,11.0,13.600000381469727,0.44999998807907104,-62.89345915009716,5.1363437947316015e-09
grid-r068-c026,68,26,5.400000095367432,13.80000114440918,0.44999998807907104,-48.00239448952635,1.5840195999317075e-07
grid-r068-c027,68,27,5.599999904632568,13.80000114440918,0.44999998807907104,-47.93634976722308,1.6082924503280083e-07
grid-r068-c028,68,28,5.800000190734863,13.80000114440918,0.44999998807907104,-47.870024744654586,1.6330426433341927e-07
grid-r068-c029,68,29,6.0,13.80000114440918,0.44999998807907104,-47.90012215037039,1.621764482706567e-07
grid-r068-c030,68,30,6.199999809265137,13.80000114440918,0.44999998807907104,-62.761783299845604,5.294459981541877e-09
grid-r068-c041,68,41,8.399999618530273,13.80000114440918,0.44999998807907104,-48.09324031714971,1.551229189544756e-07
grid-r068-c042,68,42,8.600000381469727,13.80000114440918,0.44999998807907104,-61.349236176915895,7.329534312816577e-09
grid-r068-c043,68,43,8.800000190734863,13.80000114440918,0.44999998807907104,-48.31134334218574,1.4752501442671928e-07
grid-r068-c044,68,44,9.0,13.80000114440918,0.44999998807907104,-48.015422725421246,1.5792748797593958e-07
grid-r068-c045,68,45,9.199999809265137,13.80000114440918,0.44999998807907104,-48.317717382549404,1.4730865416368033e-07
grid-r068-c046,68,46,9.399999618530273,13.80000114440918,0.44999998807907104,-58.73718300635187,1.3374627627626978e-08
grid-r068-c047,68,47,9.600000381469727,13.80000114440918,0.44999998807907104,-48.3224110529537,1.4714953522343421e-07
grid-r068-c048,68,48,9.800000190734863,13.80000114440918,0.44999998807907104,-48.05065533960354,1.5665146690935217e-07
grid-r068-c049,68,49,10.0,13.80000114440918,0.44999998807907104,-48.3252405200202,1.470536972192349e-07
grid-r068-c050,68,50,10.200000762939453,13.80000114440918,0.44999998807907104,-48.064813867763576,1.5614159565302543e-07
grid-r068-c051,68,51,10.399999618530273,13.80000114440918,0.44999998807907104,-59.27773811928705,1.180935527145266e-08
grid-r068-c052,68,52,10.600000381469727,13.80000114440918,0.44999998807907104,-48.24377863164388,1.4983805840529385e-07
grid-r068-c053,68,53,10.800000190734863,13.80000114440918,0.44999998807907104,-48.16167803028037,1.5269759501279623e-07
grid-r069-c026,69,26,5.400000095367432,14.0,0.44999998807907104,-62.11030182043959,6.151341214177819e-09
grid-r069-c027,69,27,5.599999904632568,14.0,0.44999998807907104,-47.76698841328026,1.6722498230592464e-07
grid-r069-c028,69,28,5.800000190734863,14.0,0.44999998807907104,-47.75242664974769,1.6778662370597885e-07
grid-r069-c029,69,29,6.0,14.0,0.44999998807907104,-47.787679082088545,1.664301834125581e-07
grid-r069-c030,69,30,6.199999809265137,14.0,0.44999998807907104,-47.86812985827186,1.63375531769816e-07
grid-r069-c040,69,40,8.199999809265137,14.0,0.44999998807907104,-63.97152638510072,4.0072585250072734e-09
grid-r069-c041,69,41,8.399999618530273,14.0,0.44999998807907104,-47.95577403759273,1.6011152581540955e-07
grid-r069-c042,69,42,8.600000381469727,14.0,0.44999998807907104,-48.176896894872854,1.5216343740576121e-07
grid-r069-c043,69,43,8.800000190734863,14.0,0.44999998807907104,-61.250549498259915,7.49799333732426e-09
grid-r069-c044,69,44,9.0,14.0,0.44999998807907104,-48.07959890812509,1.5561093391625036e-07
grid-r069-c045,69,45,9.199999809265137,14.0,0.44999998807907104,-61.454645403698024,7.153778014412637e-09
grid-r069-c046,69,46,9.399999618530273,14.0,0.44999998807907104,-59.74997112454089,1.0592607679882349e-08
grid-r069-c047,69,47,9.600000381469727,14.0,0.44999998807907104,-61.66080604555461,6.822120646177154e-09
grid-r069-c048,69,48,9.800000190734863,14.0,0.44999998807907104,-59.95677941034036,1.0100015934710882e-08
grid-r069-c049,69,49,10.0,14.0,0.44999998807907104,-61.869169189582266,6.502540728092754e-09
grid-r069-c050,69,50,10.200000762939453,14.0,0.44999998807907104,-60.165836165863595,9.625346741870544e-09
grid-r069-c051,69,51,10.399999618530273,14.0,0.44999998807907104,-65.0259308268616,3.1434526093221393e-09
grid-r069-c052,69,52,10.600000381469727,14.0,0.44999998807907104,-59.110844854479026,1.2272004745739196e-08
grid-r070-c025,70,25,5.199999809265137,14.200000762939453,0.44999998807907104,-66.53797702777361,2.2192299109491387e-09
grid-r070-c026,70,26,5.400000095367432,14.200000762939453,0.44999998807907104,-47.63791011190297,1.7226973625383835e-07
grid-r070-c027,70,27,5.599999904632568,14.200000762939453,0.44999998807907104,-47.51785014082236,1.7709854205349984e-07
grid-r070-c028,70,28,5.800000190734863,14.200000762939453,0.44999998807907104,-47.55568934216966,1.7556222076109407e-07
grid-r070-c029,70,29,6.0,14.200000762939453,0.44999998807907104,-47.54429440462843,1.7602346247258538e-07
grid-r070-c030,70,30,6.199999809265137,14.200000762939453,0.44999998807907104,-47.792248230582516,1.662551767367404e-07
grid-r070-c039,70,39,8.0,14.200000762939453,0.44999998807907104,-63.69983986608581,4.265952480153601e-09
grid-r070-c040,70,40,8.199999809265137,14.200000762939453,0.44999998807907104,-60.77589057508692,8.363940651179291e-09
grid-r070-c041,70,41,8.399999618530273,14.200000762939453,0.44999998807907104,-59.160188178257044,1.2133362758959265e-08
grid-r070-c042,70,42,8.600000381469727,14.200000762939453,0.44999998807907104,-60.97587656220432,7.9875270841967e-09
grid-r070-c043,70,43,8.800000190734863,14.200000762939453,0.44999998807907104,-64.07434640695043,3.913500190577679e-09
grid-r070-c044,70,44,9.0,14.200000762939453,0.44999998807907104,-58.154354648435586,1.5295530175762906e-08
grid-r070-c045,70,45,9.199999809265137,14.200000762939453,0.44999998807907104,-48.18183378127772,1.5199056235815078e-07
grid-r070-c046,70,46,9.399999618530273,14.200000762939453,0.44999998807907104,-47.979725132569456,1.5923095020298206e-07
grid-r070-c047,70,47,9.600000381469727,14.200000762939453,0.44999998807907104,-61.40745962899538,7.231927057205212e-09
grid-r070-c048,70,48,9.800000190734863,14.200000762939453,0.44999998807907104,-47.9934081901892,1.5873006020683533e-07
grid-r070-c049,70,49,10.0,14.200000762939453,0.44999998807907104,-48.09185121775944,1.551725432591411e-07
grid-r070-c050,70,50,10.200000762939453,14.200000762939453,0.44999998807907104,-48.004780023524674,1.58314975351459e-07
grid-r070-c051,70,51,10.399999618530273,14.200000762939453,0.44999998807907104,-48.09765480976401,1.5496532057568402e-07
grid-r070-c052,70,52,10.600000381469727,14.200000762939453,0.44999998807907104,-61.84851804492263,6.5335346022266094e-09
grid-r071-c025,71,25,5.199999809265137,14.40000057220459,0.44999998807907104,-63.13529289080324,4.858147661934709e-09
grid-r071-c026,71,26,5.400000095367432,14.40000057220459,0.44999998807907104,-60.167217753714766,9.622285190857838e-09
grid-r071-c027,71,27,5.599999904632568,14.40000057220459,0.44999998807907104,-47.54324968927207,1.7606581081963668e-07
grid-r071-c028,71,28,5.800000190734863,14.40000057220459,0.44999998807907104,-47.52499586629992,1.7680739006209478e-07
grid-r071-c029,71,29,6.0,14.40000057220459,0.44999998807907104,-47.56622895448915,1.7513667671664734e-07
grid-r071-c030,71,30,6.199999809265137,14.40000057220459,0.44999998807907104,-47.66307020470737,1.712746069415516e-07
grid-r071-c038,71,38,7.800000190734863,14.40000057220459,0.44999998807907104,-60.48037958548376,8.952865115929853e-09
grid-r071-c039,71,39,8.0,14.40000057220459,0.44999998807907104,-48.02726895308507,1.57497296982001e-07
grid-r071-c040,71,40,8.199999809265137,14.40000057220459,0.44999998807907104,-48.030956749407224,1.5736361547169508e-07
grid-r071-c041,71,41,8.399999618530273,14.40000057220459,0.44999998807907104,-58.946058166172165,1.274659489070018e-08
grid-r071-c042,71,42,8.600000381469727,14.40000057220459,0.44999998807907104,-48.03880770769837,1.5707939837739104e-07
grid-r071-c043,71,43,8.800000190734863,14.40000057220459,0.44999998807907104,-47.93138544740863,1.610131903362344e-07
grid-r071-c044,71,44,9.0,14.40000057220459,0.44999998807907104,-59.17104690274445,1.2103063440349615e-08
grid-r071-c045,71,45,9.199999809265137,14.40000057220459,0.44999998807907104,-47.94268690119331,1.6059473750829056e-07
grid-r071-c046,71,46,9.399999618530273,14.40000057220459,0.44999998807907104,-47.84310063639464,1.6431981464393175e-07
grid-r071-c047,71,47,9.600000381469727,14.40000057220459,0.44999998807907104,-48.053898186612415,1.5653453999675548e-07
grid-r071-c048,71,48,9.800000190734863,14.40000057220459,0.44999998807907104,-58.30990080030942,1.4757402411191833e-08
grid-r071-c049,71,49,10.0,14.40000057220459,0.44999998807907104,-48.05832297259663,1.5637513683941506e-07
grid-r071-c050,71,50,10.200000762939453,14.40000057220459,0.44999998807907104,-47.77584319402344,1.6688437654011068e-07
grid-r071-c051,71,51,10.399999618530273,14.40000057220459,0.44999998807907104,-48.060339032652166,1.5630256200438453e-07
grid-r072-c024,72,24,5.0,14.600000381469727,0.44999998807907104,-65.73390800196563,2.6706021838407423e-09
grid-r072-c025,72,25,5.199999809265137,14.600000381469727,0.44999998807907104,-47.55897853116366,1.7542930663694278e-07
grid-r072-c026,72,26,5.400000095367432,14.600000381469727,0.44999998807907104,-47.542664688329296,1.7608952873615635e-07
grid-r072-c027,72,27,5.599999904632568,14.600000381469727,0.44999998807907104,-47.34422714196248,1.8432204740292946e-07
grid-r072-c028,72,28,5.800000190734863,14.600000381469727,0.44999998807907104,-47.390084260221116,1.823860316108039e-07
grid-r072-c029,72,29,6.0,14.600000381469727,0.44999998807907104,-65.92161887274473,2.5576323281484292e-09
grid-r072-c037,72,37,7.599999904632568,14.600000381469727,0.44999998807907104,-48.01187733563714,1.5805646569333476e-07
grid-r072-c038,72,38,7.800000190734863,14.600000381469727,0.44999998807907104,-60.285448039406134,9.363866126932407e-09
grid-r072-c039,72,39,8.0,14.600000381469727,0.44999998807907104,-47.77125505933358,1.6706077587969048e-07
grid-r072-c040,72,40,8.199999809265137,14.600000381469727,0.44999998807907104,-47.77600850611431,1.6687802428805298e-07
grid-r072-c041,72,41,8.399999618530273,14.600000381469727,0.44999998807907104,-47.67319961290724,1.7087559456285817e-07
grid-r072-c042,72,42,8.600000381469727,14.600000381469727,0.44999998807907104,-60.60509797422384,8.699418074797904e-09
grid-r072-c043,72,43,8.800000190734863,14.600000381469727,0.44999998807907104,-47.90918498866216,1.6183837203698204e-07
grid-r072-c044,72,44,9.0,14.600000381469727,0.44999998807907104,-59.01394874534353,1.2548884598118093e-08
grid-r072-c045,72,45,9.199999809265137,14.600000381469727,0.44999998807907104,-63.90206906189448,4.071862402810211e-09
grid-r072-c046,72,46,9.399999618530273,14.600000381469727,0.44999998807907104,-59.21424223219462,1.1983281922312017e-08
grid-r072-c047,72,47,9.600000381469727,14.600000381469727,0.44999998807907104,-61.02991556962074,7.888754538498688e-09
grid-r072-c048,72,48,9.800000190734863,14.600000381469727,0.44999998807907104,-61.131373931835014,7.70659625004555e-09
grid-r072-c049,72,49,10.0,14.600000381469727,0.44999998807907104,-61.2325104238291,7.529202150635683e-09
grid-r072-c050,72,50,10.200000762939453,14.600000381469727,0.44999998807907104,-47.73103126951935,1.6861525864442228e-07
grid-r072-c051,72,51,10.399999618530273,14.600000381469727,0.44999998807907104,-48.026855168188234,1.5751230364458024e-07
grid-r073-c024,73,24,5.0,14.80000114440918,0.44999998807907104,-65.42579240434017,2.866954229574503e-09
grid-r073-c025,73,25,5.199999809265137,14.80000114440918,0.44999998807907104,-47.35366257598767,1.8392202605355124e-07
grid-r073-c026,73,26,5.400000095367432,14.80000114440918,0.44999998807907104,-47.40766343474709,1.8164926984809426e-07
grid-r073-c027,73,27,5.599999904632568,14.80000114440918,0.44999998807907104,-60.82192038551767,8.275761409493043e-09
grid-r073-c028,73,28,5.800000190734863,14.80000114440918,0.44999998807907104,-47.25142945534013,1.8830291992344428e-07
grid-r073-c037,73,37,7.599999904632568,14.80000114440918,0.44999998807907104,-60.01817623746801,9.958235125395731e-09
grid-r073-c038,73,38,7.800000190734863,14.80000114440918,0.44999998807907104,-58.36621802005712,1.4567270945065047e-08
grid-r073-c039,73,39,8.0,14.80000114440918,0.44999998807907104,-63.210851989720354,4.774356021641779e-09
grid-r073-c040,73,40,8.199999809265137,14.80000114440918,0.44999998807907104,-63.235311110214894,4.747542803329452e-09
grid-r073-c041,73,41,8.399999618530273,14.80000114440918,0.44999998807907104,-58.57780997814592,1.3874553062009909e-08
grid-r073-c042,73,42,8.600000381469727,14.80000114440918,0.44999998807907104,-63.431324720203364,4.538031728174019e-09
grid-r073-c043,73,43,8.800000190734863,14.80000114440918,0.44999998807907104,-60.506799147140796,8.898567216419906e-09
grid-r073-c044,73,44,9.0,14.80000114440918,0.44999998807907104,-47.677857367069805,1.7069243085643393e-07
grid-r073-c045,73,45,9.199999809265137,14.80000114440918,0.44999998807907104,-60.704932820816865,8.501718440356854e-09
grid-r073-c046,73,46,9.399999618530273,14.80000114440918,0.44999998807907104,-47.69402711358683,1.7005808672365674e-07
grid-r073-c047,73,47,9.600000381469727,14.80000114440918,0.44999998807907104,-47.916702930082536,1.615584608316567e-07
grid-r073-c048,73,48,9.800000190734863,14.80000114440918,0.44999998807907104,-47.70910997172082,1.6946850678323244e-07
grid-r073-c049,73,49,10.0,14.80000114440918,0.44999998807907104,-59.18990414098508,1.205062538645052e-08
grid-r073-c050,73,50,10.200000762939453,14.80000114440918,0.44999998807907104,-64.07913137660061,3.909190748885294e-09
grid-r074-c024,74,24,5.0,15.0,0.44999998807907104,-47.293909539398285,1.8647003230398695e-07
grid-r074-c025,74,25,5.199999809265137,15.0,0.44999998807907104,-47.35186266720498,1.839982672890983e-07
grid-r074-c026,74,26,5.400000095367432,15.0,0.44999998807907104,-47.199654346416565,1.905612379005106e-07
grid-r074-c027,74,27,5.599999904632568,15.0,0.44999998807907104,-47.254221502206406,1.8818190028468962e-07
grid-r074-c028,74,28,5.800000190734863,15.0,0.44999998807907104,-62.34283046763855,5.830649740801164e-09
grid-r074-c036,74,36,7.400000095367432,15.0,0.44999998807907104,-59.80035193566597,1.0470436961895757e-08
grid-r074-c037,74,37,7.599999904632568,15.0,0.44999998807907104,-47.48145420804978,1.785889480743208e-07
grid-r074-c038,74,38,7.800000190734863,15.0,0.44999998807907104,-47.74767982355419,1.6797011426206154e-07
grid-r074-c039,74,39,8.0,15.0,0.44999998807907104,-60.01776256871139,9.959183699947971e-09
grid-r074-c040,74,40,8.199999809265137,15.0,0.44999998807907104,-47.75673865407518,1.6762011512128083e-07
grid-r074-c041,74,41,8.399999618530273,15.0,0.44999998807907104,-47.52068707362713,1.7698289411782753e-07
grid-r074-c042,74,42,8.600000381469727,15.0,0.44999998807907104,-47.645631334380084,1.719637339192559e-07
grid-r074-c043,74,43,8.800000190734863,15.0,0.44999998807907104,-63.33308688556059,4.641852235920396e-09
grid-r074-c044,74,44,9.0,15.0,0.44999998807907104,-47.54303586912515,1.7607447944101295e-07
grid-r074-c045,74,45,9.199999809265137,15.0,0.44999998807907104,-47.66129877809368,1.7134448171418626e-07
grid-r074-c046,74,46,9.399999618530273,15.0,0.44999998807907104,-58.84056137351253,1.3060020620514479e-08
grid-r074-c047,74,47,9.600000381469727,15.0,0.44999998807907104,-47.672468644795686,1.7090435733280174e-07
grid-r074-c048,74,48,9.800000190734863,15.0,0.44999998807907104,-47.674077009322986,1.7084107639675494e-07
grid-r074-c049,74,49,10.0,15.0,0.44999998807907104,-47.78610372003732,1.66490565334243e-07
grid-r074-c051,74,51,10.399999618530273,15.0,0.44999998807907104,-47.89583313774442,1.623366898684253e-07
grid-r075-c023,75,23,4.800000190734863,15.200000762939453,0.44999998807907104,-64.95879237680995,3.1924254351167747e-09
grid-r075-c024,75,24,5.0,15.200000762939453,0.44999998807907104,-47.15380733858679,1.92583584635031e-07
grid-r075-c025,75,25,5.199999809265137,15.200000762939453,0.44999998807907104,-47.143308354587234,1.9304971488054434e-07
grid-r075-c026,75,26,5.400000095367432,15.200000762939453,0.44999998807907104,-47.126779984020274,1.937858229439371e-07
grid-r075-c027,75,27,5.599999904632568,15.200000762939453,0.44999998807907104,-47.04350596948305,1.9753743174533156e-07
grid-r075-c034,75,34,7.0,15.200000762939453,0.44999998807907104,-62.46301711391679,5.671504599291666e-09
grid-r075-c035,75,35,7.199999809265137,15.200000762939453,0.44999998807907104,-62.606668878891924,5.486976650814768e-09
grid-r075-c036,75,36,7.400000095367432,15.200000762939453,0.44999998807907104,-62.63047940002514,5.456976204243347e-09
grid-r075-c037,75,37,7.599999904632568,15.200000762939453,0.44999998807907104,-57.93867423560715,1.6074318764935924e-08
grid-r075-c038,75,38,7.800000190734863,15.200000762939453,0.44999998807907104,-62.82264512375008,5.220781140735653e-09
grid-r075-c039,75,39,8.0,15.200000762939453,0.44999998807907104,-62.84655495953031,5.192117402685881e-09
grid-r075-c040,75,40,8.199999809265137,15.200000762939453,0.44999998807907104,-58.14736414926534,1.5320170021482227e-08
grid-r075-c041,75,41,8.399999618530273,15.200000762939453,0.44999998807907104,-60.01764792591686,9.959446600760202e-09
grid-r075-c042,75,42,8.600000381469727,15.200000762939453,0.44999998807907104,-63.06403433649011,4.9385171507765335e-09
grid-r075-c043,75,43,8.800000190734863,15.200000762939453,0.44999998807907104,-60.138526081753184,9.686065283176504e-09
grid-r075-c044,75,44,9.0,15.200000762939453,0.44999998807907104,-60.23644771413005,9.470114470389035e-09
grid-r075-c045,75,45,9.199999809265137,15.200000762939453,0.44999998807907104,-63.28303492787748,4.69565852867504e-09
grid-r075-c046,75,46,9.399999618530273,15.200000762939453,0.44999998807907104,-58.625941813166065,1.3721633607133299e-08
grid-r075-c047,75,47,9.600000381469727,15.200000762939453,0.44999998807907104,-60.394405999692395,9.131863265565698e-09
grid-r075-c048,75,48,9.800000190734863,15.200000762939453,0.44999998807907104,-47.64995817616635,1.7179249311993772e-07
grid-r075-c049,75,49,10.0,15.200000762939453,0.44999998807907104,-63.652676136209465,4.312532553285564e-09
grid-r076-c023,76,23,4.800000190734863,15.40000057220459,0.44999998807907104,-47.15074442032018,1.9271945461696305e-07
grid-r076-c024,76,24,5.0,15.40000057220459,0.44999998807907104,-59.87469747380855,1.0292722230076379e-08
grid-r076-c025,76,25,5.199999809265137,15.40000057220459,0.44999998807907104,-47.00022560378524,1.9951586693878198e-07
grid-r076-c026,76,26,5.400000095367432,15.40000057220459,0.44999998807907104,-46.98872620820465,2.0004485179470066e-07
grid-r076-c027,76,27,5.599999904632568,15.40000057220459,0.44999998807907104,-59.92916848857877,1.0164432850956473e-08
grid-r076-c034,76,34,7.0,15.40000057220459,0.44999998807907104,-47.58581253524136,1.7434871324439882e-07
grid-r076-c035,76,35,7.199999809265137,15.40000057220459,0.44999998807907104,-59.41606613329198,1.1439140301661155e-08
grid-r076-c036,76,36,7.400000095367432,15.40000057220459,0.44999998807907104,-47.45534196906273,1.7966596033147653e-07
grid-r076-c037,76,37,7.599999904632568,15.40000057220459,0.44999998807907104,-59.5354628598553,1.1128937771331948e-08
grid-r076-c038,76,38,7.800000190734863,15.40000057220459,0.44999998807907104,-47.47219284138491,1.7897019688462024e-07
grid-r076-c039,76,39,8.0,15.40000057220459,0.44999998807907104,-47.61352403542213,1.7323976919669803e-07
grid-r076-c040,76,40,8.199999809265137,15.40000057220459,0.44999998807907104,-59.750824050194325,1.0590527566023411e-08
grid-r076-c041,76,41,8.399999618530273,15.40000057220459,0.44999998807907104,-47.493304785042454,1.781022973545987e-07
grid-r076-c042,76,42,8.600000381469727,15.40000057220459,0.44999998807907104,-47.62737186065621,1.7268826013605576e-07
grid-r076-c043,76,43,8.800000190734863,15.40000057220459,0.44999998807907104,-62.96590782124926,5.051370433051261e-09
grid-r076-c044,76,44,9.0,15.40000057220459,0.44999998807907104,-47.27549082671467,1.8726254324974434e-07
grid-r076-c045,76,45,9.199999809265137,15.40000057220459,0.44999998807907104,-47.638458639066044,1.7224797943526937e-07
grid-r076-c046,76,46,9.399999618530273,15.40000057220459,0.44999998807907104,-47.640568839372335,1.7216430592270626e-07
grid-r076-c047,76,47,9.600000381469727,15.40000057220459,0.44999998807907104,-58.493277389373034,1.4147257587637796e-08
grid-r077-c022,77,22,4.599999904632568,15.600000381469727,0.44999998807907104,-64.20852883713964,3.794434988435569e-09
grid-r077-c023,77,23,4.800000190734863,15.600000381469727,0.44999998807907104,-47.01249159105822,1.9895315972462413e-07
grid-r077-c024,77,24,5.0,15.600000381469727,0.44999998807907104,-46.99789601882355,1.996229173073516e-07
grid-r077-c025,77,25,5.199999809265137,15.600000381469727,0.44999998807907104,-59.624222788326506,1.0903796088257423e-08
grid-r077-c026,77,26,5.400000095367432,15.600000381469727,0.44999998807907104,-59.60836695282789,1.0943677963837217e-08
grid-r077-c027,77,27,5.599999904632568,15.600000381469727,0.44999998807907104,-47.00267250294033,1.9940348749969417e-07
grid-r077-c033,77,33,6.800000190734863,15.600000381469727,0.44999998807907104,-59.130182241276,1.2217483913445903e-08
grid-r077-c034,77,34,7.0,15.600000381469727,0.44999998807907104,-47.447823562332786,1.7997726331486774e-07
grid-r077-c035,77,35,7.199999809265137,15.600000381469727,0.44999998807907104,-62.2472454896328,5.960400617510686e-09
grid-r077-c036,77,36,7.400000095367432,15.600000381469727,0.44999998807907104,-47.31545676468231,1.8554716518792702e-07
grid-r077-c037,77,37,7.599999904632568,15.600000381469727,0.44999998807907104,-47.33000468449191,1.8492666242764244e-07
grid-r077-c038,77,38,7.800000190734863,15.600000381469727,0.44999998807907104,-62.460752221265636,5.674463121607687e-09
grid-r077-c039,77,39,8.0,15.600000381469727,0.44999998807907104,-47.34220823826075,1.8440775306771684e-07
grid-r077-c040,77,40,8.199999809265137,15.600000381469727,0.44999998807907104,-47.22177288442643,1.8959318026645633e-07
grid-r077-c041,77,41,8.399999618530273,15.600000381469727,0.44999998807907104,-62.675340999702456,5.400897062912691e-09
grid-r077-c042,77,42,8.600000381469727,15.600000381469727,0.44999998807907104,-47.3630240569875,1.8352599795434799e-07
grid-r077-c043,77,43,8.800000190734863,15.600000381469727,0.44999998807907104,-47.367507698569014,1.833366241044132e-07
grid-r077-c044,77,44,9.0,15.600000381469727,0.44999998807907104,-59.86902542551549,1.0306173692242737e-08
grid-r077-c045,77,45,9.199999809265137,15.600000381469727,0.44999998807907104,-47.38084092686664,1.827746274329911e-07
grid-r077-c046,77,46,9.399999618530273,15.600000381469727,0.44999998807907104,-47.38396378066351,1.8264324808114907e-07
grid-r077-c047,77,47,9.600000381469727,15.600000381469727,0.44999998807907104,-63.08457999405853,4.915209128597553e-09
grid-r078-c022,78,22,4.599999904632568,15.80000114440918,0.44999998807907104,-63.91890833969782,4.0561047853771015e-09
grid-r078-c023,78,23,4.800000190734863,15.80000114440918,0.44999998807907104,-46.78579771618112,2.096139724017121e-07
grid-r078-c024,78,24,5.0,15.80000114440918,0.44999998807907104,-46.940577513612794,2.0227501806857617e-07
grid-r078-c025,78,25,5.199999809265137,15.80000114440918,0.44999998807907104,-46.76275491431957,2.10729098171214e-07
grid-r078-c026,78,26,5.400000095367432,15.80000114440918,0.44999998807907104,-61.104611142249595,7.754233699586166e-09
grid-r078-c027,78,27,5.599999904632568,15.80000114440918,0.44999998807907104,-64.20499769132616,3.797521408444027e-09
grid-r078-c032,78,32,6.599999904632568,15.80000114440918,0.44999998807907104,-61.93911580706272,6.39865094242964e-09
grid-r078-c033,78,33,6.800000190734863,15.80000114440918,0.44999998807907104,-61.96226555070882,6.364634153044335e-09
grid-r078-c034,78,34,7.0,15.80000114440918,0.44999998807907104,-59.03426129947192,1.2490328771264103e-08
grid-r078-c035,78,35,7.199999809265137,15.80000114440918,0.44999998807907104,-62.12778104197797,6.126633422809391e-09
grid-r078-c036,78,36,7.400000095367432,15.80000114440918,0.44999998807907104,-59.15226103496087,1.2155529915958141e-08
grid-r078-c037,78,37,7.599999904632568,15.80000114440918,0.44999998807907104,-59.246552505739345,1.1894460527628326e-08
grid-r078-c038,78,38,7.800000190734863,15.80000114440918,0.44999998807907104,-62.34049513622834,5.833785898801125e-09
grid-r078-c039,78,39,8.0,15.80000114440918,0.44999998807907104,-62.36373198293322,5.802655689279845e-09
grid-r078-c040,78,40,8.199999809265137,15.80000114440918,0.44999998807907104,-57.67097657330682,1.709630836899123e-08
grid-r078-c041,78,41,8.399999618530273,15.80000114440918,0.44999998807907104,-62.5541979323456,5.5536717447068895e-09
grid-r078-c042,78,42,8.600000381469727,15.80000114440918,0.44999998807907104,-62.5774692959677,5.52399237463419e-09
grid-r078-c043,78,43,8.800000190734863,15.80000114440918,0.44999998807907104,-62.60071544145447,5.4945035188325164e-09
grid-r078-c044,78,44,9.0,15.80000114440918,0.44999998807907104,-56.67536566911926,2.150123634692136e-08
grid-r078-c045,78,45,9.199999809265137,15.80000114440918,0.44999998807907104,-62.79231302819868,5.257371871181249e-09
grid-r078-c046,78,46,9.399999618530273,15.80000114440918,0.44999998807907104,-62.81558462248741,5.229275679141665e-09
grid-r078-c047,78,47,9.600000381469727,15.80000114440918,0.44999998807907104,-62.96159095244835,5.056393970193085e-09
grid-r079-c022,79,22,4.599999904632568,16.0,0.44999998807907104,-46.7739826610339,2.1018500717673305e-07
grid-r079-c023,79,23,4.800000190734863,16.0,0.44999998807907104,-60.72972608405621,8.453321598267394e-09
grid-r079-c024,79,24,5.0,16.0,0.44999998807907104,-46.629012261757595,2.173195383647908e-07
grid-r079-c025,79,25,5.199999809265137,16.0,0.44999998807907104,-60.79225278253942,8.33248847698087e-09
grid-r079-c026,79,26,5.400000095367432,16.0,0.44999998807907104,-46.78713905881641,2.0954924195848434e-07
grid-r079-c031,79,31,6.400000095367432,16.0,0.44999998807907104,-58.727368433705934,1.3404886978207742e-08
grid-r079-c032,79,32,6.599999904632568,16.0,0.44999998807907104,-47.291321091866834,1.8658120382042398e-07
grid-r079-c033,79,33,6.800000190734863,16.0,0.44999998807907104,-47.29969950584221,1.862215981418558e-07
grid-r079-c034,79,34,7.0,16.0,0.44999998807907104,-61.86636781451058,6.506736482947417e-09
grid-r079-c035,79,35,7.199999809265137,16.0,0.44999998807907104,-47.16355185001393,1.9215195834476617e-07
grid-r079-c036,79,36,7.400000095367432,16.0,0.44999998807907104,-59.03273690430464,1.2494713708122163e-08
grid-r079-c037,79,37,7.599999904632568,16.0,0.44999998807907104,-47.32100710434199,1.853101849746963e-07
grid-r079-c038,79,38,7.800000190734863,16.0,0.44999998807907104,-47.1889329392846,1.9103225668004598e-07
grid-r079-c039,79,39,8.0,16.0,0.44999998807907104,-62.243496514799745,5.965548055542058e-09
grid-r079-c040,79,40,8.199999809265137,16.0,0.44999998807907104,-47.20122150940071,1.9049248578539846e-07
grid-r079-c041,79,41,8.399999618530273,16.0,0.44999998807907104,-47.21128743282186,1.900514803310216e-07
grid-r079-c042,79,42,8.600000381469727,16.0,0.44999998807907104,-59.385156767336596,1.1520844722667789e-08
grid-r079-c043,79,43,8.800000190734863,16.0,0.44999998807907104,-47.35271673408268,1.839620864529934e-07
grid-r079-c044,79,44,9.0,16.0,0.44999998807907104,-47.22630783482829,1.8939530832540186e-07
grid-r079-c045,79,45,9.199999809265137,16.0,0.44999998807907104,-59.598501273961986,1.0968566499514054e-08
grid-r080-c021,80,21,4.400000095367432,16.200000762939453,0.44999998807907104,-63.47957704640169,4.487890947757478e-09
grid-r080-c022,80,22,4.599999904632568,16.200000762939453,0.44999998807907104,-46.90978558632308,2.037142650124224e-07
grid-r080-c023,80,23,4.800000190734863,16.200000762939453,0.44999998807907104,-46.80403565195462,2.087355568392013e-07
grid-r080-c024,80,24,5.0,16.200000762939453,0.44999998807907104,-63.56152312179377,4.404003828284431e-09
grid-r080-c025,80,25,5.199999809265137,16.200000762939453,0.44999998807907104,-60.58151214078947,8.74679173534787e-09
grid-r080-c026,80,26,5.400000095367432,16.200000762939453,0.44999998807907104,-63.46822081739657,4.499641548250111e-09
grid-r080-c030,80,30,6.199999809265137,16.200000762939453,0.44999998807907104,-61.53762345653294,7.018392533808537e-09
grid-r080-c031,80,31,6.400000095367432,16.200000762939453,0.44999998807907104,-61.560462132866576,6.981581091025646e-09
grid-r080-c032,80,32,6.599999904632568,16.200000762939453,0.44999998807907104,-58.63180244402922,1.3703129297937267e-08
grid-r080-c033,80,33,6.800000190734863,16.200000762939453,0.44999998807907104,-61.7246495017273,6.722565615291387e-09
grid-r080-c034,80,34,7.0,16.200000762939453,0.44999998807907104,-61.747501709359014,6.687284948014849e-09
grid-r080-c035,80,35,7.199999809265137,16.200000762939453,0.44999998807907104,-58.77139592975621,1.3269678689198372e-08
grid-r080-c036,80,36,7.400000095367432,16.200000762939453,0.44999998807907104,-58.91337376982965,1.284288586589355e-08
grid-r080-c037,80,37,7.599999904632568,16.200000762939453,0.44999998807907104,-61.957968332684345,6.370934890753688e-09
grid-r080-c038,80,38,7.800000190734863,16.200000762939453,0.44999998807907104,-61.98076833459949,6.337575797488171e-09
grid-r080-c039,80,39,8.0,16.200000762939453,0.44999998807907104,-59.05276802513603,1.2437216589944455e-08
grid-r080-c040,80,40,8.199999809265137,16.200000762939453,0.44999998807907104,-57.34222898825887,1.844068719947245e-08
grid-r080-c041,80,41,8.399999618530273,16.200000762939453,0.44999998807907104,-62.191913947760256,6.036825261901413e-09
grid-r080-c042,80,42,8.600000381469727,16.200000762939453,0.44999998807907104,-62.21465819538629,6.005292707556009e-09
grid-r080-c043,80,43,8.800000190734863,16.200000762939453,0.44999998807907104,-59.28708526478228,1.1783965803147112e-08
grid-r080-c044,80,44,9.0,16.200000762939453,0.44999998807907104,-57.57662570928568,1.7471791124989977e-08
