grid_id,row,column,x,y,z,sionna_rssi_dbm,path_gain_linear
grid-r000-c000,0,0,0.19999980926513672,0.20000028610229492,0.44999998807907104,-37.363946785299504,1.8348700905335136e-06
grid-r000-c001,0,1,0.40000009536743164,0.20000028610229492,0.44999998807907104,-36.08037109387795,2.465828629283351e-06
grid-r000-c002,0,2,0.5999999046325684,0.20000028610229492,0.44999998807907104,-37.28191449968478,1.8698576695896918e-06
grid-r000-c003,0,3,0.7999997138977051,0.20000028610229492,0.44999998807907104,-36.33410208661267,2.3258933197212173e-06
grid-r000-c004,0,4,1.0,0.20000028610229492,0.44999998807907104,-37.104162486252584,1.9479766706353985e-06
grid-r000-c005,0,5,1.1999998092651367,0.20000028610229492,0.44999998807907104,-36.22008274402276,2.3877657895354787e-06
grid-r000-c006,0,6,1.4000000953674316,0.20000028610229492,0.44999998807907104,-36.48074328895822,2.248669716209406e-06
grid-r000-c007,0,7,1.5999999046325684,0.20000028610229492,0.44999998807907104,-35.161904127238344,3.0465589588857256e-06
grid-r000-c008,0,8,1.799999713897705,0.20000028610229492,0.44999998807907104,-34.061040015117435,3.925509190594312e-06
grid-r000-c009,0,9,2.0,0.20000028610229492,0.44999998807907104,-32.099807980194896,6.166222647152608e-06
grid-r000-c010,0,10,2.200000047683716,0.20000028610229492,0.44999998807907104,-30.76396748903032,8.386934496229514e-06
grid-r000-c011,0,11,2.3999998569488525,0.20000028610229492,0.44999998807907104,-28.86852401929852,1.2976202015124727e-05
grid-r000-c012,0,12,2.5999999046325684,0.20000028610229492,0.44999998807907104,-27.677764170246206,1.7069609384634532e-05
grid-r000-c013,0,13,2.799999952316284,0.20000028610229492,0.44999998807907104,-26.4824701384548,2.2477757738670334e-05
grid-r000-c014,0,14,3.0,0.20000028610229492,0.44999998807907104,-25.915197394105498,2.5614168407628313e-05
grid-r000-c015,0,15,3.200000047683716,0.20000028610229492,0.44999998807907104,-25.737928599484896,2.668130946403835e-05
grid-r000-c016,0,16,3.3999998569488525,0.20000028610229492,0.44999998807907104,-26.376317835775424,2.303393921465613e-05
grid-r000-c017,0,17,3.5999999046325684,0.20000028610229492,0.44999998807907104,-27.000073872127004,1.995228376472369e-05
grid-r000-c018,0,18,3.799999952316284,0.20000028610229492,0.44999998807907104,-28.29429238431254,1.4810535503784195e-05
grid-r000-c019,0,19,4.0,0.20000028610229492,0.44999998807907104,-29.947265530910975,1.0122165804204997e-05
grid-r000-c020,0,20,4.199999809265137,0.20000028610229492,0.44999998807907104,-31.558132734218333,6.985326763242483e-06
grid-r000-c021,0,21,4.400000095367432,0.20000028610229492,0.44999998807907104,-32.988875890253794,5.024726306146476e-06
grid-r000-c022,0,22,4.599999904632568,0.20000028610229492,0.44999998807907104,-34.99487163632981,3.166014039379661e-06
grid-r000-c023,0,23,4.800000190734863,0.20000028610229492,0.44999998807907104,-36.271498759814364,2.359663767492748e-06
grid-r000-c024,0,24,5.0,0.20000028610229492,0.44999998807907104,-35.67542894487872,2.706805844354676e-06
grid-r000-c025,0,25,5.199999809265137,0.20000028610229492,0.44999998807907104,-36.84712752554968,2.0667466742452234e-06
grid-r000-c026,0,26,5.400000095367432,0.20000028610229492,0.44999998807907104,-37.3688242635264,1.8328105397813488e-06
grid-r000-c027,0,27,5.599999904632568,0.20000028610229492,0.44999998807907104,-36.995189913392295,1.9974734186689602e-06
grid-r000-c028,0,28,5.800000190734863,0.20000028610229492,0.44999998807907104,-36.2265853783061,2.3841932943469146e-06
grid-r000-c029,0,29,6.0,0.20000028610229492,0.44999998807907104,-37.1710558916459,1.9182023152097827e-06
grid-r000-c030,0,30,6.199999809265137,0.20000028610229492,0.44999998807907104,-37.37937711706138,1.8283624285686528e-06
grid-r000-c031,0,31,6.400000095367432,0.20000028610229492,0.44999998807907104,-37.11956876585016,1.9410786080698017e-06
grid-r000-c032,0,32,6.599999904632568,0.20000028610229492,0.44999998807907104,-37.112632274226016,1.9441813492449e-06
grid-r000-c033,0,33,6.800000190734863,0.20000028610229492,0.44999998807907104,-36.697947777691844,2.1389726043707924e-06
grid-r000-c034,0,34,7.0,0.20000028610229492,0.44999998807907104,-37.39259120888991,1.8228078033644124e-06
grid-r000-c035,0,35,7.199999809265137,0.20000028610229492,0.44999998807907104,-37.45807634059545,1.7955287603399483e-06
grid-r000-c036,0,36,7.400000095367432,0.20000028610229492,0.44999998807907104,-37.958725445812576,1.6000275309124845e-06
grid-r000-c037,0,37,7.599999904632568,0.20000028610229492,0.44999998807907104,-37.53892583886963,1.7624118981984793e-06
grid-r000-c038,0,38,7.800000190734863,0.20000028610229492,0.44999998807907104,-37.41155630183079,1.8148651861338294e-06
grid-r000-c039,0,39,8.0,0.20000028610229492,0.44999998807907104,-37.73528213697044,1.6845029904288822e-06
grid-r000-c040,0,40,8.199999809265137,0.20000028610229492,0.44999998807907104,-37.50991838249217,1.774222823769378e-06
grid-r000-c041,0,41,8.399999618530273,0.20000028610229492,0.44999998807907104,-38.013931324623435,1.579817308083875e-06
grid-r000-c042,0,42,8.600000381469727,0.20000028610229492,0.44999998807907104,-38.24105210979092,1.4993215700087603e-06
grid-r000-c043,0,43,8.800000190734863,0.20000028610229492,0.44999998807907104,-38.3014586352822,1.4786116935283644e-06
grid-r000-c044,0,44,9.0,0.20000028610229492,0.44999998807907104,-38.54703054225165,1.3973234445074922e-06
grid-r000-c045,0,45,9.199999809265137,0.20000028610229492,0.44999998807907104,-38.422487283280205,1.4379747881321236e-06
grid-r000-c046,0,46,9.399999618530273,0.20000028610229492,0.44999998807907104,-38.282563287117554,1.4850588740955573e-06
grid-r000-c047,0,47,9.600000381469727,0.20000028610229492,0.44999998807907104,-38.14690816971044,1.5321778619181714e-06
grid-r000-c048,0,48,9.800000190734863,0.20000028610229492,0.44999998807907104,-38.76534004840796,1.3288195077620912e-06
grid-r000-c049,0,49,10.0,0.20000028610229492,0.44999998807907104,-38.687055555282235,1.3529895568353822e-06
grid-r000-c050,0,50,10.200000762939453,0.20000028610229492,0.44999998807907104,-39.66501114683737,1.0801868484122679e-06
grid-r000-c051,0,51,10.399999618530273,0.20000028610229492,0.44999998807907104,-38.906960952932025,1.2861863751822966e-06
grid-r000-c052,0,52,10.600000381469727,0.20000028610229492,0.44999998807907104,-38.78615818982432,1.3224649819676415e-06
grid-r000-c053,0,53,10.800000190734863,0.20000028610229492,0.44999998807907104,-39.92423787635676,1.0175979241466848e-06
grid-r000-c054,0,54,11.0,0.20000028610229492,0.44999998807907104,-39.387481971666745,1.1514678135426948e-06
grid-r000-c055,0,55,11.200000762939453,0.20000028610229492,0.44999998807907104,-39.58190681758015,1.1010557727786363e-06
grid-r000-c056,0,56,11.399999618530273,0.20000028610229492,0.44999998807907104,-38.83121905641494,1.3088144896755693e-06
grid-r000-c057,0,57,11.600000381469727,0.20000028610229492,0.44999998807907104,-40.20285305656873,9.543654186927597e-07
grid-r001-c000,1,0,0.19999980926513672,0.40000057220458984,0.44999998807907104,-37.11426297503153,1.9434514797467273e-06
grid-r001-c001,1,1,0.40000009536743164,0.40000057220458984,0.44999998807907104,-37.33719192467334,1.8462087609805167e-06
grid-r001-c002,1,2,0.5999999046325684,0.40000057220458984,0.44999998807907104,-37.46917801258902,1.790944793356175e-06
grid-r001-c003,1,3,0.7999997138977051,0.40000057220458984,0.44999998807907104,-37.41082427462178,1.8151711174141383e-06
grid-r001-c004,1,4,1.0,0.40000057220458984,0.44999998807907104,-36.7348296672673,2.1208845737419324e-06
grid-r001-c005,1,5,1.1999998092651367,0.40000057220458984,0.44999998807907104,-36.394301631236026,2.293875468240003e-06
grid-r001-c006,1,6,1.4000000953674316,0.40000057220458984,0.44999998807907104,-36.25345296003953,2.369489038756001e-06
grid-r001-c007,1,7,1.5999999046325684,0.40000057220458984,0.44999998807907104,-35.679723428378445,2.704130565689411e-06
grid-r001-c008,1,8,1.799999713897705,0.40000057220458984,0.44999998807907104,-34.10827996428891,3.883041244989727e-06
grid-r001-c009,1,9,2.0,0.40000057220458984,0.44999998807907104,-32.68599842385978,5.3876597121416125e-06
grid-r001-c010,1,10,2.200000047683716,0.40000057220458984,0.44999998807907104,-30.51209346361265,8.887725925887935e-06
grid-r001-c011,1,11,2.3999998569488525,0.40000057220458984,0.44999998807907104,-28.847860423497238,1.3038089491601568e-05
grid-r001-c012,1,12,2.5999999046325684,0.40000057220458984,0.44999998807907104,-27.622470444096308,1.728832648950629e-05
grid-r001-c013,1,13,2.799999952316284,0.40000057220458984,0.44999998807907104,-26.348582407435785,2.31815120059764e-05
grid-r001-c014,1,14,3.0,0.40000057220458984,0.44999998807907104,-25.45109204445656,2.85030146187637e-05
grid-r001-c015,1,15,3.200000047683716,0.40000057220458984,0.44999998807907104,-25.599162104770734,2.754760134848766e-05
grid-r001-c016,1,16,3.3999998569488525,0.40000057220458984,0.44999998807907104,-25.94450099820775,2.544192102504894e-05
grid-r001-c017,1,17,3.5999999046325684,0.40000057220458984,0.44999998807907104,-26.96629391126094,2.010808020713739e-05
grid-r001-c018,1,18,3.799999952316284,0.40000057220458984,0.44999998807907104,-28.097792754337235,1.5496039850404486e-05
grid-r001-c019,1,19,4.0,0.40000057220458984,0.44999998807907104,-29.99789533090813,1.0004847354139201e-05
grid-r001-c020,1,20,4.199999809265137,0.40000057220458984,0.44999998807907104,-31.696756351321113,6.765881153114606e-06
grid-r001-c021,1,21,4.400000095367432,0.40000057220458984,0.44999998807907104,-33.07526302900452,4.925765097141266e-06
grid-r001-c022,1,22,4.599999904632568,0.40000057220458984,0.44999998807907104,-35.131427681475174,3.0680132567795226e-06
grid-r001-c023,1,23,4.800000190734863,0.40000057220458984,0.44999998807907104,-35.84491769388565,2.6032041660073446e-06
grid-r001-c024,1,24,5.0,0.40000057220458984,0.44999998807907104,-37.22951329533068,1.8925557014881633e-06
grid-r001-c025,1,25,5.199999809265137,0.40000057220458984,0.44999998807907104,-37.59717361655512,1.738932155603834e-06
grid-r001-c026,1,26,5.400000095367432,0.40000057220458984,0.44999998807907104,-37.744868731977675,1.6807887277536793e-06
grid-r001-c027,1,27,5.599999904632568,0.40000057220458984,0.44999998807907104,-37.30900185685456,1.8582314851300907e-06
grid-r001-c028,1,28,5.800000190734863,0.40000057220458984,0.44999998807907104,-37.334061689443,1.847539920163399e-06
grid-r001-c029,1,29,6.0,0.40000057220458984,0.44999998807907104,-37.21350687037487,1.8995438040292356e-06
grid-r001-c030,1,30,6.199999809265137,0.40000057220458984,0.44999998807907104,-37.76105553364077,1.6745358379921527e-06
grid-r001-c031,1,31,6.400000095367432,0.40000057220458984,0.44999998807907104,-37.443093496429626,1.8017339016296319e-06
grid-r001-c032,1,32,6.599999904632568,0.40000057220458984,0.44999998807907104,-37.51223013615994,1.7732786545821e-06
grid-r001-c033,1,33,6.800000190734863,0.40000057220458984,0.44999998807907104,-37.48311220772094,1.7852078144642292e-06
grid-r001-c034,1,34,7.0,0.40000057220458984,0.44999998807907104,-37.54461824729546,1.7601033732717042e-06
grid-r001-c035,1,35,7.199999809265137,0.40000057220458984,0.44999998807907104,-37.57182715405656,1.749110651871888e-06
grid-r001-c036,1,36,7.400000095367432,0.40000057220458984,0.44999998807907104,-37.75828984379231,1.6756025615904946e-06
grid-r001-c037,1,37,7.599999904632568,0.40000057220458984,0.44999998807907104,-37.62863777552239,1.726379309729964e-06
grid-r001-c038,1,38,7.800000190734863,0.40000057220458984,0.44999998807907104,-37.95214103349772,1.602455199645192e-06
grid-r001-c039,1,39,8.0,0.40000057220458984,0.44999998807907104,-38.30958813673021,1.4758464885744615e-06
grid-r001-c040,1,40,8.199999809265137,0.40000057220458984,0.44999998807907104,-37.778800383101874,1.6677078065185924e-06
grid-r001-c041,1,41,8.399999618530273,0.40000057220458984,0.44999998807907104,-37.9090052242994,1.6184507103389478e-06
grid-r001-c042,1,42,8.600000381469727,0.40000057220458984,0.44999998807907104,-38.48003652072155,1.4190455885909614e-06
grid-r001-c043,1,43,8.800000190734863,0.40000057220458984,0.44999998807907104,-38.542901915564876,1.398652443640458e-06
grid-r001-c044,1,44,9.0,0.40000057220458984,0.44999998807907104,-38.207064404288566,1.5111012316992856e-06
grid-r001-c045,1,45,9.199999809265137,0.40000057220458984,0.44999998807907104,-38.17865607978775,1.5210181345537421e-06
grid-r001-c046,1,46,9.399999618530273,0.40000057220458984,0.44999998807907104,-39.12585887183127,1.2229652384121437e-06
grid-r001-c047,1,47,9.600000381469727,0.40000057220458984,0.44999998807907104,-38.84844470129525,1.3036335531069199e-06
grid-r001-c048,1,48,9.800000190734863,0.40000057220458984,0.44999998807907104,-38.982944338659024,1.263879198631912e-06
grid-r001-c049,1,49,10.0,0.40000057220458984,0.44999998807907104,-38.949098137384944,1.2737675660901004e-06
grid-r001-c050,1,50,10.200000762939453,0.40000057220458984,0.44999998807907104,-38.77519308802889,1.325808170804521e-06
grid-r001-c051,1,51,10.399999618530273,0.40000057220458984,0.44999998807907104,-38.81533582471639,1.3136099141775048e-06
grid-r001-c052,1,52,10.600000381469727,0.40000057220458984,0.44999998807907104,-39.28569022801115,1.1787751645897515e-06
grid-r001-c053,1,53,10.800000190734863,0.40000057220458984,0.44999998807907104,-39.10072788122406,1.2300625940042664e-06
grid-r001-c054,1,54,11.0,0.40000057220458984,0.44999998807907104,-38.89438345457603,1.2899166677016183e-06
grid-r001-c055,1,55,11.200000762939453,0.40000057220458984,0.44999998807907104,-40.88586954438719,8.154794954862155e-07
grid-r001-c056,1,56,11.399999618530273,0.40000057220458984,0.44999998807907104,-39.8900046943525,1.0256508176098578e-06
grid-r001-c057,1,57,11.600000381469727,0.40000057220458984,0.44999998807907104,-38.93488651970696,1.277942601518589e-06
grid-r002-c000,2,0,0.19999980926513672,0.6000003814697266,0.44999998807907104,-36.92123364706838,2.0317797861935105e-06
grid-r002-c001,2,1,0.40000009536743164,0.6000003814697266,0.44999998807907104,-37.34309361501786,1.8437016251482419e-06
grid-r002-c002,2,2,0.5999999046325684,0.6000003814697266,0.44999998807907104,-36.90442780043811,2.0396573745529167e-06
grid-r002-c003,2,3,0.7999997138977051,0.6000003814697266,0.44999998807907104,-37.32076525251465,1.853205048973905e-06
grid-r002-c004,2,4,1.0,0.6000003814697266,0.44999998807907104,-36.9846801836858,2.0023130673507694e-06
grid-r002-c005,2,5,1.1999998092651367,0.6000003814697266,0.44999998807907104,-36.08394428638085,2.4638006834720727e-06
grid-r002-c006,2,6,1.4000000953674316,0.6000003814697266,0.44999998807907104,-35.721084444066136,2.678499413377722e-06
grid-r002-c007,2,7,1.5999999046325684,0.6000003814697266,0.44999998807907104,-35.47145361488358,2.836969315467286e-06
grid-r002-c008,2,8,1.799999713897705,0.6000003814697266,0.44999998807907104,-33.48862731619499,4.478548362385482e-06
grid-r002-c009,2,9,2.0,0.6000003814697266,0.44999998807907104,-32.16557378909538,6.073550139262807e-06
grid-r002-c010,2,10,2.200000047683716,0.6000003814697266,0.44999998807907104,-30.965485525673685,8.006661118997727e-06
grid-r002-c011,2,11,2.3999998569488525,0.6000003814697266,0.44999998807907104,-29.19388144907864,1.2039594366797246e-05
grid-r002-c012,2,12,2.5999999046325684,0.6000003814697266,0.44999998807907104,-27.758792211872382,1.6754087482695468e-05
grid-r002-c013,2,13,2.799999952316284,0.6000003814697266,0.44999998807907104,-26.613381878165463,2.181030868086964e-05
grid-r002-c014,2,14,3.0,0.6000003814697266,0.44999998807907104,-25.851326787098053,2.5993653252953663e-05
grid-r002-c015,2,15,3.200000047683716,0.6000003814697266,0.44999998807907104,13.724557452015317,0.2357521951198578
grid-r002-c016,2,16,3.3999998569488525,0.6000003814697266,0.44999998807907104,-25.990327366265973,2.5174871552735567e-05
grid-r002-c017,2,17,3.5999999046325684,0.6000003814697266,0.44999998807907104,-27.00956048981603,1.9908748072339222e-05
grid-r002-c018,2,18,3.799999952316284,0.6000003814697266,0.44999998807907104,-28.45114711921667,1.4285165889305063e-05
grid-r002-c019,2,19,4.0,0.6000003814697266,0.44999998807907104,-30.133443259967116,9.697408131614793e-06
grid-r002-c020,2,20,4.199999809265137,0.6000003814697266,0.44999998807907104,-31.3678160162683,7.298244327103021e-06
grid-r002-c021,2,21,4.400000095367432,0.6000003814697266,0.44999998807907104,-33.123502578107676,4.8713545766077004e-06
grid-r002-c022,2,22,4.599999904632568,0.6000003814697266,0.44999998807907104,-34.91495083290577,3.2248158277070615e-06
grid-r002-c023,2,23,4.800000190734863,0.6000003814697266,0.44999998807907104,-35.52124607409879,2.804628820740618e-06
grid-r002-c024,2,24,5.0,0.6000003814697266,0.44999998807907104,-36.909300455758995,2.0373702227516333e-06
grid-r002-c025,2,25,5.199999809265137,0.6000003814697266,0.44999998807907104,-36.59266407237831,2.1914602257311344e-06
grid-r002-c026,2,26,5.400000095367432,0.6000003814697266,0.44999998807907104,-37.225866377826726,1.8941456119137001e-06
grid-r002-c027,2,27,5.599999904632568,0.6000003814697266,0.44999998807907104,-37.680144816027095,1.7060255004253122e-06
grid-r002-c028,2,28,5.800000190734863,0.6000003814697266,0.44999998807907104,-37.482823754359565,1.7853263898359728e-06
grid-r002-c029,2,29,6.0,0.6000003814697266,0.44999998807907104,-35.32667515295302,2.9331379209907027e-06
grid-r002-c030,2,30,6.199999809265137,0.6000003814697266,0.44999998807907104,-37.618003787357196,1.7306116433246643e-06
grid-r002-c031,2,31,6.400000095367432,0.6000003814697266,0.44999998807907104,-37.395388253485244,1.8216342141386122e-06
grid-r002-c032,2,32,6.599999904632568,0.6000003814697266,0.44999998807907104,-36.889922648548456,2.0464810859266436e-06
grid-r002-c033,2,33,6.800000190734863,0.6000003814697266,0.44999998807907104,-36.730348309055536,2.1230741822364507e-06
grid-r002-c034,2,34,7.0,0.6000003814697266,0.44999998807907104,-37.28522615513532,1.868432377705176e-06
grid-r002-c035,2,35,7.199999809265137,0.6000003814697266,0.44999998807907104,-37.715143954507894,1.692332148195419e-06
grid-r002-c036,2,36,7.400000095367432,0.6000003814697266,0.44999998807907104,-37.89019532641135,1.625475647415442e-06
grid-r002-c037,2,37,7.599999904632568,0.6000003814697266,0.44999998807907104,-37.51239274287964,1.7732122614688706e-06
grid-r002-c038,2,38,7.800000190734863,0.6000003814697266,0.44999998807907104,-37.92980652305684,1.6107173905766103e-06
grid-r002-c039,2,39,8.0,0.6000003814697266,0.44999998807907104,-37.99351293877265,1.5872623180257506e-06
grid-r002-c040,2,40,8.199999809265137,0.6000003814697266,0.44999998807907104,-37.993130972461955,1.5874019254624727e-06
grid-r002-c041,2,41,8.399999618530273,0.6000003814697266,0.44999998807907104,-38.616650901170615,1.3751019878327497e-06
grid-r002-c042,2,42,8.600000381469727,0.6000003814697266,0.44999998807907104,-38.23765302604973,1.5004955002950737e-06
grid-r002-c043,2,43,8.800000190734863,0.6000003814697266,0.44999998807907104,-38.61797385703419,1.3746831655225833e-06
grid-r002-c044,2,44,9.0,0.6000003814697266,0.44999998807907104,-38.751445533373776,1.3330776482689544e-06
grid-r002-c045,2,45,9.199999809265137,0.6000003814697266,0.44999998807907104,-39.085682954909075,1.2343311937002e-06
grid-r002-c046,2,46,9.399999618530273,0.6000003814697266,0.44999998807907104,-38.7089816817931,1.3461759635902126e-06
grid-r002-c047,2,47,9.600000381469727,0.6000003814697266,0.44999998807907104,-39.03725999993411,1.2481707472034032e-06
grid-r002-c048,2,48,9.800000190734863,0.6000003814697266,0.44999998807907104,-38.7981868337109,1.3188072216507862e-06
grid-r002-c049,2,49,10.0,0.6000003814697266,0.44999998807907104,-39.40119695183493,1.147837224380055e-06
grid-r002-c050,2,50,10.200000762939453,0.6000003814697266,0.44999998807907104,-39.21973102983144,1.1968146509389044e-06
grid-r002-c051,2,51,10.399999618530273,0.6000003814697266,0.44999998807907104,-39.632334979949235,1.0883447885134956e-06
grid-r002-c052,2,52,10.600000381469727,0.6000003814697266,0.44999998807907104,-39.201154059644594,1.2019449968647677e-06
grid-r002-c053,2,53,10.800000190734863,0.6000003814697266,0.44999998807907104,-38.82990457799607,1.3092106883050292e-06
grid-r002-c054,2,54,11.0,0.6000003814697266,0.44999998807907104,-39.28627331306555,1.178616912511643e-06
grid-r002-c055,2,55,11.200000762939453,0.6000003814697266,0.44999998807907104,-40.11266780458477,9.743909004100715e-07
grid-r002-c056,2,56,11.399999618530273,0.6000003814697266,0.44999998807907104,-39.79645336064688,1.0479840284460806e-06
grid-r002-c057,2,57,11.600000381469727,0.6000003814697266,0.44999998807907104,-39.446821151701315,1.1358418987583718e-06
grid-r003-c000,3,0,0.19999980926513672,0.8000001907348633,0.44999998807907104,-36.86033172112886,2.060472525045043e-06
grid-r003-c001,3,1,0.40000009536743164,0.8000001907348633,0.44999998807907104,-36.98205388638645,2.0035242869198555e-06
grid-r003-c002,3,2,0.5999999046325684,0.8000001907348633,0.44999998807907104,-37.021529047313244,1.9853957837767666e-06
grid-r003-c003,3,3,0.7999997138977051,0.8000001907348633,0.44999998807907104,-37.36687999274891,1.8336312450628611e-06
grid-r003-c004,3,4,1.0,0.8000001907348633,0.44999998807907104,-36.59123996023736,2.1921789539192105e-06
grid-r003-c005,3,5,1.1999998092651367,0.8000001907348633,0.44999998807907104,-37.264234374898784,1.877485374279786e-06
grid-r003-c006,3,6,1.4000000953674316,0.8000001907348633,0.44999998807907104,-36.01914631350137,2.5008368993439944e-06
grid-r003-c007,3,7,1.5999999046325684,0.8000001907348633,0.44999998807907104,-35.69164765969251,2.6967161375068827e-06
grid-r003-c008,3,8,1.799999713897705,0.8000001907348633,0.44999998807907104,-34.15660870858595,3.84006989406771e-06
grid-r003-c009,3,9,2.0,0.8000001907348633,0.44999998807907104,-33.17033322800633,4.819108198717004e-06
grid-r003-c010,3,10,2.200000047683716,0.8000001907348633,0.44999998807907104,-31.3545587581007,7.320556960621616e-06
grid-r003-c011,3,11,2.3999998569488525,0.8000001907348633,0.44999998807907104,-29.761424380641216,1.0564709555183072e-05
grid-r003-c012,3,12,2.5999999046325684,0.8000001907348633,0.44999998807907104,-28.26144629162981,1.4922973605280276e-05
grid-r003-c013,3,13,2.799999952316284,0.8000001907348633,0.44999998807907104,-27.222203455629312,1.895743844215758e-05
grid-r003-c014,3,14,3.0,0.8000001907348633,0.44999998807907104,-26.45782110176296,2.2605696358368732e-05
grid-r003-c015,3,15,3.200000047683716,0.8000001907348633,0.44999998807907104,-26.378283110850973,2.3023518224363215e-05
grid-r003-c016,3,16,3.3999998569488525,0.8000001907348633,0.44999998807907104,-26.816034047223887,2.0815967218368314e-05
grid-r003-c017,3,17,3.5999999046325684,0.8000001907348633,0.44999998807907104,-27.75291830447334,1.677676300460007e-05
grid-r003-c018,3,18,3.799999952316284,0.8000001907348633,0.44999998807907104,-28.86092446100581,1.2998928468732629e-05
grid-r003-c019,3,19,4.0,0.8000001907348633,0.44999998807907104,-30.673735517440726,8.563009942008648e-06
grid-r003-c020,3,20,4.199999809265137,0.8000001907348633,0.44999998807907104,-32.097990748561344,6.168803338368889e-06
grid-r003-c021,3,21,4.400000095367432,0.8000001907348633,0.44999998807907104,-34.211841826219114,3.7915415305178612e-06
grid-r003-c022,3,22,4.599999904632568,0.8000001907348633,0.44999998807907104,-35.13218540645666,3.0674780191475293e-06
grid-r003-c023,3,23,4.800000190734863,0.8000001907348633,0.44999998807907104,-35.88747880694725,2.5778172130230814e-06
grid-r003-c024,3,24,5.0,0.8000001907348633,0.44999998807907104,-34.51682669534225,3.534413281158777e-06
grid-r003-c025,3,25,5.199999809265137,0.8000001907348633,0.44999998807907104,-37.38210243133042,1.8272154420628794e-06
grid-r003-c026,3,26,5.400000095367432,0.8000001907348633,0.44999998807907104,-37.557074696854,1.7550622715134523e-06
grid-r003-c027,3,27,5.599999904632568,0.8000001907348633,0.44999998807907104,-37.50170651258186,1.7775807918951614e-06
grid-r003-c028,3,28,5.800000190734863,0.8000001907348633,0.44999998807907104,-37.368443636121086,1.8329711792830494e-06
grid-r003-c029,3,29,6.0,0.8000001907348633,0.44999998807907104,-37.153306731668124,1.926057848322671e-06
grid-r003-c030,3,30,6.199999809265137,0.8000001907348633,0.44999998807907104,-37.29724002953389,1.8632708815857768e-06
grid-r003-c031,3,31,6.400000095367432,0.8000001907348633,0.44999998807907104,-37.59729088138404,1.738885202939855e-06
grid-r003-c032,3,32,6.599999904632568,0.8000001907348633,0.44999998807907104,-37.07563911734042,1.9608125967351953e-06
grid-r003-c033,3,33,6.800000190734863,0.8000001907348633,0.44999998807907104,-37.33155196679178,1.848607894316956e-06
grid-r003-c034,3,34,7.0,0.8000001907348633,0.44999998807907104,-37.38651967194813,1.825357912821346e-06
grid-r003-c035,3,35,7.199999809265137,0.8000001907348633,0.44999998807907104,-37.64150054954544,1.721273747534724e-06
grid-r003-c036,3,36,7.400000095367432,0.8000001907348633,0.44999998807907104,-37.70521456146139,1.6962057998171076e-06
grid-r003-c037,3,37,7.599999904632568,0.8000001907348633,0.44999998807907104,-37.61586630919229,1.7314636124865501e-06
grid-r003-c038,3,38,7.800000190734863,0.8000001907348633,0.44999998807907104,-37.961861127902864,1.5988727000149083e-06
grid-r003-c039,3,39,8.0,0.8000001907348633,0.44999998807907104,-38.100262702049214,1.5487229347854736e-06
grid-r003-c040,3,40,8.199999809265137,0.8000001907348633,0.44999998807907104,-38.31111191762656,1.4753287587154773e-06
grid-r003-c041,3,41,8.399999618530273,0.8000001907348633,0.44999998807907104,-37.55061334534773,1.7576753634784836e-06
grid-r003-c042,3,42,8.600000381469727,0.8000001907348633,0.44999998807907104,-38.27173167523513,1.4887673387420364e-06
grid-r003-c043,3,43,8.800000190734863,0.8000001907348633,0.44999998807907104,-38.65622714478867,1.3626279269374209e-06
grid-r003-c044,3,44,9.0,0.8000001907348633,0.44999998807907104,-38.7987578014533,1.3186338492232608e-06
grid-r003-c045,3,45,9.199999809265137,0.8000001907348633,0.44999998807907104,-38.80470294469439,1.3168299801691319e-06
grid-r003-c046,3,46,9.399999618530273,0.8000001907348633,0.44999998807907104,-38.62937572247384,1.3710788380194572e-06
grid-r003-c047,3,47,9.600000381469727,0.8000001907348633,0.44999998807907104,-38.77557928767616,1.3256902775538038e-06
grid-r003-c048,3,48,9.800000190734863,0.8000001907348633,0.44999998807907104,-38.654090584519864,1.363298451906303e-06
grid-r003-c049,3,49,10.0,0.8000001907348633,0.44999998807907104,-38.507018674597774,1.410256572853541e-06
grid-r003-c050,3,50,10.200000762939453,0.8000001907348633,0.44999998807907104,-38.79758037970011,1.3189913943278953e-06
grid-r003-c051,3,51,10.399999618530273,0.8000001907348633,0.44999998807907104,-37.95920438757293,1.5998510889403406e-06
grid-r003-c052,3,52,10.600000381469727,0.8000001907348633,0.44999998807907104,-39.15283142800833,1.2153933539593709e-06
grid-r003-c053,3,53,10.800000190734863,0.8000001907348633,0.44999998807907104,-40.65522332028724,8.599588454671903e-07
grid-r003-c054,3,54,11.0,0.8000001907348633,0.44999998807907104,-39.33552728860281,1.1653255569399334e-06
grid-r003-c055,3,55,11.200000762939453,0.8000001907348633,0.44999998807907104,-37.99999811562618,1.5848938801354961e-06
grid-r003-c056,3,56,11.399999618530273,0.8000001907348633,0.44999998807907104,-39.523931379445976,1.1158526831422932e-06
grid-r003-c057,3,57,11.600000381469727,0.8000001907348633,0.44999998807907104,-39.78006547351312,1.051946014740679e-06
grid-r004-c000,4,0,0.19999980926513672,1.0000004768371582,0.44999998807907104,-36.91729047044642,2.0336253783170832e-06
grid-r004-c001,4,1,0.40000009536743164,1.0000004768371582,0.44999998807907104,-36.728317166558256,2.1240673504507868e-06
grid-r004-c002,4,2,0.5999999046325684,1.0000004768371582,0.44999998807907104,-37.52400003328554,1.768479364727682e-06
grid-r004-c003,4,3,0.7999997138977051,1.0000004768371582,0.44999998807907104,-37.219159720347136,1.897072934298194e-06
grid-r004-c004,4,4,1.0,1.0000004768371582,0.44999998807907104,-37.025385854796596,1.983633410418406e-06
grid-r004-c005,4,5,1.1999998092651367,1.0000004768371582,0.44999998807907104,-37.29796985485558,1.8629577880346915e-06
grid-r004-c006,4,6,1.4000000953674316,1.0000004768371582,0.44999998807907104,-36.862645653468384,2.0593749923136784e-06
grid-r004-c007,4,7,1.5999999046325684,1.0000004768371582,0.44999998807907104,-35.963695979952995,2.5329720756417373e-06
grid-r004-c008,4,8,1.799999713897705,1.0000004768371582,0.44999998807907104,-34.9761719133513,3.179675559294992e-06
grid-r004-c009,4,9,2.0,1.0000004768371582,0.44999998807907104,-33.447945933664364,4.520697075349744e-06
grid-r004-c010,4,10,2.200000047683716,1.0000004768371582,0.44999998807907104,-32.37401077411434,5.788938324258197e-06
grid-r004-c011,4,11,2.3999998569488525,1.0000004768371582,0.44999998807907104,-30.384776622811984,9.152133316092659e-06
grid-r004-c012,4,12,2.5999999046325684,1.0000004768371582,0.44999998807907104,-29.479680116129558,1.1272804840700701e-05
grid-r004-c013,4,13,2.799999952316284,1.0000004768371582,0.44999998807907104,-28.05628760284531,1.564484409755096e-05
grid-r004-c014,4,14,3.0,1.0000004768371582,0.44999998807907104,-27.668768843725935,1.7105001461459324e-05
grid-r004-c015,4,15,3.200000047683716,1.0000004768371582,0.44999998807907104,-27.42598015257925,1.8088476281263866e-05
grid-r004-c016,4,16,3.3999998569488525,1.0000004768371582,0.44999998807907104,-27.830758124845318,1.647874705668073e-05
grid-r004-c017,4,17,3.5999999046325684,1.0000004768371582,0.44999998807907104,-28.745756113661763,1.3348251741263084e-05
grid-r004-c018,4,18,3.799999952316284,1.0000004768371582,0.44999998807907104,-30.120479915823033,9.726397365739103e-06
grid-r004-c019,4,19,4.0,1.0000004768371582,0.44999998807907104,-31.465195302899687,7.13642111804802e-06
grid-r004-c020,4,20,4.199999809265137,1.0000004768371582,0.44999998807907104,-33.042789415368404,4.962734692526283e-06
grid-r004-c021,4,21,4.400000095367432,1.0000004768371582,0.44999998807907104,-34.80619252228786,3.3065930438169744e-06
grid-r004-c022,4,22,4.599999904632568,1.0000004768371582,0.44999998807907104,-35.944040780814504,2.5444617222092347e-06
grid-r004-c023,4,23,4.800000190734863,1.0000004768371582,0.44999998807907104,-36.32982848926979,2.328183200006606e-06
grid-r004-c024,4,24,5.0,1.0000004768371582,0.44999998807907104,-36.842870113299256,2.0687737105618e-06
grid-r004-c025,4,25,5.199999809265137,1.0000004768371582,0.44999998807907104,-37.44499762534992,1.8009441191679798e-06
grid-r004-c026,4,26,5.400000095367432,1.0000004768371582,0.44999998807907104,-37.89150771786968,1.6249845202764845e-06
grid-r004-c027,4,27,5.599999904632568,1.0000004768371582,0.44999998807907104,-37.73205332425157,1.6857558193805744e-06
grid-r004-c028,4,28,5.800000190734863,1.0000004768371582,0.44999998807907104,-36.87913866270012,2.0515690266620368e-06
grid-r004-c029,4,29,6.0,1.0000004768371582,0.44999998807907104,-37.192916808314116,1.908570993691683e-06
grid-r004-c030,4,30,6.199999809265137,1.0000004768371582,0.44999998807907104,-36.93172620953711,2.026876927629928e-06
grid-r004-c031,4,31,6.400000095367432,1.0000004768371582,0.44999998807907104,-37.50038264634611,1.7781227370505803e-06
grid-r004-c032,4,32,6.599999904632568,1.0000004768371582,0.44999998807907104,-37.57972258862959,1.7459336731917574e-06
grid-r004-c033,4,33,6.800000190734863,1.0000004768371582,0.44999998807907104,-37.53748191746907,1.7629979538469343e-06
grid-r004-c034,4,34,7.0,1.0000004768371582,0.44999998807907104,-37.747490087772945,1.6797745274743647e-06
grid-r004-c035,4,35,7.199999809265137,1.0000004768371582,0.44999998807907104,-37.759430923240664,1.6751623661548365e-06
grid-r004-c036,4,36,7.400000095367432,1.0000004768371582,0.44999998807907104,-37.68027273578967,1.7059752508430392e-06
grid-r004-c037,4,37,7.599999904632568,1.0000004768371582,0.44999998807907104,-37.72679508989674,1.6877980897334055e-06
grid-r004-c038,4,38,7.800000190734863,1.0000004768371582,0.44999998807907104,-37.822422979336245,1.6510404066139017e-06
grid-r004-c039,4,39,8.0,1.0000004768371582,0.44999998807907104,-38.13750334708296,1.5354994502558839e-06
grid-r004-c040,4,40,8.199999809265137,1.0000004768371582,0.44999998807907104,-38.1206083959068,1.5414844938277383e-06
grid-r004-c041,4,41,8.399999618530273,1.0000004768371582,0.44999998807907104,-38.44098227733337,1.431864006917749e-06
grid-r004-c042,4,42,8.600000381469727,1.0000004768371582,0.44999998807907104,-38.3034181765895,1.4779446928514517e-06
grid-r004-c043,4,43,8.800000190734863,1.0000004768371582,0.44999998807907104,-38.459041803175225,1.4259221643442288e-06
grid-r004-c044,4,44,9.0,1.0000004768371582,0.44999998807907104,-38.35647881858071,1.4599975202145288e-06
grid-r004-c045,4,45,9.199999809265137,1.0000004768371582,0.44999998807907104,-38.77450866424659,1.3260171272122534e-06
grid-r004-c046,4,46,9.399999618530273,1.0000004768371582,0.44999998807907104,-38.88005646630937,1.2941790146214771e-06
grid-r004-c047,4,47,9.600000381469727,1.0000004768371582,0.44999998807907104,-38.844182959755315,1.3049134395259898e-06
grid-r004-c048,4,48,9.800000190734863,1.0000004768371582,0.44999998807907104,-38.85503443839162,1.3016569937462918e-06
grid-r004-c049,4,49,10.0,1.0000004768371582,0.44999998807907104,-39.393566017319436,1.14985584787064e-06
grid-r004-c050,4,50,10.200000762939453,1.0000004768371582,0.44999998807907104,-39.460011307186534,1.1323974149490823e-06
grid-r004-c051,4,51,10.399999618530273,1.0000004768371582,0.44999998807907104,-39.31284258572567,1.1714283800756675e-06
grid-r004-c052,4,52,10.600000381469727,1.0000004768371582,0.44999998807907104,-39.198249580049776,1.2027491038679727e-06
grid-r004-c053,4,53,10.800000190734863,1.0000004768371582,0.44999998807907104,-38.926133655638004,1.2805207916244399e-06
grid-r004-c054,4,54,11.0,1.0000004768371582,0.44999998807907104,-39.09472281490125,1.2317645996517967e-06
grid-r004-c055,4,55,11.200000762939453,1.0000004768371582,0.44999998807907104,-39.64526757422912,1.0851086926777498e-06
grid-r004-c056,4,56,11.399999618530273,1.0000004768371582,0.44999998807907104,-39.21610795225459,1.1978135034951265e-06
grid-r004-c057,4,57,11.600000381469727,1.0000004768371582,0.44999998807907104,-39.76986149885609,1.0544205224505276e-06
grid-r005-c000,5,0,0.19999980926513672,1.200000286102295,0.44999998807907104,-37.160528850433835,1.9228575638408074e-06
grid-r005-c001,5,1,0.40000009536743164,1.200000286102295,0.44999998807907104,-37.39988822109521,1.8197476947534597e-06
grid-r005-c002,5,2,0.5999999046325684,1.200000286102295,0.44999998807907104,-36.88830409022921,2.0472439246077556e-06
grid-r005-c003,5,3,0.7999997138977051,1.200000286102295,0.44999998807907104,-35.91242347854272,2.5630533855292015e-06
grid-r005-c004,5,4,1.0,1.200000286102295,0.44999998807907104,-36.87698959735628,2.0525844774965663e-06
grid-r005-c005,5,5,1.1999998092651367,1.200000286102295,0.44999998807907104,-37.29127484934831,1.8658319049791317e-06
grid-r005-c006,5,6,1.4000000953674316,1.200000286102295,0.44999998807907104,-36.88256801249235,2.04994967134553e-06
grid-r005-c007,5,7,1.5999999046325684,1.200000286102295,0.44999998807907104,-36.55347165215151,2.2113263185019605e-06
grid-r005-c008,5,8,1.799999713897705,1.200000286102295,0.44999998807907104,-35.704688051941375,2.6886309569817968e-06
grid-r005-c009,5,9,2.0,1.200000286102295,0.44999998807907104,-34.624620234556645,3.4477675399102736e-06
grid-r005-c010,5,10,2.200000047683716,1.200000286102295,0.44999998807907104,-33.62429092873782,4.340811301517533e-06
grid-r005-c011,5,11,2.3999998569488525,1.200000286102295,0.44999998807907104,-32.12134723903163,6.135716375865741e-06
grid-r005-c012,5,12,2.5999999046325684,1.200000286102295,0.44999998807907104,-30.509139074130275,8.893774065654725e-06
grid-r005-c013,5,13,2.799999952316284,1.200000286102295,0.44999998807907104,-29.86864748136901,1.0307070624548942e-05
grid-r005-c014,5,14,3.0,1.200000286102295,0.44999998807907104,-29.277268693890818,1.1810631804110017e-05
grid-r005-c015,5,15,3.200000047683716,1.200000286102295,0.44999998807907104,-29.297302320463068,1.1756275853258558e-05
grid-r005-c016,5,16,3.3999998569488525,1.200000286102295,0.44999998807907104,-29.603340025685654,1.0956352525681723e-05
grid-r005-c017,5,17,3.5999999046325684,1.200000286102295,0.44999998807907104,-30.38353298493667,9.154754479823168e-06
grid-r005-c018,5,18,3.799999952316284,1.200000286102295,0.44999998807907104,-31.562474768279145,6.978346391406376e-06
grid-r005-c019,5,19,4.0,1.200000286102295,0.44999998807907104,-32.780285169723115,5.271952431940008e-06
grid-r005-c020,5,20,4.199999809265137,1.200000286102295,0.44999998807907104,-33.53289754162661,4.433127742231591e-06
grid-r005-c021,5,21,4.400000095367432,1.200000286102295,0.44999998807907104,-34.47048194094222,3.572331934265094e-06
grid-r005-c022,5,22,4.599999904632568,1.200000286102295,0.44999998807907104,-34.58666071735298,3.4780348414642503e-06
grid-r005-c023,5,23,4.800000190734863,1.200000286102295,0.44999998807907104,-36.90810297812901,2.0379320631036535e-06
grid-r005-c024,5,24,5.0,1.200000286102295,0.44999998807907104,-37.49765481623019,1.7792399376048706e-06
grid-r005-c025,5,25,5.199999809265137,1.200000286102295,0.44999998807907104,-37.51195950970728,1.7733891581883654e-06
grid-r005-c026,5,26,5.400000095367432,1.200000286102295,0.44999998807907104,-37.56558313642113,1.7516272237116937e-06
grid-r005-c027,5,27,5.599999904632568,1.200000286102295,0.44999998807907104,-37.61247970233662,1.7328143258055206e-06
grid-r005-c028,5,28,5.800000190734863,1.200000286102295,0.44999998807907104,-37.305971255667664,1.8595286519484944e-06
grid-r005-c029,5,29,6.0,1.200000286102295,0.44999998807907104,-37.41093144592347,1.815126324800076e-06
grid-r005-c030,5,30,6.199999809265137,1.200000286102295,0.44999998807907104,-37.42853358681282,1.807784428820014e-06
grid-r005-c031,5,31,6.400000095367432,1.200000286102295,0.44999998807907104,-37.03906028038965,1.9773974599957e-06
grid-r005-c032,5,32,6.599999904632568,1.200000286102295,0.44999998807907104,-37.65595220675814,1.7155555269710021e-06
grid-r005-c033,5,33,6.800000190734863,1.200000286102295,0.44999998807907104,-37.891559067171336,1.6249653072009096e-06
grid-r005-c034,5,34,7.0,1.200000286102295,0.44999998807907104,-37.70744540770808,1.6953347312664846e-06
grid-r005-c035,5,35,7.199999809265137,1.200000286102295,0.44999998807907104,-37.51951916795032,1.7703049479678157e-06
grid-r005-c036,5,36,7.400000095367432,1.200000286102295,0.44999998807907104,-37.772694663970896,1.6700540754754911e-06
grid-r005-c037,5,37,7.599999904632568,1.200000286102295,0.44999998807907104,-37.96739313837254,1.5968373645591782e-06
grid-r005-c038,5,38,7.800000190734863,1.200000286102295,0.44999998807907104,-38.07228253077609,1.558733060846862e-06
grid-r005-c039,5,39,8.0,1.200000286102295,0.44999998807907104,-38.13741138553617,1.5355319646914722e-06
grid-r005-c040,5,40,8.199999809265137,1.200000286102295,0.44999998807907104,-38.339494733309785,1.4657183555755182e-06
grid-r005-c041,5,41,8.399999618530273,1.200000286102295,0.44999998807907104,-38.222395559656874,1.5057762539072428e-06
grid-r005-c042,5,42,8.600000381469727,1.200000286102295,0.44999998807907104,-38.64458119792285,1.3662868241226533e-06
grid-r005-c043,5,43,8.800000190734863,1.200000286102295,0.44999998807907104,-38.290866314336725,1.482222387494403e-06
grid-r005-c044,5,44,9.0,1.200000286102295,0.44999998807907104,-38.650918474878715,1.3642945759784197e-06
grid-r005-c045,5,45,9.199999809265137,1.200000286102295,0.44999998807907104,-39.249169288041124,1.1887295841006562e-06
grid-r005-c046,5,46,9.399999618530273,1.200000286102295,0.44999998807907104,-39.32285883911092,1.1687297956086695e-06
grid-r005-c047,5,47,9.600000381469727,1.200000286102295,0.44999998807907104,-39.87567290608466,1.029041072797554e-06
grid-r005-c048,5,48,9.800000190734863,1.200000286102295,0.44999998807907104,-39.778804970097774,1.0522513775867992e-06
grid-r005-c049,5,49,10.0,1.200000286102295,0.44999998807907104,-38.059911582905414,1.563179466756992e-06
grid-r005-c050,5,50,10.200000762939453,1.200000286102295,0.44999998807907104,-38.88554215512699,1.2925453347634175e-06
grid-r005-c051,5,51,10.399999618530273,1.200000286102295,0.44999998807907104,-39.059152384647824,1.2418946653269813e-06
grid-r005-c052,5,52,10.600000381469727,1.200000286102295,0.44999998807907104,-39.150471842130166,1.2160538744865335e-06
grid-r005-c053,5,53,10.800000190734863,1.200000286102295,0.44999998807907104,-39.6108417945318,1.0937443448710837e-06
grid-r005-c054,5,54,11.0,1.200000286102295,0.44999998807907104,-39.577454046243474,1.1021852515114006e-06
grid-r005-c055,5,55,11.200000762939453,1.200000286102295,0.44999998807907104,-39.249131906942,1.1887398159160512e-06
grid-r005-c056,5,56,11.399999618530273,1.200000286102295,0.44999998807907104,-39.41622075026118,1.1438733054092154e-06
grid-r005-c057,5,57,11.600000381469727,1.200000286102295,0.44999998807907104,-39.901818114637265,1.0228646942778141e-06
grid-r006-c000,6,0,0.19999980926513672,1.4000005722045898,0.44999998807907104,-36.28953791249124,2.3498828340962064e-06
grid-r006-c001,6,1,0.40000009536743164,1.4000005722045898,0.44999998807907104,-36.827108934046116,2.076295231745462e-06
grid-r006-c002,6,2,0.5999999046325684,1.4000005722045898,0.44999998807907104,-37.926929145409545,1.6117849099828163e-06
grid-r006-c003,6,3,0.7999997138977051,1.4000005722045898,0.44999998807907104,-37.36817347286235,1.8330852071812842e-06
grid-r006-c004,6,4,1.0,1.4000005722045898,0.44999998807907104,-37.90018676898498,1.6217403526752605e-06
grid-r006-c005,6,5,1.1999998092651367,1.4000005722045898,0.44999998807907104,-37.83715407920951,1.6454496289952658e-06
grid-r006-c006,6,6,1.4000000953674316,1.4000005722045898,0.44999998807907104,-36.841596327544515,2.069380570901558e-06
grid-r006-c007,6,7,1.5999999046325684,1.4000005722045898,0.44999998807907104,-36.95329686135185,2.0168347418803023e-06
grid-r006-c008,6,8,1.799999713897705,1.4000005722045898,0.44999998807907104,-36.05112909261198,2.48248761636205e-06
grid-r006-c009,6,9,2.0,1.4000005722045898,0.44999998807907104,-35.721509167919876,2.678237478903611e-06
grid-r006-c010,6,10,2.200000047683716,1.4000005722045898,0.44999998807907104,-33.625196415138035,4.339906354289269e-06
grid-r006-c011,6,11,2.3999998569488525,1.4000005722045898,0.44999998807907104,-33.71894198736841,4.24723020842066e-06
grid-r006-c012,6,12,2.5999999046325684,1.4000005722045898,0.44999998807907104,-32.68627335842375,5.387318651628448e-06
grid-r006-c013,6,13,2.799999952316284,1.4000005722045898,0.44999998807907104,-31.693685801431698,6.770666459487984e-06
grid-r006-c014,6,14,3.0,1.4000005722045898,0.44999998807907104,-31.188273697701845,7.6062856351200026e-06
grid-r006-c015,6,15,3.200000047683716,1.4000005722045898,0.44999998807907104,-31.04332760390644,7.864429790060967e-06
grid-r006-c016,6,16,3.3999998569488525,1.4000005722045898,0.44999998807907104,-31.350393189120986,7.32758189769811e-06
grid-r006-c017,6,17,3.5999999046325684,1.4000005722045898,0.44999998807907104,-31.747739489536535,6.68691882310668e-06
grid-r006-c018,6,18,3.799999952316284,1.4000005722045898,0.44999998807907104,-33.24823317072935,4.733437890536152e-06
grid-r006-c019,6,19,4.0,1.4000005722045898,0.44999998807907104,-33.72176356604818,4.244471710990183e-06
grid-r006-c020,6,20,4.199999809265137,1.4000005722045898,0.44999998807907104,-35.52643681411709,2.8012786970066372e-06
grid-r006-c021,6,21,4.400000095367432,1.4000005722045898,0.44999998807907104,-35.35766461780114,2.9122827527316986e-06
grid-r006-c022,6,22,4.599999904632568,1.4000005722045898,0.44999998807907104,-36.735289232949874,2.12066015592427e-06
grid-r006-c023,6,23,4.800000190734863,1.4000005722045898,0.44999998807907104,-37.24397801516006,1.8862627939597587e-06
grid-r006-c024,6,24,5.0,1.4000005722045898,0.44999998807907104,-37.75780927737917,1.6757879848228185e-06
grid-r006-c025,6,25,5.199999809265137,1.4000005722045898,0.44999998807907104,-35.037105428456094,3.135374754492659e-06
grid-r006-c026,6,26,5.400000095367432,1.4000005722045898,0.44999998807907104,-36.75912796150339,2.1090515929245157e-06
grid-r006-c027,6,27,5.599999904632568,1.4000005722045898,0.44999998807907104,-36.01097022187362,2.505549446141231e-06
grid-r006-c028,6,28,5.800000190734863,1.4000005722045898,0.44999998807907104,-37.490440866007695,1.7821978417487117e-06
grid-r006-c029,6,29,6.0,1.4000005722045898,0.44999998807907104,-37.9088835043313,1.6184960713871988e-06
grid-r006-c030,6,30,6.199999809265137,1.4000005722045898,0.44999998807907104,-37.43698054812113,1.8042717329080915e-06
grid-r006-c031,6,31,6.400000095367432,1.4000005722045898,0.44999998807907104,-37.47988776429115,1.7865337440525764e-06
grid-r006-c032,6,32,6.599999904632568,1.4000005722045898,0.44999998807907104,-36.631542285959114,2.1719297365052626e-06
grid-r006-c033,6,33,6.800000190734863,1.4000005722045898,0.44999998807907104,-37.831359862736264,1.6476463997605606e-06
grid-r006-c034,6,34,7.0,1.4000005722045898,0.44999998807907104,-35.755840876558324,2.6571490252536023e-06
grid-r006-c035,6,35,7.199999809265137,1.4000005722045898,0.44999998807907104,-37.86916859947996,1.6333646044586203e-06
grid-r006-c036,6,36,7.400000095367432,1.4000005722045898,0.44999998807907104,-37.804885942362475,1.6577208725720993e-06
grid-r006-c037,6,37,7.599999904632568,1.4000005722045898,0.44999998807907104,-38.0898281123826,1.552448452457611e-06
grid-r006-c038,6,38,7.800000190734863,1.4000005722045898,0.44999998807907104,-37.802616994006286,1.658587166275538e-06
grid-r006-c039,6,39,8.0,1.4000005722045898,0.44999998807907104,-38.54490887734856,1.3980062476548483e-06
grid-r006-c040,6,40,8.199999809265137,1.4000005722045898,0.44999998807907104,-38.42191460509746,1.4381644177774433e-06
grid-r006-c041,6,41,8.399999618530273,1.4000005722045898,0.44999998807907104,-38.39685165008453,1.4464879996012314e-06
grid-r006-c042,6,42,8.600000381469727,1.4000005722045898,0.44999998807907104,-39.016353635494674,1.2541937621790566e-06
grid-r006-c043,6,43,8.800000190734863,1.4000005722045898,0.44999998807907104,-36.543665294727404,2.21632512875658e-06
grid-r006-c044,6,44,9.0,1.4000005722045898,0.44999998807907104,-38.9833119568011,1.263772219317616e-06
grid-r006-c045,6,45,9.199999809265137,1.4000005722045898,0.44999998807907104,-39.39855537879864,1.1485356026241789e-06
grid-r006-c046,6,46,9.399999618530273,1.4000005722045898,0.44999998807907104,-38.98427978905378,1.2634906170205795e-06
grid-r006-c047,6,47,9.600000381469727,1.4000005722045898,0.44999998807907104,-39.49577619425198,1.1231102234887658e-06
grid-r006-c048,6,48,9.800000190734863,1.4000005722045898,0.44999998807907104,-39.517970481789646,1.1173852954016184e-06
grid-r006-c049,6,49,10.0,1.4000005722045898,0.44999998807907104,-39.6058718209288,1.094996719075425e-06
grid-r006-c050,6,50,10.200000762939453,1.4000005722045898,0.44999998807907104,-38.27845259476307,1.4864651802781736e-06
grid-r006-c051,6,51,10.399999618530273,1.4000005722045898,0.44999998807907104,-39.60430071341897,1.095392917704885e-06
grid-r006-c052,6,52,10.600000381469727,1.4000005722045898,0.44999998807907104,-40.38780149312734,9.145761055151524e-07
grid-r006-c053,6,53,10.800000190734863,1.4000005722045898,0.44999998807907104,-40.20360534056611,9.542001180307125e-07
grid-r006-c054,6,54,11.0,1.4000005722045898,0.44999998807907104,-38.57541605416124,1.388220312037447e-06
grid-r006-c055,6,55,11.200000762939453,1.4000005722045898,0.44999998807907104,-38.61422222203599,1.3758711929767742e-06
grid-r006-c056,6,56,11.399999618530273,1.4000005722045898,0.44999998807907104,-40.716433562488675,8.479234452352102e-07
grid-r006-c057,6,57,11.600000381469727,1.4000005722045898,0.44999998807907104,-39.04940426924601,1.2446853361325338e-06
grid-r007-c000,7,0,0.19999980926513672,1.6000003814697266,0.44999998807907104,-37.04384447119071,1.975220357053331e-06
grid-r007-c001,7,1,0.40000009536743164,1.6000003814697266,0.44999998807907104,-36.93390253901758,2.0258614767953986e-06
grid-r007-c002,7,2,0.5999999046325684,1.6000003814697266,0.44999998807907104,-37.25169192834568,1.8829153987098834e-06
grid-r007-c003,7,3,0.7999997138977051,1.6000003814697266,0.44999998807907104,-37.26016355698671,1.8792460423355806e-06
grid-r007-c004,7,4,1.0,1.6000003814697266,0.44999998807907104,-37.303468686655165,1.8606004914545338e-06
grid-r007-c005,7,5,1.1999998092651367,1.6000003814697266,0.44999998807907104,-37.516528452111174,1.7715244666760555e-06
grid-r007-c006,7,6,1.4000000953674316,1.6000003814697266,0.44999998807907104,-37.870725022748076,1.6327793446180294e-06
grid-r007-c007,7,7,1.5999999046325684,1.6000003814697266,0.44999998807907104,-36.76896956447659,2.1042776552349096e-06
grid-r007-c008,7,8,1.799999713897705,1.6000003814697266,0.44999998807907104,-37.0751430966022,1.961036559805507e-06
grid-r007-c009,7,9,2.0,1.6000003814697266,0.44999998807907104,-36.576635216100286,2.1995633687765803e-06
grid-r007-c010,7,10,2.200000047683716,1.6000003814697266,0.44999998807907104,-35.980926261676835,2.5229426228179364e-06
grid-r007-c011,7,11,2.3999998569488525,1.6000003814697266,0.44999998807907104,-34.816685558304584,3.2986135920509696e-06
grid-r007-c012,7,12,2.5999999046325684,1.6000003814697266,0.44999998807907104,-34.24856853101937,3.7596130368910963e-06
grid-r007-c013,7,13,2.799999952316284,1.6000003814697266,0.44999998807907104,-33.152516236370964,4.8389192670583725e-06
grid-r007-c014,7,14,3.0,1.6000003814697266,0.44999998807907104,-32.868715239078426,5.165691618458368e-06
grid-r007-c015,7,15,3.200000047683716,1.6000003814697266,0.44999998807907104,-32.92091257242099,5.103977400722215e-06
grid-r007-c016,7,16,3.3999998569488525,1.6000003814697266,0.44999998807907104,-33.35351374694034,4.620070740202209e-06
grid-r007-c017,7,17,3.5999999046325684,1.6000003814697266,0.44999998807907104,-32.92877499241516,5.094745574751869e-06
grid-r007-c018,7,18,3.799999952316284,1.6000003814697266,0.44999998807907104,-34.40105067959892,3.629902266766294e-06
grid-r007-c019,7,19,4.0,1.6000003814697266,0.44999998807907104,-35.50207685387313,2.8170354653411778e-06
grid-r007-c020,7,20,4.199999809265137,1.6000003814697266,0.44999998807907104,-35.85418396316402,2.597655793579179e-06
grid-r007-c021,7,21,4.400000095367432,1.6000003814697266,0.44999998807907104,-37.234637189744646,1.8903241425505257e-06
grid-r007-c022,7,22,4.599999904632568,1.6000003814697266,0.44999998807907104,-37.19345078533755,1.9083363440586254e-06
grid-r007-c023,7,23,4.800000190734863,1.6000003814697266,0.44999998807907104,-36.71822808987541,2.129007498297142e-06
grid-r007-c024,7,24,5.0,1.6000003814697266,0.44999998807907104,-38.13428713624904,1.5366370007541263e-06
grid-r007-c025,7,25,5.199999809265137,1.6000003814697266,0.44999998807907104,-37.40621895215882,1.8170969724451425e-06
grid-r007-c026,7,26,5.400000095367432,1.6000003814697266,0.44999998807907104,-37.94560535237051,1.6048685438363464e-06
grid-r007-c027,7,27,5.599999904632568,1.6000003814697266,0.44999998807907104,-37.50187816985408,1.7775105334294494e-06
grid-r007-c028,7,28,5.800000190734863,1.6000003814697266,0.44999998807907104,-37.546954164015396,1.7591569303476717e-06
grid-r007-c029,7,29,6.0,1.6000003814697266,0.44999998807907104,-37.568054170449805,1.7506308722659014e-06
grid-r007-c030,7,30,6.199999809265137,1.6000003814697266,0.44999998807907104,-38.01309789492173,1.5801205108800787e-06
grid-r007-c031,7,31,6.400000095367432,1.6000003814697266,0.44999998807907104,-37.3590599956846,1.836935894061753e-06
grid-r007-c032,7,32,6.599999904632568,1.6000003814697266,0.44999998807907104,-37.6822464190089,1.7052001339834533e-06
grid-r007-c033,7,33,6.800000190734863,1.6000003814697266,0.44999998807907104,-37.47860230388121,1.7870626152216573e-06
grid-r007-c034,7,34,7.0,1.6000003814697266,0.44999998807907104,-37.853547018408726,1.6392503994211438e-06
grid-r007-c035,7,35,7.199999809265137,1.6000003814697266,0.44999998807907104,-37.683396941808994,1.7047484561771853e-06
grid-r007-c036,7,36,7.400000095367432,1.6000003814697266,0.44999998807907104,-38.107957420139584,1.5459813766938169e-06
grid-r007-c037,7,37,7.599999904632568,1.6000003814697266,0.44999998807907104,-38.03598632393151,1.5718147778898128e-06
grid-r007-c038,7,38,7.800000190734863,1.6000003814697266,0.44999998807907104,-38.54402745127263,1.3982900100018014e-06
grid-r007-c039,7,39,8.0,1.6000003814697266,0.44999998807907104,-38.51281780673559,1.408374714628735e-06
grid-r007-c040,7,40,8.199999809265137,1.6000003814697266,0.44999998807907104,-38.64042525883426,1.3675949048774783e-06
grid-r007-c041,7,41,8.399999618530273,1.6000003814697266,0.44999998807907104,-38.960431367349585,1.2704479104286293e-06
grid-r007-c042,7,42,8.600000381469727,1.6000003814697266,0.44999998807907104,-38.3505634217972,1.461987494622008e-06
grid-r007-c043,7,43,8.800000190734863,1.6000003814697266,0.44999998807907104,-38.85371083708624,1.3020537608099403e-06
grid-r007-c044,7,44,9.0,1.6000003814697266,0.44999998807907104,-38.968844047923966,1.2679893188760616e-06
grid-r007-c045,7,45,9.199999809265137,1.6000003814697266,0.44999998807907104,-39.2387880537452,1.191574483527802e-06
grid-r007-c046,7,46,9.399999618530273,1.6000003814697266,0.44999998807907104,-39.14751340937572,1.2168825378466863e-06
grid-r007-c047,7,47,9.600000381469727,1.6000003814697266,0.44999998807907104,-38.75178666009304,1.3329729426914128e-06
grid-r007-c048,7,48,9.800000190734863,1.6000003814697266,0.44999998807907104,-39.410344133847715,1.1454221748863347e-06
grid-r007-c049,7,49,10.0,1.6000003814697266,0.44999998807907104,-39.72869919861282,1.0644617987054517e-06
grid-r007-c050,7,50,10.200000762939453,1.6000003814697266,0.44999998807907104,-39.496712234622386,1.1228681842112564e-06
grid-r007-c051,7,51,10.399999618530273,1.6000003814697266,0.44999998807907104,-39.670970117904936,1.0787057362904307e-06
grid-r007-c052,7,52,10.600000381469727,1.6000003814697266,0.44999998807907104,-38.96990680884173,1.2676790674959193e-06
grid-r007-c053,7,53,10.800000190734863,1.6000003814697266,0.44999998807907104,-39.397355311933,1.1488530162750976e-06
grid-r007-c054,7,54,11.0,1.6000003814697266,0.44999998807907104,-38.838875828519164,1.3065090342934127e-06
grid-r007-c055,7,55,11.200000762939453,1.6000003814697266,0.44999998807907104,-39.5098023032529,1.1194888429599814e-06
grid-r007-c056,7,56,11.399999618530273,1.6000003814697266,0.44999998807907104,-40.25343808642003,9.433138075110037e-07
grid-r007-c057,7,57,11.600000381469727,1.6000003814697266,0.44999998807907104,-40.123412741366195,9.719831268739654e-07
grid-r008-c000,8,0,0.19999980926513672,1.8000001907348633,0.44999998807907104,-36.930268785827785,2.0275572296668543e-06
grid-r008-c001,8,1,0.40000009536743164,1.8000001907348633,0.44999998807907104,-36.99456953567376,1.9977587726316415e-06
grid-r008-c002,8,2,0.5999999046325684,1.8000001907348633,0.44999998807907104,-37.4988598800574,1.7787463093554834e-06
grid-r008-c003,8,3,0.7999997138977051,1.8000001907348633,0.44999998807907104,-37.868189922738374,1.633732722439163e-06
grid-r008-c004,8,4,1.0,1.8000001907348633,0.44999998807907104,-36.95960032285817,2.013909579545725e-06
grid-r008-c005,8,5,1.1999998092651367,1.8000001907348633,0.44999998807907104,-37.50490328412649,1.7762728248271742e-06
grid-r008-c006,8,6,1.4000000953674316,1.8000001907348633,0.44999998807907104,-37.860712355044896,1.636548063288501e-06
grid-r008-c007,8,7,1.5999999046325684,1.8000001907348633,0.44999998807907104,-36.81615416232334,2.081539150822209e-06
grid-r008-c008,8,8,1.799999713897705,1.8000001907348633,0.44999998807907104,-37.687157306502776,1.7032730283972342e-06
grid-r008-c009,8,9,2.0,1.8000001907348633,0.44999998807907104,-36.53444874712906,2.2210335828276584e-06
grid-r008-c010,8,10,2.200000047683716,1.8000001907348633,0.44999998807907104,-36.7927782878757,2.0927732293785084e-06
grid-r008-c011,8,11,2.3999998569488525,1.8000001907348633,0.44999998807907104,-36.32318732476169,2.3317461455008015e-06
grid-r008-c012,8,12,2.5999999046325684,1.8000001907348633,0.44999998807907104,-35.20357674069985,3.0174655876180623e-06
grid-r008-c013,8,13,2.799999952316284,1.8000001907348633,0.44999998807907104,-35.01647269438915,3.1503059290116653e-06
grid-r008-c014,8,14,3.0,1.8000001907348633,0.44999998807907104,-34.78239791677826,3.324759290990187e-06
grid-r008-c015,8,15,3.200000047683716,1.8000001907348633,0.44999998807907104,-35.085849281612944,3.100381036347244e-06
grid-r008-c016,8,16,3.3999998569488525,1.8000001907348633,0.44999998807907104,-34.40908295160301,3.623194970714394e-06
grid-r008-c017,8,17,3.5999999046325684,1.8000001907348633,0.44999998807907104,-34.76207927034709,3.34035075866268e-06
grid-r008-c018,8,18,3.799999952316284,1.8000001907348633,0.44999998807907104,-35.84880831892087,2.6008731310867006e-06
grid-r008-c019,8,19,4.0,1.8000001907348633,0.44999998807907104,-36.88041484258456,2.0509662590484368e-06
grid-r008-c020,8,20,4.199999809265137,1.8000001907348633,0.44999998807907104,-37.60307201484686,1.7365720168527332e-06
grid-r008-c021,8,21,4.400000095367432,1.8000001907348633,0.44999998807907104,-36.26744809226247,2.36186565416574e-06
grid-r008-c022,8,22,4.599999904632568,1.8000001907348633,0.44999998807907104,-37.95386926936849,1.601817643859249e-06
grid-r008-c023,8,23,4.800000190734863,1.8000001907348633,0.44999998807907104,-37.64142396308741,1.7213041019203956e-06
grid-r008-c024,8,24,5.0,1.8000001907348633,0.44999998807907104,-37.91892236435186,1.6147591850312892e-06
grid-r008-c025,8,25,5.199999809265137,1.8000001907348633,0.44999998807907104,-38.16922864721454,1.5243234656736604e-06
grid-r008-c026,8,26,5.400000095367432,1.8000001907348633,0.44999998807907104,-37.94036341508768,1.6068067907326622e-06
grid-r008-c027,8,27,5.599999904632568,1.8000001907348633,0.44999998807907104,-37.39106298404663,1.8234493381896755e-06
grid-r008-c028,8,28,5.800000190734863,1.8000001907348633,0.44999998807907104,-37.98638149876905,1.589870862517273e-06
grid-r008-c029,8,29,6.0,1.8000001907348633,0.44999998807907104,-37.878427970310575,1.6298859009111766e-06
grid-r008-c030,8,30,6.199999809265137,1.8000001907348633,0.44999998807907104,-37.77671546196068,1.6685086166035035e-06
grid-r008-c031,8,31,6.400000095367432,1.8000001907348633,0.44999998807907104,-37.999417158481236,1.585105906087847e-06
grid-r008-c032,8,32,6.599999904632568,1.8000001907348633,0.44999998807907104,-37.460004933058855,1.7947315882338444e-06
grid-r008-c033,8,33,6.800000190734863,1.8000001907348633,0.44999998807907104,-37.25180048825195,1.8828683323590667e-06
grid-r008-c034,8,34,7.0,1.8000001907348633,0.44999998807907104,-38.06279501869244,1.5621419606759446e-06
grid-r008-c035,8,35,7.199999809265137,1.8000001907348633,0.44999998807907104,-38.122467808244984,1.540824655421602e-06
grid-r008-c036,8,36,7.400000095367432,1.8000001907348633,0.44999998807907104,-37.75032773038086,1.6786773358035134e-06
grid-r008-c037,8,37,7.599999904632568,1.8000001907348633,0.44999998807907104,-38.128924905028285,1.5385354572572396e-06
grid-r008-c038,8,38,7.800000190734863,1.8000001907348633,0.44999998807907104,-37.5893674402015,1.7420605900042574e-06
grid-r008-c039,8,39,8.0,1.8000001907348633,0.44999998807907104,-38.64741707466979,1.3653949508807273e-06
grid-r008-c040,8,40,8.199999809265137,1.8000001907348633,0.44999998807907104,-38.41587758382364,1.4401649650608306e-06
grid-r008-c041,8,41,8.399999618530273,1.8000001907348633,0.44999998807907104,-38.446186662645104,1.4301491546575562e-06
grid-r008-c042,8,42,8.600000381469727,1.8000001907348633,0.44999998807907104,-38.596136057670805,1.3816129467159044e-06
grid-r008-c043,8,43,8.800000190734863,1.8000001907348633,0.44999998807907104,-38.95530562775196,1.2719482356260414e-06
grid-r008-c044,8,44,9.0,1.8000001907348633,0.44999998807907104,-38.85156586684313,1.3026970009377692e-06
grid-r008-c045,8,45,9.199999809265137,1.8000001907348633,0.44999998807907104,-39.031620103440616,1.2497927173171774e-06
grid-r008-c046,8,46,9.399999618530273,1.8000001907348633,0.44999998807907104,-38.981883460148694,1.264187972083164e-06
grid-r008-c047,8,47,9.600000381469727,1.8000001907348633,0.44999998807907104,-39.432553844121486,1.1395794672353077e-06
grid-r008-c048,8,48,9.800000190734863,1.8000001907348633,0.44999998807907104,-38.750493779647414,1.333369823441899e-06
grid-r008-c049,8,49,10.0,1.8000001907348633,0.44999998807907104,-39.890451926529934,1.0255452025376144e-06
grid-r008-c050,8,50,10.200000762939453,1.8000001907348633,0.44999998807907104,-39.79825061846845,1.0475504268470104e-06
grid-r008-c051,8,51,10.399999618530273,1.8000001907348633,0.44999998807907104,-39.92455375122052,1.017523914015328e-06
grid-r008-c052,8,52,10.600000381469727,1.8000001907348633,0.44999998807907104,-38.88398239987528,1.2930096318086726e-06
grid-r008-c053,8,53,10.800000190734863,1.8000001907348633,0.44999998807907104,-39.75283132244344,1.058563384503941e-06
grid-r008-c054,8,54,11.0,1.8000001907348633,0.44999998807907104,-38.9343031673874,1.2781142686435487e-06
grid-r008-c055,8,55,11.200000762939453,1.8000001907348633,0.44999998807907104,-40.68803034280823,8.534871085430495e-07
grid-r008-c056,8,56,11.399999618530273,1.8000001907348633,0.44999998807907104,-39.4234523362652,1.1419701877457555e-06
grid-r008-c057,8,57,11.600000381469727,1.8000001907348633,0.44999998807907104,-39.474530675826934,1.1286178960290272e-06
grid-r009-c000,9,0,0.19999980926513672,2.000000476837158,0.44999998807907104,-37.59807036126128,1.738573132570309e-06
grid-r009-c001,9,1,0.40000009536743164,2.000000476837158,0.44999998807907104,-37.0400211924271,1.9769599930441473e-06
grid-r009-c002,9,2,0.5999999046325684,2.000000476837158,0.44999998807907104,-36.57588644922663,2.1999426280672196e-06
grid-r009-c003,9,3,0.7999997138977051,2.000000476837158,0.44999998807907104,-37.8778724386063,1.630094402571558e-06
grid-r009-c004,9,4,1.0,2.000000476837158,0.44999998807907104,-37.563722330561156,1.7523778979011695e-06
grid-r009-c005,9,5,1.1999998092651367,2.000000476837158,0.44999998807907104,-37.629152310810554,1.7261747871089028e-06
grid-r009-c006,9,6,1.4000000953674316,2.000000476837158,0.44999998807907104,-38.392407024698855,1.4479691117230686e-06
grid-r009-c007,9,7,1.5999999046325684,2.000000476837158,0.44999998807907104,-37.65547995380039,1.7157420870717033e-06
grid-r009-c008,9,8,1.799999713897705,2.000000476837158,0.44999998807907104,-37.281726500250954,1.8699386146181496e-06
grid-r009-c009,9,9,2.0,2.000000476837158,0.44999998807907104,-37.467051627560515,1.7918218873091973e-06
grid-r009-c010,9,10,2.200000047683716,2.000000476837158,0.44999998807907104,-37.473354710254014,1.7892232335725566e-06
grid-r009-c011,9,11,2.3999998569488525,2.000000476837158,0.44999998807907104,-37.255369791655816,1.8813215092450264e-06
grid-r009-c012,9,12,2.5999999046325684,2.000000476837158,0.44999998807907104,-37.02691141065992,1.982936737476848e-06
grid-r009-c013,9,13,2.799999952316284,2.000000476837158,0.44999998807907104,-36.636326946151655,2.1695382201869506e-06
grid-r009-c014,9,14,3.0,2.000000476837158,0.44999998807907104,-36.29334763035632,2.3478223738493398e-06
grid-r009-c015,9,15,3.200000047683716,2.000000476837158,0.44999998807907104,-36.32668082856047,2.3298712221730966e-06
grid-r009-c016,9,16,3.3999998569488525,2.000000476837158,0.44999998807907104,-35.839179959186055,2.6066456939588534e-06
grid-r009-c017,9,17,3.5999999046325684,2.000000476837158,0.44999998807907104,-36.79859629695482,2.089971530949697e-06
grid-r009-c018,9,18,3.799999952316284,2.000000476837158,0.44999998807907104,-36.8625411236187,2.059424559774925e-06
grid-r009-c019,9,19,4.0,2.000000476837158,0.44999998807907104,-36.5927244531582,2.191429757658625e-06
grid-r009-c020,9,20,4.199999809265137,2.000000476837158,0.44999998807907104,-36.57122706562815,2.202304131060373e-06
grid-r009-c021,9,21,4.400000095367432,2.000000476837158,0.44999998807907104,-37.8984578483351,1.6223860939135193e-06
grid-r009-c022,9,22,4.599999904632568,2.000000476837158,0.44999998807907104,-37.26823899512769,1.8757549469228252e-06
grid-r009-c023,9,23,4.800000190734863,2.000000476837158,0.44999998807907104,-38.41720489206561,1.4397248833120102e-06
grid-r009-c024,9,24,5.0,2.000000476837158,0.44999998807907104,-38.43349854416387,1.434333512406738e-06
grid-r009-c025,9,25,5.199999809265137,2.000000476837158,0.44999998807907104,-37.99908107988522,1.5852285741857486e-06
grid-r009-c026,9,26,5.400000095367432,2.000000476837158,0.44999998807907104,-37.648315551313644,1.7185748220072128e-06
grid-r009-c027,9,27,5.599999904632568,2.000000476837158,0.44999998807907104,-38.09936122412,1.5490444411625504e-06
grid-r009-c028,9,28,5.800000190734863,2.000000476837158,0.44999998807907104,-37.93749193399496,1.6078695352916839e-06
grid-r009-c029,9,29,6.0,2.000000476837158,0.44999998807907104,-36.1259161797787,2.44010425376473e-06
grid-r009-c030,9,30,6.199999809265137,2.000000476837158,0.44999998807907104,-37.75140552652232,1.6782607872301014e-06
grid-r009-c031,9,31,6.400000095367432,2.000000476837158,0.44999998807907104,-37.50241985136215,1.7772888440958923e-06
grid-r009-c032,9,32,6.599999904632568,2.000000476837158,0.44999998807907104,-37.39195688832303,1.8230740579383564e-06
grid-r009-c033,9,33,6.800000190734863,2.000000476837158,0.44999998807907104,-38.166353324771535,1.5253330047926283e-06
grid-r009-c034,9,34,7.0,2.000000476837158,0.44999998807907104,-38.061016894849196,1.5627816765118041e-06
grid-r009-c035,9,35,7.199999809265137,2.000000476837158,0.44999998807907104,-37.82900965681377,1.6485382730024867e-06
grid-r009-c036,9,36,7.400000095367432,2.000000476837158,0.44999998807907104,-37.30587381218096,1.8595703750179382e-06
grid-r009-c037,9,37,7.599999904632568,2.000000476837158,0.44999998807907104,-38.16603870909094,1.5254435083988938e-06
grid-r009-c038,9,38,7.800000190734863,2.000000476837158,0.44999998807907104,-38.36581607244974,1.4568619235433289e-06
grid-r009-c039,9,39,8.0,2.000000476837158,0.44999998807907104,-38.60196460675455,1.3797599649478798e-06
grid-r009-c040,9,40,8.199999809265137,2.000000476837158,0.44999998807907104,-38.62612768810892,1.3721046343562193e-06
grid-r009-c041,9,41,8.399999618530273,2.000000476837158,0.44999998807907104,-38.63978954071,1.367795107398706e-06
grid-r009-c042,9,42,8.600000381469727,2.000000476837158,0.44999998807907104,-39.224893753272234,1.1953927696595201e-06
grid-r009-c043,9,43,8.800000190734863,2.000000476837158,0.44999998807907104,-38.338814337985724,1.4659480029877159e-06
grid-r009-c044,9,44,9.0,2.000000476837158,0.44999998807907104,-39.13004585217099,1.2217867606523214e-06
grid-r009-c045,9,45,9.199999809265137,2.000000476837158,0.44999998807907104,-39.058467034154496,1.2420906614352134e-06
grid-r009-c046,9,46,9.399999618530273,2.000000476837158,0.44999998807907104,-39.38604062537629,1.1518500286911149e-06
grid-r009-c047,9,47,9.600000381469727,2.000000476837158,0.44999998807907104,-38.86231234625726,1.2994775033803307e-06
grid-r009-c048,9,48,9.800000190734863,2.000000476837158,0.44999998807907104,-38.88542717852749,1.2925795545015717e-06
grid-r009-c049,9,49,10.0,2.000000476837158,0.44999998807907104,-39.5035427721609,1.1211035371161415e-06
grid-r009-c050,9,50,10.200000762939453,2.000000476837158,0.44999998807907104,-40.15193305086507,9.656209840613883e-07
grid-r009-c051,9,51,10.399999618530273,2.000000476837158,0.44999998807907104,-39.96610387757747,1.0078354080178542e-06
grid-r009-c052,9,52,10.600000381469727,2.000000476837158,0.44999998807907104,-39.66378267995789,1.0804924386320636e-06
grid-r009-c053,9,53,10.800000190734863,2.000000476837158,0.44999998807907104,-38.86429841573643,1.2988833759663976e-06
grid-r009-c054,9,54,11.0,2.000000476837158,0.44999998807907104,-39.402010000701864,1.1476223562567611e-06
grid-r009-c055,9,55,11.200000762939453,2.000000476837158,0.44999998807907104,-39.66001535538648,1.0814301276695915e-06
grid-r009-c056,9,56,11.399999618530273,2.000000476837158,0.44999998807907104,-39.417687693441266,1.1434869975346373e-06
grid-r009-c057,9,57,11.600000381469727,2.000000476837158,0.44999998807907104,-39.1652128312971,1.2119332950533135e-06
grid-r010-c000,10,0,0.19999980926513672,2.200000286102295,0.44999998807907104,-37.16339023107648,1.9215910924685886e-06
grid-r010-c001,10,1,0.40000009536743164,2.200000286102295,0.44999998807907104,-37.583084303913516,1.7445827324991114e-06
grid-r010-c002,10,2,0.5999999046325684,2.200000286102295,0.44999998807907104,-37.16894679453141,1.919134092531749e-06
grid-r010-c003,10,3,0.7999997138977051,2.200000286102295,0.44999998807907104,-36.918500684209825,2.0330587631178787e-06
grid-r010-c004,10,4,1.0,2.200000286102295,0.44999998807907104,-38.024093145317394,1.5761251006551902e-06
grid-r010-c005,10,5,1.1999998092651367,2.200000286102295,0.44999998807907104,-37.81590480089722,1.6535202576051233e-06
grid-r010-c006,10,6,1.4000000953674316,2.200000286102295,0.44999998807907104,-38.13220587248025,1.5373735777757247e-06
grid-r010-c007,10,7,1.5999999046325684,2.200000286102295,0.44999998807907104,-38.164783386395655,1.525884499642416e-06
grid-r010-c008,10,8,1.799999713897705,2.200000286102295,0.44999998807907104,-37.34731184092393,1.8419117395751528e-06
grid-r010-c009,10,9,2.0,2.200000286102295,0.44999998807907104,-37.875843261766775,1.6308562180711306e-06
grid-r010-c010,10,10,2.200000047683716,2.200000286102295,0.44999998807907104,-37.73233655504288,1.6856458842084976e-06
grid-r010-c011,10,11,2.3999998569488525,2.200000286102295,0.44999998807907104,-37.24724802213798,1.8848430727302912e-06
grid-r010-c012,10,12,2.5999999046325684,2.200000286102295,0.44999998807907104,-37.000127917338574,1.9952035472670104e-06
grid-r010-c013,10,13,2.799999952316284,2.200000286102295,0.44999998807907104,-37.57735767953683,1.7468846635892987e-06
grid-r010-c014,10,14,3.0,2.200000286102295,0.44999998807907104,-37.185715570074215,1.911738308990607e-06
grid-r010-c015,10,15,3.200000047683716,2.200000286102295,0.44999998807907104,-37.339832015311174,1.845086785579042e-06
grid-r010-c016,10,16,3.3999998569488525,2.200000286102295,0.44999998807907104,-37.65560657356464,1.7156920648631058e-06
grid-r010-c017,10,17,3.5999999046325684,2.200000286102295,0.44999998807907104,-38.24975417263292,1.4963203511797474e-06
grid-r010-c018,10,18,3.799999952316284,2.200000286102295,0.44999998807907104,-37.074695467635664,1.961238695002976e-06
grid-r010-c019,10,19,4.0,2.200000286102295,0.44999998807907104,-37.68231069892897,1.705174895505479e-06
grid-r010-c020,10,20,4.199999809265137,2.200000286102295,0.44999998807907104,-38.354326525572844,1.4607212506234646e-06
grid-r010-c021,10,21,4.400000095367432,2.200000286102295,0.44999998807907104,-37.84828139024623,1.641239123273408e-06
grid-r010-c022,10,22,4.599999904632568,2.200000286102295,0.44999998807907104,-37.205049409416134,1.9032465843338287e-06
grid-r010-c023,10,23,4.800000190734863,2.200000286102295,0.44999998807907104,-38.69057519415957,1.3518935020329081e-06
grid-r010-c024,10,24,5.0,2.200000286102295,0.44999998807907104,-38.294185974593056,1.4810898392170202e-06
grid-r010-c025,10,25,5.199999809265137,2.200000286102295,0.44999998807907104,-38.07563001475236,1.5575320730931708e-06
grid-r010-c026,10,26,5.400000095367432,2.200000286102295,0.44999998807907104,-37.696582655308106,1.699580479908036e-06
grid-r010-c027,10,27,5.599999904632568,2.200000286102295,0.44999998807907104,-37.99379974663526,1.5871574987613712e-06
grid-r010-c028,10,28,5.800000190734863,2.200000286102295,0.44999998807907104,-37.86467811404713,1.6350543319276767e-06
grid-r010-c029,10,29,6.0,2.200000286102295,0.44999998807907104,-38.33173781330625,1.468338609811326e-06
grid-r010-c030,10,30,6.199999809265137,2.200000286102295,0.44999998807907104,-38.012032200430504,1.580508296683547e-06
grid-r010-c031,10,31,6.400000095367432,2.200000286102295,0.44999998807907104,-37.554993421127236,1.7559035541125922e-06
grid-r010-c032,10,32,6.599999904632568,2.200000286102295,0.44999998807907104,-37.92651409011847,1.6119389556479291e-06
grid-r010-c033,10,33,6.800000190734863,2.200000286102295,0.44999998807907104,-37.9333174212683,1.6094157899715356e-06
grid-r010-c034,10,34,7.0,2.200000286102295,0.44999998807907104,-37.779215770174176,1.667548303885269e-06
grid-r010-c035,10,35,7.199999809265137,2.200000286102295,0.44999998807907104,-38.36955816253785,1.4556071619153954e-06
grid-r010-c036,10,36,7.400000095367432,2.200000286102295,0.44999998807907104,-38.01785750111645,1.5783897424626048e-06
grid-r010-c037,10,37,7.599999904632568,2.200000286102295,0.44999998807907104,-38.28865006625922,1.4829789733994403e-06
grid-r010-c038,10,38,7.800000190734863,2.200000286102295,0.44999998807907104,-38.628794908045556,1.3712622148887021e-06
grid-r010-c039,10,39,8.0,2.200000286102295,0.44999998807907104,-38.5146025810058,1.407796048624732e-06
grid-r010-c040,10,40,8.199999809265137,2.200000286102295,0.44999998807907104,-38.64002706674636,1.3677203014594852e-06
grid-r010-c041,10,41,8.399999618530273,2.200000286102295,0.44999998807907104,-38.81507272949175,1.31368949496391e-06
grid-r010-c042,10,42,8.600000381469727,2.200000286102295,0.44999998807907104,-38.64669789892951,1.3656210740009556e-06
grid-r010-c043,10,43,8.800000190734863,2.200000286102295,0.44999998807907104,-39.06367705928979,1.240601477547898e-06
grid-r010-c044,10,44,9.0,2.200000286102295,0.44999998807907104,-38.39516203372636,1.4470508631347911e-06
grid-r010-c045,10,45,9.199999809265137,2.200000286102295,0.44999998807907104,-39.419657924022886,1.1429683581809513e-06
grid-r010-c046,10,46,9.399999618530273,2.200000286102295,0.44999998807907104,-39.185989080117054,1.2061493634973885e-06
grid-r010-c047,10,47,9.600000381469727,2.200000286102295,0.44999998807907104,-38.613347426253235,1.3761483614871395e-06
grid-r010-c048,10,48,9.800000190734863,2.200000286102295,0.44999998807907104,-39.55134757577689,1.10883070192358e-06
grid-r010-c049,10,49,10.0,2.200000286102295,0.44999998807907104,-39.61316812196823,1.093158630283142e-06
grid-r010-c050,10,50,10.200000762939453,2.200000286102295,0.44999998807907104,-39.77668368283584,1.0527654694669764e-06
grid-r010-c051,10,51,10.399999618530273,2.200000286102295,0.44999998807907104,-39.87830301567992,1.0284180689268396e-06
grid-r010-c052,10,52,10.600000381469727,2.200000286102295,0.44999998807907104,-39.055999237303844,1.2427966566974646e-06
grid-r010-c053,10,53,10.800000190734863,2.200000286102295,0.44999998807907104,-39.52875658174476,1.1146136102979654e-06
grid-r010-c054,10,54,11.0,2.200000286102295,0.44999998807907104,-39.81028793237158,1.0446509577377583e-06
grid-r010-c055,10,55,11.200000762939453,2.200000286102295,0.44999998807907104,-39.97786015972143,1.0051109029518557e-06
grid-r010-c056,10,56,11.399999618530273,2.200000286102295,0.44999998807907104,-39.693026836180856,1.0732411510616657e-06
grid-r010-c057,10,57,11.600000381469727,2.200000286102295,0.44999998807907104,-39.72533629872118,1.0652863693394465e-06
grid-r011-c000,11,0,0.19999980926513672,2.40000057220459,0.44999998807907104,-37.82043269174905,1.6517972198926145e-06
grid-r011-c001,11,1,0.40000009536743164,2.40000057220459,0.44999998807907104,-37.534831729528115,1.764074113452807e-06
grid-r011-c002,11,2,0.5999999046325684,2.40000057220459,0.44999998807907104,-37.63442244104455,1.724081357679097e-06
grid-r011-c003,11,3,0.7999997138977051,2.40000057220459,0.44999998807907104,-38.08530988909829,1.554064397168986e-06
grid-r011-c004,11,4,1.0,2.40000057220459,0.44999998807907104,-37.61863290943478,1.7303609638474882e-06
grid-r011-c005,11,5,1.1999998092651367,2.40000057220459,0.44999998807907104,-38.06532489352266,1.5612322386004962e-06
grid-r011-c006,11,6,1.4000000953674316,2.40000057220459,0.44999998807907104,-37.49704380844585,1.7794902760215336e-06
grid-r011-c007,11,7,1.5999999046325684,2.40000057220459,0.44999998807907104,-38.12643084549664,1.5394192587336875e-06
grid-r011-c008,11,8,1.799999713897705,2.40000057220459,0.44999998807907104,-38.57424359850479,1.3885951375414152e-06
grid-r011-c009,11,9,2.0,2.40000057220459,0.44999998807907104,-35.88297782901992,2.580490217951592e-06
grid-r011-c010,11,10,2.200000047683716,2.40000057220459,0.44999998807907104,-38.562425427220965,1.3923789765613037e-06
grid-r011-c011,11,11,2.3999998569488525,2.40000057220459,0.44999998807907104,-38.80526539502124,1.3166594499125495e-06
grid-r011-c012,11,12,2.5999999046325684,2.40000057220459,0.44999998807907104,-36.6970831805053,2.1393984752648976e-06
grid-r011-c013,11,13,2.799999952316284,2.40000057220459,0.44999998807907104,-37.706808821292995,1.695583250693744e-06
grid-r011-c014,11,14,3.0,2.40000057220459,0.44999998807907104,-38.09366278375662,1.55107829868939e-06
grid-r011-c015,11,15,3.200000047683716,2.40000057220459,0.44999998807907104,-38.352942940692174,1.4611866845370969e-06
grid-r011-c016,11,16,3.3999998569488525,2.40000057220459,0.44999998807907104,-37.21749046158381,1.8978022353621782e-06
grid-r011-c017,11,17,3.5999999046325684,2.40000057220459,0.44999998807907104,-37.40200476880887,1.8188610511060688e-06
grid-r011-c018,11,18,3.799999952316284,2.40000057220459,0.44999998807907104,-38.5642839215869,1.3917832575316424e-06
grid-r011-c019,11,19,4.0,2.40000057220459,0.44999998807907104,-38.48326098752072,1.4179923937263084e-06
grid-r011-c020,11,20,4.199999809265137,2.40000057220459,0.44999998807907104,-38.316993557636195,1.4733320767845726e-06
grid-r011-c021,11,21,4.400000095367432,2.40000057220459,0.44999998807907104,-37.98363709703334,1.5908758541627321e-06
grid-r011-c022,11,22,4.599999904632568,2.40000057220459,0.44999998807907104,-38.77109783567651,1.3270589533931343e-06
grid-r011-c023,11,23,4.800000190734863,2.40000057220459,0.44999998807907104,-38.27509448575094,1.48761500895489e-06
grid-r011-c024,11,24,5.0,2.40000057220459,0.44999998807907104,-38.26452646272779,1.4912393453414552e-06
grid-r011-c025,11,25,5.199999809265137,2.40000057220459,0.44999998807907104,-38.095248613674705,1.5505120245506987e-06
grid-r011-c026,11,26,5.400000095367432,2.40000057220459,0.44999998807907104,-38.39207662285897,1.4480792742688209e-06
grid-r011-c027,11,27,5.599999904632568,2.40000057220459,0.44999998807907104,-37.0885692194113,1.954983417817857e-06
grid-r011-c028,11,28,5.800000190734863,2.40000057220459,0.44999998807907104,-37.64104879500843,1.7214528043041355e-06
grid-r011-c029,11,29,6.0,2.40000057220459,0.44999998807907104,-37.99644505769354,1.5861910469538998e-06
grid-r011-c030,11,30,6.199999809265137,2.40000057220459,0.44999998807907104,-37.330392438002875,1.8491015225663432e-06
grid-r011-c031,11,31,6.400000095367432,2.40000057220459,0.44999998807907104,-37.616971425760866,1.7310230759903789e-06
grid-r011-c032,11,32,6.599999904632568,2.40000057220459,0.44999998807907104,-37.78849698298389,1.663988427935692e-06
grid-r011-c033,11,33,6.800000190734863,2.40000057220459,0.44999998807907104,-38.22532267585429,1.504761712567415e-06
grid-r011-c034,11,34,7.0,2.40000057220459,0.44999998807907104,-37.97178129925119,1.5952247167660971e-06
grid-r011-c035,11,35,7.199999809265137,2.40000057220459,0.44999998807907104,-37.876563252112774,1.6305858707710286e-06
grid-r011-c036,11,36,7.400000095367432,2.40000057220459,0.44999998807907104,-38.9028481376273,1.2874049843958346e-06
grid-r011-c037,11,37,7.599999904632568,2.40000057220459,0.44999998807907104,-38.30779133783297,1.476457214266702e-06
grid-r011-c038,11,38,7.800000190734863,2.40000057220459,0.44999998807907104,-38.85248392696976,1.3024216514168074e-06
grid-r011-c039,11,39,8.0,2.40000057220459,0.44999998807907104,-38.66465938623633,1.359984821647231e-06
grid-r011-c040,11,40,8.199999809265137,2.40000057220459,0.44999998807907104,-39.17979841138472,1.2078699000994675e-06
grid-r011-c041,11,41,8.399999618530273,2.40000057220459,0.44999998807907104,-39.0181711862014,1.2536689837361337e-06
grid-r011-c042,11,42,8.600000381469727,2.40000057220459,0.44999998807907104,-38.959203466441316,1.2708071608358296e-06
grid-r011-c043,11,43,8.800000190734863,2.40000057220459,0.44999998807907104,-38.658763183519646,1.3618324601338827e-06
grid-r011-c044,11,44,9.0,2.40000057220459,0.44999998807907104,-39.61623823431061,1.0923861282208236e-06
grid-r011-c045,11,45,9.199999809265137,2.40000057220459,0.44999998807907104,-39.56868064473308,1.1044140819649328e-06
grid-r011-c046,11,46,9.399999618530273,2.40000057220459,0.44999998807907104,-39.852923301445806,1.034445631376002e-06
grid-r011-c047,11,47,9.600000381469727,2.40000057220459,0.44999998807907104,-38.65690513730306,1.3624152188640437e-06
grid-r011-c048,11,48,9.800000190734863,2.40000057220459,0.44999998807907104,-38.33721178828871,1.466489038648433e-06
grid-r011-c049,11,49,10.0,2.40000057220459,0.44999998807907104,-39.72390485439412,1.0656375479811686e-06
grid-r011-c050,11,50,10.200000762939453,2.40000057220459,0.44999998807907104,-39.079484140869276,1.2360942491795868e-06
grid-r011-c051,11,51,10.399999618530273,2.40000057220459,0.44999998807907104,-39.492101691793295,1.124060872825794e-06
grid-r011-c052,11,52,10.600000381469727,2.40000057220459,0.44999998807907104,-39.30224136070934,1.174291355710011e-06
grid-r011-c053,11,53,10.800000190734863,2.40000057220459,0.44999998807907104,-40.79067771890421,8.335510983670247e-07
grid-r011-c054,11,54,11.0,2.40000057220459,0.44999998807907104,-38.958385317631084,1.2710465853160713e-06
grid-r011-c055,11,55,11.200000762939453,2.40000057220459,0.44999998807907104,-39.36023580803668,1.158714439952746e-06
grid-r011-c056,11,56,11.399999618530273,2.40000057220459,0.44999998807907104,-39.66455545842394,1.0803001941894763e-06
grid-r011-c057,11,57,11.600000381469727,2.40000057220459,0.44999998807907104,-39.08525497323649,1.234452838616562e-06
grid-r012-c000,12,0,0.19999980926513672,2.6000003814697266,0.44999998807907104,-37.6958878242917,1.6998524188238662e-06
grid-r012-c001,12,1,0.40000009536743164,2.6000003814697266,0.44999998807907104,-35.790243118033594,2.6361838081356836e-06
grid-r012-c002,12,2,0.5999999046325684,2.6000003814697266,0.44999998807907104,-37.166438107480815,1.9202429939468857e-06
grid-r012-c003,12,3,0.7999997138977051,2.6000003814697266,0.44999998807907104,-37.91039594165668,1.6179325257326127e-06
grid-r012-c004,12,4,1.0,2.6000003814697266,0.44999998807907104,-38.005232101473176,1.5829849644433125e-06
grid-r012-c005,12,5,1.1999998092651367,2.6000003814697266,0.44999998807907104,-38.03534776853339,1.5720459032309009e-06
grid-r012-c006,12,6,1.4000000953674316,2.6000003814697266,0.44999998807907104,-38.495361534944465,1.4140470057100174e-06
grid-r012-c007,12,7,1.5999999046325684,2.6000003814697266,0.44999998807907104,-37.31758053932388,1.85456451617938e-06
grid-r012-c008,12,8,1.799999713897705,2.6000003814697266,0.44999998807907104,-37.2026426810707,1.9043015981878852e-06
grid-r012-c009,12,9,2.0,2.6000003814697266,0.44999998807907104,-38.597695149577184,1.3811170447297627e-06
grid-r012-c010,12,10,2.200000047683716,2.6000003814697266,0.44999998807907104,-37.542637420584974,1.760906343406532e-06
grid-r012-c011,12,11,2.3999998569488525,2.6000003814697266,0.44999998807907104,-37.78993867930203,1.6634361372780404e-06
grid-r012-c012,12,12,2.5999999046325684,2.6000003814697266,0.44999998807907104,-38.11045558960237,1.5450923456228338e-06
grid-r012-c013,12,13,2.799999952316284,2.6000003814697266,0.44999998807907104,-38.29191705455122,1.481863819208229e-06
grid-r012-c014,12,14,3.0,2.6000003814697266,0.44999998807907104,-38.58257714053627,1.3859331602361635e-06
grid-r012-c015,12,15,3.200000047683716,2.6000003814697266,0.44999998807907104,-37.911242245427616,1.6176172721316107e-06
grid-r012-c016,12,16,3.3999998569488525,2.6000003814697266,0.44999998807907104,-38.96375465781763,1.2694761153397849e-06
grid-r012-c017,12,17,3.5999999046325684,2.6000003814697266,0.44999998807907104,-38.49497013866422,1.4141744486551033e-06
grid-r012-c018,12,18,3.799999952316284,2.6000003814697266,0.44999998807907104,-35.059378682899464,3.1193358154268935e-06
grid-r012-c019,12,19,4.0,2.6000003814697266,0.44999998807907104,-38.772540522996394,1.3266181895232876e-06
grid-r012-c020,12,20,4.199999809265137,2.6000003814697266,0.44999998807907104,-36.051468010072185,2.4822938939905725e-06
grid-r012-c021,12,21,4.400000095367432,2.6000003814697266,0.44999998807907104,-38.914216886946335,1.2840392855650862e-06
grid-r012-c022,12,22,4.599999904632568,2.6000003814697266,0.44999998807907104,-38.3868443505192,1.4498249356620363e-06
grid-r012-c023,12,23,4.800000190734863,2.6000003814697266,0.44999998807907104,-37.59964167268716,1.7379442169840331e-06
grid-r012-c024,12,24,5.0,2.6000003814697266,0.44999998807907104,-37.748513377686365,1.6793787835922558e-06
grid-r012-c025,12,25,5.199999809265137,2.6000003814697266,0.44999998807907104,-37.35418460519709,1.8389991964795627e-06
grid-r012-c026,12,26,5.400000095367432,2.6000003814697266,0.44999998807907104,-38.19561749998965,1.5150893659665599e-06
grid-r012-c027,12,27,5.599999904632568,2.6000003814697266,0.44999998807907104,-38.251490143588796,1.4957223584133317e-06
grid-r012-c028,12,28,5.800000190734863,2.6000003814697266,0.44999998807907104,-38.24026250566918,1.4995941910456168e-06
grid-r012-c029,12,29,6.0,2.6000003814697266,0.44999998807907104,-37.27709984375822,1.871931772257085e-06
grid-r012-c030,12,30,6.199999809265137,2.6000003814697266,0.44999998807907104,-38.24916984118603,1.4965216905693524e-06
grid-r012-c031,12,31,6.400000095367432,2.6000003814697266,0.44999998807907104,-38.2292726856037,1.5033937188491109e-06
grid-r012-c032,12,32,6.599999904632568,2.6000003814697266,0.44999998807907104,-38.22338197814982,1.5054342838993762e-06
grid-r012-c033,12,33,6.800000190734863,2.6000003814697266,0.44999998807907104,-38.38388769372922,1.4508123058476485e-06
grid-r012-c034,12,34,7.0,2.6000003814697266,0.44999998807907104,-38.355219634886346,1.460420889998204e-06
grid-r012-c035,12,35,7.199999809265137,2.6000003814697266,0.44999998807907104,-38.43806952345902,1.4328246606964967e-06
grid-r012-c036,12,36,7.400000095367432,2.6000003814697266,0.44999998807907104,-38.40576038482662,1.4435238426813157e-06
grid-r012-c037,12,37,7.599999904632568,2.6000003814697266,0.44999998807907104,-38.785806513091885,1.3225720749687753e-06
grid-r012-c038,12,38,7.800000190734863,2.6000003814697266,0.44999998807907104,-38.640992104745095,1.3674164165422553e-06
grid-r012-c039,12,39,8.0,2.6000003814697266,0.44999998807907104,-39.111561671432504,1.2269979379198048e-06
grid-r012-c040,12,40,8.199999809265137,2.6000003814697266,0.44999998807907104,-38.8442877685685,1.304881948271941e-06
grid-r012-c041,12,41,8.399999618530273,2.6000003814697266,0.44999998807907104,-38.82236900289069,1.3114843113726238e-06
grid-r012-c042,12,42,8.600000381469727,2.6000003814697266,0.44999998807907104,-39.476231451917755,1.1281759952908033e-06
grid-r012-c043,12,43,8.800000190734863,2.6000003814697266,0.44999998807907104,-39.54279423782755,1.1110166724392911e-06
grid-r012-c044,12,44,9.0,2.6000003814697266,0.44999998807907104,-38.55886919568395,1.3935195966041647e-06
grid-r012-c045,12,45,9.199999809265137,2.6000003814697266,0.44999998807907104,-39.566657290673454,1.1049287422792986e-06
grid-r012-c046,12,46,9.399999618530273,2.6000003814697266,0.44999998807907104,-39.392460051617974,1.1501487051646109e-06
grid-r012-c047,12,47,9.600000381469727,2.6000003814697266,0.44999998807907104,-39.245326948691,1.1897817557837698e-06
grid-r012-c048,12,48,9.800000190734863,2.6000003814697266,0.44999998807907104,-39.82295639188167,1.0416081295261392e-06
grid-r012-c049,12,49,10.0,2.6000003814697266,0.44999998807907104,-39.01141827233313,1.2556198498714366e-06
grid-r012-c050,12,50,10.200000762939453,2.6000003814697266,0.44999998807907104,-38.410295399477576,1.4420172647078289e-06
grid-r012-c051,12,51,10.399999618530273,2.6000003814697266,0.44999998807907104,-39.561064563687026,1.1063525562349241e-06
grid-r012-c052,12,52,10.600000381469727,2.6000003814697266,0.44999998807907104,-40.18530556812445,9.582292932464043e-07
grid-r012-c053,12,53,10.800000190734863,2.6000003814697266,0.44999998807907104,-39.96164663216248,1.008870299301634e-06
grid-r012-c054,12,54,11.0,2.6000003814697266,0.44999998807907104,-40.33940451094777,9.248249739357561e-07
grid-r012-c055,12,55,11.200000762939453,2.6000003814697266,0.44999998807907104,-37.44775264802701,1.7998020211962285e-06
grid-r012-c056,12,56,11.399999618530273,2.6000003814697266,0.44999998807907104,-39.34856298378472,1.1618329835982877e-06
grid-r012-c057,12,57,11.600000381469727,2.6000003814697266,0.44999998807907104,-39.57951784345713,1.1016616099368548e-06
grid-r013-c000,13,0,0.19999980926513672,2.8000001907348633,0.44999998807907104,-37.475128049251374,1.7884927956401953e-06
grid-r013-c001,13,1,0.40000009536743164,2.8000001907348633,0.44999998807907104,-37.7139782832507,1.6927864407989546e-06
grid-r013-c002,13,2,0.5999999046325684,2.8000001907348633,0.44999998807907104,-37.92755011768294,1.6115544667627546e-06
grid-r013-c003,13,3,0.7999997138977051,2.8000001907348633,0.44999998807907104,-37.69146291906423,1.701585233604419e-06
grid-r013-c004,13,4,1.0,2.8000001907348633,0.44999998807907104,-37.94958538040257,1.6033984593377681e-06
grid-r013-c005,13,5,1.1999998092651367,2.8000001907348633,0.44999998807907104,-37.71741931488194,1.6914457319217036e-06
grid-r013-c006,13,6,1.4000000953674316,2.8000001907348633,0.44999998807907104,-38.00105213600326,1.584509277563484e-06
grid-r013-c007,13,7,1.5999999046325684,2.8000001907348633,0.44999998807907104,-38.17162588020582,1.5234822967613582e-06
grid-r013-c008,13,8,1.799999713897705,2.8000001907348633,0.44999998807907104,-37.17456920957272,1.916651171995909e-06
grid-r013-c009,13,9,2.0,2.8000001907348633,0.44999998807907104,-37.426615913441765,1.808582851481333e-06
grid-r013-c010,13,10,2.200000047683716,2.8000001907348633,0.44999998807907104,-37.8934892081028,1.6242432820945396e-06
grid-r013-c011,13,11,2.3999998569488525,2.8000001907348633,0.44999998807907104,-38.04927435724569,1.5670128732381272e-06
grid-r013-c012,13,12,2.5999999046325684,2.8000001907348633,0.44999998807907104,-38.25691672024547,1.4938545973564032e-06
grid-r013-c013,13,13,2.799999952316284,2.8000001907348633,0.44999998807907104,-38.40695630379643,1.443126393496641e-06
grid-r013-c014,13,14,3.0,2.8000001907348633,0.44999998807907104,-38.685869355851025,1.3533591527448152e-06
grid-r013-c015,13,15,3.200000047683716,2.8000001907348633,0.44999998807907104,-37.60532011664892,1.7356733224005438e-06
grid-r013-c016,13,16,3.3999998569488525,2.8000001907348633,0.44999998807907104,-38.60358163659352,1.3792463278150535e-06
grid-r013-c017,13,17,3.5999999046325684,2.8000001907348633,0.44999998807907104,-37.753600480408764,1.6774127971075359e-06
grid-r013-c018,13,18,3.799999952316284,2.8000001907348633,0.44999998807907104,-38.430835391674556,1.4352133348438656e-06
grid-r013-c019,13,19,4.0,2.8000001907348633,0.44999998807907104,-38.55934080573584,1.3933682794231572e-06
grid-r013-c020,13,20,4.199999809265137,2.8000001907348633,0.44999998807907104,-38.631349199343376,1.3704559478355804e-06
grid-r013-c021,13,21,4.400000095367432,2.8000001907348633,0.44999998807907104,-37.00057139062908,1.9949998204538133e-06
grid-r013-c022,13,22,4.599999904632568,2.8000001907348633,0.44999998807907104,-38.04009001787161,1.570330255162844e-06
grid-r013-c023,13,23,4.800000190734863,2.8000001907348633,0.44999998807907104,-38.010175124053674,1.5811842786206398e-06
grid-r013-c024,13,24,5.0,2.8000001907348633,0.44999998807907104,-38.489364230488974,1.4160010550767765e-06
grid-r013-c025,13,25,5.199999809265137,2.8000001907348633,0.44999998807907104,-37.936613175812525,1.6081949070212431e-06
grid-r013-c026,13,26,5.400000095367432,2.8000001907348633,0.44999998807907104,-38.29709517878178,1.4800980352447368e-06
grid-r013-c027,13,27,5.599999904632568,2.8000001907348633,0.44999998807907104,-37.90452031253447,1.620122930034995e-06
grid-r013-c028,13,28,5.800000190734863,2.8000001907348633,0.44999998807907104,-37.78696766992232,1.664574483584147e-06
grid-r013-c029,13,29,6.0,2.8000001907348633,0.44999998807907104,-38.19931812764174,1.5137989066715818e-06
grid-r013-c030,13,30,6.199999809265137,2.8000001907348633,0.44999998807907104,-37.45899157262478,1.7951504105440108e-06
grid-r013-c031,13,31,6.400000095367432,2.8000001907348633,0.44999998807907104,-38.29143262972933,1.4820291198702762e-06
grid-r013-c032,13,32,6.599999904632568,2.8000001907348633,0.44999998807907104,-38.06208741072821,1.5623965055056033e-06
grid-r013-c033,13,33,6.800000190734863,2.8000001907348633,0.44999998807907104,-38.440696085980115,1.431958366993058e-06
grid-r013-c034,13,34,7.0,2.8000001907348633,0.44999998807907104,-38.051188895018285,1.5663222256989684e-06
grid-r013-c035,13,35,7.199999809265137,2.8000001907348633,0.44999998807907104,-37.79018415366909,1.6633421182632446e-06
grid-r013-c036,13,36,7.400000095367432,2.8000001907348633,0.44999998807907104,-38.57964300615946,1.386869826092152e-06
grid-r013-c037,13,37,7.599999904632568,2.8000001907348633,0.44999998807907104,-38.54998408766011,1.3963734772914904e-06
grid-r013-c038,13,38,7.800000190734863,2.8000001907348633,0.44999998807907104,-38.43303592833354,1.4344863075166359e-06
grid-r013-c039,13,39,8.0,2.8000001907348633,0.44999998807907104,-39.39725002103038,1.1488808695503394e-06
grid-r013-c040,13,40,8.199999809265137,2.8000001907348633,0.44999998807907104,-38.59515020842029,1.3819266087011783e-06
grid-r013-c041,13,41,8.399999618530273,2.8000001907348633,0.44999998807907104,-39.092562445148545,1.232377485393954e-06
grid-r013-c042,13,42,8.600000381469727,2.8000001907348633,0.44999998807907104,-39.27311599742767,1.1821930456790142e-06
grid-r013-c043,13,43,8.800000190734863,2.8000001907348633,0.44999998807907104,-39.537577007590016,1.112352151722007e-06
grid-r013-c044,13,44,9.0,2.8000001907348633,0.44999998807907104,-39.65302240956848,1.0831728332050261e-06
grid-r013-c045,13,45,9.199999809265137,2.8000001907348633,0.44999998807907104,-38.79616976586001,1.319419880019268e-06
grid-r013-c046,13,46,9.399999618530273,2.8000001907348633,0.44999998807907104,-39.82290188074329,1.0416212035124772e-06
grid-r013-c047,13,47,9.600000381469727,2.8000001907348633,0.44999998807907104,-39.5497279638475,1.1092442946392111e-06
grid-r013-c048,13,48,9.800000190734863,2.8000001907348633,0.44999998807907104,-39.81775058570916,1.042857434185862e-06
grid-r013-c049,13,49,10.0,2.8000001907348633,0.44999998807907104,-39.66019843903564,1.081384539247665e-06
grid-r013-c050,13,50,10.200000762939453,2.8000001907348633,0.44999998807907104,-39.33551118844925,1.1653298770397669e-06
grid-r013-c051,13,51,10.399999618530273,2.8000001907348633,0.44999998807907104,-39.75867763890956,1.05713934317464e-06
grid-r013-c052,13,52,10.600000381469727,2.8000001907348633,0.44999998807907104,-39.95659852565561,1.0100436611537589e-06
grid-r013-c053,13,53,10.800000190734863,2.8000001907348633,0.44999998807907104,-39.89613274839286,1.024204607347201e-06
grid-r013-c054,13,54,11.0,2.8000001907348633,0.44999998807907104,-38.53597295450491,1.4008857078806614e-06
grid-r013-c055,13,55,11.200000762939453,2.8000001907348633,0.44999998807907104,-41.095186681894546,7.771079140184156e-07
grid-r013-c056,13,56,11.399999618530273,2.8000001907348633,0.44999998807907104,-41.0945138981551,7.772283083795628e-07
grid-r013-c057,13,57,11.600000381469727,2.8000001907348633,0.44999998807907104,-39.93472593785555,1.0151434253202751e-06
grid-r014-c000,14,0,0.19999980926513672,3.000000476837158,0.44999998807907104,-37.34665568918019,1.8421900449538953e-06
grid-r014-c001,14,1,0.40000009536743164,3.000000476837158,0.44999998807907104,-37.743704747355444,1.68123926869157e-06
grid-r014-c002,14,2,0.5999999046325684,3.000000476837158,0.44999998807907104,-37.41130003746689,1.8149722791349632e-06
grid-r014-c003,14,3,0.7999997138977051,3.000000476837158,0.44999998807907104,-37.77931199879185,1.6675113556630095e-06
grid-r014-c004,14,4,1.0,3.000000476837158,0.44999998807907104,-37.828318467988645,1.6488006622239482e-06
grid-r014-c005,14,5,1.1999998092651367,3.000000476837158,0.44999998807907104,-37.90245093022071,1.6208950910368003e-06
grid-r014-c006,14,6,1.4000000953674316,3.000000476837158,0.44999998807907104,-38.12192117886071,1.5410186051667552e-06
grid-r014-c007,14,7,1.5999999046325684,3.000000476837158,0.44999998807907104,-37.46286391675462,1.7935504956767545e-06
grid-r014-c008,14,8,1.799999713897705,3.000000476837158,0.44999998807907104,-38.40840340920444,1.4426456118599162e-06
grid-r014-c009,14,9,2.0,3.000000476837158,0.44999998807907104,-38.03716536964987,1.5713881111878436e-06
grid-r014-c010,14,10,2.200000047683716,3.000000476837158,0.44999998807907104,-38.80056629892117,1.318084855483903e-06
grid-r014-c011,14,11,2.3999998569488525,3.000000476837158,0.44999998807907104,-38.317251268708986,1.4732446516063646e-06
grid-r014-c012,14,12,2.5999999046325684,3.000000476837158,0.44999998807907104,-37.889805027227666,1.6256217350019142e-06
grid-r014-c013,14,13,2.799999952316284,3.000000476837158,0.44999998807907104,-38.85137939774785,1.3027529348619282e-06
grid-r014-c014,14,14,3.0,3.000000476837158,0.44999998807907104,-37.88682077783244,1.62673916292988e-06
grid-r014-c015,14,15,3.200000047683716,3.000000476837158,0.44999998807907104,-38.561979010503705,1.3925221082899952e-06
grid-r014-c016,14,16,3.3999998569488525,3.000000476837158,0.44999998807907104,-38.935001267762885,1.2779088365277858e-06
grid-r014-c017,14,17,3.5999999046325684,3.000000476837158,0.44999998807907104,-38.757722700861414,1.331152247985301e-06
grid-r014-c018,14,18,3.799999952316284,3.000000476837158,0.44999998807907104,-37.89691488096301,1.6229625998676056e-06
grid-r014-c019,14,19,4.0,3.000000476837158,0.44999998807907104,-38.501306644008295,1.412112624166184e-06
grid-r014-c020,14,20,4.199999809265137,3.000000476837158,0.44999998807907104,-36.10230524579764,2.4534062958991854e-06
grid-r014-c021,14,21,4.400000095367432,3.000000476837158,0.44999998807907104,-38.07831836173412,1.556568236082967e-06
grid-r014-c022,14,22,4.599999904632568,3.000000476837158,0.44999998807907104,-38.60239761680734,1.3796224038742366e-06
grid-r014-c023,14,23,4.800000190734863,3.000000476837158,0.44999998807907104,-38.0139932054227,1.5797947980900062e-06
grid-r014-c024,14,24,5.0,3.000000476837158,0.44999998807907104,-38.06298055178236,1.562075226502202e-06
grid-r014-c025,14,25,5.199999809265137,3.000000476837158,0.44999998807907104,-38.09979090101007,1.5488911913053016e-06
grid-r014-c026,14,26,5.400000095367432,3.000000476837158,0.44999998807907104,-38.404774409881874,1.4438516018344671e-06
grid-r014-c027,14,27,5.599999904632568,3.000000476837158,0.44999998807907104,-38.02356126379416,1.5763181409056415e-06
grid-r014-c028,14,28,5.800000190734863,3.000000476837158,0.44999998807907104,-38.38768422425052,1.4495445839202148e-06
grid-r014-c029,14,29,6.0,3.000000476837158,0.44999998807907104,-38.39411091967288,1.4474011322818114e-06
grid-r014-c030,14,30,6.199999809265137,3.000000476837158,0.44999998807907104,-37.80534344877203,1.657546249589359e-06
grid-r014-c031,14,31,6.400000095367432,3.000000476837158,0.44999998807907104,-37.834591712117636,1.6464207419630839e-06
grid-r014-c032,14,32,6.599999904632568,3.000000476837158,0.44999998807907104,-38.167638242062544,1.5248817817337113e-06
grid-r014-c033,14,33,6.800000190734863,3.000000476837158,0.44999998807907104,-38.13216251673201,1.5373889254988171e-06
grid-r014-c034,14,34,7.0,3.000000476837158,0.44999998807907104,-38.161063885321916,1.5271918982762145e-06
grid-r014-c035,14,35,7.199999809265137,3.000000476837158,0.44999998807907104,-38.0726274900924,1.558609255880583e-06
grid-r014-c036,14,36,7.400000095367432,3.000000476837158,0.44999998807907104,-39.24752316321984,1.1891802387253847e-06
grid-r014-c037,14,37,7.599999904632568,3.000000476837158,0.44999998807907104,-38.50661257360684,1.410388449585298e-06
grid-r014-c038,14,38,7.800000190734863,3.000000476837158,0.44999998807907104,-39.141474951092796,1.2185756759208743e-06
grid-r014-c039,14,39,8.0,3.000000476837158,0.44999998807907104,-38.861087182357075,1.299844143431983e-06
grid-r014-c040,14,40,8.199999809265137,3.000000476837158,0.44999998807907104,-39.42994509508693,1.140264203058905e-06
grid-r014-c041,14,41,8.399999618530273,3.000000476837158,0.44999998807907104,-38.702216397451686,1.3482746226145537e-06
grid-r014-c042,14,42,8.600000381469727,3.000000476837158,0.44999998807907104,-38.823721120308264,1.3110760619383655e-06
grid-r014-c043,14,43,8.800000190734863,3.000000476837158,0.44999998807907104,-39.570614148039496,1.1039225000786246e-06
grid-r014-c044,14,44,9.0,3.000000476837158,0.44999998807907104,-39.41722657609081,1.143608415077324e-06
grid-r014-c045,14,45,9.199999809265137,3.000000476837158,0.44999998807907104,-39.641976366891456,1.0859313306355034e-06
grid-r014-c046,14,46,9.399999618530273,3.000000476837158,0.44999998807907104,-38.72349070048229,1.3416861293080729e-06
grid-r014-c047,14,47,9.600000381469727,3.000000476837158,0.44999998807907104,-39.580993033328284,1.101287466553913e-06
grid-r014-c048,14,48,9.800000190734863,3.000000476837158,0.44999998807907104,-39.75965948646865,1.0569003734417493e-06
grid-r014-c049,14,49,10.0,3.000000476837158,0.44999998807907104,-39.43496734671362,1.138946345236036e-06
grid-r014-c050,14,50,10.200000762939453,3.000000476837158,0.44999998807907104,-39.29078607226831,1.1773928463298944e-06
grid-r014-c051,14,51,10.399999618530273,3.000000476837158,0.44999998807907104,-38.99526535261089,1.2602986316778697e-06
grid-r014-c052,14,52,10.600000381469727,3.000000476837158,0.44999998807907104,-39.52099390407569,1.1166076774316025e-06
grid-r014-c053,14,53,10.800000190734863,3.000000476837158,0.44999998807907104,-39.97900781308422,1.004845330498938e-06
grid-r014-c054,14,54,11.0,3.000000476837158,0.44999998807907104,-39.959260021256135,1.0094248636960401e-06
grid-r014-c055,14,55,11.200000762939453,3.000000476837158,0.44999998807907104,-40.467718593328584,8.979003496278892e-07
grid-r014-c056,14,56,11.399999618530273,3.000000476837158,0.44999998807907104,-39.47868949958226,1.1275376436969964e-06
grid-r014-c057,14,57,11.600000381469727,3.000000476837158,0.44999998807907104,-40.07669320133096,9.824957487580832e-07
grid-r015-c000,15,0,0.19999980926513672,3.200000286102295,0.44999998807907104,-37.298195929480045,1.862860813162115e-06
grid-r015-c001,15,1,0.40000009536743164,3.200000286102295,0.44999998807907104,-37.690282119572416,1.702047939033946e-06
grid-r015-c002,15,2,0.5999999046325684,3.200000286102295,0.44999998807907104,-37.85740102479651,1.6377963447666843e-06
grid-r015-c003,15,3,0.7999997138977051,3.200000286102295,0.44999998807907104,-37.771434235695445,1.670538836151536e-06
grid-r015-c004,15,4,1.0,3.200000286102295,0.44999998807907104,-37.85090723551448,1.6402470919274492e-06
grid-r015-c005,15,5,1.1999998092651367,3.200000286102295,0.44999998807907104,-37.40106781342068,1.8192534980698838e-06
grid-r015-c006,15,6,1.4000000953674316,3.200000286102295,0.44999998807907104,-37.58228034479881,1.7449057168050786e-06
grid-r015-c007,15,7,1.5999999046325684,3.200000286102295,0.44999998807907104,-38.014491721801036,1.5796134675838402e-06
grid-r015-c008,15,8,1.799999713897705,3.200000286102295,0.44999998807907104,-38.11575953755623,1.5432065083587077e-06
grid-r015-c009,15,9,2.0,3.200000286102295,0.44999998807907104,-38.165031574298695,1.5257973018378834e-06
grid-r015-c010,15,10,2.200000047683716,3.200000286102295,0.44999998807907104,-37.86909393662752,1.6333926851075375e-06
grid-r015-c011,15,11,2.3999998569488525,3.200000286102295,0.44999998807907104,-38.123681789404024,1.5403940096803126e-06
grid-r015-c012,15,12,2.5999999046325684,3.200000286102295,0.44999998807907104,-37.859095881266505,1.6371573110518511e-06
grid-r015-c013,15,13,2.799999952316284,3.200000286102295,0.44999998807907104,-38.64061119058097,1.3675363561560516e-06
grid-r015-c014,15,14,3.0,3.200000286102295,0.44999998807907104,-36.80008722962442,2.0892541670036735e-06
grid-r015-c015,15,15,3.200000047683716,3.200000286102295,0.44999998807907104,-38.2567501457995,1.493911895522615e-06
grid-r015-c016,15,16,3.3999998569488525,3.200000286102295,0.44999998807907104,-38.44213102540223,1.4314853160612984e-06
grid-r015-c017,15,17,3.5999999046325684,3.200000286102295,0.44999998807907104,-37.57719686159814,1.7469493513999623e-06
grid-r015-c018,15,18,3.799999952316284,3.200000286102295,0.44999998807907104,-38.7914255470252,1.3208619975557667e-06
grid-r015-c019,15,19,4.0,3.200000286102295,0.44999998807907104,-38.080765893512314,1.5556912558167824e-06
grid-r015-c020,15,20,4.199999809265137,3.200000286102295,0.44999998807907104,-37.82151308020098,1.6513863556610886e-06
grid-r015-c021,15,21,4.400000095367432,3.200000286102295,0.44999998807907104,-37.91811124749394,1.6150607962117647e-06
grid-r015-c022,15,22,4.599999904632568,3.200000286102295,0.44999998807907104,-38.602164644876346,1.3796964140055934e-06
grid-r015-c023,15,23,4.800000190734863,3.200000286102295,0.44999998807907104,-38.38956993391751,1.4489153272734256e-06
grid-r015-c024,15,24,5.0,3.200000286102295,0.44999998807907104,-38.27395622659555,1.4880049548082752e-06
grid-r015-c025,15,25,5.199999809265137,3.200000286102295,0.44999998807907104,-38.34838502858829,1.4627210020989878e-06
grid-r015-c026,15,26,5.400000095367432,3.200000286102295,0.44999998807907104,-38.50495390537125,1.4109272115092608e-06
grid-r015-c027,15,27,5.599999904632568,3.200000286102295,0.44999998807907104,-38.434347145488125,1.4340532743517542e-06
grid-r015-c028,15,28,5.800000190734863,3.200000286102295,0.44999998807907104,-38.383875442345136,1.4508163985738065e-06
grid-r015-c029,15,29,6.0,3.200000286102295,0.44999998807907104,-38.24919986420602,1.4965113450671197e-06
grid-r015-c030,15,30,6.199999809265137,3.200000286102295,0.44999998807907104,-38.31732298816452,1.4732203226230922e-06
grid-r015-c031,15,31,6.400000095367432,3.200000286102295,0.44999998807907104,-38.64720120096613,1.365462821922847e-06
grid-r015-c032,15,32,6.599999904632568,3.200000286102295,0.44999998807907104,-38.65742412131431,1.3622524193124264e-06
grid-r015-c033,15,33,6.800000190734863,3.200000286102295,0.44999998807907104,-37.837501564031236,1.6453179796371842e-06
grid-r015-c034,15,34,7.0,3.200000286102295,0.44999998807907104,-38.49778506667225,1.4132581327430671e-06
grid-r015-c035,15,35,7.199999809265137,3.200000286102295,0.44999998807907104,-38.9149452242893,1.2838239626944414e-06
grid-r015-c036,15,36,7.400000095367432,3.200000286102295,0.44999998807907104,-38.611026734380694,1.3768839153271983e-06
grid-r015-c037,15,37,7.599999904632568,3.200000286102295,0.44999998807907104,-39.04107890394398,1.2470736692193896e-06
grid-r015-c038,15,38,7.800000190734863,3.200000286102295,0.44999998807907104,-38.99360342935174,1.2607810049303225e-06
grid-r015-c039,15,39,8.0,3.200000286102295,0.44999998807907104,-39.39704976048088,1.1489338476167177e-06
grid-r015-c040,15,40,8.199999809265137,3.200000286102295,0.44999998807907104,-37.72274072840074,1.6893744714252534e-06
grid-r015-c041,15,41,8.399999618530273,3.200000286102295,0.44999998807907104,-39.727028319103674,1.0648714123817626e-06
grid-r015-c042,15,42,8.600000381469727,3.200000286102295,0.44999998807907104,-39.19571544529707,1.2034511200909037e-06
grid-r015-c043,15,43,8.800000190734863,3.200000286102295,0.44999998807907104,-39.202416571857775,1.2015956372124492e-06
grid-r015-c044,15,44,9.0,3.200000286102295,0.44999998807907104,-39.42686451903328,1.1410733122829697e-06
grid-r015-c045,15,45,9.199999809265137,3.200000286102295,0.44999998807907104,-38.99700903838901,1.2597927252500085e-06
grid-r015-c046,15,46,9.399999618530273,3.200000286102295,0.44999998807907104,-39.762676015509435,1.0561665249042562e-06
grid-r015-c047,15,47,9.600000381469727,3.200000286102295,0.44999998807907104,-39.37674938629753,1.1543169193828362e-06
grid-r015-c048,15,48,9.800000190734863,3.200000286102295,0.44999998807907104,-39.48978135271802,1.124661594076315e-06
grid-r015-c049,15,49,10.0,3.200000286102295,0.44999998807907104,-39.786839315630615,1.0503065368538955e-06
grid-r015-c050,15,50,10.200000762939453,3.200000286102295,0.44999998807907104,-40.17734748471327,9.599867780707427e-07
grid-r015-c051,15,51,10.399999618530273,3.200000286102295,0.44999998807907104,-40.22327557631697,9.498880899627693e-07
grid-r015-c052,15,52,10.600000381469727,3.200000286102295,0.44999998807907104,-40.01049023467361,9.975874490919523e-07
grid-r015-c053,15,53,10.800000190734863,3.200000286102295,0.44999998807907104,-39.60265222521733,1.0958087841572706e-06
grid-r015-c054,15,54,11.0,3.200000286102295,0.44999998807907104,-38.90433066572827,1.2869655847680406e-06
grid-r015-c055,15,55,11.200000762939453,3.200000286102295,0.44999998807907104,-39.28795305231242,1.178161141979217e-06
grid-r015-c056,15,56,11.399999618530273,3.200000286102295,0.44999998807907104,-40.48579601269856,8.941706255427562e-07
grid-r015-c057,15,57,11.600000381469727,3.200000286102295,0.44999998807907104,-40.46567407830746,8.983231509773759e-07
grid-r016-c000,16,0,0.19999980926513672,3.40000057220459,0.44999998807907104,-38.01805363724355,1.5783184608153533e-06
grid-r016-c001,16,1,0.40000009536743164,3.40000057220459,0.44999998807907104,-37.36144797554463,1.8359261275691097e-06
grid-r016-c002,16,2,0.5999999046325684,3.40000057220459,0.44999998807907104,-37.78761403935937,1.6643267599647515e-06
grid-r016-c003,16,3,0.7999997138977051,3.40000057220459,0.44999998807907104,-38.023779584194074,1.5762389011797495e-06
grid-r016-c004,16,4,1.0,3.40000057220459,0.44999998807907104,-36.92548007367479,2.0297941318858648e-06
grid-r016-c005,16,5,1.1999998092651367,3.40000057220459,0.44999998807907104,-37.81767046335658,1.6528481410205131e-06
grid-r016-c006,16,6,1.4000000953674316,3.40000057220459,0.44999998807907104,-37.9002601415811,1.6217129541473696e-06
grid-r016-c007,16,7,1.5999999046325684,3.40000057220459,0.44999998807907104,-37.25385367294932,1.8819783917933819e-06
grid-r016-c008,16,8,1.799999713897705,3.40000057220459,0.44999998807907104,-38.19330079312305,1.5158977930695983e-06
grid-r016-c009,16,9,2.0,3.40000057220459,0.44999998807907104,-38.02685697057483,1.5751223827464855e-06
grid-r016-c010,16,10,2.200000047683716,3.40000057220459,0.44999998807907104,-37.613315205711416,1.7324809959973209e-06
grid-r016-c011,16,11,2.3999998569488525,3.40000057220459,0.44999998807907104,-38.40715816470923,1.4430593182623852e-06
grid-r016-c012,16,12,2.5999999046325684,3.40000057220459,0.44999998807907104,-38.93568170488943,1.277708634006558e-06
grid-r016-c013,16,13,2.799999952316284,3.40000057220459,0.44999998807907104,-38.27150948173093,1.4888435089233099e-06
grid-r016-c014,16,14,3.0,3.40000057220459,0.44999998807907104,-37.91864840820711,1.6148610484378878e-06
grid-r016-c015,16,15,3.200000047683716,3.40000057220459,0.44999998807907104,-38.47943080808385,1.4192435173754347e-06
grid-r016-c016,16,16,3.3999998569488525,3.40000057220459,0.44999998807907104,-38.33683270458704,1.4666170500277076e-06
grid-r016-c017,16,17,3.5999999046325684,3.40000057220459,0.44999998807907104,-37.961718154763666,1.5989253370207734e-06
grid-r016-c018,16,18,3.799999952316284,3.40000057220459,0.44999998807907104,-38.43678198512134,1.4332495084090624e-06
grid-r016-c019,16,19,4.0,3.40000057220459,0.44999998807907104,-38.09641137165447,1.550096953906177e-06
grid-r016-c020,16,20,4.199999809265137,3.40000057220459,0.44999998807907104,-38.205510058444716,1.511642153673165e-06
grid-r016-c021,16,21,4.400000095367432,3.40000057220459,0.44999998807907104,-37.87458825701569,1.6313275637003244e-06
grid-r016-c022,16,22,4.599999904632568,3.40000057220459,0.44999998807907104,-37.98200711016218,1.5914730511212838e-06
grid-r016-c023,16,23,4.800000190734863,3.40000057220459,0.44999998807907104,-36.86842412045508,2.0566367311403155e-06
grid-r016-c024,16,24,5.0,3.40000057220459,0.44999998807907104,-37.579772643060224,1.7459135506214807e-06
grid-r016-c025,16,25,5.199999809265137,3.40000057220459,0.44999998807907104,-38.09741769043026,1.5497378171858145e-06
grid-r016-c026,16,26,5.400000095367432,3.40000057220459,0.44999998807907104,-38.571557425599046,1.3894542689740774e-06
grid-r016-c027,16,27,5.599999904632568,3.40000057220459,0.44999998807907104,-38.149293755245296,1.5313364656321937e-06
grid-r016-c028,16,28,5.800000190734863,3.40000057220459,0.44999998807907104,-38.10580893012719,1.5467463754248456e-06
grid-r016-c029,16,29,6.0,3.40000057220459,0.44999998807907104,-38.53516099631,1.401147642354772e-06
grid-r016-c030,16,30,6.199999809265137,3.40000057220459,0.44999998807907104,-38.176216681692566,1.5218727185128955e-06
grid-r016-c031,16,31,6.400000095367432,3.40000057220459,0.44999998807907104,-38.524106837271084,1.404718545927608e-06
grid-r016-c032,16,32,6.599999904632568,3.40000057220459,0.44999998807907104,-37.46052270736888,1.7945176296052523e-06
grid-r016-c033,16,33,6.800000190734863,3.40000057220459,0.44999998807907104,-38.740808131977744,1.3363468269744772e-06
grid-r016-c034,16,34,7.0,3.40000057220459,0.44999998807907104,-38.97016348375675,1.2676041478698608e-06
grid-r016-c035,16,35,7.199999809265137,3.40000057220459,0.44999998807907104,-39.333113355772355,1.165973458228109e-06
grid-r016-c036,16,36,7.400000095367432,3.40000057220459,0.44999998807907104,-38.61530573473942,1.3755279724136926e-06
grid-r016-c037,16,37,7.599999904632568,3.40000057220459,0.44999998807907104,-38.863166936473746,1.2992218216822948e-06
grid-r016-c038,16,38,7.800000190734863,3.40000057220459,0.44999998807907104,-38.8724879033943,1.2964363804712775e-06
grid-r016-c039,16,39,8.0,3.40000057220459,0.44999998807907104,-39.396458916753254,1.149090167018585e-06
grid-r016-c040,16,40,8.199999809265137,3.40000057220459,0.44999998807907104,-39.1677642812319,1.2112215017623384e-06
grid-r016-c041,16,41,8.399999618530273,3.40000057220459,0.44999998807907104,-39.64993940212927,1.0839420383490506e-06
grid-r016-c042,16,42,8.600000381469727,3.40000057220459,0.44999998807907104,-40.27125046342241,9.394527751283022e-07
grid-r016-c043,16,43,8.800000190734863,3.40000057220459,0.44999998807907104,-39.9509982360881,1.0113469670613995e-06
grid-r016-c044,16,44,9.0,3.40000057220459,0.44999998807907104,-39.82874937297246,1.0402196721770451e-06
grid-r016-c045,16,45,9.199999809265137,3.40000057220459,0.44999998807907104,-39.13932805753227,1.219178216160799e-06
grid-r016-c046,16,46,9.399999618530273,3.40000057220459,0.44999998807907104,-40.14938643061121,9.661873718869174e-07
grid-r016-c047,16,47,9.600000381469727,3.40000057220459,0.44999998807907104,-39.321237759678894,1.169166125691845e-06
grid-r016-c048,16,48,9.800000190734863,3.40000057220459,0.44999998807907104,-39.5534466686084,1.108294895857398e-06
grid-r016-c049,16,49,10.0,3.40000057220459,0.44999998807907104,-39.75839881972563,1.0572072142167599e-06
grid-r016-c050,16,50,10.200000762939453,3.40000057220459,0.44999998807907104,-39.84711802648809,1.0358293138779118e-06
grid-r016-c051,16,51,10.399999618530273,3.40000057220459,0.44999998807907104,-39.26461024455883,1.184510665552807e-06
grid-r016-c052,16,52,10.600000381469727,3.40000057220459,0.44999998807907104,-39.807109226612226,1.0454158427819493e-06
grid-r016-c053,16,53,10.800000190734863,3.40000057220459,0.44999998807907104,-39.94666765538803,1.0123559377461788e-06
grid-r016-c054,16,54,11.0,3.40000057220459,0.44999998807907104,-40.330317425365564,9.267620839636947e-07
grid-r016-c055,16,55,11.200000762939453,3.40000057220459,0.44999998807907104,-40.99582845614498,7.950915801302472e-07
grid-r016-c056,16,56,11.399999618530273,3.40000057220459,0.44999998807907104,-40.578366536559,8.753129350225208e-07
grid-r016-c057,16,57,11.600000381469727,3.40000057220459,0.44999998807907104,-40.70427843963101,8.502999548909429e-07
grid-r017-c000,17,0,0.19999980926513672,3.6000003814697266,0.44999998807907104,-35.31171015255189,2.943262416010839e-06
grid-r017-c001,17,1,0.40000009536743164,3.6000003814697266,0.44999998807907104,-38.265031405586676,1.4910659729139297e-06
grid-r017-c002,17,2,0.5999999046325684,3.6000003814697266,0.44999998807907104,-37.84689959232211,1.6417614006059011e-06
grid-r017-c003,17,3,0.7999997138977051,3.6000003814697266,0.44999998807907104,-37.758595713261236,1.6754845546529396e-06
grid-r017-c004,17,4,1.0,3.6000003814697266,0.44999998807907104,-38.06161879057829,1.5625651030859444e-06
grid-r017-c005,17,5,1.1999998092651367,3.6000003814697266,0.44999998807907104,-37.924192962330714,1.612800701877859e-06
grid-r017-c006,17,6,1.4000000953674316,3.6000003814697266,0.44999998807907104,-37.335535230816006,1.8469131646270398e-06
grid-r017-c007,17,7,1.5999999046325684,3.6000003814697266,0.44999998807907104,-37.96525186591328,1.5976248732840759e-06
grid-r017-c008,17,8,1.799999713897705,3.6000003814697266,0.44999998807907104,-38.30171242068734,1.478525291531696e-06
grid-r017-c009,17,9,2.0,3.6000003814697266,0.44999998807907104,-37.41324851586575,1.8141581676900387e-06
grid-r017-c010,17,10,2.200000047683716,3.6000003814697266,0.44999998807907104,-36.838646912483846,2.0707864223368233e-06
grid-r017-c011,17,11,2.3999998569488525,3.6000003814697266,0.44999998807907104,-34.59236351495647,3.4734707696770784e-06
grid-r017-c012,17,12,2.5999999046325684,3.6000003814697266,0.44999998807907104,-37.67076369929147,1.7097146383093786e-06
grid-r017-c013,17,13,2.799999952316284,3.6000003814697266,0.44999998807907104,-38.6167395883771,1.3750739071838325e-06
grid-r017-c014,17,14,3.0,3.6000003814697266,0.44999998807907104,-38.352590186931295,1.4613053735956782e-06
grid-r017-c015,17,15,3.200000047683716,3.6000003814697266,0.44999998807907104,-38.0464697836008,1.5680251408412005e-06
grid-r017-c016,17,16,3.3999998569488525,3.6000003814697266,0.44999998807907104,-38.11647306550736,1.5429529867105884e-06
grid-r017-c017,17,17,3.5999999046325684,3.6000003814697266,0.44999998807907104,-37.367499619410694,1.8333696516492637e-06
grid-r017-c018,17,18,3.799999952316284,3.6000003814697266,0.44999998807907104,-38.22906940204678,1.5034640910016606e-06
grid-r017-c019,17,19,4.0,3.6000003814697266,0.44999998807907104,-38.6489755165806,1.3649050742969848e-06
grid-r017-c020,17,20,4.199999809265137,3.6000003814697266,0.44999998807907104,-38.719819280735315,1.3428208376353723e-06
grid-r017-c021,17,21,4.400000095367432,3.6000003814697266,0.44999998807907104,-38.280629082259196,1.4857204178042593e-06
grid-r017-c022,17,22,4.599999904632568,3.6000003814697266,0.44999998807907104,-38.225430627200055,1.5047243095978047e-06
grid-r017-c023,17,23,4.800000190734863,3.6000003814697266,0.44999998807907104,-38.557710053385804,1.3938915799371898e-06
grid-r017-c024,17,24,5.0,3.6000003814697266,0.44999998807907104,-38.45166863440434,1.4283450582297519e-06
grid-r017-c025,17,25,5.199999809265137,3.6000003814697266,0.44999998807907104,-38.37340227199831,1.454319317417685e-06
grid-r017-c026,17,26,5.400000095367432,3.6000003814697266,0.44999998807907104,-38.423388683382555,1.4376763601831044e-06
grid-r017-c027,17,27,5.599999904632568,3.6000003814697266,0.44999998807907104,-38.8590023491559,1.3004682841710746e-06
grid-r017-c028,17,28,5.800000190734863,3.6000003814697266,0.44999998807907104,-37.53436798692897,1.7642624925429118e-06
grid-r017-c029,17,29,6.0,3.6000003814697266,0.44999998807907104,-38.22581159548999,1.5045923191792099e-06
grid-r017-c030,17,30,6.199999809265137,3.6000003814697266,0.44999998807907104,-38.56549307924972,1.3913958127886872e-06
grid-r017-c031,17,31,6.400000095367432,3.6000003814697266,0.44999998807907104,-38.45515403791991,1.4271992085923557e-06
grid-r017-c032,17,32,6.599999904632568,3.6000003814697266,0.44999998807907104,-38.31879148654735,1.4727222605870338e-06
grid-r017-c033,17,33,6.800000190734863,3.6000003814697266,0.44999998807907104,-37.91806050040047,1.6150796682268265e-06
grid-r017-c034,17,34,7.0,3.6000003814697266,0.44999998807907104,-38.134034915821786,1.5367262449217378e-06
grid-r017-c035,17,35,7.199999809265137,3.6000003814697266,0.44999998807907104,-38.72510319201592,1.3411880672720145e-06
grid-r017-c036,17,36,7.400000095367432,3.6000003814697266,0.44999998807907104,-39.39396407933397,1.149750460172072e-06
grid-r017-c037,17,37,7.599999904632568,3.6000003814697266,0.44999998807907104,-39.16467713980508,1.2120827932449174e-06
grid-r017-c038,17,38,7.800000190734863,3.6000003814697266,0.44999998807907104,-39.197391707349794,1.202986709358811e-06
grid-r017-c039,17,39,8.0,3.6000003814697266,0.44999998807907104,-38.85505340409238,1.3016513094044058e-06
grid-r017-c040,17,40,8.199999809265137,3.6000003814697266,0.44999998807907104,-39.58812143343252,1.0994813237630296e-06
grid-r017-c041,17,41,8.399999618530273,3.6000003814697266,0.44999998807907104,-39.26696553709732,1.1838684486065176e-06
grid-r017-c042,17,42,8.600000381469727,3.6000003814697266,0.44999998807907104,-38.930216490554834,1.2793175301339943e-06
grid-r017-c043,17,43,8.800000190734863,3.6000003814697266,0.44999998807907104,-39.63620413226377,1.0873756082219188e-06
grid-r017-c044,17,44,9.0,3.6000003814697266,0.44999998807907104,-40.34951761770391,9.226739052792254e-07
grid-r017-c045,17,45,9.199999809265137,3.6000003814697266,0.44999998807907104,-40.19618391895247,9.558320925862063e-07
grid-r017-c046,17,46,9.399999618530273,3.6000003814697266,0.44999998807907104,-39.86831322976633,1.0307863931302563e-06
grid-r017-c047,17,47,9.600000381469727,3.6000003814697266,0.44999998807907104,-40.02519819138979,9.942147016772651e-07
grid-r017-c048,17,48,9.800000190734863,3.6000003814697266,0.44999998807907104,-39.801803969432456,1.0466936828379403e-06
grid-r017-c049,17,49,10.0,3.6000003814697266,0.44999998807907104,-39.96709309251159,1.0076058742924943e-06
grid-r017-c050,17,50,10.200000762939453,3.6000003814697266,0.44999998807907104,-39.909880873584626,1.0209674883299158e-06
grid-r017-c051,17,51,10.399999618530273,3.6000003814697266,0.44999998807907104,-38.89311592006385,1.2902931985081523e-06
grid-r017-c052,17,52,10.600000381469727,3.6000003814697266,0.44999998807907104,-39.552674700910146,1.1084919151471695e-06
grid-r017-c053,17,53,10.800000190734863,3.6000003814697266,0.44999998807907104,-38.92040433500946,1.2822112012145226e-06
grid-r017-c054,17,54,11.0,3.6000003814697266,0.44999998807907104,-39.60603820676943,1.0949547686323058e-06
grid-r017-c055,17,55,11.200000762939453,3.6000003814697266,0.44999998807907104,-40.24551755157982,9.450357651985541e-07
grid-r017-c056,17,56,11.399999618530273,3.6000003814697266,0.44999998807907104,-39.09314861621347,1.2322111615503673e-06
grid-r017-c057,17,57,11.600000381469727,3.6000003814697266,0.44999998807907104,-39.563623802723924,1.105700789594266e-06
grid-r018-c000,18,0,0.19999980926513672,3.8000006675720215,0.44999998807907104,-38.066455941554615,1.5608256944688037e-06
grid-r018-c001,18,1,0.40000009536743164,3.8000006675720215,0.44999998807907104,-37.37918350086492,1.8284439420312992e-06
grid-r018-c002,18,2,0.5999999046325684,3.8000006675720215,0.44999998807907104,-38.10253475911221,1.5479129160667071e-06
grid-r018-c003,18,3,0.7999997138977051,3.8000006675720215,0.44999998807907104,-38.21776946645543,1.5073810573085211e-06
grid-r018-c004,18,4,1.0,3.8000006675720215,0.44999998807907104,-37.82946791455163,1.6483643321407726e-06
grid-r018-c005,18,5,1.1999998092651367,3.8000006675720215,0.44999998807907104,-38.04550069912497,1.5683750689277076e-06
grid-r018-c006,18,6,1.4000000953674316,3.8000006675720215,0.44999998807907104,-37.901084679054485,1.6214050901908195e-06
grid-r018-c007,18,7,1.5999999046325684,3.8000006675720215,0.44999998807907104,-37.64557046618152,1.719661440802156e-06
grid-r018-c008,18,8,1.799999713897705,3.8000006675720215,0.44999998807907104,-38.301139754909656,1.4787202644583886e-06
grid-r018-c009,18,9,2.0,3.8000006675720215,0.44999998807907104,-38.03756379797843,1.5712439562776126e-06
grid-r018-c010,18,10,2.200000047683716,3.8000006675720215,0.44999998807907104,-38.492904806967545,1.4148471336739021e-06
grid-r018-c011,18,11,2.3999998569488525,3.8000006675720215,0.44999998807907104,-38.32724441417489,1.469858602831664e-06
grid-r018-c012,18,12,2.5999999046325684,3.8000006675720215,0.44999998807907104,-38.03944299963955,1.570564222674875e-06
grid-r018-c013,18,13,2.799999952316284,3.8000006675720215,0.44999998807907104,-38.08017910897809,1.5559014627797296e-06
grid-r018-c014,18,14,3.0,3.8000006675720215,0.44999998807907104,-38.19694435567978,1.5146265468501952e-06
grid-r018-c015,18,15,3.200000047683716,3.8000006675720215,0.44999998807907104,-37.65290548121691,1.716759470582474e-06
grid-r018-c016,18,16,3.3999998569488525,3.8000006675720215,0.44999998807907104,-35.83637109773608,2.608332124509616e-06
grid-r018-c017,18,17,3.5999999046325684,3.8000006675720215,0.44999998807907104,-38.51953152454997,1.4061992033020942e-06
grid-r018-c018,18,18,3.799999952316284,3.8000006675720215,0.44999998807907104,-38.400766809634845,1.445184580006753e-06
grid-r018-c019,18,19,4.0,3.8000006675720215,0.44999998807907104,-38.56322192875553,1.392123635923781e-06
grid-r018-c020,18,20,4.199999809265137,3.8000006675720215,0.44999998807907104,-38.2609597619241,1.492464548391581e-06
grid-r018-c021,18,21,4.400000095367432,3.8000006675720215,0.44999998807907104,-37.26780286197702,1.87594332601293e-06
grid-r018-c022,18,22,4.599999904632568,3.8000006675720215,0.44999998807907104,-38.49166580014178,1.4152508356346516e-06
grid-r018-c023,18,23,4.800000190734863,3.8000006675720215,0.44999998807907104,-38.053261959417306,1.5655747347409488e-06
grid-r018-c024,18,24,5.0,3.8000006675720215,0.44999998807907104,-37.70917275672228,1.6946605683187954e-06
grid-r018-c025,18,25,5.199999809265137,3.8000006675720215,0.44999998807907104,-38.525581561721566,1.4042416296433657e-06
grid-r018-c026,18,26,5.400000095367432,3.8000006675720215,0.44999998807907104,-38.37229837115362,1.4546890270139556e-06
grid-r018-c027,18,27,5.599999904632568,3.8000006675720215,0.44999998807907104,-38.295984822658795,1.480476498727512e-06
grid-r018-c028,18,28,5.800000190734863,3.8000006675720215,0.44999998807907104,-38.43002427882517,1.4354814084072132e-06
grid-r018-c029,18,29,6.0,3.8000006675720215,0.44999998807907104,-38.44264738852494,1.431315126865229e-06
grid-r018-c030,18,30,6.199999809265137,3.8000006675720215,0.44999998807907104,-38.323655724233284,1.4710736877532327e-06
grid-r018-c031,18,31,6.400000095367432,3.8000006675720215,0.44999998807907104,-38.311435212621056,1.4752189372302382e-06
grid-r018-c032,18,32,6.599999904632568,3.8000006675720215,0.44999998807907104,-38.8915151913819,1.2907688642371795e-06
grid-r018-c033,18,33,6.800000190734863,3.8000006675720215,0.44999998807907104,-37.84237257772234,1.6434736380688264e-06
grid-r018-c034,18,34,7.0,3.8000006675720215,0.44999998807907104,-39.143324155494675,1.2180569228803506e-06
grid-r018-c035,18,35,7.199999809265137,3.8000006675720215,0.44999998807907104,-38.94941677134465,1.2736741155094933e-06
grid-r018-c036,18,36,7.400000095367432,3.8000006675720215,0.44999998807907104,-39.468489054625955,1.13018904812634e-06
grid-r018-c037,18,37,7.599999904632568,3.8000006675720215,0.44999998807907104,-38.88290800702377,1.2933295465700212e-06
grid-r018-c038,18,38,7.800000190734863,3.8000006675720215,0.44999998807907104,-39.39655430571754,1.1490649285406107e-06
grid-r018-c039,18,39,8.0,3.8000006675720215,0.44999998807907104,-39.53048715074715,1.1141695495098247e-06
grid-r018-c040,18,40,8.199999809265137,3.8000006675720215,0.44999998807907104,-38.910517097227924,1.2851336350649945e-06
grid-r018-c041,18,41,8.399999618530273,3.8000006675720215,0.44999998807907104,-37.87468964890135,1.6312894786096876e-06
grid-r018-c042,18,42,8.600000381469727,3.8000006675720215,0.44999998807907104,-40.049457117690935,9.88676674751332e-07
grid-r018-c043,18,43,8.800000190734863,3.8000006675720215,0.44999998807907104,-39.20065498991637,1.2020831263725995e-06
grid-r018-c044,18,44,9.0,3.8000006675720215,0.44999998807907104,-39.06565746561755,1.240035885530233e-06
grid-r018-c045,18,45,9.199999809265137,3.8000006675720215,0.44999998807907104,-40.03559421547571,9.918376235873438e-07
grid-r018-c046,18,46,9.399999618530273,3.8000006675720215,0.44999998807907104,-39.39519070045478,1.1494257705635391e-06
grid-r018-c047,18,47,9.600000381469727,3.8000006675720215,0.44999998807907104,-40.06573876257421,9.849770776781952e-07
grid-r018-c048,18,48,9.800000190734863,3.8000006675720215,0.44999998807907104,-39.83142577458625,1.0395788194728084e-06
grid-r018-c049,18,49,10.0,3.8000006675720215,0.44999998807907104,-39.68534312058778,1.075141653927858e-06
grid-r018-c050,18,50,10.200000762939453,3.8000006675720215,0.44999998807907104,-39.782344318342794,1.0513941788303782e-06
grid-r018-c051,18,51,10.399999618530273,3.8000006675720215,0.44999998807907104,-41.46705187294339,7.133371013878786e-07
grid-r018-c052,18,52,10.600000381469727,3.8000006675720215,0.44999998807907104,-40.00093672853144,9.997843335440848e-07
grid-r018-c053,18,53,10.800000190734863,3.8000006675720215,0.44999998807907104,-42.24733398266519,5.960279167993576e-07
grid-r018-c054,18,54,11.0,3.8000006675720215,0.44999998807907104,-40.492183535822186,8.928564625421131e-07
grid-r018-c055,18,55,11.200000762939453,3.8000006675720215,0.44999998807907104,-40.02067048788007,9.952517530109617e-07
grid-r018-c056,18,56,11.399999618530273,3.8000006675720215,0.44999998807907104,-41.2155010416139,7.558748507108248e-07
grid-r018-c057,18,57,11.600000381469727,3.8000006675720215,0.44999998807907104,-41.32665047621995,7.367751209130802e-07
grid-r019-c000,19,0,0.19999980926513672,4.000000476837158,0.44999998807907104,-37.68590551833684,1.7037640418493538e-06
grid-r019-c001,19,1,0.40000009536743164,4.000000476837158,0.44999998807907104,-38.46299578100779,1.4246245427784743e-06
grid-r019-c002,19,2,0.5999999046325684,4.000000476837158,0.44999998807907104,-37.715537249530335,1.6921788983381703e-06
grid-r019-c003,19,3,0.7999997138977051,4.000000476837158,0.44999998807907104,-37.701119507879746,1.6978059420580394e-06
grid-r019-c004,19,4,1.0,4.000000476837158,0.44999998807907104,-35.41240433234697,2.875805876101367e-06
grid-r019-c005,19,5,1.1999998092651367,4.000000476837158,0.44999998807907104,-36.85331932052408,2.0638021851482335e-06
grid-r019-c006,19,6,1.4000000953674316,4.000000476837158,0.44999998807907104,-37.83227152772408,1.6473005644002114e-06
grid-r019-c007,19,7,1.5999999046325684,4.000000476837158,0.44999998807907104,-38.02740430378527,1.5749238855278236e-06
grid-r019-c008,19,8,1.799999713897705,4.000000476837158,0.44999998807907104,-37.833445705698914,1.6468552530568559e-06
grid-r019-c009,19,9,2.0,4.000000476837158,0.44999998807907104,-37.79975272559068,1.6596814020886086e-06
grid-r019-c010,19,10,2.200000047683716,4.000000476837158,0.44999998807907104,-37.105733720286416,1.9472720396152e-06
grid-r019-c011,19,11,2.3999998569488525,4.000000476837158,0.44999998807907104,-38.58057833782351,1.3865711707694572e-06
grid-r019-c012,19,12,2.5999999046325684,4.000000476837158,0.44999998807907104,-38.42602768473205,1.436803017895727e-06
grid-r019-c013,19,13,2.799999952316284,4.000000476837158,0.44999998807907104,-38.185575103734436,1.5185968322839472e-06
grid-r019-c014,19,14,3.0,4.000000476837158,0.44999998807907104,-37.6123591774285,1.7328624153378769e-06
grid-r019-c015,19,15,3.200000047683716,4.000000476837158,0.44999998807907104,-38.47513514338728,1.4206480045686476e-06
grid-r019-c016,19,16,3.3999998569488525,4.000000476837158,0.44999998807907104,-38.35498264891956,1.460500584471447e-06
grid-r019-c017,19,17,3.5999999046325684,4.000000476837158,0.44999998807907104,-38.0413623280219,1.5698702782174223e-06
grid-r019-c018,19,18,3.799999952316284,4.000000476837158,0.44999998807907104,-38.728318920114575,1.3401953538050293e-06
grid-r019-c019,19,19,4.0,4.000000476837158,0.44999998807907104,-38.291571221684286,1.481981826145784e-06
grid-r019-c020,19,20,4.199999809265137,4.000000476837158,0.44999998807907104,-37.948671230273156,1.6037359955589636e-06
grid-r019-c021,19,21,4.400000095367432,4.000000476837158,0.44999998807907104,-37.861759357155364,1.636153569961607e-06
grid-r019-c022,19,22,4.599999904632568,4.000000476837158,0.44999998807907104,-38.373376809869235,1.454327843930514e-06
grid-r019-c023,19,23,4.800000190734863,4.000000476837158,0.44999998807907104,-38.687263200867434,1.3529248690247186e-06
grid-r019-c024,19,24,5.0,4.000000476837158,0.44999998807907104,-38.404356216181924,1.4439906408370007e-06
grid-r019-c025,19,25,5.199999809265137,4.000000476837158,0.44999998807907104,-38.79664802826241,1.3192745882406598e-06
grid-r019-c026,19,26,5.400000095367432,4.000000476837158,0.44999998807907104,-38.51932156369329,1.4062671880310518e-06
grid-r019-c027,19,27,5.599999904632568,4.000000476837158,0.44999998807907104,-38.27146537601443,1.4888586292727268e-06
grid-r019-c028,19,28,5.800000190734863,4.000000476837158,0.44999998807907104,-37.31655116044315,1.8550041431808495e-06
grid-r019-c029,19,29,6.0,4.000000476837158,0.44999998807907104,-38.45155318224626,1.428383029633551e-06
grid-r019-c030,19,30,6.199999809265137,4.000000476837158,0.44999998807907104,-38.9622925321537,1.2699035778496182e-06
grid-r019-c031,19,31,6.400000095367432,4.000000476837158,0.44999998807907104,-38.50648234926122,1.4104307410889305e-06
grid-r019-c032,19,32,6.599999904632568,4.000000476837158,0.44999998807907104,-38.89686869671362,1.2891787264379673e-06
grid-r019-c033,19,33,6.800000190734863,4.000000476837158,0.44999998807907104,-39.01426769733138,1.2547963024189812e-06
grid-r019-c034,19,34,7.0,4.000000476837158,0.44999998807907104,-38.901606502265864,1.2877731023763772e-06
grid-r019-c035,19,35,7.199999809265137,4.000000476837158,0.44999998807907104,-39.00714410161635,1.2568561942316592e-06
grid-r019-c036,19,36,7.400000095367432,4.000000476837158,0.44999998807907104,-37.580609797009075,1.7455770375818247e-06
grid-r019-c037,19,37,7.599999904632568,4.000000476837158,0.44999998807907104,-39.524946975732874,1.1155917718497221e-06
grid-r019-c038,19,38,7.800000190734863,4.000000476837158,0.44999998807907104,-39.17189803114554,1.2100691719751921e-06
grid-r019-c039,19,39,8.0,4.000000476837158,0.44999998807907104,-39.89984963200827,1.0233284228888806e-06
grid-r019-c040,19,40,8.199999809265137,4.000000476837158,0.44999998807907104,-39.439109266495876,1.1378606359357946e-06
grid-r019-c041,19,41,8.399999618530273,4.000000476837158,0.44999998807907104,-39.33476979866883,1.1655288290057797e-06
grid-r019-c042,19,42,8.600000381469727,4.000000476837158,0.44999998807907104,-40.392378879583966,9.136126664088806e-07
grid-r019-c043,19,43,8.800000190734863,4.000000476837158,0.44999998807907104,-39.26695219142792,1.1838720865853247e-06
grid-r019-c044,19,44,9.0,4.000000476837158,0.44999998807907104,-40.23221776636393,9.479342679696856e-07
grid-r019-c045,19,45,9.199999809265137,4.000000476837158,0.44999998807907104,-39.30389910728109,1.1738432021957124e-06
grid-r019-c046,19,46,9.399999618530273,4.000000476837158,0.44999998807907104,-40.1739646094442,9.60734837462951e-07
grid-r019-c047,19,47,9.600000381469727,4.000000476837158,0.44999998807907104,-38.65536739522862,1.3628977058033342e-06
grid-r019-c048,19,48,9.800000190734863,4.000000476837158,0.44999998807907104,-40.016378443791886,9.9623582627828e-07
grid-r019-c049,19,49,10.0,4.000000476837158,0.44999998807907104,-40.30298810450341,9.326124086328491e-07
grid-r019-c050,19,50,10.200000762939453,4.000000476837158,0.44999998807907104,-40.60562047110118,8.698371516402403e-07
grid-r019-c051,19,51,10.399999618530273,4.000000476837158,0.44999998807907104,-40.463398701315654,8.987939281723811e-07
grid-r019-c052,19,52,10.600000381469727,4.000000476837158,0.44999998807907104,-40.09685276113732,9.77945660451951e-07
grid-r019-c053,19,53,10.800000190734863,4.000000476837158,0.44999998807907104,-40.263287963269335,9.411767791789316e-07
grid-r019-c054,19,54,11.0,4.000000476837158,0.44999998807907104,-39.64163810882894,1.0860159136427683e-06
grid-r019-c055,19,55,11.200000762939453,4.000000476837158,0.44999998807907104,-40.567381686521514,8.775297146712546e-07
grid-r019-c056,19,56,11.399999618530273,4.000000476837158,0.44999998807907104,-41.582707450729124,6.945911650291237e-07
grid-r019-c057,19,57,11.600000381469727,4.000000476837158,0.44999998807907104,-39.905407981539184,1.0220195463261916e-06
grid-r020-c000,20,0,0.19999980926513672,4.200000762939453,0.44999998807907104,-37.49602426615787,1.7799080751501606e-06
grid-r020-c001,20,1,0.40000009536743164,4.200000762939453,0.44999998807907104,-37.93236712256317,1.6097679917947971e-06
grid-r020-c002,20,2,0.5999999046325684,4.200000762939453,0.44999998807907104,-38.070015477346466,1.559546944918111e-06
grid-r020-c003,20,3,0.7999997138977051,4.200000762939453,0.44999998807907104,-38.34508069771527,1.4638343373007956e-06
grid-r020-c004,20,4,1.0,4.200000762939453,0.44999998807907104,-38.24494163821434,1.497979383202619e-06
grid-r020-c005,20,5,1.1999998092651367,4.200000762939453,0.44999998807907104,-38.46262877625746,1.4247449371396215e-06
grid-r020-c006,20,6,1.4000000953674316,4.200000762939453,0.44999998807907104,-37.803129934660504,1.6583912838541437e-06
grid-r020-c007,20,7,1.5999999046325684,4.200000762939453,0.44999998807907104,-38.30495951085893,1.4774202554690419e-06
grid-r020-c008,20,8,1.799999713897705,4.200000762939453,0.44999998807907104,-38.526528532014204,1.4039354709893814e-06
grid-r020-c009,20,9,2.0,4.200000762939453,0.44999998807907104,-38.05290781308982,1.5657024050597101e-06
grid-r020-c010,20,10,2.200000047683716,4.200000762939453,0.44999998807907104,-38.53960077958653,1.3997159840073436e-06
grid-r020-c011,20,11,2.3999998569488525,4.200000762939453,0.44999998807907104,-38.1362427431927,1.5359452163465903e-06
grid-r020-c012,20,12,2.5999999046325684,4.200000762939453,0.44999998807907104,-38.28989142548009,1.4825551488684141e-06
grid-r020-c013,20,13,2.799999952316284,4.200000762939453,0.44999998807907104,-38.316708049050455,1.4734289379703114e-06
grid-r020-c014,20,14,3.0,4.200000762939453,0.44999998807907104,-38.58081051072875,1.3864970469512627e-06
grid-r020-c015,20,15,3.200000047683716,4.200000762939453,0.44999998807907104,-38.175646053172905,1.5220726936604478e-06
grid-r020-c016,20,16,3.3999998569488525,4.200000762939453,0.44999998807907104,-38.38776631308079,1.4495171853923239e-06
grid-r020-c017,20,17,3.5999999046325684,4.200000762939453,0.44999998807907104,-37.66822690852435,1.7107136045524385e-06
grid-r020-c018,20,18,3.799999952316284,4.200000762939453,0.44999998807907104,-38.68722962656746,1.352935328213789e-06
grid-r020-c019,20,19,4.0,4.200000762939453,0.44999998807907104,-38.059475726985106,1.5633363545930479e-06
grid-r020-c020,20,20,4.199999809265137,4.200000762939453,0.44999998807907104,-38.68699972257424,1.3530069509215537e-06
grid-r020-c021,20,21,4.400000095367432,4.200000762939453,0.44999998807907104,-38.36878418696422,1.4558665952790761e-06
grid-r020-c022,20,22,4.599999904632568,4.200000762939453,0.44999998807907104,-38.27513165842704,1.4876022760290653e-06
grid-r020-c023,20,23,4.800000190734863,4.200000762939453,0.44999998807907104,-38.48740367922971,1.416640429852123e-06
grid-r020-c024,20,24,5.0,4.200000762939453,0.44999998807907104,-38.055866436829795,1.5646361362087191e-06
grid-r020-c025,20,25,5.199999809265137,4.200000762939453,0.44999998807907104,-38.58715305986057,1.3844736486134934e-06
grid-r020-c026,20,26,5.400000095367432,4.200000762939453,0.44999998807907104,-37.74367538009031,1.6812506373753422e-06
grid-r020-c027,20,27,5.599999904632568,4.200000762939453,0.44999998807907104,-38.44648633582259,1.4300504744824138e-06
grid-r020-c028,20,28,5.800000190734863,4.200000762939453,0.44999998807907104,-38.27945980310404,1.4861204817862017e-06
grid-r020-c029,20,29,6.0,4.200000762939453,0.44999998807907104,-38.57549501159515,1.3881950735594728e-06
grid-r020-c030,20,30,6.199999809265137,4.200000762939453,0.44999998807907104,-38.7130095727899,1.3449280231725425e-06
grid-r020-c031,20,31,6.400000095367432,4.200000762939453,0.44999998807907104,-38.691516827898596,1.3516004173652618e-06
grid-r020-c032,20,32,6.599999904632568,4.200000762939453,0.44999998807907104,-38.89036589238671,1.291110493184533e-06
grid-r020-c033,20,33,6.800000190734863,4.200000762939453,0.44999998807907104,-38.68821908248421,1.3526271231967257e-06
grid-r020-c034,20,34,7.0,4.200000762939453,0.44999998807907104,-39.96614845844412,1.0078250625156215e-06
grid-r020-c035,20,35,7.199999809265137,4.200000762939453,0.44999998807907104,-39.29826190420363,1.175367856376397e-06
grid-r020-c036,20,36,7.400000095367432,4.200000762939453,0.44999998807907104,-39.09406308886585,1.2319517281866865e-06
grid-r020-c037,20,37,7.599999904632568,4.200000762939453,0.44999998807907104,-39.57080468315973,1.1038740694857552e-06
grid-r020-c038,20,38,7.800000190734863,4.200000762939453,0.44999998807907104,-39.42209495606899,1.1423271644162014e-06
grid-r020-c039,20,39,8.0,4.200000762939453,0.44999998807907104,-40.37371398670112,9.175475952361012e-07
grid-r020-c040,20,40,8.199999809265137,4.200000762939453,0.44999998807907104,-39.5581281853942,1.1071008430008078e-06
grid-r020-c041,20,41,8.399999618530273,4.200000762939453,0.44999998807907104,-40.51852754384011,8.874568493411061e-07
grid-r020-c042,20,42,8.600000381469727,4.200000762939453,0.44999998807907104,-39.32916009892608,1.1670352932924288e-06
grid-r020-c043,20,43,8.800000190734863,4.200000762939453,0.44999998807907104,-39.93161962885565,1.0158697705264785e-06
grid-r020-c044,20,44,9.0,4.200000762939453,0.44999998807907104,-39.72930037162697,1.0643144605637644e-06
grid-r020-c045,20,45,9.199999809265137,4.200000762939453,0.44999998807907104,-38.931852012532175,1.2788358390025678e-06
grid-r020-c046,20,46,9.399999618530273,4.200000762939453,0.44999998807907104,-39.23118879321919,1.19366131912102e-06
grid-r020-c047,20,47,9.600000381469727,4.200000762939453,0.44999998807907104,-39.3721148420488,1.1555493983905762e-06
grid-r020-c048,20,48,9.800000190734863,4.200000762939453,0.44999998807907104,-40.60031250978348,8.709009193808015e-07
grid-r020-c049,20,49,10.0,4.200000762939453,0.44999998807907104,-39.06935318838596,1.2389810990498518e-06
grid-r020-c050,20,50,10.200000762939453,4.200000762939453,0.44999998807907104,-39.47566255635006,1.1283237881798414e-06
grid-r020-c051,20,51,10.399999618530273,4.200000762939453,0.44999998807907104,-39.42179716729225,1.1424054946473916e-06
grid-r020-c052,20,52,10.600000381469727,4.200000762939453,0.44999998807907104,-40.08241226298856,9.812027883526753e-07
grid-r020-c053,20,53,10.800000190734863,4.200000762939453,0.44999998807907104,-40.791971259733515,8.333028631568595e-07
grid-r020-c054,20,54,11.0,4.200000762939453,0.44999998807907104,-40.910653566352394,8.108390261440945e-07
grid-r020-c055,20,55,11.200000762939453,4.200000762939453,0.44999998807907104,-40.00091401185113,9.9978956313862e-07
grid-r020-c056,20,56,11.399999618530273,4.200000762939453,0.44999998807907104,-39.41098601659483,1.1452528951849672e-06
grid-r020-c057,20,57,11.600000381469727,4.200000762939453,0.44999998807907104,-41.932826522567304,6.407923933693382e-07
grid-r021-c000,21,0,0.19999980926513672,4.40000057220459,0.44999998807907104,-38.335853165480216,1.4669478787254775e-06
grid-r021-c001,21,1,0.40000009536743164,4.40000057220459,0.44999998807907104,-37.09825630593671,1.950627620317391e-06
grid-r021-c002,21,2,0.5999999046325684,4.40000057220459,0.44999998807907104,-38.14481537472031,1.532916371616011e-06
grid-r021-c003,21,3,0.7999997138977051,4.40000057220459,0.44999998807907104,-38.20085394493451,1.5132636690395884e-06
grid-r021-c004,21,4,1.0,4.40000057220459,0.44999998807907104,-38.1724682552329,1.5231868246701197e-06
grid-r021-c005,21,5,1.1999998092651367,4.40000057220459,0.44999998807907104,-38.20068918066694,1.5133210808926378e-06
grid-r021-c006,21,6,1.4000000953674316,4.40000057220459,0.44999998807907104,-38.478058960411765,1.4196918982634088e-06
grid-r021-c007,21,7,1.5999999046325684,4.40000057220459,0.44999998807907104,-38.063067157675746,1.5620440763086663e-06
grid-r021-c008,21,8,1.799999713897705,4.40000057220459,0.44999998807907104,-37.08200176516475,1.9579420040827245e-06
grid-r021-c009,21,9,2.0,4.40000057220459,0.44999998807907104,-38.50375098850727,1.4113180668573477e-06
grid-r021-c010,21,10,2.200000047683716,4.40000057220459,0.44999998807907104,-38.00344683136933,1.5836358215892687e-06
grid-r021-c011,21,11,2.3999998569488525,4.40000057220459,0.44999998807907104,-38.58041596660285,1.3866230119674583e-06
grid-r021-c012,21,12,2.5999999046325684,4.40000057220459,0.44999998807907104,-38.486645004951,1.4168879260978429e-06
grid-r021-c013,21,13,2.799999952316284,4.40000057220459,0.44999998807907104,-38.366390551943745,1.4566692243533907e-06
grid-r021-c014,21,14,3.0,4.40000057220459,0.44999998807907104,-38.14502119453571,1.532843725726707e-06
grid-r021-c015,21,15,3.200000047683716,4.40000057220459,0.44999998807907104,-38.241656099082924,1.4991130683483789e-06
grid-r021-c016,21,16,3.3999998569488525,4.40000057220459,0.44999998807907104,-38.41569040119594,1.4402270380742266e-06
grid-r021-c017,21,17,3.5999999046325684,4.40000057220459,0.44999998807907104,-38.597501036793965,1.3811787766826455e-06
grid-r021-c018,21,18,3.799999952316284,4.40000057220459,0.44999998807907104,-38.301856350316505,1.478476292504638e-06
grid-r021-c019,21,19,4.0,4.40000057220459,0.44999998807907104,-38.22665601384267,1.5042998029457522e-06
grid-r021-c020,21,20,4.199999809265137,4.40000057220459,0.44999998807907104,-38.71064896706987,1.3456592569127679e-06
grid-r021-c021,21,21,4.400000095367432,4.40000057220459,0.44999998807907104,-37.97638768072417,1.593533625054988e-06
grid-r021-c022,21,22,4.599999904632568,4.40000057220459,0.44999998807907104,-38.95435975373602,1.272225290449569e-06
grid-r021-c023,21,23,4.800000190734863,4.40000057220459,0.44999998807907104,-38.35574334874253,1.4602447890865733e-06
grid-r021-c024,21,24,5.0,4.40000057220459,0.44999998807907104,-38.92850365508743,1.2798221860066405e-06
grid-r021-c025,21,25,5.199999809265137,4.40000057220459,0.44999998807907104,-38.2879862445261,1.4832056649538572e-06
grid-r021-c026,21,26,5.400000095367432,4.40000057220459,0.44999998807907104,-38.924075948598365,1.2811276519641979e-06
grid-r021-c027,21,27,5.599999904632568,4.40000057220459,0.44999998807907104,-39.01826295015689,1.2536424947029445e-06
grid-r021-c028,21,28,5.800000190734863,4.40000057220459,0.44999998807907104,-37.31090150954233,1.8574188516140566e-06
grid-r021-c029,21,29,6.0,4.40000057220459,0.44999998807907104,-39.11501839740385,1.2260217090442893e-06
grid-r021-c030,21,30,6.199999809265137,4.40000057220459,0.44999998807907104,-38.60175348527833,1.3798270401821355e-06
grid-r021-c031,21,31,6.400000095367432,4.40000057220459,0.44999998807907104,-39.328395258752806,1.1672408390950295e-06
grid-r021-c032,21,32,6.599999904632568,4.40000057220459,0.44999998807907104,-38.21804395813686,1.5072857877385104e-06
grid-r021-c033,21,33,6.800000190734863,4.40000057220459,0.44999998807907104,-40.10868079758591,9.75285843196616e-07
grid-r021-c034,21,34,7.0,4.40000057220459,0.44999998807907104,-39.52796906003323,1.1148157454954344e-06
grid-r021-c035,21,35,7.199999809265137,4.40000057220459,0.44999998807907104,-37.61770680492696,1.7307299913227325e-06
grid-r021-c036,21,36,7.400000095367432,4.40000057220459,0.44999998807907104,-38.96193757430752,1.270007373932458e-06
grid-r021-c037,21,37,7.599999904632568,4.40000057220459,0.44999998807907104,-38.694916516779585,1.3505427887139376e-06
grid-r021-c038,21,38,7.800000190734863,4.40000057220459,0.44999998807907104,-40.12038631089239,9.726607004267862e-07
grid-r021-c039,21,39,8.0,4.40000057220459,0.44999998807907104,-39.184196912030636,1.2066471981597715e-06
grid-r021-c040,21,40,8.199999809265137,4.40000057220459,0.44999998807907104,-39.17484087147631,1.2092494898752193e-06
grid-r021-c041,21,41,8.399999618530273,4.40000057220459,0.44999998807907104,-39.75424807256146,1.0582181175777805e-06
grid-r021-c042,21,42,8.600000381469727,4.40000057220459,0.44999998807907104,-40.12618306258059,9.713633062347071e-07
grid-r021-c043,21,43,8.800000190734863,4.40000057220459,0.44999998807907104,-40.07378049710742,9.831549050431931e-07
grid-r021-c044,21,44,9.0,4.40000057220459,0.44999998807907104,-39.84340930962805,1.0367142522227368e-06
grid-r021-c045,21,45,9.199999809265137,4.40000057220459,0.44999998807907104,-39.51756309954413,1.1174901146659977e-06
grid-r021-c046,21,46,9.399999618530273,4.40000057220459,0.44999998807907104,-40.22499977879246,9.495110475654656e-07
grid-r021-c047,21,47,9.600000381469727,4.40000057220459,0.44999998807907104,-39.902226979851285,1.022768401526264e-06
grid-r021-c048,21,48,9.800000190734863,4.40000057220459,0.44999998807907104,-39.973071391642556,1.0062198043669923e-06
grid-r021-c049,21,49,10.0,4.40000057220459,0.44999998807907104,-40.05013883912127,9.88521492217842e-07
grid-r021-c050,21,50,10.200000762939453,4.40000057220459,0.44999998807907104,-39.91701880814176,1.0192908348471974e-06
grid-r021-c051,21,51,10.399999618530273,4.40000057220459,0.44999998807907104,-40.65642774322818,8.597203873250692e-07
grid-r021-c052,21,52,10.600000381469727,4.40000057220459,0.44999998807907104,-39.8657255426098,1.031400756801304e-06
grid-r021-c053,21,53,10.800000190734863,4.40000057220459,0.44999998807907104,-40.08448742884423,9.80734057520749e-07
grid-r021-c054,21,54,11.0,4.40000057220459,0.44999998807907104,-41.55562277046037,6.989365033405193e-07
grid-r021-c055,21,55,11.200000762939453,4.40000057220459,0.44999998807907104,-40.17174866119007,9.612251687940443e-07
grid-r021-c056,21,56,11.399999618530273,4.40000057220459,0.44999998807907104,-43.36913828400615,4.603479055731441e-07
grid-r021-c057,21,57,11.600000381469727,4.40000057220459,0.44999998807907104,-39.69117694258179,1.073698399522982e-06
grid-r022-c000,22,0,0.19999980926513672,4.600000381469727,0.44999998807907104,-32.51318702049187,5.606364084087545e-06
grid-r022-c001,22,1,0.40000009536743164,4.600000381469727,0.44999998807907104,-38.722198857282315,1.3420852837953134e-06
grid-r022-c002,22,2,0.5999999046325684,4.600000381469727,0.44999998807907104,-37.6428101861789,1.7207547671205248e-06
grid-r022-c003,22,3,0.7999997138977051,4.600000381469727,0.44999998807907104,-37.593197856266414,1.740524794513476e-06
grid-r022-c004,22,4,1.0,4.600000381469727,0.44999998807907104,-38.0542264686724,1.565227080391196e-06
grid-r022-c005,22,5,1.1999998092651367,4.600000381469727,0.44999998807907104,-37.84138009679598,1.6438492593806586e-06
grid-r022-c006,22,6,1.4000000953674316,4.600000381469727,0.44999998807907104,-38.0801645117797,1.5559066923742648e-06
grid-r022-c007,22,7,1.5999999046325684,4.600000381469727,0.44999998807907104,-38.41481047669692,1.440518872186658e-06
grid-r022-c008,22,8,1.799999713897705,4.600000381469727,0.44999998807907104,-38.39062233528033,1.4485642623185413e-06
grid-r022-c009,22,9,2.0,4.600000381469727,0.44999998807907104,-38.642258207411984,1.3670178304892033e-06
grid-r022-c010,22,10,2.200000047683716,4.600000381469727,0.44999998807907104,-37.11596900804529,1.9426881863182643e-06
grid-r022-c011,22,11,2.3999998569488525,4.600000381469727,0.44999998807907104,-38.275659411991626,1.4874215139570879e-06
grid-r022-c012,22,12,2.5999999046325684,4.600000381469727,0.44999998807907104,-38.423373572658065,1.4376813624039642e-06
grid-r022-c013,22,13,2.799999952316284,4.600000381469727,0.44999998807907104,-37.93719776662898,1.6079784472822212e-06
grid-r022-c014,22,14,3.0,4.600000381469727,0.44999998807907104,-36.17796324140599,2.4110358936013654e-06
grid-r022-c015,22,15,3.200000047683716,4.600000381469727,0.44999998807907104,-38.140772783911515,1.5343439372372814e-06
grid-r022-c016,22,16,3.3999998569488525,4.600000381469727,0.44999998807907104,-38.376758468447,1.45319586408732e-06
grid-r022-c017,22,17,3.5999999046325684,4.600000381469727,0.44999998807907104,-38.56391925348962,1.3919001276008203e-06
grid-r022-c018,22,18,3.799999952316284,4.600000381469727,0.44999998807907104,-38.370073770579396,1.4554343579220586e-06
grid-r022-c019,22,19,4.0,4.600000381469727,0.44999998807907104,-38.527774360330646,1.4035327922101715e-06
grid-r022-c020,22,20,4.199999809265137,4.600000381469727,0.44999998807907104,-38.71408790683547,1.344594124930154e-06
grid-r022-c021,22,21,4.400000095367432,4.600000381469727,0.44999998807907104,-38.56248074495791,1.3923612414146191e-06
grid-r022-c022,22,22,4.599999904632568,4.600000381469727,0.44999998807907104,-38.68174043575579,1.354646428808337e-06
grid-r022-c023,22,23,4.800000190734863,4.600000381469727,0.44999998807907104,-38.710963420212174,1.3455618272928405e-06
grid-r022-c024,22,24,5.0,4.600000381469727,0.44999998807907104,-38.65812368812427,1.3620330037156236e-06
grid-r022-c025,22,25,5.199999809265137,4.600000381469727,0.44999998807907104,-38.548767574666314,1.3967646737000905e-06
grid-r022-c026,22,26,5.400000095367432,4.600000381469727,0.44999998807907104,-38.86768549324127,1.2978707673028111e-06
grid-r022-c027,22,27,5.599999904632568,4.600000381469727,0.44999998807907104,-38.6509836170316,1.3642741123476299e-06
grid-r022-c028,22,28,5.800000190734863,4.600000381469727,0.44999998807907104,-38.6011566753329,1.3800166698274552e-06
grid-r022-c029,22,29,6.0,4.600000381469727,0.44999998807907104,-38.44532021253296,1.4304345086202375e-06
grid-r022-c030,22,30,6.199999809265137,4.600000381469727,0.44999998807907104,-38.71819000454403,1.3433246977001545e-06
grid-r022-c031,22,31,6.400000095367432,4.600000381469727,0.44999998807907104,-38.31378467692368,1.474421083003108e-06
grid-r022-c032,22,32,6.599999904632568,4.600000381469727,0.44999998807907104,-39.06885309796298,1.2391237760311924e-06
grid-r022-c033,22,33,6.800000190734863,4.600000381469727,0.44999998807907104,-39.04590145451796,1.2456896456569666e-06
grid-r022-c034,22,34,7.0,4.600000381469727,0.44999998807907104,-39.37551385087801,1.154645360657014e-06
grid-r022-c035,22,35,7.199999809265137,4.600000381469727,0.44999998807907104,-39.71089152426732,1.06883544503944e-06
grid-r022-c036,22,36,7.400000095367432,4.600000381469727,0.44999998807907104,-39.68032527559274,1.0763845921246684e-06
grid-r022-c037,22,37,7.599999904632568,4.600000381469727,0.44999998807907104,-38.73945646365706,1.3367628071137005e-06
grid-r022-c038,22,38,7.800000190734863,4.600000381469727,0.44999998807907104,-39.68169929400091,1.0760441000456922e-06
grid-r022-c039,22,39,8.0,4.600000381469727,0.44999998807907104,-36.621379084252126,2.177018359361682e-06
grid-r022-c040,22,40,8.199999809265137,4.600000381469727,0.44999998807907104,-39.735408663710544,1.0628185691530234e-06
grid-r022-c041,22,41,8.399999618530273,4.600000381469727,0.44999998807907104,-39.77271550246616,1.0537278285482898e-06
grid-r022-c042,22,42,8.600000381469727,4.600000381469727,0.44999998807907104,-39.97137052433971,1.0066139566333732e-06
grid-r022-c043,22,43,8.800000190734863,4.600000381469727,0.44999998807907104,-40.593768323118965,8.722142297301616e-07
grid-r022-c044,22,44,9.0,4.600000381469727,0.44999998807907104,-39.58522639550263,1.1002144901794964e-06
grid-r022-c045,22,45,9.199999809265137,4.600000381469727,0.44999998807907104,-39.874645772102284,1.029284476317116e-06
grid-r022-c046,22,46,9.399999618530273,4.600000381469727,0.44999998807907104,-39.47789786949538,1.127743189499597e-06
grid-r022-c047,22,47,9.600000381469727,4.600000381469727,0.44999998807907104,-40.28455953576571,9.365782034365111e-07
grid-r022-c048,22,48,9.800000190734863,4.600000381469727,0.44999998807907104,-39.046783038122214,1.2454368061298737e-06
grid-r022-c049,22,49,10.0,4.600000381469727,0.44999998807907104,-40.36400132358875,9.196019163937308e-07
grid-r022-c050,22,50,10.200000762939453,4.600000381469727,0.44999998807907104,-40.67153188356266,8.56735596244107e-07
grid-r022-c051,22,51,10.399999618530273,4.600000381469727,0.44999998807907104,-39.80834584839509,1.0451182106407941e-06
grid-r022-c052,22,52,10.600000381469727,4.600000381469727,0.44999998807907104,-40.55033812436502,8.809802807263623e-07
grid-r022-c053,22,53,10.800000190734863,4.600000381469727,0.44999998807907104,-40.0497727439072,9.88604824669892e-07
grid-r022-c054,22,54,11.0,4.600000381469727,0.44999998807907104,-39.54111028883923,1.111447545554256e-06
grid-r022-c055,22,55,11.200000762939453,4.600000381469727,0.44999998807907104,-42.850392020124524,5.187532110539905e-07
grid-r022-c056,22,56,11.399999618530273,4.600000381469727,0.44999998807907104,-40.862684514079376,8.198446153073746e-07
grid-r022-c057,22,57,11.600000381469727,4.600000381469727,0.44999998807907104,-40.70761968423665,8.496460282003682e-07
grid-r023-c000,23,0,0.19999980926513672,4.800000190734863,0.44999998807907104,-38.180780189020425,1.5202743952613673e-06
grid-r023-c001,23,1,0.40000009536743164,4.800000190734863,0.44999998807907104,-38.756897878723024,1.331405087512394e-06
grid-r023-c002,23,2,0.5999999046325684,4.800000190734863,0.44999998807907104,-38.14907193497997,1.5314146821765462e-06
grid-r023-c003,23,3,0.7999997138977051,4.800000190734863,0.44999998807907104,-37.193741085278916,1.9082087874267017e-06
grid-r023-c004,23,4,1.0,4.800000190734863,0.44999998807907104,-38.519001024304416,1.4063709841138916e-06
grid-r023-c005,23,5,1.1999998092651367,4.800000190734863,0.44999998807907104,-38.47025942623795,1.422243826709746e-06
grid-r023-c006,23,6,1.4000000953674316,4.800000190734863,0.44999998807907104,-38.878180630277996,1.294738126489392e-06
grid-r023-c007,23,7,1.5999999046325684,4.800000190734863,0.44999998807907104,-37.83382887356504,1.6467099612782476e-06
grid-r023-c008,23,8,1.799999713897705,4.800000190734863,0.44999998807907104,-38.36280020053718,1.4578739637727267e-06
grid-r023-c009,23,9,2.0,4.800000190734863,0.44999998807907104,-38.42612218535797,1.4367717540153535e-06
grid-r023-c010,23,10,2.200000047683716,4.800000190734863,0.44999998807907104,-36.25470879251964,2.3688039618718904e-06
grid-r023-c011,23,11,2.3999998569488525,4.800000190734863,0.44999998807907104,-37.579892549805294,1.7458653474022867e-06
grid-r023-c012,23,12,2.5999999046325684,4.800000190734863,0.44999998807907104,-38.61888838293158,1.374393718833744e-06
grid-r023-c013,23,13,2.799999952316284,4.800000190734863,0.44999998807907104,-38.603268061840595,1.3793459174848977e-06
grid-r023-c014,23,14,3.0,4.800000190734863,0.44999998807907104,-38.62336177314201,1.3729787724514608e-06
grid-r023-c015,23,15,3.200000047683716,4.800000190734863,0.44999998807907104,-38.55118396474313,1.395987737851101e-06
grid-r023-c016,23,16,3.3999998569488525,4.800000190734863,0.44999998807907104,-38.33535506538534,1.4671161352453055e-06
grid-r023-c017,23,17,3.5999999046325684,4.800000190734863,0.44999998807907104,-38.56061841404081,1.3929584383731708e-06
grid-r023-c018,23,18,3.799999952316284,4.800000190734863,0.44999998807907104,-38.39521321422575,1.447033810109133e-06
grid-r023-c019,23,19,4.0,4.800000190734863,0.44999998807907104,-38.745422265687154,1.334927787866036e-06
grid-r023-c020,23,20,4.199999809265137,4.800000190734863,0.44999998807907104,-39.13689767787052,1.2198606782476418e-06
grid-r023-c021,23,21,4.400000095367432,4.800000190734863,0.44999998807907104,-38.35516452857896,1.4604394209527527e-06
grid-r023-c022,23,22,4.599999904632568,4.800000190734863,0.44999998807907104,-38.92097735069839,1.2820420351999928e-06
grid-r023-c023,23,23,4.800000190734863,4.800000190734863,0.44999998807907104,-38.645236773368154,1.3660805961990263e-06
grid-r023-c024,23,24,5.0,4.800000190734863,0.44999998807907104,-38.17578035012582,1.522025627309631e-06
grid-r023-c025,23,25,5.199999809265137,4.800000190734863,0.44999998807907104,-37.94444690202116,1.605296688467206e-06
grid-r023-c026,23,26,5.400000095367432,4.800000190734863,0.44999998807907104,-38.50059273115056,1.4123447726888116e-06
grid-r023-c027,23,27,5.599999904632568,4.800000190734863,0.44999998807907104,-38.73308981517316,1.3387239050643984e-06
grid-r023-c028,23,28,5.800000190734863,4.800000190734863,0.44999998807907104,-38.345188631633334,1.4637979575127247e-06
grid-r023-c029,23,29,6.0,4.800000190734863,0.44999998807907104,-38.83116322542514,1.3088313153275521e-06
grid-r023-c030,23,30,6.199999809265137,4.800000190734863,0.44999998807907104,-38.98516302162581,1.2632336847673287e-06
grid-r023-c031,23,31,6.400000095367432,4.800000190734863,0.44999998807907104,-38.481857298401096,1.418450779056002e-06
grid-r023-c032,23,32,6.599999904632568,4.800000190734863,0.44999998807907104,-39.2954361790176,1.1761328551074257e-06
grid-r023-c033,23,33,6.800000190734863,4.800000190734863,0.44999998807907104,-39.47215105750083,1.1292364661130705e-06
grid-r023-c034,23,34,7.0,4.800000190734863,0.44999998807907104,-40.0226607657708,9.947957551048603e-07
grid-r023-c035,23,35,7.199999809265137,4.800000190734863,0.44999998807907104,-39.857993222644055,1.0332387319067493e-06
grid-r023-c036,23,36,7.400000095367432,4.800000190734863,0.44999998807907104,-40.343544237351125,9.239438440999947e-07
grid-r023-c037,23,37,7.599999904632568,4.800000190734863,0.44999998807907104,-38.446843692045185,1.429932808605372e-06
grid-r023-c038,23,38,7.800000190734863,4.800000190734863,0.44999998807907104,-39.50520384378123,1.1206748240510933e-06
grid-r023-c039,23,39,8.0,4.800000190734863,0.44999998807907104,-40.295135830159325,9.343001465822454e-07
grid-r023-c040,23,40,8.199999809265137,4.800000190734863,0.44999998807907104,-39.98667578382946,1.0030727253251825e-06
grid-r023-c041,23,41,8.399999618530273,4.800000190734863,0.44999998807907104,-39.72144946705424,1.066240201907931e-06
grid-r023-c042,23,42,8.600000381469727,4.800000190734863,0.44999998807907104,-40.67167135010224,8.567080840293784e-07
grid-r023-c043,23,43,8.800000190734863,4.800000190734863,0.44999998807907104,-40.30692712305064,9.317669196207135e-07
grid-r023-c044,23,44,9.0,4.800000190734863,0.44999998807907104,-39.02423847459721,1.2519187748694094e-06
grid-r023-c045,23,45,9.199999809265137,4.800000190734863,0.44999998807907104,-39.71040235951925,1.0689558394005871e-06
grid-r023-c046,23,46,9.399999618530273,4.800000190734863,0.44999998807907104,-40.06181211545615,9.858680414254195e-07
grid-r023-c047,23,47,9.600000381469727,4.800000190734863,0.44999998807907104,-40.02361032710405,9.945782721842988e-07
grid-r023-c048,23,48,9.800000190734863,4.800000190734863,0.44999998807907104,-41.401606080508955,7.241681032610359e-07
grid-r023-c049,23,49,10.0,4.800000190734863,0.44999998807907104,-39.763909400213805,1.0558666190263466e-06
grid-r023-c050,23,50,10.200000762939453,4.800000190734863,0.44999998807907104,-40.589504784414586,8.730709168958128e-07
grid-r023-c051,23,51,10.399999618530273,4.800000190734863,0.44999998807907104,-40.36602403411,9.191737149194523e-07
grid-r023-c052,23,52,10.600000381469727,4.800000190734863,0.44999998807907104,-40.285278127531264,9.364232482766965e-07
grid-r023-c053,23,53,10.800000190734863,4.800000190734863,0.44999998807907104,-41.44795771572635,7.16480258233787e-07
grid-r023-c054,23,54,11.0,4.800000190734863,0.44999998807907104,-40.77589559276427,8.363930987798085e-07
grid-r023-c055,23,55,11.200000762939453,4.800000190734863,0.44999998807907104,-39.65124187208812,1.0836170076800045e-06
grid-r023-c056,23,56,11.399999618530273,4.800000190734863,0.44999998807907104,-41.161925767119186,7.652571980543144e-07
grid-r023-c057,23,57,11.600000381469727,4.800000190734863,0.44999998807907104,-41.43623176829269,7.184173682617256e-07
grid-r024-c000,24,0,0.19999980926513672,5.000000476837158,0.44999998807907104,-38.04062392765708,1.5701372149123927e-06
grid-r024-c001,24,1,0.40000009536743164,5.000000476837158,0.44999998807907104,-37.915533372763846,1.6160197446879465e-06
grid-r024-c002,24,2,0.5999999046325684,5.000000476837158,0.44999998807907104,-38.73481988177535,1.338190713795484e-06
grid-r024-c003,24,3,0.7999997138977051,5.000000476837158,0.44999998807907104,-37.757314034344034,1.6759790923970286e-06
grid-r024-c004,24,4,1.0,5.000000476837158,0.44999998807907104,-38.196745839321274,1.5146957821343676e-06
grid-r024-c005,24,5,1.1999998092651367,5.000000476837158,0.44999998807907104,-38.843148250371115,1.3052243730271584e-06
grid-r024-c006,24,6,1.4000000953674316,5.000000476837158,0.44999998807907104,-38.28416841034346,1.484510107729875e-06
grid-r024-c007,24,7,1.5999999046325684,5.000000476837158,0.44999998807907104,-38.98259432947452,1.2639810620385106e-06
grid-r024-c008,24,8,1.799999713897705,5.000000476837158,0.44999998807907104,-37.40010012792243,1.819658905333199e-06
grid-r024-c009,24,9,2.0,5.000000476837158,0.44999998807907104,-38.32432602798444,1.4708466551383026e-06
grid-r024-c010,24,10,2.200000047683716,5.000000476837158,0.44999998807907104,-38.48872862767843,1.416208306181943e-06
grid-r024-c011,24,11,2.3999998569488525,5.000000476837158,0.44999998807907104,-38.20895565445661,1.5104433259693906e-06
grid-r024-c012,24,12,2.5999999046325684,5.000000476837158,0.44999998807907104,-39.102785094240495,1.2294800626477809e-06
grid-r024-c013,24,13,2.799999952316284,5.000000476837158,0.44999998807907104,-38.244065317289106,1.4982816765041207e-06
grid-r024-c014,24,14,3.0,5.000000476837158,0.44999998807907104,-38.48290480022871,1.4181086953612976e-06
grid-r024-c015,24,15,3.200000047683716,5.000000476837158,0.44999998807907104,-38.65289235390829,1.3636746416523238e-06
grid-r024-c016,24,16,3.3999998569488525,5.000000476837158,0.44999998807907104,-38.48253158349978,1.4182305676513352e-06
grid-r024-c017,24,17,3.5999999046325684,5.000000476837158,0.44999998807907104,-38.54383960634043,1.3983504913994693e-06
grid-r024-c018,24,18,3.799999952316284,5.000000476837158,0.44999998807907104,-38.72099897581719,1.3424561302599614e-06
grid-r024-c019,24,19,4.0,5.000000476837158,0.44999998807907104,-39.05371429865546,1.243450697074877e-06
grid-r024-c020,24,20,4.199999809265137,5.000000476837158,0.44999998807907104,-38.89702878724778,1.2891312053397996e-06
grid-r024-c021,24,21,4.400000095367432,5.000000476837158,0.44999998807907104,-38.865562889452576,1.2985052535441355e-06
grid-r024-c022,24,22,4.599999904632568,5.000000476837158,0.44999998807907104,-38.65461901184764,1.3631325828100671e-06
grid-r024-c023,24,23,4.800000190734863,5.000000476837158,0.44999998807907104,-38.97853222439981,1.2651638598981663e-06
grid-r024-c024,24,24,5.0,5.000000476837158,0.44999998807907104,-38.719381389459706,1.3429562386590987e-06
grid-r024-c025,24,25,5.199999809265137,5.000000476837158,0.44999998807907104,-38.790707914029,1.3210802762841922e-06
grid-r024-c026,24,26,5.400000095367432,5.000000476837158,0.44999998807907104,-38.862610996732975,1.2993881455258816e-06
grid-r024-c027,24,27,5.599999904632568,5.000000476837158,0.44999998807907104,-38.7177033988878,1.343475219073298e-06
grid-r024-c028,24,28,5.800000190734863,5.000000476837158,0.44999998807907104,-39.09110477281099,1.232791191796423e-06
grid-r024-c029,24,29,6.0,5.000000476837158,0.44999998807907104,-38.973306352166674,1.2666871498367982e-06
grid-r024-c030,24,30,6.199999809265137,5.000000476837158,0.44999998807907104,-39.051175784762684,1.2441777244021068e-06
grid-r024-c031,24,31,6.400000095367432,5.000000476837158,0.44999998807907104,-39.434334479722494,1.1391123280191096e-06
grid-r024-c032,24,32,6.599999904632568,5.000000476837158,0.44999998807907104,-39.46296583810377,1.131627300310356e-06
grid-r024-c033,24,33,6.800000190734863,5.000000476837158,0.44999998807907104,-39.56196434396577,1.1061233635700773e-06
grid-r024-c034,24,34,7.0,5.000000476837158,0.44999998807907104,-39.0871416092481,1.233916691489867e-06
grid-r024-c035,24,35,7.199999809265137,5.000000476837158,0.44999998807907104,-39.805030719431976,1.0459162922415999e-06
grid-r024-c036,24,36,7.400000095367432,5.000000476837158,0.44999998807907104,-39.492802340599354,1.123879542319628e-06
grid-r024-c037,24,37,7.599999904632568,5.000000476837158,0.44999998807907104,-39.993299758111796,1.00154397841834e-06
grid-r024-c038,24,38,7.800000190734863,5.000000476837158,0.44999998807907104,-39.792564048322525,1.0489229680388235e-06
grid-r024-c039,24,39,8.0,5.000000476837158,0.44999998807907104,-40.1537209730772,9.652235348767135e-07
grid-r024-c040,24,40,8.199999809265137,5.000000476837158,0.44999998807907104,-39.7951636009907,1.0482953030077624e-06
grid-r024-c041,24,41,8.399999618530273,5.000000476837158,0.44999998807907104,-39.553557151840224,1.108266701521643e-06
grid-r024-c042,24,42,8.600000381469727,5.000000476837158,0.44999998807907104,-38.52875347621215,1.4032164017407922e-06
grid-r024-c043,24,43,8.800000190734863,5.000000476837158,0.44999998807907104,-40.370272294919765,9.18275020467263e-07
grid-r024-c044,24,44,9.0,5.000000476837158,0.44999998807907104,-39.071137246899724,1.2384722367642098e-06
grid-r024-c045,24,45,9.199999809265137,5.000000476837158,0.44999998807907104,-38.756492942454045,1.331529233539186e-06
grid-r024-c046,24,46,9.399999618530273,5.000000476837158,0.44999998807907104,-40.72713083782462,8.458374622932752e-07
grid-r024-c047,24,47,9.600000381469727,5.000000476837158,0.44999998807907104,-39.59848467519515,1.0968608421535464e-06
grid-r024-c048,24,48,9.800000190734863,5.000000476837158,0.44999998807907104,-39.520042006277606,1.1168524451932171e-06
grid-r024-c049,24,49,10.0,5.000000476837158,0.44999998807907104,-41.08052153842229,7.797364673933771e-07
grid-r024-c050,24,50,10.200000762939453,5.000000476837158,0.44999998807907104,-40.66566307820513,8.578941219639091e-07
grid-r024-c051,24,51,10.399999618530273,5.000000476837158,0.44999998807907104,-41.52412261677509,7.040244440759125e-07
grid-r024-c052,24,52,10.600000381469727,5.000000476837158,0.44999998807907104,-40.98589297818961,7.96912615896872e-07
grid-r024-c053,24,53,10.800000190734863,5.000000476837158,0.44999998807907104,-40.37496848735918,9.172825912173721e-07
grid-r024-c054,24,54,11.0,5.000000476837158,0.44999998807907104,-40.68059325471964,8.549499170840136e-07
grid-r024-c055,24,55,11.200000762939453,5.000000476837158,0.44999998807907104,-40.77039851500616,8.374524327336985e-07
grid-r024-c056,24,56,11.399999618530273,5.000000476837158,0.44999998807907104,-40.05681237210793,9.870036592474207e-07
grid-r024-c057,24,57,11.600000381469727,5.000000476837158,0.44999998807907104,-40.07360975409976,9.831935585680185e-07
grid-r025-c000,25,0,0.19999980926513672,5.200000762939453,0.44999998807907104,-37.61505511872343,1.7317870515398681e-06
grid-r025-c001,25,1,0.40000009536743164,5.200000762939453,0.44999998807907104,-38.486061713935456,1.4170782378641888e-06
grid-r025-c002,25,2,0.5999999046325684,5.200000762939453,0.44999998807907104,-38.16705125736909,1.5250878959705005e-06
grid-r025-c003,25,3,0.7999997138977051,5.200000762939453,0.44999998807907104,-37.80099938013513,1.659205054238555e-06
grid-r025-c004,25,4,1.0,5.200000762939453,0.44999998807907104,-38.53872818876451,1.399997245243867e-06
grid-r025-c005,25,5,1.1999998092651367,5.200000762939453,0.44999998807907104,-38.40877852396041,1.4425210110857734e-06
grid-r025-c006,25,6,1.4000000953674316,5.200000762939453,0.44999998807907104,-38.25508970821999,1.494483171882166e-06
grid-r025-c007,25,7,1.5999999046325684,5.200000762939453,0.44999998807907104,-37.92883584619217,1.6110774367916747e-06
grid-r025-c008,25,8,1.799999713897705,5.200000762939453,0.44999998807907104,-38.56053582771772,1.39298492740636e-06
grid-r025-c009,25,9,2.0,5.200000762939453,0.44999998807907104,-38.723418205796925,1.341708525615104e-06
grid-r025-c010,25,10,2.200000047683716,5.200000762939453,0.44999998807907104,-38.6239587652808,1.372790052300843e-06
grid-r025-c011,25,11,2.3999998569488525,5.200000762939453,0.44999998807907104,-38.85257377234539,1.3023947076362674e-06
grid-r025-c012,25,12,2.5999999046325684,5.200000762939453,0.44999998807907104,-38.65101582656819,1.3642639942190726e-06
grid-r025-c013,25,13,2.799999952316284,5.200000762939453,0.44999998807907104,-38.58435910139886,1.3853646123607177e-06
grid-r025-c014,25,14,3.0,5.200000762939453,0.44999998807907104,-38.84211756931375,1.3055341696599498e-06
grid-r025-c015,25,15,3.200000047683716,5.200000762939453,0.44999998807907104,-38.854844406642464,1.3017139508519904e-06
grid-r025-c016,25,16,3.3999998569488525,5.200000762939453,0.44999998807907104,-38.88186250457457,1.2936409348185407e-06
grid-r025-c017,25,17,3.5999999046325684,5.200000762939453,0.44999998807907104,-38.4955081867027,1.4139992572381743e-06
grid-r025-c018,25,18,3.799999952316284,5.200000762939453,0.44999998807907104,-38.97394798568813,1.2665000213019084e-06
grid-r025-c019,25,19,4.0,5.200000762939453,0.44999998807907104,-38.81839716944213,1.3126842759447754e-06
grid-r025-c020,25,20,4.199999809265137,5.200000762939453,0.44999998807907104,-38.56832960515955,1.3904873412684537e-06
grid-r025-c021,25,21,4.400000095367432,5.200000762939453,0.44999998807907104,-38.85387389511581,1.30200487546972e-06
grid-r025-c022,25,22,4.599999904632568,5.200000762939453,0.44999998807907104,-37.99861547179505,1.5853985360081424e-06
grid-r025-c023,25,23,4.800000190734863,5.200000762939453,0.44999998807907104,-38.39116294885267,1.4483839549939148e-06
grid-r025-c024,25,24,5.0,5.200000762939453,0.44999998807907104,-39.14406722002484,1.2178485349068069e-06
grid-r025-c025,25,25,5.199999809265137,5.200000762939453,0.44999998807907104,-39.514296145175784,1.1183310562046245e-06
grid-r025-c026,25,26,5.400000095367432,5.200000762939453,0.44999998807907104,-38.86693118640213,1.2980962083020131e-06
grid-r025-c027,25,27,5.599999904632568,5.200000762939453,0.44999998807907104,-39.61295358892527,1.0932126315310597e-06
grid-r025-c028,25,28,5.800000190734863,5.200000762939453,0.44999998807907104,-38.66839890686137,1.3588143019660492e-06
grid-r025-c029,25,29,6.0,5.200000762939453,0.44999998807907104,-39.403020286164214,1.1473554195617908e-06
grid-r025-c030,25,30,6.199999809265137,5.200000762939453,0.44999998807907104,-39.08972766388396,1.2331821608313476e-06
grid-r025-c031,25,31,6.400000095367432,5.200000762939453,0.44999998807907104,-39.49795195226423,1.1225477010157192e-06
grid-r025-c032,25,32,6.599999904632568,5.200000762939453,0.44999998807907104,-39.3783515296166,1.1538911621755688e-06
grid-r025-c033,25,33,6.800000190734863,5.200000762939453,0.44999998807907104,-39.30456835677304,1.1736623264368973e-06
grid-r025-c034,25,34,7.0,5.200000762939453,0.44999998807907104,-39.51810171826474,1.117351530410815e-06
grid-r025-c035,25,35,7.199999809265137,5.200000762939453,0.44999998807907104,-40.1503063539586,9.659827355790185e-07
grid-r025-c036,25,36,7.400000095367432,5.200000762939453,0.44999998807907104,-40.09904798679827,9.774514637683751e-07
grid-r025-c037,25,37,7.599999904632568,5.200000762939453,0.44999998807907104,-40.21376980015191,9.519694685877766e-07
grid-r025-c038,25,38,7.800000190734863,5.200000762939453,0.44999998807907104,-39.81881691480092,1.042601411427313e-06
grid-r025-c039,25,39,8.0,5.200000762939453,0.44999998807907104,-39.965818766813015,1.0079015737574082e-06
grid-r025-c040,25,40,8.199999809265137,5.200000762939453,0.44999998807907104,-39.573883028311904,1.1030919040422305e-06
grid-r025-c041,25,41,8.399999618530273,5.200000762939453,0.44999998807907104,-39.82799854858156,1.0403995247543207e-06
grid-r025-c042,25,42,8.600000381469727,5.200000762939453,0.44999998807907104,-39.692926548252416,1.073265934792289e-06
grid-r025-c043,25,43,8.800000190734863,5.200000762939453,0.44999998807907104,-38.87679010529524,1.2951527423865627e-06
grid-r025-c044,25,44,9.0,5.200000762939453,0.44999998807907104,-41.133383366035744,7.703031315031694e-07
grid-r025-c045,25,45,9.199999809265137,5.200000762939453,0.44999998807907104,-40.02450845668997,9.943726126948604e-07
grid-r025-c046,25,46,9.399999618530273,5.200000762939453,0.44999998807907104,-40.836646386069724,8.247747587120102e-07
grid-r025-c047,25,47,9.600000381469727,5.200000762939453,0.44999998807907104,-40.51186620415778,8.888191018741054e-07
grid-r025-c048,25,48,9.800000190734863,5.200000762939453,0.44999998807907104,-39.709814880351814,1.069100449058169e-06
grid-r025-c049,25,49,10.0,5.200000762939453,0.44999998807907104,-37.67153423934607,1.7094113218263374e-06
grid-r025-c050,25,50,10.200000762939453,5.200000762939453,0.44999998807907104,-41.38368355639554,7.271627850968798e-07
grid-r025-c051,25,51,10.399999618530273,5.200000762939453,0.44999998807907104,-40.17849815993917,9.597324606147595e-07
grid-r025-c052,25,52,10.600000381469727,5.200000762939453,0.44999998807907104,-42.28350741903523,5.910840741307766e-07
grid-r025-c053,25,53,10.800000190734863,5.200000762939453,0.44999998807907104,-40.59459656477167,8.720479058865749e-07
grid-r025-c054,25,54,11.0,5.200000762939453,0.44999998807907104,-40.43007915843786,9.057160923475749e-07
grid-r025-c055,25,55,11.200000762939453,5.200000762939453,0.44999998807907104,-41.31351836449827,7.390063387902046e-07
grid-r025-c056,25,56,11.399999618530273,5.200000762939453,0.44999998807907104,-41.324323400635436,7.371700121439062e-07
grid-r025-c057,25,57,11.600000381469727,5.200000762939453,0.44999998807907104,-41.72593809352062,6.720571263940656e-07
grid-r026-c000,26,0,0.19999980926513672,5.40000057220459,0.44999998807907104,-38.13469875288769,1.536491367915005e-06
grid-r026-c001,26,1,0.40000009536743164,5.40000057220459,0.44999998807907104,-38.218581527305815,1.5070992276378092e-06
grid-r026-c002,26,2,0.5999999046325684,5.40000057220459,0.44999998807907104,-38.67641870812042,1.3563073935074499e-06
grid-r026-c003,26,3,0.7999997138977051,5.40000057220459,0.44999998807907104,-38.70428920732102,1.347631268799887e-06
grid-r026-c004,26,4,1.0,5.40000057220459,0.44999998807907104,-38.221887025153485,1.505952582192549e-06
grid-r026-c005,26,5,1.1999998092651367,5.40000057220459,0.44999998807907104,-37.74545745161692,1.6805608993308851e-06
grid-r026-c006,26,6,1.4000000953674316,5.40000057220459,0.44999998807907104,-38.81773899751518,1.3128832279107883e-06
grid-r026-c007,26,7,1.5999999046325684,5.40000057220459,0.44999998807907104,-38.77750856561347,1.3251014934212435e-06
grid-r026-c008,26,8,1.799999713897705,5.40000057220459,0.44999998807907104,-38.7655492415086,1.328755502072454e-06
grid-r026-c009,26,9,2.0,5.40000057220459,0.44999998807907104,-37.479624948987606,1.7866418602352496e-06
grid-r026-c010,26,10,2.200000047683716,5.40000057220459,0.44999998807907104,-38.33916732185816,1.4658288591817836e-06
grid-r026-c011,26,11,2.3999998569488525,5.40000057220459,0.44999998807907104,-38.43638687663427,1.433379907211929e-06
grid-r026-c012,26,12,2.5999999046325684,5.40000057220459,0.44999998807907104,-38.64391777248046,1.3664955531567102e-06
grid-r026-c013,26,13,2.799999952316284,5.40000057220459,0.44999998807907104,-38.29529987218361,1.4807100114921923e-06
grid-r026-c014,26,14,3.0,5.40000057220459,0.44999998807907104,-38.87364505140675,1.2960909998582792e-06
grid-r026-c015,26,15,3.200000047683716,5.40000057220459,0.44999998807907104,-38.874029819999514,1.2959761761521804e-06
grid-r026-c016,26,16,3.3999998569488525,5.40000057220459,0.44999998807907104,-38.774877301303796,1.325904577242909e-06
grid-r026-c017,26,17,3.5999999046325684,5.40000057220459,0.44999998807907104,-39.048731957016614,1.244878035322472e-06
grid-r026-c018,26,18,3.799999952316284,5.40000057220459,0.44999998807907104,-38.85716176836813,1.3010195516471867e-06
grid-r026-c019,26,19,4.0,5.40000057220459,0.44999998807907104,-38.379794592244856,1.4521802995659527e-06
grid-r026-c020,26,20,4.199999809265137,5.40000057220459,0.44999998807907104,-38.8567523082135,1.3011422197450884e-06
grid-r026-c021,26,21,4.400000095367432,5.40000057220459,0.44999998807907104,-39.038488410437935,1.2478177495722775e-06
grid-r026-c022,26,22,4.599999904632568,5.40000057220459,0.44999998807907104,-38.733111206244814,1.3387173112278106e-06
grid-r026-c023,26,23,4.800000190734863,5.40000057220459,0.44999998807907104,-38.85980312571304,1.3002285186303197e-06
grid-r026-c024,26,24,5.0,5.40000057220459,0.44999998807907104,-38.957405373577494,1.271333417207643e-06
grid-r026-c025,26,25,5.199999809265137,5.40000057220459,0.44999998807907104,-39.15448308846372,1.2149312169640325e-06
grid-r026-c026,26,26,5.400000095367432,5.40000057220459,0.44999998807907104,-39.27509733413329,1.1816538290077006e-06
grid-r026-c027,26,27,5.599999904632568,5.40000057220459,0.44999998807907104,-39.03844013783072,1.2478316193664796e-06
grid-r026-c028,26,28,5.800000190734863,5.40000057220459,0.44999998807907104,-39.439498506375244,1.1377586588423583e-06
grid-r026-c029,26,29,6.0,5.40000057220459,0.44999998807907104,-39.15728279729683,1.2141482557126437e-06
grid-r026-c030,26,30,6.199999809265137,5.40000057220459,0.44999998807907104,-39.36713995598038,1.156873850050033e-06
grid-r026-c031,26,31,6.400000095367432,5.40000057220459,0.44999998807907104,-39.68003034267213,1.0764576927613234e-06
grid-r026-c032,26,32,6.599999904632568,5.40000057220459,0.44999998807907104,-39.20230686294004,1.2016259915981209e-06
grid-r026-c033,26,33,6.800000190734863,5.40000057220459,0.44999998807907104,-40.10020942561966,9.771900977284531e-07
grid-r026-c034,26,34,7.0,5.40000057220459,0.44999998807907104,-40.35190193710872,9.221674872605945e-07
grid-r026-c035,26,35,7.199999809265137,5.40000057220459,0.44999998807907104,-38.81867964981359,1.3125988971296465e-06
grid-r026-c036,26,36,7.400000095367432,5.40000057220459,0.44999998807907104,-39.822560609166885,1.0417030580356368e-06
grid-r026-c037,26,37,7.599999904632568,5.40000057220459,0.44999998807907104,-39.97056962545414,1.0067996072393726e-06
grid-r026-c038,26,38,7.800000190734863,5.40000057220459,0.44999998807907104,-40.844058670179955,8.233682819991373e-07
grid-r026-c039,26,39,8.0,5.40000057220459,0.44999998807907104,-40.55154295499463,8.807359108686796e-07
grid-r026-c040,26,40,8.199999809265137,5.40000057220459,0.44999998807907104,-41.76949504283867,6.65350512463192e-07
grid-r026-c041,26,41,8.399999618530273,5.40000057220459,0.44999998807907104,-39.842290741306094,1.036981302604545e-06
grid-r026-c042,26,42,8.600000381469727,5.40000057220459,0.44999998807907104,-41.608516715587605,6.904755878167634e-07
grid-r026-c043,26,43,8.800000190734863,5.40000057220459,0.44999998807907104,-39.74337608502382,1.0608705451886635e-06
grid-r026-c044,26,44,9.0,5.40000057220459,0.44999998807907104,-40.756609195333915,8.401156605941651e-07
grid-r026-c045,26,45,9.199999809265137,5.40000057220459,0.44999998807907104,-39.20833838935345,1.1999583193755825e-06
grid-r026-c046,26,46,9.399999618530273,5.40000057220459,0.44999998807907104,-40.53668182508478,8.837548648443772e-07
grid-r026-c047,26,47,9.600000381469727,5.40000057220459,0.44999998807907104,-40.632561297472364,8.644579452266044e-07
grid-r026-c048,26,48,9.800000190734863,5.40000057220459,0.44999998807907104,-39.65247636730987,1.0833090300366166e-06
grid-r026-c049,26,49,10.0,5.40000057220459,0.44999998807907104,-41.19296388066742,7.598075626447098e-07
grid-r026-c050,26,50,10.200000762939453,5.40000057220459,0.44999998807907104,-40.113999141321784,9.740922450873768e-07
grid-r026-c051,26,51,10.399999618530273,5.40000057220459,0.44999998807907104,-40.35653595367633,9.211840392708837e-07
grid-r026-c052,26,52,10.600000381469727,5.40000057220459,0.44999998807907104,-40.448700697313676,9.01840905953577e-07
grid-r026-c053,26,53,10.800000190734863,5.40000057220459,0.44999998807907104,-40.18367765681966,9.585885436536046e-07
grid-r026-c054,26,54,11.0,5.40000057220459,0.44999998807907104,-40.50989214151559,8.892232017387869e-07
grid-r026-c055,26,55,11.200000762939453,5.40000057220459,0.44999998807907104,-40.812221317724266,8.294264262076467e-07
grid-r026-c056,26,56,11.399999618530273,5.40000057220459,0.44999998807907104,-40.29954485440602,9.333521120424848e-07
grid-r026-c057,26,57,11.600000381469727,5.40000057220459,0.44999998807907104,-41.09145052424693,7.777767336847319e-07
grid-r027-c000,27,0,0.19999980926513672,5.600000381469727,0.44999998807907104,-38.34601441487078,1.4635196521339822e-06
grid-r027-c001,27,1,0.40000009536743164,5.600000381469727,0.44999998807907104,-38.165067816743814,1.5257845689120586e-06
grid-r027-c002,27,2,0.5999999046325684,5.600000381469727,0.44999998807907104,-38.98139255953369,1.26433087643818e-06
grid-r027-c003,27,3,0.7999997138977051,5.600000381469727,0.44999998807907104,-38.60607887186419,1.378453475808783e-06
grid-r027-c004,27,4,1.0,5.600000381469727,0.44999998807907104,-39.00466249363661,1.257574581359222e-06
grid-r027-c005,27,5,1.1999998092651367,5.600000381469727,0.44999998807907104,-37.9834996121152,1.5909262174318428e-06
grid-r027-c006,27,6,1.4000000953674316,5.600000381469727,0.44999998807907104,-38.4965453654847,1.4136616073301411e-06
grid-r027-c007,27,7,1.5999999046325684,5.600000381469727,0.44999998807907104,-36.03660161738654,2.49080562753079e-06
grid-r027-c008,27,8,1.799999713897705,5.600000381469727,0.44999998807907104,-37.33776961663644,1.845963197411038e-06
grid-r027-c009,27,9,2.0,5.600000381469727,0.44999998807907104,-38.74031270538161,1.3364992810238618e-06
grid-r027-c010,27,10,2.200000047683716,5.600000381469727,0.44999998807907104,-38.97358739625198,1.266605181626801e-06
grid-r027-c011,27,11,2.3999998569488525,5.600000381469727,0.44999998807907104,-38.71547945252102,1.3441633655020269e-06
grid-r027-c012,27,12,2.5999999046325684,5.600000381469727,0.44999998807907104,-39.02299831669298,1.2522763199740439e-06
grid-r027-c013,27,13,2.799999952316284,5.600000381469727,0.44999998807907104,-38.89491514847062,1.289758756684023e-06
grid-r027-c014,27,14,3.0,5.600000381469727,0.44999998807907104,-39.15338272427658,1.2152390809205826e-06
grid-r027-c015,27,15,3.200000047683716,5.600000381469727,0.44999998807907104,-39.02371200501122,1.2520705467977677e-06
grid-r027-c016,27,16,3.3999998569488525,5.600000381469727,0.44999998807907104,-38.38339392226164,1.4509772654491826e-06
grid-r027-c017,27,17,3.5999999046325684,5.600000381469727,0.44999998807907104,-38.446481847477315,1.4300519524113042e-06
grid-r027-c018,27,18,3.799999952316284,5.600000381469727,0.44999998807907104,-39.473891580229086,1.1287839924989385e-06
grid-r027-c019,27,19,4.0,5.600000381469727,0.44999998807907104,-39.17008270968189,1.2105750784030533e-06
grid-r027-c020,27,20,4.199999809265137,5.600000381469727,0.44999998807907104,-38.045559253646914,1.5683539231758914e-06
grid-r027-c021,27,21,4.400000095367432,5.600000381469727,0.44999998807907104,-38.926663466778784,1.2803645859094104e-06
grid-r027-c022,27,22,4.599999904632568,5.600000381469727,0.44999998807907104,-38.93985088819348,1.276482635148568e-06
grid-r027-c023,27,23,4.800000190734863,5.600000381469727,0.44999998807907104,-39.288523448281396,1.178006414193078e-06
grid-r027-c024,27,24,5.0,5.600000381469727,0.44999998807907104,-38.468569121987166,1.4227974816094502e-06
grid-r027-c025,27,25,5.199999809265137,5.600000381469727,0.44999998807907104,-39.27567732705925,1.181496031676943e-06
grid-r027-c026,27,26,5.400000095367432,5.600000381469727,0.44999998807907104,-36.87057135226575,2.055620143437409e-06
grid-r027-c027,27,27,5.599999904632568,5.600000381469727,0.44999998807907104,-39.23899357902865,1.191518094856292e-06
grid-r027-c028,27,28,5.800000190734863,5.600000381469727,0.44999998807907104,-39.0827087543649,1.2351767963991733e-06
grid-r027-c029,27,29,6.0,5.600000381469727,0.44999998807907104,-39.73251499756004,1.0635269518388668e-06
grid-r027-c030,27,30,6.199999809265137,5.600000381469727,0.44999998807907104,-39.27202274342555,1.1824906778201694e-06
grid-r027-c031,27,31,6.400000095367432,5.600000381469727,0.44999998807907104,-40.03464601211931,9.920541970132035e-07
grid-r027-c032,27,32,6.599999904632568,5.600000381469727,0.44999998807907104,-39.80439395663629,1.0460696557856863e-06
grid-r027-c033,27,33,6.800000190734863,5.600000381469727,0.44999998807907104,-39.51249654991473,1.1187945574420155e-06
grid-r027-c034,27,34,7.0,5.600000381469727,0.44999998807907104,-39.91594746663007,1.0195423101322376e-06
grid-r027-c035,27,35,7.199999809265137,5.600000381469727,0.44999998807907104,-39.87298397031711,1.0296784012098215e-06
grid-r027-c036,27,36,7.400000095367432,5.600000381469727,0.44999998807907104,-40.07449266827369,9.829936971073039e-07
grid-r027-c037,27,37,7.599999904632568,5.600000381469727,0.44999998807907104,-40.04309654740081,9.901257271849317e-07
grid-r027-c038,27,38,7.800000190734863,5.600000381469727,0.44999998807907104,-39.76446308784794,1.0557320138104842e-06
grid-r027-c039,27,39,8.0,5.600000381469727,0.44999998807907104,-40.434771470973715,9.047380444826558e-07
grid-r027-c040,27,40,8.199999809265137,5.600000381469727,0.44999998807907104,-40.94196353814739,8.050143947002653e-07
grid-r027-c041,27,41,8.399999618530273,5.600000381469727,0.44999998807907104,-40.311394818590756,9.308088806392334e-07
grid-r027-c042,27,42,8.600000381469727,5.600000381469727,0.44999998807907104,-39.40734806817564,1.146212639469013e-06
grid-r027-c043,27,43,8.800000190734863,5.600000381469727,0.44999998807907104,-40.63220405747343,8.645290563435992e-07
grid-r027-c044,27,44,9.0,5.600000381469727,0.44999998807907104,-39.78225932140988,1.0514147561480058e-06
grid-r027-c045,27,45,9.199999809265137,5.600000381469727,0.44999998807907104,-39.21897408222263,1.1970232662861235e-06
grid-r027-c046,27,46,9.399999618530273,5.600000381469727,0.44999998807907104,-40.72469213988094,8.463125595881138e-07
grid-r027-c047,27,47,9.600000381469727,5.600000381469727,0.44999998807907104,-39.975776882765814,1.0055931625174708e-06
grid-r027-c048,27,48,9.800000190734863,5.600000381469727,0.44999998807907104,-40.897105558873996,8.13372423635883e-07
grid-r027-c049,27,49,10.0,5.600000381469727,0.44999998807907104,-40.78278353840594,8.350676239388122e-07
grid-r027-c050,27,50,10.200000762939453,5.600000381469727,0.44999998807907104,-40.627312455378075,8.655033525428735e-07
grid-r027-c051,27,51,10.399999618530273,5.600000381469727,0.44999998807907104,-40.633854003622965,8.642006719128403e-07
grid-r027-c052,27,52,10.600000381469727,5.600000381469727,0.44999998807907104,-39.24244047711342,1.1905727888006368e-06
grid-r027-c053,27,53,10.800000190734863,5.600000381469727,0.44999998807907104,-42.8534816245034,5.183842972655839e-07
grid-r027-c054,27,54,11.0,5.600000381469727,0.44999998807907104,-40.587721795434376,8.73429428338568e-07
grid-r027-c055,27,55,11.200000762939453,5.600000381469727,0.44999998807907104,-40.41431937545034,9.090087473850872e-07
grid-r027-c056,27,56,11.399999618530273,5.600000381469727,0.44999998807907104,-43.25194655968332,4.729392344415828e-07
grid-r027-c057,27,57,11.600000381469727,5.600000381469727,0.44999998807907104,-39.886233696800886,1.026541781357082e-06
grid-r028-c000,28,0,0.19999980926513672,5.800000190734863,0.44999998807907104,-38.428149804999094,1.4361011153596337e-06
grid-r028-c001,28,1,0.40000009536743164,5.800000190734863,0.44999998807907104,-39.20074453071578,1.2020583426419762e-06
grid-r028-c002,28,2,0.5999999046325684,5.800000190734863,0.44999998807907104,-38.52741239313752,1.403649775966187e-06
grid-r028-c003,28,3,0.7999997138977051,5.800000190734863,0.44999998807907104,-38.87526893031002,1.2956064665559097e-06
grid-r028-c004,28,4,1.0,5.800000190734863,0.44999998807907104,-38.94097273530897,1.2761529433191754e-06
grid-r028-c005,28,5,1.1999998092651367,5.800000190734863,0.44999998807907104,-38.36101950917916,1.4584718428523047e-06
grid-r028-c006,28,6,1.4000000953674316,5.800000190734863,0.44999998807907104,-38.697770099244686,1.3496556903191959e-06
grid-r028-c007,28,7,1.5999999046325684,5.800000190734863,0.44999998807907104,-38.595260252260424,1.38189159315516e-06
grid-r028-c008,28,8,1.799999713897705,5.800000190734863,0.44999998807907104,-38.6686765210301,1.35872744522203e-06
grid-r028-c009,28,9,2.0,5.800000190734863,0.44999998807907104,-39.27487212721076,1.1817151062132325e-06
grid-r028-c010,28,10,2.200000047683716,5.800000190734863,0.44999998807907104,-38.70616910743932,1.3470480553223751e-06
grid-r028-c011,28,11,2.3999998569488525,5.800000190734863,0.44999998807907104,-38.901437041586064,1.2878233519586502e-06
grid-r028-c012,28,12,2.5999999046325684,5.800000190734863,0.44999998807907104,-38.303872200236746,1.477790192438988e-06
grid-r028-c013,28,13,2.799999952316284,5.800000190734863,0.44999998807907104,-39.08464547214643,1.2346260973572498e-06
grid-r028-c014,28,14,3.0,5.800000190734863,0.44999998807907104,-39.56588833262191,1.1051243973270175e-06
grid-r028-c015,28,15,3.200000047683716,5.800000190734863,0.44999998807907104,-38.77470675623027,1.3259566458145855e-06
grid-r028-c016,28,16,3.3999998569488525,5.800000190734863,0.44999998807907104,-39.064545142332435,1.2403535265548271e-06
grid-r028-c017,28,17,3.5999999046325684,5.800000190734863,0.44999998807907104,-38.90124611869658,1.2878799680038355e-06
grid-r028-c018,28,18,3.799999952316284,5.800000190734863,0.44999998807907104,-39.02550226205349,1.2515545222413493e-06
grid-r028-c019,28,19,4.0,5.800000190734863,0.44999998807907104,-38.74644504750299,1.3346134437597357e-06
grid-r028-c020,28,20,4.199999809265137,5.800000190734863,0.44999998807907104,-38.42937563515935,1.4356958217831561e-06
grid-r028-c021,28,21,4.400000095367432,5.800000190734863,0.44999998807907104,-38.63473598703611,1.3693876326215104e-06
grid-r028-c022,28,22,4.599999904632568,5.800000190734863,0.44999998807907104,-39.581789781481845,1.1010854450432817e-06
grid-r028-c023,28,23,4.800000190734863,5.800000190734863,0.44999998807907104,-39.08026390223311,1.2358723324723542e-06
grid-r028-c024,28,24,5.0,5.800000190734863,0.44999998807907104,-39.89141731550751,1.0253172604279825e-06
grid-r028-c025,28,25,5.199999809265137,5.800000190734863,0.44999998807907104,-39.36005940356112,1.1587615063035628e-06
grid-r028-c026,28,26,5.400000095367432,5.800000190734863,0.44999998807907104,-38.99855307851384,1.259344912796223e-06
grid-r028-c027,28,27,5.599999904632568,5.800000190734863,0.44999998807907104,-39.1360914955129,1.2200871424283832e-06
grid-r028-c028,28,28,5.800000190734863,5.800000190734863,0.44999998807907104,-38.77281147569257,1.3265354255054262e-06
grid-r028-c029,28,29,6.0,5.800000190734863,0.44999998807907104,-39.33407809022622,1.165714479611779e-06
grid-r028-c030,28,30,6.199999809265137,5.800000190734863,0.44999998807907104,-40.11650378867499,9.73530632109032e-07
grid-r028-c031,28,31,6.400000095367432,5.800000190734863,0.44999998807907104,-39.822923685116535,1.041615973917942e-06
grid-r028-c032,28,32,6.599999904632568,5.800000190734863,0.44999998807907104,-40.383852922280845,9.154080089501804e-07
grid-r028-c033,28,33,6.800000190734863,5.800000190734863,0.44999998807907104,-40.10572532018834,9.759497743289103e-07
grid-r028-c034,28,34,7.0,5.800000190734863,0.44999998807907104,-40.41675259148056,9.084996008823509e-07
grid-r028-c035,28,35,7.199999809265137,5.800000190734863,0.44999998807907104,-40.461895441666655,8.991050890472252e-07
grid-r028-c036,28,36,7.400000095367432,5.800000190734863,0.44999998807907104,-38.8553614186678,1.3015589956921758e-06
grid-r028-c037,28,37,7.599999904632568,5.800000190734863,0.44999998807907104,-40.02201460699031,9.949437753675738e-07
grid-r028-c038,28,38,7.800000190734863,5.800000190734863,0.44999998807907104,-40.03236917864365,9.925744279826176e-07
grid-r028-c039,28,39,8.0,5.800000190734863,0.44999998807907104,-40.42829748441714,9.060877346200868e-07
grid-r028-c040,28,40,8.199999809265137,5.800000190734863,0.44999998807907104,-39.5531976461471,1.1083584467996843e-06
grid-r028-c041,28,41,8.399999618530273,5.800000190734863,0.44999998807907104,-40.76828778283598,8.378595452995796e-07
grid-r028-c042,28,42,8.600000381469727,5.800000190734863,0.44999998807907104,-37.76082142963324,1.6746261053413036e-06
grid-r028-c043,28,43,8.800000190734863,5.800000190734863,0.44999998807907104,-40.87619034328766,8.172989964805311e-07
grid-r028-c044,28,44,9.0,5.800000190734863,0.44999998807907104,-41.102994207667855,7.757121238682885e-07
grid-r028-c045,28,45,9.199999809265137,5.800000190734863,0.44999998807907104,-40.17240156252878,9.610806728233001e-07
grid-r028-c046,28,46,9.399999618530273,5.800000190734863,0.44999998807907104,-38.580568723569,1.3865742403140757e-06
grid-r028-c047,28,47,9.600000381469727,5.800000190734863,0.44999998807907104,-39.92069253233632,1.0184289749304298e-06
grid-r028-c048,28,48,9.800000190734863,5.800000190734863,0.44999998807907104,-40.75607383396975,8.402192293033295e-07
grid-r028-c049,28,49,10.0,5.800000190734863,0.44999998807907104,-40.18191546104379,9.58977580012288e-07
grid-r028-c050,28,50,10.200000762939453,5.800000190734863,0.44999998807907104,-41.60385305689274,6.912174512763158e-07
grid-r028-c051,28,51,10.399999618530273,5.800000190734863,0.44999998807907104,-40.49545069009035,8.921850280785293e-07
grid-r028-c052,28,52,10.600000381469727,5.800000190734863,0.44999998807907104,-39.708559825566525,1.0694094498830964e-06
grid-r028-c053,28,53,10.800000190734863,5.800000190734863,0.44999998807907104,-40.662236630081594,8.585712407693791e-07
grid-r028-c054,28,54,11.0,5.800000190734863,0.44999998807907104,-41.45011241652975,7.161248731790693e-07
grid-r028-c055,28,55,11.200000762939453,5.800000190734863,0.44999998807907104,-41.49935561353202,7.080508339640801e-07
grid-r028-c056,28,56,11.399999618530273,5.800000190734863,0.44999998807907104,-40.3409890571299,9.244876082448172e-07
grid-r028-c057,28,57,11.600000381469727,5.800000190734863,0.44999998807907104,-41.99113958718379,6.322459285001969e-07
grid-r029-c000,29,0,0.19999980926513672,6.000000476837158,0.44999998807907104,-37.99366225069764,1.5872077483436442e-06
grid-r029-c001,29,1,0.40000009536743164,6.000000476837158,0.44999998807907104,-38.047102733274954,1.56779663029738e-06
grid-r029-c002,29,2,0.5999999046325684,6.000000476837158,0.44999998807907104,-39.0131558687544,1.2551175814223825e-06
grid-r029-c003,29,3,0.7999997138977051,6.000000476837158,0.44999998807907104,-38.90998656305985,1.285290636587888e-06
grid-r029-c004,29,4,1.0,6.000000476837158,0.44999998807907104,-38.33347626141049,1.467750962547143e-06
grid-r029-c005,29,5,1.1999998092651367,6.000000476837158,0.44999998807907104,-39.48690592309646,1.125406470237067e-06
grid-r029-c006,29,6,1.4000000953674316,6.000000476837158,0.44999998807907104,-38.519220097954104,1.4063000435271533e-06
grid-r029-c007,29,7,1.5999999046325684,6.000000476837158,0.44999998807907104,-38.80382679221104,1.3170956663088873e-06
grid-r029-c008,29,8,1.799999713897705,6.000000476837158,0.44999998807907104,-38.85802028003225,1.3007623920202604e-06
grid-r029-c009,29,9,2.0,6.000000476837158,0.44999998807907104,-36.960826309765565,2.013341145357117e-06
grid-r029-c010,29,10,2.200000047683716,6.000000476837158,0.44999998807907104,-38.58381171468257,1.3855392353434581e-06
grid-r029-c011,29,11,2.3999998569488525,6.000000476837158,0.44999998807907104,-37.20682444791948,1.902468852676975e-06
grid-r029-c012,29,12,2.5999999046325684,6.000000476837158,0.44999998807907104,-39.02695267859961,1.2511366094258847e-06
grid-r029-c013,29,13,2.799999952316284,6.000000476837158,0.44999998807907104,-38.15682495235376,1.5286832422134466e-06
grid-r029-c014,29,14,3.0,6.000000476837158,0.44999998807907104,-37.25874189105542,1.87986131550133e-06
grid-r029-c015,29,15,3.200000047683716,6.000000476837158,0.44999998807907104,-38.76402678375311,1.3292213907334371e-06
grid-r029-c016,29,16,3.3999998569488525,6.000000476837158,0.44999998807907104,-39.34342440146359,1.1632084806478815e-06
grid-r029-c017,29,17,3.5999999046325684,6.000000476837158,0.44999998807907104,-38.87745957586958,1.2949531082995236e-06
grid-r029-c018,29,18,3.799999952316284,6.000000476837158,0.44999998807907104,-39.18005267102985,1.2077991868864046e-06
grid-r029-c019,29,19,4.0,6.000000476837158,0.44999998807907104,-38.40897191238136,1.4424567780224606e-06
grid-r029-c020,29,20,4.199999809265137,6.000000476837158,0.44999998807907104,-39.00627484729497,1.2571077832035371e-06
grid-r029-c021,29,21,4.400000095367432,6.000000476837158,0.44999998807907104,-39.6394014495246,1.0865753665711964e-06
grid-r029-c022,29,22,4.599999904632568,6.000000476837158,0.44999998807907104,-38.79926443437321,1.3184800309318234e-06
grid-r029-c023,29,23,4.800000190734863,6.000000476837158,0.44999998807907104,-38.81894333981656,1.3125192026564036e-06
grid-r029-c024,29,24,5.0,6.000000476837158,0.44999998807907104,-39.163403966496766,1.2124381782996352e-06
grid-r029-c025,29,25,5.199999809265137,6.000000476837158,0.44999998807907104,-39.115570150135525,1.2258659580766107e-06
grid-r029-c026,29,26,5.400000095367432,6.000000476837158,0.44999998807907104,-39.619172569531344,1.0916483006440103e-06
grid-r029-c027,29,27,5.599999904632568,6.000000476837158,0.44999998807907104,-38.43646816890465,1.4333530771182268e-06
grid-r029-c028,29,28,5.800000190734863,6.000000476837158,0.44999998807907104,-39.85187242514585,1.034695969792665e-06
grid-r029-c029,29,29,6.0,6.000000476837158,0.44999998807907104,-39.61118623996995,1.0936576018139021e-06
grid-r029-c030,29,30,6.199999809265137,6.000000476837158,0.44999998807907104,-39.532768159964206,1.1135845170429093e-06
grid-r029-c031,29,31,6.400000095367432,6.000000476837158,0.44999998807907104,-38.17838568918897,1.5211128356895642e-06
grid-r029-c032,29,32,6.599999904632568,6.000000476837158,0.44999998807907104,-40.256591178855665,9.426291853742441e-07
grid-r029-c033,29,33,6.800000190734863,6.000000476837158,0.44999998807907104,-39.73485030677679,1.0629552207319648e-06
grid-r029-c034,29,34,7.0,6.000000476837158,0.44999998807907104,-39.92148622454016,1.0182428695770795e-06
grid-r029-c035,29,35,7.199999809265137,6.000000476837158,0.44999998807907104,-39.82485190894873,1.0411536095489282e-06
grid-r029-c036,29,36,7.400000095367432,6.000000476837158,0.44999998807907104,-39.45347086485043,1.1341040817569592e-06
grid-r029-c037,29,37,7.599999904632568,6.000000476837158,0.44999998807907104,-40.60363624635133,8.70234657668334e-07
grid-r029-c038,29,38,7.800000190734863,6.000000476837158,0.44999998807907104,-40.28705692944801,9.360397825730615e-07
grid-r029-c039,29,39,8.0,6.000000476837158,0.44999998807907104,-39.737284004869444,1.062359729075979e-06
grid-r029-c040,29,40,8.199999809265137,6.000000476837158,0.44999998807907104,-39.67489584951619,1.0777310990306432e-06
grid-r029-c041,29,41,8.399999618530273,6.000000476837158,0.44999998807907104,-40.837089694881996,8.246905736086774e-07
grid-r029-c042,29,42,8.600000381469727,6.000000476837158,0.44999998807907104,-38.31595147505307,1.4736856428498868e-06
grid-r029-c043,29,43,8.800000190734863,6.000000476837158,0.44999998807907104,-40.96949878917308,7.999265676517098e-07
grid-r029-c044,29,44,9.0,6.000000476837158,0.44999998807907104,-39.75659603429777,1.057646159097203e-06
grid-r029-c045,29,45,9.199999809265137,6.000000476837158,0.44999998807907104,-40.63752571895684,8.634703476673167e-07
grid-r029-c046,29,46,9.399999618530273,6.000000476837158,0.44999998807907104,-40.4391957109639,9.038168400365976e-07
grid-r029-c047,29,47,9.600000381469727,6.000000476837158,0.44999998807907104,-40.32278709511779,9.283704116569425e-07
grid-r029-c048,29,48,9.800000190734863,6.000000476837158,0.44999998807907104,-41.42998876939296,7.19450838460034e-07
grid-r029-c049,29,49,10.0,6.000000476837158,0.44999998807907104,-41.53664913568956,7.019967256383097e-07
grid-r029-c050,29,50,10.200000762939453,6.000000476837158,0.44999998807907104,-41.292063397611344,7.426662023135577e-07
grid-r029-c051,29,51,10.399999618530273,6.000000476837158,0.44999998807907104,-41.368919278368416,7.296390549527132e-07
grid-r029-c052,29,52,10.600000381469727,6.000000476837158,0.44999998807907104,-40.28103314811217,9.373389957545442e-07
grid-r029-c053,29,53,10.800000190734863,6.000000476837158,0.44999998807907104,-42.669347516737695,5.408355718827806e-07
grid-r029-c054,29,54,11.0,6.000000476837158,0.44999998807907104,-41.02703680510692,7.893985412010807e-07
grid-r029-c055,29,55,11.200000762939453,6.000000476837158,0.44999998807907104,-41.00697006927505,7.930544256851135e-07
grid-r029-c056,29,56,11.399999618530273,6.000000476837158,0.44999998807907104,-41.19918285349917,7.587203185721592e-07
grid-r029-c057,29,57,11.600000381469727,6.000000476837158,0.44999998807907104,-40.85978333318786,8.203924721783551e-07
grid-r030-c000,30,0,0.19999980926513672,6.200000762939453,0.44999998807907104,-38.458521409944375,1.4260930356613244e-06
grid-r030-c001,30,1,0.40000009536743164,6.200000762939453,0.44999998807907104,-38.61004431117593,1.3771954172625556e-06
grid-r030-c002,30,2,0.5999999046325684,6.200000762939453,0.44999998807907104,-38.10784308820562,1.5460220765817212e-06
grid-r030-c003,30,3,0.7999997138977051,6.200000762939453,0.44999998807907104,-38.96478738622732,1.269174276785634e-06
grid-r030-c004,30,4,1.0,6.200000762939453,0.44999998807907104,-38.25742408455965,1.4936800880605006e-06
grid-r030-c005,30,5,1.1999998092651367,6.200000762939453,0.44999998807907104,-38.90274727506033,1.2874348840341554e-06
grid-r030-c006,30,6,1.4000000953674316,6.200000762939453,0.44999998807907104,-39.30376367147144,1.1738798093574587e-06
grid-r030-c007,30,7,1.5999999046325684,6.200000762939453,0.44999998807907104,-39.21232068518617,1.1988585129074636e-06
grid-r030-c008,30,8,1.799999713897705,6.200000762939453,0.44999998807907104,-38.456846049607094,1.426643279955897e-06
grid-r030-c009,30,9,2.0,6.200000762939453,0.44999998807907104,-39.21424769146837,1.1983266858806019e-06
grid-r030-c010,30,10,2.200000047683716,6.200000762939453,0.44999998807907104,-39.771155006488556,1.0541065194047405e-06
grid-r030-c011,30,11,2.3999998569488525,6.200000762939453,0.44999998807907104,-39.21456001455538,1.1982405112576089e-06
grid-r030-c012,30,12,2.5999999046325684,6.200000762939453,0.44999998807907104,-39.140669539082154,1.218801685354265e-06
grid-r030-c013,30,13,2.799999952316284,6.200000762939453,0.44999998807907104,-39.456088125120715,1.1334208238622523e-06
grid-r030-c014,30,14,3.0,6.200000762939453,0.44999998807907104,-39.21774262271833,1.1973627351835603e-06
grid-r030-c015,30,15,3.200000047683716,6.200000762939453,0.44999998807907104,-39.28746946885895,1.1782923365899478e-06
grid-r030-c016,30,16,3.3999998569488525,6.200000762939453,0.44999998807907104,-38.66870413806972,1.358718805022363e-06
grid-r030-c017,30,17,3.5999999046325684,6.200000762939453,0.44999998807907104,-38.82966435621825,1.3092831068206578e-06
grid-r030-c018,30,18,3.799999952316284,6.200000762939453,0.44999998807907104,-39.514213145229455,1.1183524293301161e-06
grid-r030-c019,30,19,4.0,6.200000762939453,0.44999998807907104,-39.88901218638504,1.0258852398692397e-06
grid-r030-c020,30,20,4.199999809265137,6.200000762939453,0.44999998807907104,-39.19102985869432,1.2047502195855486e-06
grid-r030-c021,30,21,4.400000095367432,6.200000762939453,0.44999998807907104,-39.744560705192946,1.060581212186662e-06
grid-r030-c022,30,22,4.599999904632568,6.200000762939453,0.44999998807907104,-39.141689293637285,1.2185155355837196e-06
grid-r030-c023,30,23,4.800000190734863,6.200000762939453,0.44999998807907104,-39.633389407730306,1.0880805803026306e-06
grid-r030-c024,30,24,5.0,6.200000762939453,0.44999998807907104,-39.298617297163744,1.1752716773116845e-06
grid-r030-c025,30,25,5.199999809265137,6.200000762939453,0.44999998807907104,-38.49604455530855,1.413824634255434e-06
grid-r030-c026,30,26,5.400000095367432,6.200000762939453,0.44999998807907104,-39.27299822345704,1.1822251053672517e-06
grid-r030-c027,30,27,5.599999904632568,6.200000762939453,0.44999998807907104,-40.561899944150774,8.786380476522027e-07
grid-r030-c028,30,28,5.800000190734863,6.200000762939453,0.44999998807907104,-39.1165062764253,1.2256017498657457e-06
grid-r030-c029,30,29,6.0,6.200000762939453,0.44999998807907104,-38.98844310579537,1.262279965885682e-06
grid-r030-c030,30,30,6.199999809265137,6.200000762939453,0.44999998807907104,-40.64321632067147,8.623396752227563e-07
grid-r030-c031,30,31,6.400000095367432,6.200000762939453,0.44999998807907104,-39.69098840991005,1.073745011126448e-06
grid-r030-c032,30,32,6.599999904632568,6.200000762939453,0.44999998807907104,-40.22090835022158,9.504059903520101e-07
grid-r030-c033,30,33,6.800000190734863,6.200000762939453,0.44999998807907104,-40.46741562110994,8.979629910754738e-07
grid-r030-c034,30,34,7.0,6.200000762939453,0.44999998807907104,-39.560347015418806,1.1065353646699805e-06
grid-r030-c035,30,35,7.199999809265137,6.200000762939453,0.44999998807907104,-40.36030981584947,9.203839113069989e-07
grid-r030-c036,30,36,7.400000095367432,6.200000762939453,0.44999998807907104,-40.346548482998834,9.233049240719993e-07
grid-r030-c037,30,37,7.599999904632568,6.200000762939453,0.44999998807907104,-39.72493077533532,1.065385845322453e-06
grid-r030-c038,30,38,7.800000190734863,6.200000762939453,0.44999998807907104,-41.47189927508602,7.125413503672462e-07
grid-r030-c039,30,39,8.0,6.200000762939453,0.44999998807907104,-40.058335360279074,9.866575965133961e-07
grid-r030-c040,30,40,8.199999809265137,6.200000762939453,0.44999998807907104,-40.47076956316487,8.972697855824663e-07
grid-r030-c041,30,41,8.399999618530273,6.200000762939453,0.44999998807907104,-39.30005218739201,1.1748834367608652e-06
grid-r030-c042,30,42,8.600000381469727,6.200000762939453,0.44999998807907104,-41.35011808351444,7.328046081056527e-07
grid-r030-c043,30,43,8.800000190734863,6.200000762939453,0.44999998807907104,-40.596127784091955,8.717404966773756e-07
grid-r030-c044,30,44,9.0,6.200000762939453,0.44999998807907104,-39.95193225569179,1.011129484140838e-06
grid-r030-c045,30,45,9.199999809265137,6.200000762939453,0.44999998807907104,-41.32599279269221,7.368867045443039e-07
grid-r030-c046,30,46,9.399999618530273,6.200000762939453,0.44999998807907104,-41.77017074877911,6.652470005974465e-07
grid-r030-c047,30,47,9.600000381469727,6.200000762939453,0.44999998807907104,-41.382103157174285,7.274274480550957e-07
grid-r030-c048,30,48,9.800000190734863,6.200000762939453,0.44999998807907104,-40.95991181916616,8.01694341134862e-07
grid-r030-c049,30,49,10.0,6.200000762939453,0.44999998807907104,-41.12026729989993,7.726330295554362e-07
grid-r030-c050,30,50,10.200000762939453,6.200000762939453,0.44999998807907104,-40.79291996298697,8.331208505296672e-07
grid-r030-c051,30,51,10.399999618530273,6.200000762939453,0.44999998807907104,-39.77734829141986,1.0526043752179248e-06
grid-r030-c052,30,52,10.600000381469727,6.200000762939453,0.44999998807907104,-40.858286241667955,8.206753250306065e-07
grid-r030-c053,30,53,10.800000190734863,6.200000762939453,0.44999998807907104,-40.75652074744027,8.401327704632422e-07
grid-r030-c054,30,54,11.0,6.200000762939453,0.44999998807907104,-40.590041209565925,8.729630849302339e-07
grid-r030-c055,30,55,11.200000762939453,6.200000762939453,0.44999998807907104,-40.8158474521311,8.287341870527598e-07
grid-r030-c056,30,56,11.399999618530273,6.200000762939453,0.44999998807907104,-41.56805039058896,6.969393098188448e-07
grid-r030-c057,30,57,11.600000381469727,6.200000762939453,0.44999998807907104,-35.57901727636189,2.7675678211380728e-06
grid-r031-c000,31,0,0.19999980926513672,6.40000057220459,0.44999998807907104,-38.00995686198217,1.5812637457202072e-06
grid-r031-c001,31,1,0.40000009536743164,6.40000057220459,0.44999998807907104,-39.39050469287882,1.1506666623972706e-06
grid-r031-c002,31,2,0.5999999046325684,6.40000057220459,0.44999998807907104,-39.68829696398343,1.074410647561308e-06
grid-r031-c003,31,3,0.7999997138977051,6.40000057220459,0.44999998807907104,-39.05284361373216,1.2437000123100006e-06
grid-r031-c004,31,4,1.0,6.40000057220459,0.44999998807907104,-38.725296834320744,1.3411282679953729e-06
grid-r031-c005,31,5,1.1999998092651367,6.40000057220459,0.44999998807907104,-38.75267867938388,1.332699184786179e-06
grid-r031-c006,31,6,1.4000000953674316,6.40000057220459,0.44999998807907104,-39.43897301908437,1.1378963336028391e-06
grid-r031-c007,31,7,1.5999999046325684,6.40000057220459,0.44999998807907104,-39.042447403135306,1.2466807675082237e-06
grid-r031-c008,31,8,1.799999713897705,6.40000057220459,0.44999998807907104,-39.156486239331166,1.2143709682277404e-06
grid-r031-c009,31,9,2.0,6.40000057220459,0.44999998807907104,-38.679790564239866,1.3552547670769854e-06
grid-r031-c010,31,10,2.200000047683716,6.40000057220459,0.44999998807907104,-38.98198305296276,1.264158981939545e-06
grid-r031-c011,31,11,2.3999998569488525,6.40000057220459,0.44999998807907104,-39.61071901062665,1.093775267690944e-06
grid-r031-c012,31,12,2.5999999046325684,6.40000057220459,0.44999998807907104,-39.04988427262537,1.2445477750588907e-06
grid-r031-c013,31,13,2.799999952316284,6.40000057220459,0.44999998807907104,-39.14725983043867,1.2169535921202623e-06
grid-r031-c014,31,14,3.0,6.40000057220459,0.44999998807907104,-39.34454809287778,1.1629075515884324e-06
grid-r031-c015,31,15,3.200000047683716,6.40000057220459,0.44999998807907104,-38.71254740670062,1.345071154901234e-06
grid-r031-c016,31,16,3.3999998569488525,6.40000057220459,0.44999998807907104,-39.70276901661241,1.0708363333833404e-06
grid-r031-c017,31,17,3.5999999046325684,6.40000057220459,0.44999998807907104,-39.57684396664006,1.1023400929843774e-06
grid-r031-c018,31,18,3.799999952316284,6.40000057220459,0.44999998807907104,-39.08671948528006,1.2340366311036632e-06
grid-r031-c019,31,19,4.0,6.40000057220459,0.44999998807907104,-39.539017592717755,1.1119832379336003e-06
grid-r031-c020,31,20,4.199999809265137,6.40000057220459,0.44999998807907104,-38.790586825153845,1.321117110819614e-06
grid-r031-c021,31,21,4.400000095367432,6.40000057220459,0.44999998807907104,-38.41303094843977,1.4411092479349463e-06
grid-r031-c022,31,22,4.599999904632568,6.40000057220459,0.44999998807907104,-39.647984380476856,1.0844300959433895e-06
grid-r031-c023,31,23,4.800000190734863,6.40000057220459,0.44999998807907104,-38.46587467287604,1.423680487278034e-06
grid-r031-c024,31,24,5.0,6.40000057220459,0.44999998807907104,-40.35620017556696,9.212552640747163e-07
grid-r031-c025,31,25,5.199999809265137,6.40000057220459,0.44999998807907104,-39.02523913990802,1.2516303513621096e-06
grid-r031-c026,31,26,5.400000095367432,6.40000057220459,0.44999998807907104,-39.27200353668617,1.1824959074147046e-06
grid-r031-c027,31,27,5.599999904632568,6.40000057220459,0.44999998807907104,-39.57015394627763,1.1040394838346401e-06
grid-r031-c028,31,28,5.800000190734863,6.40000057220459,0.44999998807907104,-39.810521418946365,1.0445947964399238e-06
grid-r031-c029,31,29,6.0,6.40000057220459,0.44999998807907104,-40.58712235314576,8.735499932299717e-07
grid-r031-c030,31,30,6.199999809265137,6.40000057220459,0.44999998807907104,-40.77253681709266,8.370402042601199e-07
grid-r031-c031,31,31,6.400000095367432,6.40000057220459,0.44999998807907104,-40.14477288887772,9.672143050920567e-07
grid-r031-c032,31,32,6.599999904632568,6.40000057220459,0.44999998807907104,-40.66346917273516,8.583276098761417e-07
grid-r031-c033,31,33,6.800000190734863,6.40000057220459,0.44999998807907104,-40.28425747802457,9.366433459945256e-07
grid-r031-c034,31,34,7.0,6.40000057220459,0.44999998807907104,-39.97925742853966,1.0047875775853754e-06
grid-r031-c035,31,35,7.199999809265137,6.40000057220459,0.44999998807907104,-37.59602839242318,1.739390768307203e-06
grid-r031-c036,31,36,7.400000095367432,6.40000057220459,0.44999998807907104,-39.70468243746123,1.0703646466936334e-06
grid-r031-c037,31,37,7.599999904632568,6.40000057220459,0.44999998807907104,-41.11740538880487,7.731423465884291e-07
grid-r031-c038,31,38,7.800000190734863,6.40000057220459,0.44999998807907104,-40.51345827039292,8.884933322406141e-07
grid-r031-c039,31,39,8.0,6.40000057220459,0.44999998807907104,-39.95737485082026,1.009863126455457e-06
grid-r031-c040,31,40,8.199999809265137,6.40000057220459,0.44999998807907104,-37.218182026731476,1.8975000557475141e-06
grid-r031-c041,31,41,8.399999618530273,6.40000057220459,0.44999998807907104,-39.67831664209883,1.076882540473889e-06
grid-r031-c042,31,42,8.600000381469727,6.40000057220459,0.44999998807907104,-41.08338521742204,7.792224892000377e-07
grid-r031-c043,31,43,8.800000190734863,6.40000057220459,0.44999998807907104,-40.856527758187,8.210076885006856e-07
grid-r031-c044,31,44,9.0,6.40000057220459,0.44999998807907104,-41.072353554241786,7.812043349986197e-07
grid-r031-c045,31,45,9.199999809265137,6.40000057220459,0.44999998807907104,-41.47494816298817,7.120412988115277e-07
grid-r031-c046,31,46,9.399999618530273,6.40000057220459,0.44999998807907104,-41.16810106731307,7.64169840294926e-07
grid-r031-c047,31,47,9.600000381469727,6.40000057220459,0.44999998807907104,-40.11268655297307,9.743866939970758e-07
grid-r031-c048,31,48,9.800000190734863,6.40000057220459,0.44999998807907104,-41.23784519937429,7.519959126511822e-07
grid-r031-c049,31,49,10.0,6.40000057220459,0.44999998807907104,-40.691275160632124,8.528496664439444e-07
grid-r031-c050,31,50,10.200000762939453,6.40000057220459,0.44999998807907104,-40.36536473052635,9.193132655127556e-07
grid-r031-c051,31,51,10.399999618530273,6.40000057220459,0.44999998807907104,-41.12168234276049,7.723813268967206e-07
grid-r031-c052,31,52,10.600000381469727,6.40000057220459,0.44999998807907104,-40.777444561213244,8.360948413610458e-07
grid-r031-c053,31,53,10.800000190734863,6.40000057220459,0.44999998807907104,-39.61927523933828,1.0916224937318475e-06
grid-r031-c054,31,54,11.0,6.40000057220459,0.44999998807907104,-43.59860205484712,4.3665636439982336e-07
grid-r031-c055,31,55,11.200000762939453,6.40000057220459,0.44999998807907104,-41.19000399961921,7.603255767207884e-07
grid-r031-c056,31,56,11.399999618530273,6.40000057220459,0.44999998807907104,-40.59593720168148,8.71778752298269e-07
grid-r031-c057,31,57,11.600000381469727,6.40000057220459,0.44999998807907104,-42.93156992567774,5.091467869533517e-07
grid-r032-c000,32,0,0.19999980926513672,6.600000381469727,0.44999998807907104,-38.728299763058274,1.3402012655205908e-06
grid-r032-c001,32,1,0.40000009536743164,6.600000381469727,0.44999998807907104,-39.08588576095269,1.234273554473475e-06
grid-r032-c002,32,2,0.5999999046325684,6.600000381469727,0.44999998807907104,-39.92599852863661,1.0171854682994308e-06
grid-r032-c003,32,3,0.7999997138977051,6.600000381469727,0.44999998807907104,-39.15380568948735,1.2151207329225144e-06
grid-r032-c004,32,4,1.0,6.600000381469727,0.44999998807907104,-39.34512045095603,1.1627543017311837e-06
grid-r032-c005,32,5,1.1999998092651367,6.600000381469727,0.44999998807907104,-39.141279661425024,1.2186304729766562e-06
grid-r032-c006,32,6,1.4000000953674316,6.600000381469727,0.44999998807907104,-39.26577459757965,1.1841931382150506e-06
grid-r032-c007,32,7,1.5999999046325684,6.600000381469727,0.44999998807907104,-39.506518703564964,1.120335582527332e-06
grid-r032-c008,32,8,1.799999713897705,6.600000381469727,0.44999998807907104,-38.93424754053002,1.2781306395481806e-06
grid-r032-c009,32,9,2.0,6.600000381469727,0.44999998807907104,-38.25253800253704,1.4953615163904033e-06
grid-r032-c010,32,10,2.200000047683716,6.600000381469727,0.44999998807907104,-39.57016154882603,1.1040375511583989e-06
grid-r032-c011,32,11,2.3999998569488525,6.600000381469727,0.44999998807907104,-39.44931827668319,1.1351889952493366e-06
grid-r032-c012,32,12,2.5999999046325684,6.600000381469727,0.44999998807907104,-39.2401730512683,1.1911945421161363e-06
grid-r032-c013,32,13,2.799999952316284,6.600000381469727,0.44999998807907104,-39.58175301217103,1.1010947673639748e-06
grid-r032-c014,32,14,3.0,6.600000381469727,0.44999998807907104,-39.13434244872369,1.2205786106278538e-06
grid-r032-c015,32,15,3.200000047683716,6.600000381469727,0.44999998807907104,-36.65584902024766,2.1598077637463575e-06
grid-r032-c016,32,16,3.3999998569488525,6.600000381469727,0.44999998807907104,-39.14534933563991,1.2174890571259311e-06
grid-r032-c017,32,17,3.5999999046325684,6.600000381469727,0.44999998807907104,-38.57502484480968,1.3883453675589408e-06
grid-r032-c018,32,18,3.799999952316284,6.600000381469727,0.44999998807907104,-38.82790288443405,1.3098142517264932e-06
grid-r032-c019,32,19,4.0,6.600000381469727,0.44999998807907104,-39.86081777110115,1.0325669563826523e-06
grid-r032-c020,32,20,4.199999809265137,6.600000381469727,0.44999998807907104,-39.5993368647131,1.0966456329697394e-06
grid-r032-c021,32,21,4.400000095367432,6.600000381469727,0.44999998807907104,-39.94090918637766,1.0136991477338597e-06
grid-r032-c022,32,22,4.599999904632568,6.600000381469727,0.44999998807907104,-38.81355235131213,1.3141494719093316e-06
grid-r032-c023,32,23,4.800000190734863,6.600000381469727,0.44999998807907104,-37.522063468792624,1.7692681240077945e-06
grid-r032-c024,32,24,5.0,6.600000381469727,0.44999998807907104,-38.874298797299375,1.295895913244749e-06
grid-r032-c025,32,25,5.199999809265137,6.600000381469727,0.44999998807907104,-39.194135796372834,1.2038889281029697e-06
grid-r032-c026,32,26,5.400000095367432,6.600000381469727,0.44999998807907104,-39.538869738711114,1.1120210956505616e-06
grid-r032-c027,32,27,5.599999904632568,6.600000381469727,0.44999998807907104,-39.47771793388984,1.1277899147899006e-06
grid-r032-c028,32,28,5.800000190734863,6.600000381469727,0.44999998807907104,-39.97936700835964,1.0047622254205635e-06
grid-r032-c029,32,29,6.0,6.600000381469727,0.44999998807907104,-39.9422648951505,1.0133827572644805e-06
grid-r032-c030,32,30,6.199999809265137,6.600000381469727,0.44999998807907104,-40.15421052979051,9.65114736573014e-07
grid-r032-c031,32,31,6.400000095367432,6.600000381469727,0.44999998807907104,-40.23150295263299,9.480903031544585e-07
grid-r032-c032,32,32,6.599999904632568,6.600000381469727,0.44999998807907104,-40.44167488377771,9.033010428538546e-07
grid-r032-c033,32,33,6.800000190734863,6.600000381469727,0.44999998807907104,-40.68414374688572,8.542512546227954e-07
grid-r032-c034,32,34,7.0,6.600000381469727,0.44999998807907104,-40.43432782146209,9.048304718817235e-07
grid-r032-c035,32,35,7.199999809265137,6.600000381469727,0.44999998807907104,-40.016094473593064,9.963009688362945e-07
grid-r032-c036,32,36,7.400000095367432,6.600000381469727,0.44999998807907104,-40.446264294348666,9.023469829116948e-07
grid-r032-c037,32,37,7.599999904632568,6.600000381469727,0.44999998807907104,-40.69756915619662,8.516145726389368e-07
grid-r032-c038,32,38,7.800000190734863,6.600000381469727,0.44999998807907104,-40.12127218672341,9.72462316894962e-07
grid-r032-c039,32,39,8.0,6.600000381469727,0.44999998807907104,-39.27697423410534,1.1811432614194928e-06
grid-r032-c040,32,40,8.199999809265137,6.600000381469727,0.44999998807907104,-39.967054381995375,1.0076148555526743e-06
grid-r032-c041,32,41,8.399999618530273,6.600000381469727,0.44999998807907104,-40.503087964548435,8.906174571166048e-07
grid-r032-c042,32,42,8.600000381469727,6.600000381469727,0.44999998807907104,-40.50447883583412,8.903322736841801e-07
grid-r032-c043,32,43,8.800000190734863,6.600000381469727,0.44999998807907104,-40.14602883118254,9.669346354712616e-07
grid-r032-c044,32,44,9.0,6.600000381469727,0.44999998807907104,-40.6127055852989,8.684192494001763e-07
grid-r032-c045,32,45,9.199999809265137,6.600000381469727,0.44999998807907104,-40.549917255107715,8.810656595414912e-07
grid-r032-c046,32,46,9.399999618530273,6.600000381469727,0.44999998807907104,-37.94061416081143,1.6067140222730814e-06
grid-r032-c047,32,47,9.600000381469727,6.600000381469727,0.44999998807907104,-41.246258056050124,7.505406074415077e-07
grid-r032-c048,32,48,9.800000190734863,6.600000381469727,0.44999998807907104,-41.81680224864899,6.581422553608718e-07
grid-r032-c049,32,49,10.0,6.600000381469727,0.44999998807907104,-41.033950489285516,7.881428700784454e-07
grid-r032-c050,32,50,10.200000762939453,6.600000381469727,0.44999998807907104,-40.775774579808896,8.364164045815414e-07
grid-r032-c051,32,51,10.399999618530273,6.600000381469727,0.44999998807907104,-43.776366124864914,4.191441291823139e-07
grid-r032-c052,32,52,10.600000381469727,6.600000381469727,0.44999998807907104,-40.76643400229198,8.382172609344707e-07
grid-r032-c053,32,53,10.800000190734863,6.600000381469727,0.44999998807907104,-40.18077777761548,9.592288279236527e-07
grid-r032-c054,32,54,11.0,6.600000381469727,0.44999998807907104,-41.34411060184915,7.338189789152239e-07
grid-r032-c055,32,55,11.200000762939453,6.600000381469727,0.44999998807907104,-39.862528976605574,1.0321601848772843e-06
grid-r032-c056,32,56,11.399999618530273,6.600000381469727,0.44999998807907104,-42.59819506854703,5.497693109646207e-07
grid-r032-c057,32,57,11.600000381469727,6.600000381469727,0.44999998807907104,-40.11235922787649,9.74460135694244e-07
grid-r033-c000,33,0,0.19999980926513672,6.800000190734863,0.44999998807907104,-38.451515505409795,1.4283954214988626e-06
grid-r033-c001,33,1,0.40000009536743164,6.800000190734863,0.44999998807907104,-39.632045556174624,1.088417320715962e-06
grid-r033-c002,33,2,0.5999999046325684,6.800000190734863,0.44999998807907104,-38.39264401569928,1.4478900993708521e-06
grid-r033-c003,33,3,0.7999997138977051,6.800000190734863,0.44999998807907104,-40.234371772650704,9.474642297391256e-07
grid-r033-c004,33,4,1.0,6.800000190734863,0.44999998807907104,-39.028603333647034,1.2506611710705329e-06
grid-r033-c005,33,5,1.1999998092651367,6.800000190734863,0.44999998807907104,-38.45465209744561,1.4273641681938898e-06
grid-r033-c006,33,6,1.4000000953674316,6.800000190734863,0.44999998807907104,-40.019204289739875,9.955878113032668e-07
grid-r033-c007,33,7,1.5999999046325684,6.800000190734863,0.44999998807907104,-39.21309830521259,1.1986438721578452e-06
grid-r033-c008,33,8,1.799999713897705,6.800000190734863,0.44999998807907104,-39.50299054380925,1.1212461004106444e-06
grid-r033-c009,33,9,2.0,6.800000190734863,0.44999998807907104,-39.16374238401709,1.2123437045374885e-06
grid-r033-c010,33,10,2.200000047683716,6.800000190734863,0.44999998807907104,-38.58182196082578,1.3861741763321334e-06
grid-r033-c011,33,11,2.3999998569488525,6.800000190734863,0.44999998807907104,-39.487872086786496,1.125156131820404e-06
grid-r033-c012,33,12,2.5999999046325684,6.800000190734863,0.44999998807907104,-39.57289798893843,1.1033421287720557e-06
grid-r033-c013,33,13,2.799999952316284,6.800000190734863,0.44999998807907104,-38.70600197225126,1.3470998965203762e-06
grid-r033-c014,33,14,3.0,6.800000190734863,0.44999998807907104,-39.623618087453366,1.0905314411502331e-06
grid-r033-c015,33,15,3.200000047683716,6.800000190734863,0.44999998807907104,-38.99920080586267,1.259157102140307e-06
grid-r033-c016,33,16,3.3999998569488525,6.800000190734863,0.44999998807907104,-38.81322925497898,1.3142472425897722e-06
grid-r033-c017,33,17,3.5999999046325684,6.800000190734863,0.44999998807907104,-39.375135006660855,1.1547460871952353e-06
grid-r033-c018,33,18,3.799999952316284,6.800000190734863,0.44999998807907104,-39.54476293098922,1.110513153435022e-06
grid-r033-c019,33,19,4.0,6.800000190734863,0.44999998807907104,-39.40650042705707,1.1464363751656492e-06
grid-r033-c020,33,20,4.199999809265137,6.800000190734863,0.44999998807907104,-39.85527939094699,1.0338845868318458e-06
grid-r033-c021,33,21,4.400000095367432,6.800000190734863,0.44999998807907104,-39.96466528802968,1.0081693062602426e-06
grid-r033-c022,33,22,4.599999904632568,6.800000190734863,0.44999998807907104,-40.23234980494237,9.479054483563232e-07
grid-r033-c023,33,23,4.800000190734863,6.800000190734863,0.44999998807907104,-40.056248641696556,9.87131784313533e-07
grid-r033-c024,33,24,5.0,6.800000190734863,0.44999998807907104,-39.92165642422306,1.0182029654970393e-06
grid-r033-c025,33,25,5.199999809265137,6.800000190734863,0.44999998807907104,-39.52422076700284,1.1157783319504233e-06
grid-r033-c026,33,26,5.400000095367432,6.800000190734863,0.44999998807907104,-39.95690747471403,1.0099718110723188e-06
grid-r033-c027,33,27,5.599999904632568,6.800000190734863,0.44999998807907104,-39.33544805947562,1.1653468163785874e-06
grid-r033-c028,33,28,5.800000190734863,6.800000190734863,0.44999998807907104,-39.877815269227,1.0285335747539648e-06
grid-r033-c029,33,29,6.0,6.800000190734863,0.44999998807907104,-38.71515769370059,1.344262955171871e-06
grid-r033-c030,33,30,6.199999809265137,6.800000190734863,0.44999998807907104,-40.2855349092555,9.363678827867261e-07
grid-r033-c031,33,31,6.400000095367432,6.800000190734863,0.44999998807907104,-41.02353940146149,7.900345053712954e-07
grid-r033-c032,33,32,6.599999904632568,6.800000190734863,0.44999998807907104,-38.82653853650018,1.3102257980790455e-06
grid-r033-c033,33,33,6.800000190734863,6.800000190734863,0.44999998807907104,-40.631890818441306,8.645914135740895e-07
grid-r033-c034,33,34,7.0,6.800000190734863,0.44999998807907104,-40.780293897413536,8.355464728992956e-07
grid-r033-c035,33,35,7.199999809265137,6.800000190734863,0.44999998807907104,-40.05699796396786,9.86961481430626e-07
grid-r033-c036,33,36,7.400000095367432,6.800000190734863,0.44999998807907104,-41.95446302907784,6.376079113579181e-07
grid-r033-c037,33,37,7.599999904632568,6.800000190734863,0.44999998807907104,-40.6949511504406,8.521280960849253e-07
grid-r033-c038,33,38,7.800000190734863,6.800000190734863,0.44999998807907104,-40.20302378359648,9.543279020363116e-07
grid-r033-c039,33,39,8.0,6.800000190734863,0.44999998807907104,-39.929291232853046,1.0164145578528405e-06
grid-r033-c040,33,40,8.199999809265137,6.800000190734863,0.44999998807907104,-40.51827608140678,8.875082357917563e-07
grid-r033-c041,33,41,8.399999618530273,6.800000190734863,0.44999998807907104,-40.27903541250542,9.377702667734411e-07
grid-r033-c042,33,42,8.600000381469727,6.800000190734863,0.44999998807907104,-38.95997591549654,1.270581151402439e-06
grid-r033-c043,33,43,8.800000190734863,6.800000190734863,0.44999998807907104,-41.801360692073274,6.604864779546915e-07
grid-r033-c044,33,44,9.0,6.800000190734863,0.44999998807907104,-41.09257014513961,7.775762469464098e-07
grid-r033-c045,33,45,9.199999809265137,6.800000190734863,0.44999998807907104,-40.71698065654029,8.478166364511708e-07
grid-r033-c046,33,46,9.399999618530273,6.800000190734863,0.44999998807907104,-41.15570157309783,7.663547307856788e-07
grid-r033-c047,33,47,9.600000381469727,6.800000190734863,0.44999998807907104,-41.753108842167876,6.678656632175262e-07
grid-r033-c048,33,48,9.800000190734863,6.800000190734863,0.44999998807907104,-41.97146240075766,6.351170327434374e-07
grid-r033-c049,33,49,10.0,6.800000190734863,0.44999998807907104,-40.81309318343558,8.292599318338034e-07
grid-r033-c050,33,50,10.200000762939453,6.800000190734863,0.44999998807907104,-41.707616458530204,6.748983309989853e-07
grid-r033-c051,33,51,10.399999618530273,6.800000190734863,0.44999998807907104,-40.06371912968439,9.854352356342133e-07
grid-r033-c052,33,52,10.600000381469727,6.800000190734863,0.44999998807907104,-40.6931008936428,8.524912118446082e-07
grid-r033-c053,33,53,10.800000190734863,6.800000190734863,0.44999998807907104,-43.883372417360995,4.089429808118439e-07
grid-r033-c054,33,54,11.0,6.800000190734863,0.44999998807907104,-41.305505464853766,7.403710924336337e-07
grid-r033-c055,33,55,11.200000762939453,6.800000190734863,0.44999998807907104,-42.654706281719584,5.426619509307784e-07
grid-r033-c056,33,56,11.399999618530273,6.800000190734863,0.44999998807907104,-40.19742536751913,9.555589031151612e-07
grid-r033-c057,33,57,11.600000381469727,6.800000190734863,0.44999998807907104,-43.047399776893116,4.957469172950368e-07
grid-r034-c000,34,0,0.19999980926513672,7.000000476837158,0.44999998807907104,-39.149931064314,1.2162053053543787e-06
grid-r034-c001,34,1,0.40000009536743164,7.000000476837158,0.44999998807907104,-38.797146180704196,1.3191232710596523e-06
grid-r034-c002,34,2,0.5999999046325684,7.000000476837158,0.44999998807907104,-37.543837643788535,1.7604197637410834e-06
grid-r034-c003,34,3,0.7999997138977051,7.000000476837158,0.44999998807907104,-38.86845743349896,1.297640096709074e-06
grid-r034-c004,34,4,1.0,7.000000476837158,0.44999998807907104,-39.339007169389134,1.164392188002239e-06
grid-r034-c005,34,5,1.1999998092651367,7.000000476837158,0.44999998807907104,-38.704852359077805,1.347456532130309e-06
grid-r034-c006,34,6,1.4000000953674316,7.000000476837158,0.44999998807907104,-39.1718327480079,1.2100873618692276e-06
grid-r034-c007,34,7,1.5999999046325684,7.000000476837158,0.44999998807907104,-39.15365006925492,1.2151642749813618e-06
grid-r034-c008,34,8,1.799999713897705,7.000000476837158,0.44999998807907104,-38.32071928817035,1.4720686749569722e-06
grid-r034-c009,34,9,2.0,7.000000476837158,0.44999998807907104,-39.61152077997306,1.0935733598671504e-06
grid-r034-c010,34,10,2.200000047683716,7.000000476837158,0.44999998807907104,-39.768653105771776,1.0547139481786871e-06
grid-r034-c011,34,11,2.3999998569488525,7.000000476837158,0.44999998807907104,-39.59091325306901,1.0987747600665898e-06
grid-r034-c012,34,12,2.5999999046325684,7.000000476837158,0.44999998807907104,-39.888091118594076,1.026102836476639e-06
grid-r034-c013,34,13,2.799999952316284,7.000000476837158,0.44999998807907104,-39.70873111593925,1.0693672720663017e-06
grid-r034-c014,34,14,3.0,7.000000476837158,0.44999998807907104,-39.73925035829715,1.0618788337524165e-06
grid-r034-c015,34,15,3.200000047683716,7.000000476837158,0.44999998807907104,-38.101639506446396,1.5482320350201917e-06
grid-r034-c016,34,16,3.3999998569488525,7.000000476837158,0.44999998807907104,-39.52121411265817,1.1165510613864171e-06
grid-r034-c017,34,17,3.5999999046325684,7.000000476837158,0.44999998807907104,-39.17476043726842,1.2092718861822505e-06
grid-r034-c018,34,18,3.799999952316284,7.000000476837158,0.44999998807907104,-39.44047544816982,1.137502749770647e-06
grid-r034-c019,34,19,4.0,7.000000476837158,0.44999998807907104,-39.279174386522264,1.1805450412794016e-06
grid-r034-c020,34,20,4.199999809265137,7.000000476837158,0.44999998807907104,-38.96406114442746,1.2693865301116602e-06
grid-r034-c021,34,21,4.400000095367432,7.000000476837158,0.44999998807907104,-39.5247526886171,1.115641680371482e-06
grid-r034-c022,34,22,4.599999904632568,7.000000476837158,0.44999998807907104,-39.26887647637339,1.183347649202915e-06
grid-r034-c023,34,23,4.800000190734863,7.000000476837158,0.44999998807907104,-39.195372065822944,1.2035462759740767e-06
grid-r034-c024,34,24,5.0,7.000000476837158,0.44999998807907104,-40.23251752837268,9.478688411945768e-07
grid-r034-c025,34,25,5.199999809265137,7.000000476837158,0.44999998807907104,-39.20057284401771,1.2021058637401438e-06
grid-r034-c026,34,26,5.400000095367432,7.000000476837158,0.44999998807907104,-39.69402754211927,1.0729938821896212e-06
grid-r034-c027,34,27,5.599999904632568,7.000000476837158,0.44999998807907104,-37.90502226804428,1.6199356878132676e-06
grid-r034-c028,34,28,5.800000190734863,7.000000476837158,0.44999998807907104,-40.03014872428146,9.930820397130447e-07
grid-r034-c029,34,29,6.0,7.000000476837158,0.44999998807907104,-40.188968022697715,9.574215482643922e-07
grid-r034-c030,34,30,6.199999809265137,7.000000476837158,0.44999998807907104,-40.41050617752374,9.09807226889825e-07
grid-r034-c031,34,31,6.400000095367432,7.000000476837158,0.44999998807907104,-42.1271406127904,6.127536948952184e-07
grid-r034-c032,34,32,6.599999904632568,7.000000476837158,0.44999998807907104,-38.679873628185035,1.355228846477985e-06
grid-r034-c033,34,33,6.800000190734863,7.000000476837158,0.44999998807907104,-41.5678346777234,6.96973927460931e-07
grid-r034-c034,34,34,7.0,7.000000476837158,0.44999998807907104,-40.675192923365245,8.560136848245747e-07
grid-r034-c035,34,35,7.199999809265137,7.000000476837158,0.44999998807907104,-40.5879891829877,8.733756544643256e-07
grid-r034-c036,34,36,7.400000095367432,7.000000476837158,0.44999998807907104,-39.678420261190766,1.076856847248564e-06
grid-r034-c037,34,37,7.599999904632568,7.000000476837158,0.44999998807907104,-40.5270145887889,8.857242619342287e-07
grid-r034-c038,34,38,7.800000190734863,7.000000476837158,0.44999998807907104,-40.90954547430865,8.110459361887479e-07
grid-r034-c039,34,39,8.0,7.000000476837158,0.44999998807907104,-40.17462966585995,9.605877266949392e-07
grid-r034-c040,34,40,8.199999809265137,7.000000476837158,0.44999998807907104,-41.48419350790819,7.105271038199135e-07
grid-r034-c041,34,41,8.399999618530273,7.000000476837158,0.44999998807907104,-40.34851920987556,9.22886044918414e-07
grid-r034-c042,34,42,8.600000381469727,7.000000476837158,0.44999998807907104,-40.680328189188955,8.550020993425278e-07
grid-r034-c043,34,43,8.800000190734863,7.000000476837158,0.44999998807907104,-39.89965037227273,1.0233753755528596e-06
grid-r034-c044,34,44,9.0,7.000000476837158,0.44999998807907104,-40.067209225089485,9.846436341831577e-07
grid-r034-c045,34,45,9.199999809265137,7.000000476837158,0.44999998807907104,-42.31849861152235,5.863408318873553e-07
grid-r034-c046,34,46,9.399999618530273,7.000000476837158,0.44999998807907104,-40.5556383460302,8.799057695796364e-07
grid-r034-c047,34,47,9.600000381469727,7.000000476837158,0.44999998807907104,-40.215508651383914,9.515883903077338e-07
grid-r034-c048,34,48,9.800000190734863,7.000000476837158,0.44999998807907104,-41.132777377974925,7.704106224082352e-07
grid-r034-c049,34,49,10.0,7.000000476837158,0.44999998807907104,-41.46501328010629,7.136720228118065e-07
grid-r034-c050,34,50,10.200000762939453,7.000000476837158,0.44999998807907104,-41.69058528484561,6.775501901756797e-07
grid-r034-c051,34,51,10.399999618530273,7.000000476837158,0.44999998807907104,-40.58460763221642,8.740559565012518e-07
grid-r034-c052,34,52,10.600000381469727,7.000000476837158,0.44999998807907104,-41.53876491727088,7.01654812473862e-07
grid-r034-c053,34,53,10.800000190734863,7.000000476837158,0.44999998807907104,-39.64891874644003,1.0841968105523847e-06
grid-r034-c054,34,54,11.0,7.000000476837158,0.44999998807907104,-39.963030860627256,1.0085487929245573e-06
grid-r034-c055,34,55,11.200000762939453,7.000000476837158,0.44999998807907104,-41.404481147343404,7.236888563966204e-07
grid-r034-c056,34,56,11.399999618530273,7.000000476837158,0.44999998807907104,-41.966337351699124,6.358669679684681e-07
grid-r034-c057,34,57,11.600000381469727,7.000000476837158,0.44999998807907104,-42.072588682584794,6.204990654623543e-07
grid-r035-c000,35,0,0.19999980926513672,7.200000286102295,0.44999998807907104,-40.558042302498414,8.794188488536747e-07
grid-r035-c001,35,1,0.40000009536743164,7.200000286102295,0.44999998807907104,-38.8800778306375,1.2941726481585647e-06
grid-r035-c002,35,2,0.5999999046325684,7.200000286102295,0.44999998807907104,-38.93011653408423,1.2793469750249642e-06
grid-r035-c003,35,3,0.7999997138977051,7.200000286102295,0.44999998807907104,-39.41228688525611,1.144909901995561e-06
grid-r035-c004,35,4,1.0,7.200000286102295,0.44999998807907104,-39.63640982710398,1.087324108084431e-06
grid-r035-c005,35,5,1.1999998092651367,7.200000286102295,0.44999998807907104,-39.43555174689802,1.1387930953787873e-06
grid-r035-c006,35,6,1.4000000953674316,7.200000286102295,0.44999998807907104,-39.20010299933726,1.2022359214824974e-06
grid-r035-c007,35,7,1.5999999046325684,7.200000286102295,0.44999998807907104,-39.03158454872249,1.2498029491325724e-06
grid-r035-c008,35,8,1.799999713897705,7.200000286102295,0.44999998807907104,-39.883979495191646,1.027074745252321e-06
grid-r035-c009,35,9,2.0,7.200000286102295,0.44999998807907104,-39.281419590417684,1.1799348840213497e-06
grid-r035-c010,35,10,2.200000047683716,7.200000286102295,0.44999998807907104,-39.84377032249823,1.0366280775997438e-06
grid-r035-c011,35,11,2.3999998569488525,7.200000286102295,0.44999998807907104,-39.66187348765948,1.0809675359269022e-06
grid-r035-c012,35,12,2.5999999046325684,7.200000286102295,0.44999998807907104,-38.874610466053184,1.2958029174114927e-06
grid-r035-c013,35,13,2.799999952316284,7.200000286102295,0.44999998807907104,-39.454168791854784,1.1339218417560915e-06
grid-r035-c014,35,14,3.0,7.200000286102295,0.44999998807907104,-39.891545889733734,1.0252869060423109e-06
grid-r035-c015,35,15,3.200000047683716,7.200000286102295,0.44999998807907104,-39.37211356022842,1.1555497394510894e-06
grid-r035-c016,35,16,3.3999998569488525,7.200000286102295,0.44999998807907104,-39.99848598762065,1.000348675006535e-06
grid-r035-c017,35,17,3.5999999046325684,7.200000286102295,0.44999998807907104,-39.32000229361457,1.1694987733790185e-06
grid-r035-c018,35,18,3.799999952316284,7.200000286102295,0.44999998807907104,-38.929071181282644,1.279654952668352e-06
grid-r035-c019,35,19,4.0,7.200000286102295,0.44999998807907104,-38.55881144380292,1.3935381275587133e-06
grid-r035-c020,35,20,4.199999809265137,7.200000286102295,0.44999998807907104,-39.68613076884427,1.0749466810011654e-06
grid-r035-c021,35,21,4.400000095367432,7.200000286102295,0.44999998807907104,-39.64311863718318,1.0856457492991467e-06
grid-r035-c022,35,22,4.599999904632568,7.200000286102295,0.44999998807907104,-39.53681007430006,1.11254860257759e-06
grid-r035-c023,35,23,4.800000190734863,7.200000286102295,0.44999998807907104,-40.05647922710238,9.870793746813433e-07
grid-r035-c024,35,24,5.0,7.200000286102295,0.44999998807907104,-38.36870686481851,1.4558925158780767e-06
grid-r035-c025,35,25,5.199999809265137,7.200000286102295,0.44999998807907104,-40.303347325010094,9.32535272113455e-07
grid-r035-c026,35,26,5.400000095367432,7.200000286102295,0.44999998807907104,-40.392583163605934,9.135696927842218e-07
grid-r035-c027,35,27,5.599999904632568,7.200000286102295,0.44999998807907104,-40.12293070713274,9.720910156829632e-07
grid-r035-c028,35,28,5.800000190734863,7.200000286102295,0.44999998807907104,-39.79658103848149,1.047953219313058e-06
grid-r035-c029,35,29,6.0,7.200000286102295,0.44999998807907104,-40.34259154510801,9.241465477316524e-07
grid-r035-c030,35,30,6.199999809265137,7.200000286102295,0.44999998807907104,-38.50015786820035,1.4124861991149373e-06
grid-r035-c031,35,31,6.400000095367432,7.200000286102295,0.44999998807907104,-40.22083899756032,9.50421167544846e-07
grid-r035-c032,35,32,6.599999904632568,7.200000286102295,0.44999998807907104,-40.679109326998066,8.552420922569581e-07
grid-r035-c033,35,33,6.800000190734863,7.200000286102295,0.44999998807907104,-41.133966040319464,7.701997901676805e-07
grid-r035-c034,35,34,7.0,7.200000286102295,0.44999998807907104,-39.72510688369716,1.0653426443241187e-06
grid-r035-c035,35,35,7.199999809265137,7.200000286102295,0.44999998807907104,-40.766593927059525,8.381863949580293e-07
grid-r035-c036,35,36,7.400000095367432,7.200000286102295,0.44999998807907104,-40.61697034682229,8.675668823343585e-07
grid-r035-c037,35,37,7.599999904632568,7.200000286102295,0.44999998807907104,-39.73912621462496,1.0619091881380882e-06
grid-r035-c038,35,38,7.800000190734863,7.200000286102295,0.44999998807907104,-40.08666381932734,9.802427030081162e-07
grid-r035-c039,35,39,8.0,7.200000286102295,0.44999998807907104,-40.391337342603336,9.13831797788589e-07
grid-r035-c040,35,40,8.199999809265137,7.200000286102295,0.44999998807907104,-39.390583216439204,1.1506458577059675e-06
grid-r035-c041,35,41,8.399999618530273,7.200000286102295,0.44999998807907104,-40.28493885093866,9.364964057567704e-07
grid-r035-c042,35,42,8.600000381469727,7.200000286102295,0.44999998807907104,-40.534587003188484,8.841812473292521e-07
grid-r035-c043,35,43,8.800000190734863,7.200000286102295,0.44999998807907104,-40.681895140332344,8.546936669517891e-07
grid-r035-c044,35,44,9.0,7.200000286102295,0.44999998807907104,-41.9092158057328,6.442855919885915e-07
grid-r035-c045,35,45,9.199999809265137,7.200000286102295,0.44999998807907104,-40.87075286315613,8.183229169844708e-07
grid-r035-c046,35,46,9.399999618530273,7.200000286102295,0.44999998807907104,-42.7644621806767,5.291195179779606e-07
grid-r035-c047,35,47,9.600000381469727,7.200000286102295,0.44999998807907104,-40.78996816791531,8.336872951986152e-07
grid-r035-c048,35,48,9.800000190734863,7.200000286102295,0.44999998807907104,-40.67253908243182,8.565369284951885e-07
grid-r035-c049,35,49,10.0,7.200000286102295,0.44999998807907104,-41.822986013126304,6.572058168785588e-07
grid-r035-c050,35,50,10.200000762939453,7.200000286102295,0.44999998807907104,-42.2137755469402,6.006513331158203e-07
grid-r035-c051,35,51,10.399999618530273,7.200000286102295,0.44999998807907104,-40.72181461576043,8.468734904454323e-07
grid-r035-c052,35,52,10.600000381469727,7.200000286102295,0.44999998807907104,-41.236355376247985,7.522539249293914e-07
grid-r035-c053,35,53,10.800000190734863,7.200000286102295,0.44999998807907104,-41.779385082448364,6.63837056436023e-07
grid-r035-c054,35,54,11.0,7.200000286102295,0.44999998807907104,-43.1176626867235,4.877909418610216e-07
grid-r035-c055,35,55,11.200000762939453,7.200000286102295,0.44999998807907104,-41.20831006673483,7.571274522888416e-07
grid-r035-c056,35,56,11.399999618530273,7.200000286102295,0.44999998807907104,-40.59008080076346,8.729551268515934e-07
grid-r035-c057,35,57,11.600000381469727,7.200000286102295,0.44999998807907104,-40.421961815493106,9.074105378203967e-07
grid-r036-c000,36,0,0.19999980926513672,7.40000057220459,0.44999998807907104,-42.851450997464596,5.186267344470252e-07
grid-r036-c001,36,1,0.40000009536743164,7.40000057220459,0.44999998807907104,-75.89610554047057,2.572701773839725e-10
grid-r036-c002,36,2,0.5999999046325684,7.40000057220459,0.44999998807907104,-86.6402455113667,2.167581565626353e-11
grid-r036-c004,36,4,1.0,7.40000057220459,0.44999998807907104,-51.25153425882408,7.496293363828954e-08
grid-r036-c006,36,6,1.4000000953674316,7.40000057220459,0.44999998807907104,-78.6064313375401,1.3783416075163757e-10
grid-r036-c008,36,8,1.799999713897705,7.40000057220459,0.44999998807907104,-78.37458482478559,1.453923370586807e-10
grid-r036-c011,36,11,2.3999998569488525,7.40000057220459,0.44999998807907104,-67.6693514373428,1.7102707028371356e-09
grid-r036-c015,36,15,3.200000047683716,7.40000057220459,0.44999998807907104,-77.9565929692385,1.6008133707501315e-10
grid-r036-c022,36,22,4.599999904632568,7.40000057220459,0.44999998807907104,-72.71921643435078,5.346608156209243e-10
grid-r036-c023,36,23,4.800000190734863,7.40000057220459,0.44999998807907104,-78.59335312356885,1.3824985600763284e-10
grid-r036-c027,36,27,5.599999904632568,7.40000057220459,0.44999998807907104,-50.728754988803374,8.455211997215883e-08
grid-r036-c028,36,28,5.800000190734863,7.40000057220459,0.44999998807907104,-40.18257401219834,9.58832174546842e-07
grid-r036-c029,36,29,6.0,7.40000057220459,0.44999998807907104,-39.984999595132976,1.0034599426944624e-06
grid-r036-c030,36,30,6.199999809265137,7.40000057220459,0.44999998807907104,-40.69377654571397,8.523585961484059e-07
grid-r036-c031,36,31,6.400000095367432,7.40000057220459,0.44999998807907104,-39.59559351915764,1.0975912800859078e-06
grid-r036-c032,36,32,6.599999904632568,7.40000057220459,0.44999998807907104,-39.97319013872286,1.0061922921522637e-06
grid-r036-c033,36,33,6.800000190734863,7.40000057220459,0.44999998807907104,-40.474761640022116,8.96445385478728e-07
grid-r036-c034,36,34,7.0,7.40000057220459,0.44999998807907104,-40.288968120664904,9.35627952003415e-07
grid-r036-c035,36,35,7.199999809265137,7.40000057220459,0.44999998807907104,-41.56709375553053,6.970928438931878e-07
grid-r036-c036,36,36,7.400000095367432,7.40000057220459,0.44999998807907104,-40.375572994350165,9.171549208986107e-07
grid-r036-c037,36,37,7.599999904632568,7.40000057220459,0.44999998807907104,-40.46698429331893,8.980521783996664e-07
grid-r036-c038,36,38,7.800000190734863,7.40000057220459,0.44999998807907104,-39.84647268037739,1.0359832458561868e-06
grid-r036-c039,36,39,8.0,7.40000057220459,0.44999998807907104,-40.717747985436354,8.476668540424726e-07
grid-r036-c040,36,40,8.199999809265137,7.40000057220459,0.44999998807907104,-40.638369783446635,8.633025458948396e-07
grid-r036-c041,36,41,8.399999618530273,7.40000057220459,0.44999998807907104,-40.79340565362946,8.330276841661544e-07
grid-r036-c042,36,42,8.600000381469727,7.40000057220459,0.44999998807907104,-40.53321185705901,8.844612580105604e-07
grid-r036-c043,36,43,8.800000190734863,7.40000057220459,0.44999998807907104,-41.82035175056897,6.576045734618674e-07
grid-r036-c044,36,44,9.0,7.40000057220459,0.44999998807907104,-40.268822807516365,9.399780651619949e-07
grid-r036-c045,36,45,9.199999809265137,7.40000057220459,0.44999998807907104,-43.05533522642929,4.948419132233539e-07
grid-r036-c046,36,46,9.399999618530273,7.40000057220459,0.44999998807907104,-41.01981439540139,7.907124199846294e-07
grid-r036-c047,36,47,9.600000381469727,7.40000057220459,0.44999998807907104,-40.6593889713769,8.591343885200331e-07
grid-r036-c048,36,48,9.800000190734863,7.40000057220459,0.44999998807907104,-40.28261919398435,9.369967415295832e-07
grid-r036-c049,36,49,10.0,7.40000057220459,0.44999998807907104,-43.322041960259554,4.653672363019723e-07
grid-r036-c050,36,50,10.200000762939453,7.40000057220459,0.44999998807907104,-41.99664311660206,6.314452321021236e-07
grid-r036-c051,36,51,10.399999618530273,7.40000057220459,0.44999998807907104,-41.447784062791555,7.165089073168929e-07
grid-r036-c052,36,52,10.600000381469727,7.40000057220459,0.44999998807907104,-42.96321625056982,5.054502025814145e-07
grid-r036-c053,36,53,10.800000190734863,7.40000057220459,0.44999998807907104,-40.56215310231942,8.785868317318091e-07
grid-r036-c054,36,54,11.0,7.40000057220459,0.44999998807907104,-41.46874312256234,7.130593644433247e-07
grid-r036-c055,36,55,11.200000762939453,7.40000057220459,0.44999998807907104,-42.09606091275258,6.171545123834221e-07
grid-r036-c056,36,56,11.399999618530273,7.40000057220459,0.44999998807907104,-41.520536923798915,7.046059522508585e-07
grid-r036-c057,36,57,11.600000381469727,7.40000057220459,0.44999998807907104,-43.4707368496126,4.4970354906581633e-07
grid-r037-c000,37,0,0.19999980926513672,7.600000381469727,0.44999998807907104,-47.210181190996835,1.900998967130363e-07
grid-r037-c028,37,28,5.800000190734863,7.600000381469727,0.44999998807907104,-42.56984656369692,5.533696594284265e-07
grid-r037-c029,37,29,6.0,7.600000381469727,0.44999998807907104,-41.68164087713414,6.789470603507652e-07
grid-r037-c030,37,30,6.199999809265137,7.600000381469727,0.44999998807907104,-40.510047890192105,8.89191312580806e-07
grid-r037-c031,37,31,6.400000095367432,7.600000381469727,0.44999998807907104,-41.18325575555878,7.615079198330932e-07
grid-r037-c032,37,32,6.599999904632568,7.600000381469727,0.44999998807907104,-41.479653409057306,7.112702746780997e-07
grid-r037-c033,37,33,6.800000190734863,7.600000381469727,0.44999998807907104,-40.646400026374366,8.617077469352807e-07
grid-r037-c034,37,34,7.0,7.600000381469727,0.44999998807907104,-38.49248781082861,1.4149829894449795e-06
grid-r037-c035,37,35,7.199999809265137,7.600000381469727,0.44999998807907104,-41.978128218637565,6.341429639178386e-07
grid-r037-c036,37,36,7.400000095367432,7.600000381469727,0.44999998807907104,-42.50227119527611,5.620473189082986e-07
grid-r037-c037,37,37,7.599999904632568,7.600000381469727,0.44999998807907104,-42.95757046287597,5.061077104073775e-07
grid-r037-c038,37,38,7.800000190734863,7.600000381469727,0.44999998807907104,-44.77482413117126,3.3305624924651056e-07
grid-r037-c039,37,39,8.0,7.600000381469727,0.44999998807907104,-41.261990474622586,7.478266752514173e-07
grid-r037-c040,37,40,8.199999809265137,7.600000381469727,0.44999998807907104,-43.75760144934983,4.2095905428141123e-07
grid-r037-c041,37,41,8.399999618530273,7.600000381469727,0.44999998807907104,-41.190478068514324,7.602425853292516e-07
grid-r037-c042,37,42,8.600000381469727,7.600000381469727,0.44999998807907104,-41.80271992036464,6.602797952837136e-07
grid-r037-c043,37,43,8.800000190734863,7.600000381469727,0.44999998807907104,-41.024365044906034,7.898843250586651e-07
grid-r037-c044,37,44,9.0,7.600000381469727,0.44999998807907104,-41.399413974583666,7.245337201311486e-07
grid-r037-c045,37,45,9.199999809265137,7.600000381469727,0.44999998807907104,-42.50769643294247,5.613456437458808e-07
grid-r037-c046,37,46,9.399999618530273,7.600000381469727,0.44999998807907104,-35.88852814850388,2.5771944365260424e-06
grid-r037-c047,37,47,9.600000381469727,7.600000381469727,0.44999998807907104,-40.818677689864245,8.281942882604199e-07
grid-r037-c048,37,48,9.800000190734863,7.600000381469727,0.44999998807907104,-41.373625124733096,7.288488745871291e-07
grid-r037-c049,37,49,10.0,7.600000381469727,0.44999998807907104,-43.07386777696634,4.927347845296026e-07
grid-r037-c050,37,50,10.200000762939453,7.600000381469727,0.44999998807907104,-39.77905741691099,1.052190214068105e-06
grid-r037-c051,37,51,10.399999618530273,7.600000381469727,0.44999998807907104,-44.33836799071541,3.682673366256495e-07
grid-r037-c052,37,52,10.600000381469727,7.600000381469727,0.44999998807907104,-41.10417983848795,7.75500382133032e-07
grid-r037-c053,37,53,10.800000190734863,7.600000381469727,0.44999998807907104,-42.35188938006415,5.818500312670949e-07
grid-r037-c054,37,54,11.0,7.600000381469727,0.44999998807907104,-40.68954075940194,8.531903290531773e-07
grid-r037-c055,37,55,11.200000762939453,7.600000381469727,0.44999998807907104,-40.868659740885676,8.187174103113648e-07
grid-r037-c056,37,56,11.399999618530273,7.600000381469727,0.44999998807907104,-39.86352932538071,1.0319224656996084e-06
grid-r037-c057,37,57,11.600000381469727,7.600000381469727,0.44999998807907104,-42.3601205870855,5.807482921227347e-07
grid-r038-c000,38,0,0.19999980926513672,7.8000006675720215,0.44999998807907104,-46.47366919667569,2.2523354914483207e-07
grid-r038-c027,38,27,5.599999904632568,7.8000006675720215,0.44999998807907104,-50.47386404573538,8.966306808133595e-08
grid-r038-c028,38,28,5.800000190734863,7.8000006675720215,0.44999998807907104,-44.78158041222443,3.325385193875263e-07
grid-r038-c029,38,29,6.0,7.8000006675720215,0.44999998807907104,-41.248038865174465,7.502329140152142e-07
grid-r038-c030,38,30,6.199999809265137,7.8000006675720215,0.44999998807907104,-41.11311956408022,7.739056968603109e-07
grid-r038-c031,38,31,6.400000095367432,7.8000006675720215,0.44999998807907104,-41.20060204117647,7.584724244225072e-07
grid-r038-c032,38,32,6.599999904632568,7.8000006675720215,0.44999998807907104,-41.53302392576475,7.025829518170212e-07
grid-r038-c033,38,33,6.800000190734863,7.8000006675720215,0.44999998807907104,-40.39931423543692,9.121548600887763e-07
grid-r038-c034,38,34,7.0,7.8000006675720215,0.44999998807907104,-41.89316978828174,6.466704576268967e-07
grid-r038-c035,38,35,7.199999809265137,7.8000006675720215,0.44999998807907104,-49.805362118476296,1.0458364840815193e-07
grid-r038-c040,38,40,8.199999809265137,7.8000006675720215,0.44999998807907104,-51.19371440260568,7.596762685579961e-08
grid-r038-c041,38,41,8.399999618530273,7.8000006675720215,0.44999998807907104,-43.86796777576079,4.1039609754989215e-07
grid-r038-c042,38,42,8.600000381469727,7.8000006675720215,0.44999998807907104,-40.3280354430035,9.27249175219913e-07
grid-r038-c043,38,43,8.800000190734863,7.8000006675720215,0.44999998807907104,-41.19667331862647,7.591588655486703e-07
grid-r038-c044,38,44,9.0,7.8000006675720215,0.44999998807907104,-41.04754324945966,7.856799584260443e-07
grid-r038-c045,38,45,9.199999809265137,7.8000006675720215,0.44999998807907104,-41.88081441142765,6.485128096755943e-07
grid-r038-c046,38,46,9.399999618530273,7.8000006675720215,0.44999998807907104,-43.137109279437865,4.85611622025317e-07
grid-r038-c047,38,47,9.600000381469727,7.8000006675720215,0.44999998807907104,-40.545032048698985,8.82057292983518e-07
grid-r038-c048,38,48,9.800000190734863,7.8000006675720215,0.44999998807907104,-41.16063332293264,7.654849696336896e-07
grid-r038-c049,38,49,10.0,7.8000006675720215,0.44999998807907104,-41.378937978776534,7.279577971530671e-07
grid-r038-c050,38,50,10.200000762939453,7.8000006675720215,0.44999998807907104,-41.244518417612554,7.508413091272814e-07
grid-r038-c051,38,51,10.399999618530273,7.8000006675720215,0.44999998807907104,-41.5414749042943,7.012171181486337e-07
grid-r038-c052,38,52,10.600000381469727,7.8000006675720215,0.44999998807907104,-39.36008156025154,1.1587555945880013e-06
grid-r038-c053,38,53,10.800000190734863,7.8000006675720215,0.44999998807907104,-45.11398734776968,3.080358510487713e-07
grid-r038-c054,38,54,11.0,7.8000006675720215,0.44999998807907104,-41.19090932133278,7.601670972690044e-07
grid-r038-c055,38,55,11.200000762939453,7.8000006675720215,0.44999998807907104,-42.94772122245046,5.072568001196487e-07
grid-r038-c056,38,56,11.399999618530273,7.8000006675720215,0.44999998807907104,-41.78902337515573,6.623654371651355e-07
grid-r038-c057,38,57,11.600000381469727,7.8000006675720215,0.44999998807907104,-39.807672228467,1.0452803280713852e-06
grid-r039-c000,39,0,0.19999980926513672,8.000000953674316,0.44999998807907104,-46.43354911645517,2.273238948191647e-07
grid-r039-c027,39,27,5.599999904632568,8.000000953674316,0.44999998807907104,-69.13070605313747,1.221601042544762e-09
grid-r039-c028,39,28,5.800000190734863,8.000000953674316,0.44999998807907104,-53.815434077565655,4.153905308612593e-08
grid-r039-c029,39,29,6.0,8.000000953674316,0.44999998807907104,-41.48390652928269,7.105740564838925e-07
grid-r039-c030,39,30,6.199999809265137,8.000000953674316,0.44999998807907104,-41.23534735230237,7.524285479121318e-07
grid-r039-c031,39,31,6.400000095367432,8.000000953674316,0.44999998807907104,-40.808639843030754,8.301107072838931e-07
grid-r039-c032,39,32,6.599999904632568,8.000000953674316,0.44999998807907104,-41.78320411096688,6.632535587414168e-07
grid-r039-c033,39,33,6.800000190734863,8.000000953674316,0.44999998807907104,-42.69016151312141,5.382497647588025e-07
grid-r039-c034,39,34,7.0,8.000000953674316,0.44999998807907104,-39.363191009073205,1.157926249106822e-06
grid-r039-c035,39,35,7.199999809265137,8.000000953674316,0.44999998807907104,-47.607473754582216,1.734812826725829e-07
grid-r039-c040,39,40,8.199999809265137,8.000000953674316,0.44999998807907104,-69.97239880070228,1.0063756494815834e-09
grid-r039-c041,39,41,8.399999618530273,8.000000953674316,0.44999998807907104,-51.05178376480541,7.849131833381762e-08
grid-r039-c042,39,42,8.600000381469727,8.000000953674316,0.44999998807907104,-43.55344156566769,4.412206635606708e-07
grid-r039-c043,39,43,8.800000190734863,8.000000953674316,0.44999998807907104,-41.78421923896586,6.630985467381834e-07
grid-r039-c044,39,44,9.0,8.000000953674316,0.44999998807907104,-40.70859547331039,8.494551479998336e-07
grid-r039-c045,39,45,9.199999809265137,8.000000953674316,0.44999998807907104,-40.81578013054795,8.287470336654224e-07
grid-r039-c046,39,46,9.399999618530273,8.000000953674316,0.44999998807907104,-41.74679043083833,6.688380267405591e-07
grid-r039-c047,39,47,9.600000381469727,8.000000953674316,0.44999998807907104,-41.68984352432342,6.776659233764804e-07
grid-r039-c048,39,48,9.800000190734863,8.000000953674316,0.44999998807907104,-43.83236723985994,4.137740745591145e-07
grid-r039-c049,39,49,10.0,8.000000953674316,0.44999998807907104,-42.78057775244038,5.271597274258966e-07
grid-r039-c050,39,50,10.200000762939453,8.000000953674316,0.44999998807907104,-41.679542298658504,6.792752174078487e-07
grid-r039-c051,39,51,10.399999618530273,8.000000953674316,0.44999998807907104,-43.134086070034655,4.8594978352412e-07
grid-r039-c052,39,52,10.600000381469727,8.000000953674316,0.44999998807907104,-41.560069070399095,6.982212994444126e-07
grid-r039-c053,39,53,10.800000190734863,8.000000953674316,0.44999998807907104,-40.51547120402966,8.880816153578053e-07
grid-r039-c054,39,54,11.0,8.000000953674316,0.44999998807907104,-43.401272887834224,4.5695423978031613e-07
grid-r039-c055,39,55,11.200000762939453,8.000000953674316,0.44999998807907104,-40.38600361858493,9.149547963716032e-07
grid-r039-c056,39,56,11.399999618530273,8.000000953674316,0.44999998807907104,-42.58320555293175,5.516700980479072e-07
grid-r039-c057,39,57,11.600000381469727,8.000000953674316,0.44999998807907104,-41.462587729676656,7.140707225516962e-07
grid-r040-c000,40,0,0.19999980926513672,8.200000762939453,0.44999998807907104,-46.100299296833796,2.45453975367127e-07
grid-r040-c027,40,27,5.599999904632568,8.200000762939453,0.44999998807907104,-67.16322910792903,1.921662384773981e-09
grid-r040-c028,40,28,5.800000190734863,8.200000762939453,0.44999998807907104,-49.97457032099368,1.0058725763428811e-07
grid-r040-c029,40,29,6.0,8.200000762939453,0.44999998807907104,-44.937254556615414,3.2082968459690164e-07
grid-r040-c030,40,30,6.199999809265137,8.200000762939453,0.44999998807907104,-42.0826533023546,6.190627459545794e-07
grid-r040-c031,40,31,6.400000095367432,8.200000762939453,0.44999998807907104,-41.930452465927004,6.411427762031963e-07
grid-r040-c032,40,32,6.599999904632568,8.200000762939453,0.44999998807907104,-42.357742883235254,5.810663310512609e-07
grid-r040-c033,40,33,6.800000190734863,8.200000762939453,0.44999998807907104,-40.566003993162234,8.778081337368349e-07
grid-r040-c034,40,34,7.0,8.200000762939453,0.44999998807907104,-41.203143158186045,7.580287615382986e-07
grid-r040-c035,40,35,7.199999809265137,8.200000762939453,0.44999998807907104,-46.6583603640573,2.15855919805108e-07
grid-r040-c040,40,40,8.199999809265137,8.200000762939453,0.44999998807907104,-105.10327364382398,3.087966893907529e-13
grid-r040-c041,40,41,8.399999618530273,8.200000762939453,0.44999998807907104,-50.90015471848655,8.128015593911186e-08
grid-r040-c042,40,42,8.600000381469727,8.200000762939453,0.44999998807907104,-46.29956187971301,2.3444653152182582e-07
grid-r040-c043,40,43,8.800000190734863,8.200000762939453,0.44999998807907104,-43.45625620616175,4.5120549430066603e-07
grid-r040-c044,40,44,9.0,8.200000762939453,0.44999998807907104,-41.51710612365504,7.05162790382019e-07
grid-r040-c045,40,45,9.199999809265137,8.200000762939453,0.44999998807907104,-41.85549592192051,6.523045499307045e-07
grid-r040-c046,40,46,9.399999618530273,8.200000762939453,0.44999998807907104,-40.82460696204922,8.270643547803047e-07
grid-r040-c047,40,47,9.600000381469727,8.200000762939453,0.44999998807907104,-41.011233997233546,7.922761824374902e-07
grid-r040-c048,40,48,9.800000190734863,8.200000762939453,0.44999998807907104,-42.03159969378022,6.263830982788932e-07
grid-r040-c049,40,49,10.0,8.200000762939453,0.44999998807907104,-41.43732395322283,7.18236719876586e-07
grid-r040-c050,40,50,10.200000762939453,8.200000762939453,0.44999998807907104,-41.24922230789458,7.500285050809907e-07
grid-r040-c051,40,51,10.399999618530273,8.200000762939453,0.44999998807907104,-41.60971354354625,6.902853328938363e-07
grid-r040-c052,40,52,10.600000381469727,8.200000762939453,0.44999998807907104,-42.92467624528838,5.099556119603221e-07
grid-r040-c053,40,53,10.800000190734863,8.200000762939453,0.44999998807907104,-42.48077412499015,5.648362844112853e-07
grid-r040-c054,40,54,11.0,8.200000762939453,0.44999998807907104,-42.37875930346523,5.782612220173178e-07
grid-r040-c055,40,55,11.200000762939453,8.200000762939453,0.44999998807907104,-40.584479971488314,8.740816497265769e-07
grid-r040-c056,40,56,11.399999618530273,8.200000762939453,0.44999998807907104,-43.14608202943604,4.846093588639633e-07
grid-r040-c057,40,57,11.600000381469727,8.200000762939453,0.44999998807907104,-42.850699929831315,5.187164333619876e-07
grid-r041-c000,41,0,0.19999980926513672,8.40000057220459,0.44999998807907104,-52.165846087736256,6.073169345199858e-08
grid-r041-c028,41,28,5.800000190734863,8.40000057220459,0.44999998807907104,-65.37057894419675,2.9036355542189085e-09
grid-r041-c029,41,29,6.0,8.40000057220459,0.44999998807907104,-46.97097168839642,2.008643349427075e-07
grid-r041-c030,41,30,6.199999809265137,8.40000057220459,0.44999998807907104,-40.676542809510906,8.557476576243062e-07
grid-r041-c031,41,31,6.400000095367432,8.40000057220459,0.44999998807907104,-43.62223437874077,4.3428673279777286e-07
grid-r041-c032,41,32,6.599999904632568,8.40000057220459,0.44999998807907104,-42.021699354422395,6.278126534198236e-07
grid-r041-c033,41,33,6.800000190734863,8.40000057220459,0.44999998807907104,-41.63131699229203,6.868601190035406e-07
grid-r041-c034,41,34,7.0,8.40000057220459,0.44999998807907104,-40.350840353203836,9.223929282597965e-07
grid-r041-c035,41,35,7.199999809265137,8.40000057220459,0.44999998807907104,-46.26511029453066,2.3631373835542036e-07
grid-r041-c040,41,40,8.199999809265137,8.40000057220459,0.44999998807907104,-62.970821417598955,5.0456585576341695e-09
grid-r041-c041,41,41,8.399999618530273,8.40000057220459,0.44999998807907104,-48.360887146183416,1.4585162944058538e-07
grid-r041-c042,41,42,8.600000381469727,8.40000057220459,0.44999998807907104,-50.93623058591763,8.060777645368944e-08
grid-r041-c043,41,43,8.800000190734863,8.40000057220459,0.44999998807907104,-43.797776138343416,4.1708290154929273e-07
grid-r041-c044,41,44,9.0,8.40000057220459,0.44999998807907104,-43.20115169891516,4.785031819665164e-07
grid-r041-c045,41,45,9.199999809265137,8.40000057220459,0.44999998807907104,-40.248100276326554,9.444739248465339e-07
grid-r041-c046,41,46,9.399999618530273,8.40000057220459,0.44999998807907104,-42.01259252117465,6.291305112426926e-07
grid-r041-c047,41,47,9.600000381469727,8.40000057220459,0.44999998807907104,-40.711605294849576,8.488666480843676e-07
grid-r041-c048,41,48,9.800000190734863,8.40000057220459,0.44999998807907104,-42.817058760896636,5.227500992077694e-07
grid-r041-c049,41,49,10.0,8.40000057220459,0.44999998807907104,-40.57240026315714,8.765162533563853e-07
grid-r041-c050,41,50,10.200000762939453,8.40000057220459,0.44999998807907104,-44.405616584247724,3.626088016517315e-07
grid-r041-c051,41,51,10.399999618530273,8.40000057220459,0.44999998807907104,-39.30942444991486,1.172350721390103e-06
grid-r041-c052,41,52,10.600000381469727,8.40000057220459,0.44999998807907104,-45.27217098826503,2.970180901229469e-07
grid-r041-c053,41,53,10.800000190734863,8.40000057220459,0.44999998807907104,-40.98122740578839,7.977691893756855e-07
grid-r041-c054,41,54,11.0,8.40000057220459,0.44999998807907104,-43.33798371510134,4.6366213268811407e-07
grid-r041-c055,41,55,11.200000762939453,8.40000057220459,0.44999998807907104,-41.71394073222391,6.739162472513271e-07
grid-r041-c056,41,56,11.399999618530273,8.40000057220459,0.44999998807907104,-40.45873546015069,8.997595273285697e-07
grid-r041-c057,41,57,11.600000381469727,8.40000057220459,0.44999998807907104,-41.57316191669976,6.961195140320342e-07
grid-r042-c000,42,0,0.19999980926513672,8.600000381469727,0.44999998807907104,-61.721555892377054,6.72735600559804e-09
grid-r042-c001,42,1,0.40000009536743164,8.600000381469727,0.44999998807907104,-78.601615752358,1.3798708009549188e-10
grid-r042-c027,42,27,5.599999904632568,8.600000381469727,0.44999998807907104,-66.46599516903854,2.2563189094881864e-09
grid-r042-c028,42,28,5.800000190734863,8.600000381469727,0.44999998807907104,-67.8923416850619,1.624672507638536e-09
grid-r042-c029,42,29,6.0,8.600000381469727,0.44999998807907104,-49.83696506626613,1.0382537141140347e-07
grid-r042-c030,42,30,6.199999809265137,8.600000381469727,0.44999998807907104,-43.7965176633865,4.1720377907950024e-07
grid-r042-c031,42,31,6.400000095367432,8.600000381469727,0.44999998807907104,-42.46553566591456,5.668216545018367e-07
grid-r042-c032,42,32,6.599999904632568,8.600000381469727,0.44999998807907104,-41.90740725934467,6.445539497690334e-07
grid-r042-c033,42,33,6.800000190734863,8.600000381469727,0.44999998807907104,-40.458627359361415,8.997819236356008e-07
grid-r042-c034,42,34,7.0,8.600000381469727,0.44999998807907104,-40.241734819634985,9.458592558075907e-07
grid-r042-c035,42,35,7.199999809265137,8.600000381469727,0.44999998807907104,-47.03842411777855,1.9776871340582147e-07
grid-r042-c040,42,40,8.199999809265137,8.600000381469727,0.44999998807907104,-70.03807132734075,9.912720644322803e-10
grid-r042-c041,42,41,8.399999618530273,8.600000381469727,0.44999998807907104,-50.5947364133642,8.720198252376576e-08
grid-r042-c042,42,42,8.600000381469727,8.600000381469727,0.44999998807907104,-47.62657066747434,1.7272012087232724e-07
grid-r042-c043,42,43,8.800000190734863,8.600000381469727,0.44999998807907104,-50.78352784102937,8.349245206318301e-08
grid-r042-c044,42,44,9.0,8.600000381469727,0.44999998807907104,-44.12907665545018,3.864491304739204e-07
grid-r042-c045,42,45,9.199999809265137,8.600000381469727,0.44999998807907104,-43.490962703620404,4.476140702536213e-07
grid-r042-c046,42,46,9.399999618530273,8.600000381469727,0.44999998807907104,-44.577640554136934,3.485266120151209e-07
grid-r042-c047,42,47,9.600000381469727,8.600000381469727,0.44999998807907104,-40.535781885773936,8.839380143399467e-07
grid-r042-c048,42,48,9.800000190734863,8.600000381469727,0.44999998807907104,-42.83848074143726,5.201779345043178e-07
grid-r042-c049,42,49,10.0,8.600000381469727,0.44999998807907104,-40.72351879662854,8.465412406621908e-07
grid-r042-c050,42,50,10.200000762939453,8.600000381469727,0.44999998807907104,-41.657180802004646,6.827817742305342e-07
grid-r042-c051,42,51,10.399999618530273,8.600000381469727,0.44999998807907104,-41.14504980283907,7.682366458539036e-07
grid-r042-c052,42,52,10.600000381469727,8.600000381469727,0.44999998807907104,-41.37049420944664,7.29374505681335e-07
grid-r042-c053,42,53,10.800000190734863,8.600000381469727,0.44999998807907104,-41.215831572193494,7.558173251709377e-07
grid-r042-c054,42,54,11.0,8.600000381469727,0.44999998807907104,-40.793189916120475,8.33069066175085e-07
grid-r042-c055,42,55,11.200000762939453,8.600000381469727,0.44999998807907104,-44.55032181605958,3.507258838908456e-07
grid-r042-c056,42,56,11.399999618530273,8.600000381469727,0.44999998807907104,-41.361050814517824,7.309621992135362e-07
grid-r042-c057,42,57,11.600000381469727,8.600000381469727,0.44999998807907104,-41.2065630707249,7.574320761705167e-07
grid-r043-c000,43,0,0.19999980926513672,8.800000190734863,0.44999998807907104,-66.56651027083255,2.2046973136014003e-09
grid-r043-c001,43,1,0.40000009536743164,8.800000190734863,0.44999998807907104,-74.61367577946578,3.4564670570169653e-10
grid-r043-c027,43,27,5.599999904632568,8.800000190734863,0.44999998807907104,-89.27305222257783,1.1822104059588945e-11
grid-r043-c028,43,28,5.800000190734863,8.800000190734863,0.44999998807907104,-51.23058660150758,7.532538148780077e-08
grid-r043-c029,43,29,6.0,8.800000190734863,0.44999998807907104,-62.163297576143165,6.0767342269230085e-09
grid-r043-c030,43,30,6.199999809265137,8.800000190734863,0.44999998807907104,-44.47843760122743,3.5657939179145615e-07
grid-r043-c031,43,31,6.400000095367432,8.800000190734863,0.44999998807907104,-42.12111766671611,6.13604072441376e-07
grid-r043-c032,43,32,6.599999904632568,8.800000190734863,0.44999998807907104,-39.54515419781422,1.110413109017827e-06
grid-r043-c033,43,33,6.800000190734863,8.800000190734863,0.44999998807907104,-41.47700807540238,7.117036489034945e-07
grid-r043-c034,43,34,7.0,8.800000190734863,0.44999998807907104,-40.83253783095923,8.255553893832257e-07
grid-r043-c035,43,35,7.199999809265137,8.800000190734863,0.44999998807907104,-46.86731256107974,2.057163186464095e-07
grid-r043-c040,43,40,8.199999809265137,8.800000190734863,0.44999998807907104,-50.7278036318945,8.45706438212801e-08
grid-r043-c041,43,41,8.399999618530273,8.800000190734863,0.44999998807907104,-50.62534687869328,8.658951600182263e-08
grid-r043-c042,43,42,8.600000381469727,8.800000190734863,0.44999998807907104,-59.97004394726093,1.0069214795294101e-08
grid-r043-c043,43,43,8.800000190734863,8.800000190734863,0.44999998807907104,-50.659307653549135,8.591504752075707e-08
grid-r043-c044,43,44,9.0,8.800000190734863,0.44999998807907104,-48.528200475533765,1.4033950890279812e-07
grid-r043-c045,43,45,9.199999809265137,8.800000190734863,0.44999998807907104,-41.42272281832271,7.206555210359511e-07
grid-r043-c046,43,46,9.399999618530273,8.800000190734863,0.44999998807907104,-43.271649191096984,4.707985112872848e-07
grid-r043-c047,43,47,9.600000381469727,8.800000190734863,0.44999998807907104,-42.11825687637976,6.14008399679733e-07
grid-r043-c048,43,48,9.800000190734863,8.800000190734863,0.44999998807907104,-43.15774292337665,4.833099183088052e-07
grid-r043-c049,43,49,10.0,8.800000190734863,0.44999998807907104,-41.767882085460656,6.655976676483988e-07
grid-r043-c050,43,50,10.200000762939453,8.800000190734863,0.44999998807907104,-42.13265232038317,6.119765316725534e-07
grid-r043-c051,43,51,10.399999618530273,8.800000190734863,0.44999998807907104,-40.68153930675061,8.547636980438256e-07
grid-r043-c052,43,52,10.600000381469727,8.800000190734863,0.44999998807907104,-42.85371069501955,5.183569555811118e-07
grid-r043-c053,43,53,10.800000190734863,8.800000190734863,0.44999998807907104,-41.16768596325305,7.642428840881621e-07
grid-r043-c054,43,54,11.0,8.800000190734863,0.44999998807907104,-42.39989551014691,5.754537824032013e-07
grid-r043-c055,43,55,11.200000762939453,8.800000190734863,0.44999998807907104,-41.437996653114325,7.181254773058754e-07
grid-r043-c056,43,56,11.399999618530273,8.800000190734863,0.44999998807907104,-43.6217631639547,4.3433385599200847e-07
grid-r043-c057,43,57,11.600000381469727,8.800000190734863,0.44999998807907104,-42.78398455116779,5.267463620839408e-07
grid-r044-c000,44,0,0.19999980926513672,9.000000953674316,0.44999998807907104,-61.24141278717363,7.513784261448109e-09
grid-r044-c001,44,1,0.40000009536743164,9.000000953674316,0.44999998807907104,-80.2533542856075,9.433320097285147e-11
grid-r044-c002,44,2,0.5999999046325684,9.000000953674316,0.44999998807907104,-51.48974833302755,7.096188880950649e-08
grid-r044-c026,44,26,5.400000095367432,9.000000953674316,0.44999998807907104,-69.17143191575279,1.2101990520818617e-09
grid-r044-c027,44,27,5.599999904632568,9.000000953674316,0.44999998807907104,-64.11225604827962,3.8794878420844725e-09
grid-r044-c028,44,28,5.800000190734863,9.000000953674316,0.44999998807907104,-81.57330671171196,6.960963055968605e-11
grid-r044-c029,44,29,6.0,9.000000953674316,0.44999998807907104,-64.99223643082632,3.167935691550383e-09
grid-r044-c030,44,30,6.199999809265137,9.000000953674316,0.44999998807907104,-52.24359609199264,5.965411276065424e-08
grid-r044-c031,44,31,6.400000095367432,9.000000953674316,0.44999998807907104,-42.89692999069449,5.132240517013997e-07
grid-r044-c032,44,32,6.599999904632568,9.000000953674316,0.44999998807907104,-42.46420184239053,5.669957658938074e-07
grid-r044-c033,44,33,6.800000190734863,9.000000953674316,0.44999998807907104,-40.73812605316113,8.436987286586373e-07
grid-r044-c034,44,34,7.0,9.000000953674316,0.44999998807907104,-40.77507867319342,8.365504413632152e-07
grid-r044-c035,44,35,7.199999809265137,9.000000953674316,0.44999998807907104,-48.69299580221093,1.3511402130461647e-07
grid-r044-c040,44,40,8.199999809265137,9.000000953674316,0.44999998807907104,-66.42206109387462,2.2792601139798307e-09
grid-r044-c041,44,41,8.399999618530273,9.000000953674316,0.44999998807907104,-50.44840315465542,9.019026947498787e-08
grid-r044-c042,44,42,8.600000381469727,9.000000953674316,0.44999998807907104,-50.61736461141804,8.674881257775269e-08
grid-r044-c043,44,43,8.800000190734863,9.000000953674316,0.44999998807907104,-50.54864599848429,8.813236007654268e-08
grid-r044-c044,44,44,9.0,9.000000953674316,0.44999998807907104,-48.19066924183336,1.5168166100920644e-07
grid-r044-c045,44,45,9.199999809265137,9.000000953674316,0.44999998807907104,-48.46517410204437,1.423910163111941e-07
grid-r044-c046,44,46,9.399999618530273,9.000000953674316,0.44999998807907104,-40.60397383821226,8.701670139998896e-07
grid-r044-c047,44,47,9.600000381469727,9.000000953674316,0.44999998807907104,-43.9329707185677,4.0429924297313846e-07
grid-r044-c048,44,48,9.800000190734863,9.000000953674316,0.44999998807907104,-44.232253830180184,3.7737629554612795e-07
grid-r044-c049,44,49,10.0,9.000000953674316,0.44999998807907104,-40.72983198507724,8.45311546981975e-07
grid-r044-c050,44,50,10.200000762939453,9.000000953674316,0.44999998807907104,-43.2903824397966,4.6877210024831584e-07
grid-r044-c051,44,51,10.399999618530273,9.000000953674316,0.44999998807907104,-41.08231768875272,7.794140515215986e-07
grid-r044-c052,44,52,10.600000381469727,9.000000953674316,0.44999998807907104,-42.662326505985114,5.417106194727239e-07
grid-r044-c053,44,53,10.800000190734863,9.000000953674316,0.44999998807907104,-43.79882154457466,4.1698251607158454e-07
grid-r044-c054,44,54,11.0,9.000000953674316,0.44999998807907104,-40.78377045064066,8.348778806066548e-07
grid-r044-c055,44,55,11.200000762939453,9.000000953674316,0.44999998807907104,-44.169312381625446,3.8288536075015145e-07
grid-r044-c056,44,56,11.399999618530273,9.000000953674316,0.44999998807907104,-41.728315012087556,6.71689406317455e-07
grid-r044-c057,44,57,11.600000381469727,9.000000953674316,0.44999998807907104,-41.20170783851866,7.58279327328637e-07
grid-r045-c027,45,27,5.599999904632568,9.200000762939453,0.44999998807907104,-56.45709757381327,2.260946274645903e-08
grid-r045-c028,45,28,5.800000190734863,9.200000762939453,0.44999998807907104,-69.12116405745118,1.22428800430896e-09
grid-r045-c029,45,29,6.0,9.200000762939453,0.44999998807907104,-68.93368788019374,1.278295358453363e-09
grid-r045-c030,45,30,6.199999809265137,9.200000762939453,0.44999998807907104,-47.51883403773296,1.7705842481063883e-07
grid-r045-c031,45,31,6.400000095367432,9.200000762939453,0.44999998807907104,-43.2663671195439,4.713714645276923e-07
grid-r045-c032,45,32,6.599999904632568,9.200000762939453,0.44999998807907104,-40.65240578750617,8.605169341535657e-07
grid-r045-c033,45,33,6.800000190734863,9.200000762939453,0.44999998807907104,-42.35739706658129,5.811126015942136e-07
grid-r045-c034,45,34,7.0,9.200000762939453,0.44999998807907104,-41.752335630488666,6.67984579649783e-07
grid-r045-c035,45,35,7.199999809265137,9.200000762939453,0.44999998807907104,-46.55269684259147,2.2117208686722734e-07
grid-r045-c040,45,40,8.199999809265137,9.200000762939453,0.44999998807907104,-50.543867145628525,8.822939179253808e-08
grid-r045-c041,45,41,8.399999618530273,9.200000762939453,0.44999998807907104,-62.67411525183313,5.402421621170106e-09
grid-r045-c042,45,42,8.600000381469727,9.200000762939453,0.44999998807907104,-50.39073874074333,9.139577628047846e-08
grid-r045-c043,45,43,8.800000190734863,9.200000762939453,0.44999998807907104,-48.87738160545038,1.2949763572578377e-07
grid-r045-c044,45,44,9.0,9.200000762939453,0.44999998807907104,-50.48681896210934,8.939600348867316e-08
grid-r045-c045,45,45,9.199999809265137,9.200000762939453,0.44999998807907104,-48.35419385940695,1.4607658727072703e-07
grid-r045-c046,45,46,9.399999618530273,9.200000762939453,0.44999998807907104,-43.68927535090869,4.2763423380165477e-07
grid-r045-c047,45,47,9.600000381469727,9.200000762939453,0.44999998807907104,-42.967369736183855,5.049670335210976e-07
grid-r045-c048,45,48,9.800000190734863,9.200000762939453,0.44999998807907104,-42.46056780453305,5.674704084412951e-07
grid-r045-c049,45,49,10.0,9.200000762939453,0.44999998807907104,-42.41833943999764,5.730150860472349e-07
grid-r045-c050,45,50,10.200000762939453,9.200000762939453,0.44999998807907104,-42.23295606517097,5.980044193165668e-07
grid-r045-c051,45,51,10.399999618530273,9.200000762939453,0.44999998807907104,-40.99764706517436,7.947587050693983e-07
grid-r045-c052,45,52,10.600000381469727,9.200000762939453,0.44999998807907104,-43.66931453383142,4.2960422774740437e-07
grid-r045-c053,45,53,10.800000190734863,9.200000762939453,0.44999998807907104,-41.52970929537623,7.031193831608107e-07
grid-r045-c054,45,54,11.0,9.200000762939453,0.44999998807907104,-41.73178737883382,6.711525770697335e-07
grid-r045-c055,45,55,11.200000762939453,9.200000762939453,0.44999998807907104,-41.21097119306101,7.566636668343563e-07
grid-r045-c056,45,56,11.399999618530273,9.200000762939453,0.44999998807907104,-39.66993947465669,1.0789617590489797e-06
grid-r045-c057,45,57,11.600000381469727,9.200000762939453,0.44999998807907104,-42.42690401562505,5.718861757486593e-07
grid-r046-c026,46,26,5.400000095367432,9.40000057220459,0.44999998807907104,-62.09696326601487,6.1702629672311105e-09
grid-r046-c027,46,27,5.599999904632568,9.40000057220459,0.44999998807907104,-65.74403501130078,2.6643820483229774e-09
grid-r046-c028,46,28,5.800000190734863,9.40000057220459,0.44999998807907104,-57.24610958696353,1.8853372196758755e-08
grid-r046-c029,46,29,6.0,9.40000057220459,0.44999998807907104,-66.81978217713335,2.079800998089354e-09
grid-r046-c030,46,30,6.199999809265137,9.40000057220459,0.44999998807907104,-51.18750714392081,7.607628305095204e-08
grid-r046-c031,46,31,6.400000095367432,9.40000057220459,0.44999998807907104,-42.15834369814932,6.083669745748921e-07
grid-r046-c032,46,32,6.599999904632568,9.40000057220459,0.44999998807907104,-41.301890834752754,7.409875593111792e-07
grid-r046-c033,46,33,6.800000190734863,9.40000057220459,0.44999998807907104,-41.370743326921556,7.293326689250534e-07
grid-r046-c034,46,34,7.0,9.40000057220459,0.44999998807907104,-40.74391494127562,8.425748774243402e-07
grid-r046-c035,46,35,7.199999809265137,9.40000057220459,0.44999998807907104,-48.364564173775676,1.4572819395652914e-07
grid-r046-c040,46,40,8.199999809265137,9.40000057220459,0.44999998807907104,-68.97729150571236,1.2655253511795195e-09
grid-r046-c041,46,41,8.399999618530273,9.40000057220459,0.44999998807907104,-50.27119968180702,9.39463760118997e-08
grid-r046-c042,46,42,8.600000381469727,9.40000057220459,0.44999998807907104,-50.17317222541679,9.609101425667177e-08
grid-r046-c043,46,43,8.800000190734863,9.40000057220459,0.44999998807907104,-55.27452743011118,2.968569745576133e-08
grid-r046-c044,46,44,9.0,9.40000057220459,0.44999998807907104,-50.22048309556948,9.5049905723954e-08
grid-r046-c045,46,45,9.199999809265137,9.40000057220459,0.44999998807907104,-50.50634835613502,8.899490921976394e-08
grid-r046-c046,46,46,9.399999618530273,9.40000057220459,0.44999998807907104,-48.23265288895058,1.502224051819212e-07
grid-r046-c047,46,47,9.600000381469727,9.40000057220459,0.44999998807907104,-44.82248008277266,3.2942153893600334e-07
grid-r046-c048,46,48,9.800000190734863,9.40000057220459,0.44999998807907104,-44.671907084149254,3.410431190786767e-07
grid-r046-c049,46,49,10.0,9.40000057220459,0.44999998807907104,-41.05110281221273,7.850362635508645e-07
grid-r046-c050,46,50,10.200000762939453,9.40000057220459,0.44999998807907104,-44.865460202066586,3.2617748502161703e-07
grid-r046-c051,46,51,10.399999618530273,9.40000057220459,0.44999998807907104,-43.10017092864682,4.897595431430091e-07
grid-r046-c052,46,52,10.600000381469727,9.40000057220459,0.44999998807907104,-42.515191888090186,5.603776571661001e-07
grid-r046-c053,46,53,10.800000190734863,9.40000057220459,0.44999998807907104,-43.980624981717,3.998871989097097e-07
grid-r046-c054,46,54,11.0,9.40000057220459,0.44999998807907104,-43.327425685319774,4.6479070192617655e-07
grid-r046-c055,46,55,11.200000762939453,9.40000057220459,0.44999998807907104,-40.70183454635127,8.507785764777509e-07
grid-r046-c056,46,56,11.399999618530273,9.40000057220459,0.44999998807907104,-42.9697976995017,5.046848059464537e-07
grid-r046-c057,46,57,11.600000381469727,9.40000057220459,0.44999998807907104,-43.517115749267354,4.4492665551842947e-07
grid-r047-c026,47,26,5.400000095367432,9.600000381469727,0.44999998807907104,-82.94919801491699,5.070843397958491e-11
grid-r047-c027,47,27,5.599999904632568,9.600000381469727,0.44999998807907104,-70.95160569016207,8.032290943482678e-10
grid-r047-c028,47,28,5.800000190734863,9.600000381469727,0.44999998807907104,-68.00311935733198,1.5837552380659758e-09
grid-r047-c029,47,29,6.0,9.600000381469727,0.44999998807907104,-51.109511855682214,7.745488517230115e-08
grid-r047-c030,47,30,6.199999809265137,9.600000381469727,0.44999998807907104,-48.12941063365513,1.538363392228348e-07
grid-r047-c031,47,31,6.400000095367432,9.600000381469727,0.44999998807907104,-44.07109254373893,3.9164333998087386e-07
grid-r047-c032,47,32,6.599999904632568,9.600000381469727,0.44999998807907104,-41.494798600017226,7.087941753525229e-07
grid-r047-c033,47,33,6.800000190734863,9.600000381469727,0.44999998807907104,-40.983676136668265,7.973195010890777e-07
grid-r047-c034,47,34,7.0,9.600000381469727,0.44999998807907104,-42.61820627069834,5.472419388752314e-07
grid-r047-c035,47,35,7.199999809265137,9.600000381469727,0.44999998807907104,-46.331968475308,2.3270362703442515e-07
grid-r047-c040,47,40,8.199999809265137,9.600000381469727,0.44999998807907104,-65.7568511257638,2.656530995182038e-09
grid-r047-c041,47,41,8.399999618530273,9.600000381469727,0.44999998807907104,-49.47143690159169,1.1294221735624888e-07
grid-r047-c042,47,42,8.600000381469727,9.600000381469727,0.44999998807907104,-64.13454732088351,3.859626396263138e-09
grid-r047-c043,47,43,8.800000190734863,9.600000381469727,0.44999998807907104,-50.31064245858484,9.309701454185415e-08
grid-r047-c044,47,44,9.0,9.600000381469727,0.44999998807907104,-50.31841200251917,9.293061253856649e-08
grid-r047-c045,47,45,9.199999809265137,9.600000381469727,0.44999998807907104,-50.11615500348458,9.73608820231675e-08
grid-r047-c046,47,46,9.399999618530273,9.600000381469727,0.44999998807907104,-58.826842674528805,1.3101340456955768e-08
grid-r047-c047,47,47,9.600000381469727,9.600000381469727,0.44999998807907104,-44.44236449466955,3.595535247313819e-07
grid-r047-c048,47,48,9.800000190734863,9.600000381469727,0.44999998807907104,-40.79208176322112,8.332816605616244e-07
grid-r047-c049,47,49,10.0,9.600000381469727,0.44999998807907104,-44.25289966089943,3.75586552081586e-07
grid-r047-c050,47,50,10.200000762939453,9.600000381469727,0.44999998807907104,-43.770193577594874,4.1974027453761664e-07
grid-r047-c051,47,51,10.399999618530273,9.600000381469727,0.44999998807907104,-41.911237472751274,6.439857429541007e-07
grid-r047-c052,47,52,10.600000381469727,9.600000381469727,0.44999998807907104,-40.668383840208556,8.573568379688368e-07
grid-r047-c053,47,53,10.800000190734863,9.600000381469727,0.44999998807907104,-43.35900186976077,4.61423610431666e-07
grid-r047-c054,47,54,11.0,9.600000381469727,0.44999998807907104,-45.103100014255304,3.08809035232116e-07
grid-r047-c055,47,55,11.200000762939453,9.600000381469727,0.44999998807907104,-41.241215351686826,7.514125854868325e-07
grid-r047-c056,47,56,11.399999618530273,9.600000381469727,0.44999998807907104,-41.7600865368889,6.667934826509736e-07
grid-r047-c057,47,57,11.600000381469727,9.600000381469727,0.44999998807907104,-40.98894941657989,7.963519692566479e-07
grid-r048-c028,48,28,5.800000190734863,9.800000190734863,0.44999998807907104,-80.61266683999945,8.684269969805314e-11
grid-r048-c029,48,29,6.0,9.800000190734863,0.44999998807907104,-47.858311238192954,1.6374531242036028e-07
grid-r048-c030,48,30,6.199999809265137,9.800000190734863,0.44999998807907104,-45.85984831133064,2.5942699721781537e-07
grid-r048-c031,48,31,6.400000095367432,9.800000190734863,0.44999998807907104,-49.25693429082176,1.186606084502273e-07
grid-r048-c032,48,32,6.599999904632568,9.800000190734863,0.44999998807907104,-41.49670975417487,7.084823323566525e-07
grid-r048-c033,48,33,6.800000190734863,9.800000190734863,0.44999998807907104,-41.75247754813025,6.679627517769404e-07
grid-r048-c034,48,34,7.0,9.800000190734863,0.44999998807907104,-39.91278970949213,1.0202838893746957e-06
grid-r048-c035,48,35,7.199999809265137,9.800000190734863,0.44999998807907104,-47.06275624708286,1.9666377681915037e-07
grid-r048-c040,48,40,8.199999809265137,9.800000190734863,0.44999998807907104,-96.21245200911727,2.3919648813736094e-12
grid-r048-c041,48,41,8.399999618530273,9.800000190734863,0.44999998807907104,-49.89449053473575,1.0245919668250281e-07
grid-r048-c042,48,42,8.600000381469727,9.800000190734863,0.44999998807907104,-49.44155854365667,1.1372191011105315e-07
grid-r048-c043,48,43,8.800000190734863,9.800000190734863,0.44999998807907104,-50.300632134879095,9.331184713801122e-08
grid-r048-c044,48,44,9.0,9.800000190734863,0.44999998807907104,-50.24792410889691,9.445122373108461e-08
grid-r048-c045,48,45,9.199999809265137,9.800000190734863,0.44999998807907104,-50.12746007843249,9.710777248983504e-08
grid-r048-c046,48,46,9.399999618530273,9.800000190734863,0.44999998807907104,-50.30100352988066,9.330386774308863e-08
grid-r048-c047,48,47,9.600000381469727,9.800000190734863,0.44999998807907104,-48.11009043815285,1.5452222612566402e-07
grid-r048-c048,48,48,9.800000190734863,9.800000190734863,0.44999998807907104,-44.54340575280399,3.5128485365021334e-07
grid-r048-c049,48,49,10.0,9.800000190734863,0.44999998807907104,-42.47259306315888,5.659013027070614e-07
grid-r048-c050,48,50,10.200000762939453,9.800000190734863,0.44999998807907104,-41.69919729884705,6.762079465261195e-07
grid-r048-c051,48,51,10.399999618530273,9.800000190734863,0.44999998807907104,-43.442649914709015,4.526213217559416e-07
grid-r048-c052,48,52,10.600000381469727,9.800000190734863,0.44999998807907104,-42.786675993440056,5.264200240162609e-07
grid-r048-c053,48,53,10.800000190734863,9.800000190734863,0.44999998807907104,-41.789991401529214,6.62217814806354e-07
grid-r048-c054,48,54,11.0,9.800000190734863,0.44999998807907104,-42.624929443471615,5.463954266815563e-07
grid-r048-c055,48,55,11.200000762939453,9.800000190734863,0.44999998807907104,-43.60828104558378,4.356842850938847e-07
grid-r048-c056,48,56,11.399999618530273,9.800000190734863,0.44999998807907104,-41.92088198248566,6.425572109947097e-07
grid-r048-c057,48,57,11.600000381469727,9.800000190734863,0.44999998807907104,-43.82364499867042,4.146059211507236e-07
grid-r049-c027,49,27,5.599999904632568,10.0,0.44999998807907104,-46.80062849865078,2.0889937957235816e-07
grid-r049-c028,49,28,5.800000190734863,10.0,0.44999998807907104,-45.93037681499632,2.552479827500065e-07
grid-r049-c029,49,29,6.0,10.0,0.44999998807907104,-47.570259382122686,1.7497421822554315e-07
grid-r049-c030,49,30,6.199999809265137,10.0,0.44999998807907104,-45.9500257043169,2.540957666496979e-07
grid-r049-c031,49,31,6.400000095367432,10.0,0.44999998807907104,-50.558450414029195,8.793362127335058e-08
grid-r049-c032,49,32,6.599999904632568,10.0,0.44999998807907104,-48.287809819508055,1.4832659189778497e-07
grid-r049-c033,49,33,6.800000190734863,10.0,0.44999998807907104,-39.90312980561258,1.0225558071397245e-06
grid-r049-c034,49,34,7.0,10.0,0.44999998807907104,-41.525753456403805,7.037601221782097e-07
grid-r049-c035,49,35,7.199999809265137,10.0,0.44999998807907104,-50.57618569380399,8.757525904456998e-08
grid-r049-c040,49,40,8.199999809265137,10.0,0.44999998807907104,-68.7775577551975,1.3250864849823074e-09
grid-r049-c041,49,41,8.399999618530273,10.0,0.44999998807907104,-49.921040572995224,1.0183473619918004e-07
grid-r049-c042,49,42,8.600000381469727,10.0,0.44999998807907104,-62.13321030093766,6.118979101188415e-09
grid-r049-c043,49,43,8.800000190734863,10.0,0.44999998807907104,-50.117135755843776,9.733889783092309e-08
grid-r049-c044,49,44,9.0,10.0,0.44999998807907104,-49.762162228054635,1.056291480949767e-07
grid-r049-c045,49,45,9.199999809265137,10.0,0.44999998807907104,-50.12603858313935,9.713956217183295e-08
grid-r049-c046,49,46,9.399999618530273,10.0,0.44999998807907104,-50.195489149372165,9.559850155937966e-08
grid-r049-c047,49,47,9.600000381469727,10.0,0.44999998807907104,-49.889356072898295,1.0258040106236876e-07
grid-r049-c048,49,48,9.800000190734863,10.0,0.44999998807907104,-46.32874383837954,2.3287647366032616e-07
grid-r049-c049,49,49,10.0,10.0,0.44999998807907104,-44.322967569595505,3.6957555948902154e-07
grid-r049-c050,49,50,10.200000762939453,10.0,0.44999998807907104,-43.998436013603104,3.982505631938693e-07
grid-r049-c051,49,51,10.399999618530273,10.0,0.44999998807907104,-43.827427611089824,4.1424496544095746e-07
grid-r049-c052,49,52,10.600000381469727,10.0,0.44999998807907104,-40.553635877999156,8.803115747468837e-07
grid-r049-c053,49,53,10.800000190734863,10.0,0.44999998807907104,-43.83298807222859,4.1371492898178985e-07
grid-r049-c054,49,54,11.0,10.0,0.44999998807907104,-44.047328054279134,3.937922770091973e-07
grid-r049-c055,49,55,11.200000762939453,10.0,0.44999998807907104,-43.23423674724087,4.748717401525937e-07
grid-r049-c056,49,56,11.399999618530273,10.0,0.44999998807907104,-43.784598744886516,4.1835033925963216e-07
grid-r049-c057,49,57,11.600000381469727,10.0,0.44999998807907104,-41.72171509909777,6.727109393978026e-07
grid-r050-c026,50,26,5.400000095367432,10.200000762939453,0.44999998807907104,-62.805566160874605,5.2413526852035375e-09
grid-r050-c027,50,27,5.599999904632568,10.200000762939453,0.44999998807907104,-63.847698082408115,4.123160035618412e-09
grid-r050-c028,50,28,5.800000190734863,10.200000762939453,0.44999998807907104,-50.56400988262665,8.782112814742504e-08
grid-r050-c029,50,29,6.0,10.200000762939453,0.44999998807907104,-50.38481862122468,9.152044810889493e-08
grid-r050-c030,50,30,6.199999809265137,10.200000762939453,0.44999998807907104,-49.08263480517783,1.2351978284641518e-07
grid-r050-c031,50,31,6.400000095367432,10.200000762939453,0.44999998807907104,-45.77707317433911,2.6441901468388096e-07
grid-r050-c032,50,32,6.599999904632568,10.200000762939453,0.44999998807907104,-46.606074438499135,2.18470376012192e-07
grid-r050-c033,50,33,6.800000190734863,10.200000762939453,0.44999998807907104,-42.311112428812734,5.873388886357134e-07
grid-r050-c034,50,34,7.0,10.200000762939453,0.44999998807907104,-41.46617950657145,7.134804036468267e-07
grid-r050-c035,50,35,7.199999809265137,10.200000762939453,0.44999998807907104,-47.85194352106632,1.639855753410302e-07
grid-r050-c040,50,40,8.199999809265137,10.200000762939453,0.44999998807907104,-64.96683450753706,3.1865192706703738e-09
grid-r050-c041,50,41,8.399999618530273,10.200000762939453,0.44999998807907104,-49.920459409781415,1.0184836440885192e-07
grid-r050-c042,50,42,8.600000381469727,10.200000762939453,0.44999998807907104,-49.91521064895042,1.0197152988666858e-07
grid-r050-c043,50,43,8.800000190734863,10.200000762939453,0.44999998807907104,-49.928795540926785,1.0165305752707354e-07
grid-r050-c044,50,44,9.0,10.200000762939453,0.44999998807907104,-49.93759817479328,1.0144722750737856e-07
grid-r050-c045,50,45,9.199999809265137,10.200000762939453,0.44999998807907104,-60.279033997537994,9.377705723068175e-09
grid-r050-c046,50,46,9.399999618530273,10.200000762939453,0.44999998807907104,-49.613116181417126,1.09317170426948e-07
grid-r050-c047,50,47,9.600000381469727,10.200000762939453,0.44999998807907104,-50.055625597141216,9.872734096916247e-08
grid-r050-c048,50,48,9.800000190734863,10.200000762939453,0.44999998807907104,-49.77980410955517,1.0520093240984352e-07
grid-r050-c049,50,49,10.0,10.200000762939453,0.44999998807907104,-46.3790140768416,2.301964343587315e-07
grid-r050-c050,50,50,10.200000762939453,10.200000762939453,0.44999998807907104,-45.4643319742562,2.841625246219337e-07
grid-r050-c051,50,51,10.399999618530273,10.200000762939453,0.44999998807907104,-41.61533414057019,6.893925501572085e-07
grid-r050-c052,50,52,10.600000381469727,10.200000762939453,0.44999998807907104,-40.80613652858142,8.305893288707011e-07
grid-r050-c053,50,53,10.800000190734863,10.200000762939453,0.44999998807907104,-42.451382686407015,5.686718509423372e-07
grid-r050-c054,50,54,11.0,10.200000762939453,0.44999998807907104,-43.85840307346249,4.113009310913185e-07
grid-r050-c055,50,55,11.200000762939453,10.200000762939453,0.44999998807907104,-44.80731740989836,3.3057366977118363e-07
grid-r050-c056,50,56,11.399999618530273,10.200000762939453,0.44999998807907104,-40.86723765689839,8.189855407181312e-07
grid-r050-c057,50,57,11.600000381469727,10.200000762939453,0.44999998807907104,-42.248450778091765,5.958746669421089e-07
grid-r051-c026,51,26,5.400000095367432,10.40000057220459,0.44999998807907104,-61.19451388890029,7.595364337475985e-09
grid-r051-c027,51,27,5.599999904632568,10.40000057220459,0.44999998807907104,-47.435789862922576,1.8047664696041466e-07
grid-r051-c028,51,28,5.800000190734863,10.40000057220459,0.44999998807907104,-47.415617335038206,1.813168921671604e-07
grid-r051-c029,51,29,6.0,10.40000057220459,0.44999998807907104,-45.6554756640638,2.7192706397727306e-07
grid-r051-c030,51,30,6.199999809265137,10.40000057220459,0.44999998807907104,-45.59495965376654,2.7574270689001423e-07
grid-r051-c031,51,31,6.400000095367432,10.40000057220459,0.44999998807907104,-47.31637656024867,1.855078721746395e-07
grid-r051-c032,51,32,6.599999904632568,10.40000057220459,0.44999998807907104,-47.25549943938316,1.881265347947192e-07
grid-r051-c033,51,33,6.800000190734863,10.40000057220459,0.44999998807907104,-41.456411704221395,7.150869123506709e-07
grid-r051-c034,51,34,7.0,10.40000057220459,0.44999998807907104,-40.280160951220836,9.375272611578112e-07
grid-r051-c035,51,35,7.199999809265137,10.40000057220459,0.44999998807907104,-50.170390455483414,9.615258278472538e-08
grid-r051-c040,51,40,8.199999809265137,10.40000057220459,0.44999998807907104,-49.79214172676241,1.0490249735539692e-07
grid-r051-c041,51,41,8.399999618530273,10.40000057220459,0.44999998807907104,-63.1383253946302,4.8547565967282935e-09
grid-r051-c042,51,42,8.600000381469727,10.40000057220459,0.44999998807907104,-49.92070574319109,1.0184258769641019e-07
grid-r051-c043,51,43,8.800000190734863,10.40000057220459,0.44999998807907104,-49.86000018875461,1.0327613608751562e-07
grid-r051-c044,51,44,9.0,10.40000057220459,0.44999998807907104,-63.695823873668644,4.269899100961538e-09
grid-r051-c045,51,45,9.199999809265137,10.40000057220459,0.44999998807907104,-49.990266066775305,1.0022438345913542e-07
grid-r051-c046,51,46,9.399999618530273,10.40000057220459,0.44999998807907104,-49.84340484478207,1.0367153180368405e-07
grid-r051-c047,51,47,9.600000381469727,10.40000057220459,0.44999998807907104,-49.91733131235415,1.0192174926260122e-07
grid-r051-c048,51,48,9.800000190734863,10.40000057220459,0.44999998807907104,-50.0005267354246,9.998787220411032e-08
grid-r051-c049,51,49,10.0,10.40000057220459,0.44999998807907104,-57.51670097495888,1.7714540945235058e-08
grid-r051-c050,51,50,10.200000762939453,10.40000057220459,0.44999998807907104,-42.904681225290304,5.123088726577407e-07
grid-r051-c051,51,51,10.399999618530273,10.40000057220459,0.44999998807907104,-44.03909121314625,3.945398532323452e-07
grid-r051-c052,51,52,10.600000381469727,10.40000057220459,0.44999998807907104,-41.43966940160521,7.178489340731176e-07
grid-r051-c053,51,53,10.800000190734863,10.40000057220459,0.44999998807907104,-44.95600494830482,3.1944750844559167e-07
grid-r051-c054,51,54,11.0,10.40000057220459,0.44999998807907104,-41.90045476293898,6.455866241594777e-07
grid-r051-c055,51,55,11.200000762939453,10.40000057220459,0.44999998807907104,-40.74386073806468,8.425853934568295e-07
grid-r051-c056,51,56,11.399999618530273,10.40000057220459,0.44999998807907104,-43.62927173374434,4.3358357970646466e-07
grid-r051-c057,51,57,11.600000381469727,10.40000057220459,0.44999998807907104,-42.79823189236361,5.250211643215152e-07
grid-r052-c026,52,26,5.400000095367432,10.600000381469727,0.44999998807907104,-72.97834009425053,5.036930872392986e-10
grid-r052-c027,52,27,5.599999904632568,10.600000381469727,0.44999998807907104,-45.83323557153018,2.610215972254082e-07
grid-r052-c028,52,28,5.800000190734863,10.600000381469727,0.44999998807907104,-50.015849669511866,9.96357130134129e-08
grid-r052-c029,52,29,6.0,10.600000381469727,0.44999998807907104,-50.20435723737283,9.54034931055503e-08
grid-r052-c030,52,30,6.199999809265137,10.600000381469727,0.44999998807907104,-47.18503941959682,1.9120359695534717e-07
grid-r052-c031,52,31,6.400000095367432,10.600000381469727,0.44999998807907104,-41.931872738409474,6.409331376744376e-07
grid-r052-c032,52,32,6.599999904632568,10.600000381469727,0.44999998807907104,-50.11580193613874,9.736879746924387e-08
grid-r052-c033,52,33,6.800000190734863,10.600000381469727,0.44999998807907104,-45.769881827286184,2.6485722059987893e-07
grid-r052-c034,52,34,7.0,10.600000381469727,0.44999998807907104,-42.392166721074894,5.764787829320994e-07
grid-r052-c035,52,35,7.199999809265137,10.600000381469727,0.44999998807907104,-47.51887830613535,1.7705662003209e-07
grid-r052-c041,52,41,8.399999618530273,10.600000381469727,0.44999998807907104,-49.596955047626864,1.0972472352932527e-07
grid-r052-c042,52,42,8.600000381469727,10.600000381469727,0.44999998807907104,-49.73458984992443,1.0630189706262172e-07
grid-r052-c043,52,43,8.800000190734863,10.600000381469727,0.44999998807907104,-52.12306062359488,6.133296182042614e-08
grid-r052-c044,52,44,9.0,10.600000381469727,0.44999998807907104,-46.591006294564664,2.1922969040133466e-07
grid-r052-c045,52,45,9.199999809265137,10.600000381469727,0.44999998807907104,-49.802027447697725,1.0466398236985697e-07
grid-r052-c046,52,46,9.399999618530273,10.600000381469727,0.44999998807907104,-49.79479500878708,1.0483842771691343e-07
grid-r052-c047,52,47,9.600000381469727,10.600000381469727,0.44999998807907104,-49.39697842526252,1.1489527196317795e-07
grid-r052-c048,52,48,9.800000190734863,10.600000381469727,0.44999998807907104,-49.823314938169204,1.0415221396442575e-07
grid-r052-c049,52,49,10.0,10.600000381469727,0.44999998807907104,-49.99540200208321,1.0010592887965686e-07
grid-r052-c050,52,50,10.200000762939453,10.600000381469727,0.44999998807907104,-44.97318258654548,3.181864940415835e-07
grid-r052-c051,52,51,10.399999618530273,10.600000381469727,0.44999998807907104,-45.94618102318782,2.5432080974496785e-07
grid-r052-c052,52,52,10.600000381469727,10.600000381469727,0.44999998807907104,-47.32703910480703,1.8505298271520587e-07
grid-r052-c053,52,53,10.800000190734863,10.600000381469727,0.44999998807907104,-40.54858990675594,8.813349836600537e-07
grid-r052-c054,52,54,11.0,10.600000381469727,0.44999998807907104,-42.47708733373358,5.653159860230517e-07
grid-r052-c055,52,55,11.200000762939453,10.600000381469727,0.44999998807907104,-44.31780817819819,3.700148738516873e-07
grid-r052-c056,52,56,11.399999618530273,10.600000381469727,0.44999998807907104,-44.45148002720215,3.5879963888874045e-07
grid-r052-c057,52,57,11.600000381469727,10.600000381469727,0.44999998807907104,-42.6371885667897,5.448552542475227e-07
grid-r053-c026,53,26,5.400000095367432,10.800000190734863,0.44999998807907104,-47.13170807611051,1.935660520757665e-07
grid-r053-c027,53,27,5.599999904632568,10.800000190734863,0.44999998807907104,-47.055950754158374,1.969721949990344e-07
grid-r053-c028,53,28,5.800000190734863,10.800000190734863,0.44999998807907104,-44.00240009952215,3.9788722006051103e-07
grid-r053-c029,53,29,6.0,10.800000190734863,0.44999998807907104,-49.49630574233308,1.1229732876927301e-07
grid-r053-c030,53,30,6.199999809265137,10.800000190734863,0.44999998807907104,-46.89179052939265,2.0456010929592594e-07
grid-r053-c031,53,31,6.400000095367432,10.800000190734863,0.44999998807907104,-45.243578032887996,2.989800407249277e-07
grid-r053-c032,53,32,6.599999904632568,10.800000190734863,0.44999998807907104,-45.204789050900956,3.0166233955242205e-07
grid-r053-c033,53,33,6.800000190734863,10.800000190734863,0.44999998807907104,-46.05141689230611,2.482323111507867e-07
grid-r053-c034,53,34,7.0,10.800000190734863,0.44999998807907104,-41.008244355435465,7.928217655717162e-07
grid-r053-c035,53,35,7.199999809265137,10.800000190734863,0.44999998807907104,-49.808660373983784,1.045042523628581e-07
grid-r053-c041,53,41,8.399999618530273,10.800000190734863,0.44999998807907104,-49.519455132403806,1.1170033786811473e-07
grid-r053-c042,53,42,8.600000381469727,10.800000190734863,0.44999998807907104,-49.46553818671039,1.1309572300888249e-07
grid-r053-c043,53,43,8.800000190734863,10.800000190734863,0.44999998807907104,-49.0384536897175,1.2478277255922876e-07
grid-r053-c044,53,44,9.0,10.800000190734863,0.44999998807907104,-61.90867454674404,6.443658939758734e-09
grid-r053-c045,53,45,9.199999809265137,10.800000190734863,0.44999998807907104,-49.67224205462681,1.0783898574118211e-07
grid-r053-c046,53,46,9.399999618530273,10.800000190734863,0.44999998807907104,-49.57207496318661,1.1035512414991899e-07
grid-r053-c047,53,47,9.600000381469727,10.800000190734863,0.44999998807907104,-49.76270768732665,1.0561588226210006e-07
grid-r053-c048,53,48,9.800000190734863,10.800000190734863,0.44999998807907104,-48.17192023913215,1.5233790406909975e-07
grid-r053-c049,53,49,10.0,10.800000190734863,0.44999998807907104,-49.76050844738525,1.0566937902467544e-07
grid-r053-c050,53,50,10.200000762939453,10.800000190734863,0.44999998807907104,-47.60633406282362,1.735268142510904e-07
grid-r053-c051,53,51,10.399999618530273,10.800000190734863,0.44999998807907104,-47.35723239257297,1.8377090782450978e-07
grid-r053-c052,53,52,10.600000381469727,10.800000190734863,0.44999998807907104,-43.355483174681304,4.617976117060607e-07
grid-r053-c053,53,53,10.800000190734863,10.800000190734863,0.44999998807907104,-40.46454777979094,8.985561521512864e-07
grid-r053-c054,53,54,11.0,10.800000190734863,0.44999998807907104,-43.64807842024943,4.3171004904252186e-07
grid-r053-c055,53,55,11.200000762939453,10.800000190734863,0.44999998807907104,-44.67267046271736,3.4098317769348796e-07
grid-r053-c056,53,56,11.399999618530273,10.800000190734863,0.44999998807907104,-43.52838160970827,4.4377398467077e-07
grid-r053-c057,53,57,11.600000381469727,10.800000190734863,0.44999998807907104,-43.44679952796102,4.521890559772146e-07
grid-r054-c026,54,26,5.400000095367432,11.0,0.44999998807907104,-49.93620128889917,1.0147986273523202e-07
grid-r054-c027,54,27,5.599999904632568,11.0,0.44999998807907104,-48.01444585277841,1.579630151127276e-07
grid-r054-c028,54,28,5.800000190734863,11.0,0.44999998807907104,-49.88043322775938,1.0279137541147065e-07
grid-r054-c029,54,29,6.0,11.0,0.44999998807907104,-46.87007773356035,2.0558537983106362e-07
grid-r054-c030,54,30,6.199999809265137,11.0,0.44999998807907104,-49.7925473970849,1.0489269897107079e-07
grid-r054-c031,54,31,6.400000095367432,11.0,0.44999998807907104,-49.2412339588648,1.1909035890766972e-07
grid-r054-c032,54,32,6.599999904632568,11.0,0.44999998807907104,-46.5944292047719,2.190569716731261e-07
grid-r054-c033,54,33,6.800000190734863,11.0,0.44999998807907104,-48.01822757078901,1.57825525093358e-07
grid-r054-c034,54,34,7.0,11.0,0.44999998807907104,-45.043462603024096,3.1307885706155503e-07
grid-r054-c035,54,35,7.199999809265137,11.0,0.44999998807907104,-45.14234521106434,3.0603104050896945e-07
grid-r054-c040,54,40,8.199999809265137,11.0,0.44999998807907104,-66.4139018966114,2.2835462409886986e-09
grid-r054-c041,54,41,8.399999618530273,11.0,0.44999998807907104,-49.398959379919404,1.14842876541843e-07
grid-r054-c042,54,42,8.600000381469727,11.0,0.44999998807907104,-48.34837954346881,1.4627228495101008e-07
grid-r054-c043,54,43,8.800000190734863,11.0,0.44999998807907104,-58.60539177860973,1.3786715769015245e-08
grid-r054-c044,54,44,9.0,11.0,0.44999998807907104,-49.59796536277037,1.0969920083425677e-07
grid-r054-c045,54,45,9.199999809265137,11.0,0.44999998807907104,-63.107038839476076,4.889856519696423e-09
grid-r054-c046,54,46,9.399999618530273,11.0,0.44999998807907104,-49.67173444838299,1.078515907693145e-07
grid-r054-c047,54,47,9.600000381469727,11.0,0.44999998807907104,-63.48054107454175,4.486894855659784e-09
grid-r054-c048,54,48,9.800000190734863,11.0,0.44999998807907104,-63.670066659232134,4.295298339229703e-09
grid-r054-c049,54,49,10.0,11.0,0.44999998807907104,-48.931037069624466,1.2790758319169981e-07
grid-r054-c050,54,50,10.200000762939453,11.0,0.44999998807907104,-49.44060566580622,1.1374686437193304e-07
grid-r054-c051,54,51,10.399999618530273,11.0,0.44999998807907104,-47.34695319668171,1.8420638525640243e-07
grid-r054-c052,54,52,10.600000381469727,11.0,0.44999998807907104,-49.460748443251376,1.1322052273499139e-07
grid-r054-c053,54,53,10.800000190734863,11.0,0.44999998807907104,-43.606499671482595,4.358630292244925e-07
grid-r054-c054,54,54,11.0,11.0,0.44999998807907104,-42.693667925538335,5.378153673518682e-07
grid-r054-c055,54,55,11.200000762939453,11.0,0.44999998807907104,-43.473483874717125,4.4941918986296514e-07
grid-r054-c056,54,56,11.399999618530273,11.0,0.44999998807907104,-43.22440299997304,4.7594821239727025e-07
grid-r054-c057,54,57,11.600000381469727,11.0,0.44999998807907104,-43.22978277381564,4.7535900193906855e-07
grid-r055-c026,55,26,5.400000095367432,11.200000762939453,0.44999998807907104,-49.81140856969009,1.0443814346672298e-07
grid-r055-c027,55,27,5.599999904632568,11.200000762939453,0.44999998807907104,-49.054791680342646,1.2431422646841384e-07
grid-r055-c028,55,28,5.800000190734863,11.200000762939453,0.44999998807907104,-49.59969627051329,1.0965548824515281e-07
grid-r055-c029,55,29,6.0,11.200000762939453,0.44999998807907104,-49.56612853361386,1.1050632764408874e-07
grid-r055-c030,55,30,6.199999809265137,11.200000762939453,0.44999998807907104,-46.72841369175195,2.1240201419914229e-07
grid-r055-c031,55,31,6.400000095367432,11.200000762939453,0.44999998807907104,-46.57649918950054,2.1996322630002396e-07
grid-r055-c032,55,32,6.599999904632568,11.200000762939453,0.44999998807907104,-41.191982443405585,7.599792866130883e-07
grid-r055-c033,55,33,6.800000190734863,11.200000762939453,0.44999998807907104,-44.785509716967354,3.322377892800432e-07
grid-r055-c034,55,34,7.0,11.200000762939453,0.44999998807907104,-44.18918533322925,3.811373119333439e-07
grid-r055-c035,55,35,7.199999809265137,11.200000762939453,0.44999998807907104,-53.03898418787844,4.967084876739136e-08
grid-r055-c040,55,40,8.199999809265137,11.200000762939453,0.44999998807907104,-66.87210944443804,2.054892256353469e-09
grid-r055-c041,55,41,8.399999618530273,11.200000762939453,0.44999998807907104,-67.03640300291185,1.9786077221084497e-09
grid-r055-c042,55,42,8.600000381469727,11.200000762939453,0.44999998807907104,-61.32552155735763,7.369666654710727e-09
grid-r055-c043,55,43,8.800000190734863,11.200000762939453,0.44999998807907104,-49.12189856888945,1.2240809610375436e-07
grid-r055-c044,55,44,9.0,11.200000762939453,0.44999998807907104,-49.27897479233296,1.1805992983227043e-07
grid-r055-c045,55,45,9.199999809265137,11.200000762939453,0.44999998807907104,-49.47544530166863,1.1283802336947701e-07
grid-r055-c046,55,46,9.399999618530273,11.200000762939453,0.44999998807907104,-49.421837415126205,1.1423949075606288e-07
grid-r055-c047,55,47,9.600000381469727,11.200000762939453,0.44999998807907104,-49.374420060307685,1.1549362000096153e-07
grid-r055-c048,55,48,9.800000190734863,11.200000762939453,0.44999998807907104,-60.87614203391206,8.173080878748351e-09
grid-r055-c049,55,49,10.0,11.200000762939453,0.44999998807907104,-49.48256670638665,1.126531472550596e-07
grid-r055-c050,55,50,10.200000762939453,11.200000762939453,0.44999998807907104,-49.56251547333534,1.1059830029580553e-07
grid-r055-c051,55,51,10.399999618530273,11.200000762939453,0.44999998807907104,-49.53368183049031,1.1133502653137839e-07
grid-r055-c052,55,52,10.600000381469727,11.200000762939453,0.44999998807907104,-45.819987985514075,2.6181902512689703e-07
grid-r055-c053,55,53,10.800000190734863,11.200000762939453,0.44999998807907104,-47.21802545225414,1.897568466802113e-07
grid-r055-c054,55,54,11.0,11.200000762939453,0.44999998807907104,-41.5323693694435,7.026888511063589e-07
grid-r055-c055,55,55,11.200000762939453,11.200000762939453,0.44999998807907104,-43.4005214702578,4.570333089759515e-07
grid-r055-c056,55,56,11.399999618530273,11.200000762939453,0.44999998807907104,-43.35657412246643,4.6168162270987523e-07
grid-r055-c057,55,57,11.600000381469727,11.200000762939453,0.44999998807907104,-41.88985286564777,6.471645406236348e-07
grid-r056-c026,56,26,5.400000095367432,11.40000057220459,0.44999998807907104,-46.61485876509974,2.1802893002131896e-07
grid-r056-c027,56,27,5.599999904632568,11.40000057220459,0.44999998807907104,-49.413562045681914,1.1445737868598371e-07
grid-r056-c028,56,28,5.800000190734863,11.40000057220459,0.44999998807907104,-46.60690251255116,2.1842872399702173e-07
grid-r056-c029,56,29,6.0,11.40000057220459,0.44999998807907104,-46.55360801999008,2.211256884265822e-07
grid-r056-c030,56,30,6.199999809265137,11.40000057220459,0.44999998807907104,-44.80868088198753,3.304699021100532e-07
grid-r056-c031,56,31,6.400000095367432,11.40000057220459,0.44999998807907104,-46.49133370940268,2.2431929380672955e-07
grid-r056-c032,56,32,6.599999904632568,11.40000057220459,0.44999998807907104,-49.22163759607818,1.1962893609052117e-07
grid-r056-c033,56,33,6.800000190734863,11.40000057220459,0.44999998807907104,-49.31466872309613,1.1709359171163669e-07
grid-r056-c034,56,34,7.0,11.40000057220459,0.44999998807907104,-47.066280616142166,1.9650424576411751e-07
grid-r056-c035,56,35,7.199999809265137,11.40000057220459,0.44999998807907104,-47.85927547651043,1.637089610539988e-07
grid-r056-c040,56,40,8.199999809265137,11.40000057220459,0.44999998807907104,-63.66398810401773,4.301314415755542e-09
grid-r056-c041,56,41,8.399999618530273,11.40000057220459,0.44999998807907104,-49.30133422053413,1.1745366634841048e-07
grid-r056-c042,56,42,8.600000381469727,11.40000057220459,0.44999998807907104,-49.25091243523261,1.1882525541295763e-07
grid-r056-c043,56,43,8.800000190734863,11.40000057220459,0.44999998807907104,-62.28345980689383,5.910905542805267e-09
grid-r056-c044,56,44,9.0,11.40000057220459,0.44999998807907104,-47.82750972507009,1.6491077303726343e-07
grid-r056-c045,56,45,9.199999809265137,11.40000057220459,0.44999998807907104,-49.28034489987692,1.1802269028748924e-07
grid-r056-c046,56,46,9.399999618530273,11.40000057220459,0.44999998807907104,-55.00987946739028,3.1550921875123095e-08
grid-r056-c047,56,47,9.600000381469727,11.40000057220459,0.44999998807907104,-49.476339659913634,1.1281478862201766e-07
grid-r056-c048,56,48,9.800000190734863,11.40000057220459,0.44999998807907104,-48.42972092439416,1.4355816801980836e-07
grid-r056-c049,56,49,10.0,11.40000057220459,0.44999998807907104,-49.389815956205894,1.1508491581935232e-07
grid-r056-c050,56,50,10.200000762939453,11.40000057220459,0.44999998807907104,-48.111892528179126,1.5445812096004374e-07
grid-r056-c051,56,51,10.399999618530273,11.40000057220459,0.44999998807907104,-49.42329685365168,1.1420110723747712e-07
grid-r056-c052,56,52,10.600000381469727,11.40000057220459,0.44999998807907104,-55.36845900342432,2.905053264612434e-08
grid-r056-c053,56,53,10.800000190734863,11.40000057220459,0.44999998807907104,-46.081689916234566,2.465079944613535e-07
grid-r056-c054,56,54,11.0,11.40000057220459,0.44999998807907104,-43.30567227688821,4.6712463586118247e-07
grid-r056-c055,56,55,11.200000762939453,11.40000057220459,0.44999998807907104,-43.345037221587575,4.6290969635265355e-07
grid-r056-c056,56,56,11.399999618530273,11.40000057220459,0.44999998807907104,-44.06170057911048,3.924912164166017e-07
grid-r056-c057,56,57,11.600000381469727,11.40000057220459,0.44999998807907104,-46.66105425513358,2.157220677645455e-07
grid-r057-c026,57,26,5.400000095367432,11.600000381469727,0.44999998807907104,-66.51922966914967,2.2288304535322823e-09
grid-r057-c027,57,27,5.599999904632568,11.600000381469727,0.44999998807907104,-46.44899657232767,2.2651676090390538e-07
grid-r057-c028,57,28,5.800000190734863,11.600000381469727,0.44999998807907104,-49.14928207774065,1.216387062186186e-07
grid-r057-c029,57,29,6.0,11.600000381469727,0.44999998807907104,-49.36147302445204,1.1583843928519855e-07
grid-r057-c030,57,30,6.199999809265137,11.600000381469727,0.44999998807907104,-49.309977665848834,1.1722013937287556e-07
grid-r057-c031,57,31,6.400000095367432,11.600000381469727,0.44999998807907104,-49.34709753476076,1.1622250895015895e-07
grid-r057-c032,57,32,6.599999904632568,11.600000381469727,0.44999998807907104,-46.35409610942388,2.3152099970502604e-07
grid-r057-c033,57,33,6.800000190734863,11.600000381469727,0.44999998807907104,-46.24362574105554,2.3748567912207363e-07
grid-r057-c034,57,34,7.0,11.600000381469727,0.44999998807907104,-49.232687844856684,1.1932493748645356e-07
grid-r057-c035,57,35,7.199999809265137,11.600000381469727,0.44999998807907104,-52.929884738156915,5.093443888881666e-08
grid-r057-c041,57,41,8.399999618530273,11.600000381469727,0.44999998807907104,-49.11059925347361,1.227269876835635e-07
grid-r057-c042,57,42,8.600000381469727,11.600000381469727,0.44999998807907104,-49.21838449700509,1.1971857816206466e-07
grid-r057-c043,57,43,8.800000190734863,11.600000381469727,0.44999998807907104,-49.20494465078174,1.200896377895333e-07
grid-r057-c044,57,44,9.0,11.600000381469727,0.44999998807907104,-49.211349782341046,1.1991265580491017e-07
grid-r057-c045,57,45,9.199999809265137,11.600000381469727,0.44999998807907104,-62.39162950794922,5.76550096553774e-09
grid-r057-c046,57,46,9.399999618530273,11.600000381469727,0.44999998807907104,-49.007578794029754,1.2567303997457202e-07
grid-r057-c047,57,47,9.600000381469727,11.600000381469727,0.44999998807907104,-49.2409212144635,1.1909893515849035e-07
grid-r057-c048,57,48,9.800000190734863,11.600000381469727,0.44999998807907104,-59.4333409481048,1.1393729515418727e-08
grid-r057-c049,57,49,10.0,11.600000381469727,0.44999998807907104,-49.35657070924523,1.1596927151913405e-07
grid-r057-c050,57,50,10.200000762939453,11.600000381469727,0.44999998807907104,-47.951177135078794,1.6028108973387134e-07
grid-r057-c051,57,51,10.399999618530273,11.600000381469727,0.44999998807907104,-48.6485173113401,1.3650490870986687e-07
grid-r057-c052,57,52,10.600000381469727,11.600000381469727,0.44999998807907104,-49.42838981712609,1.1406726230234199e-07
grid-r057-c053,57,53,10.800000190734863,11.600000381469727,0.44999998807907104,-47.15746381979221,1.9242150983700412e-07
grid-r057-c054,57,54,11.0,11.600000381469727,0.44999998807907104,-57.20474004873202,1.903382162993239e-08
grid-r057-c055,57,55,11.200000762939453,11.600000381469727,0.44999998807907104,-41.343045305693586,7.33999002022756e-07
grid-r057-c056,57,56,11.399999618530273,11.600000381469727,0.44999998807907104,-43.22957426812917,4.7538182457174116e-07
grid-r057-c057,57,57,11.600000381469727,11.600000381469727,0.44999998807907104,-43.08255957085605,4.91749631237326e-07
grid-r058-c026,58,26,5.400000095367432,11.80000114440918,0.44999998807907104,-42.67063308807571,5.406755008152686e-07
grid-r058-c027,58,27,5.599999904632568,11.80000114440918,0.44999998807907104,-42.32255798654488,5.857930318597937e-07
grid-r058-c028,58,28,5.800000190734863,11.80000114440918,0.44999998807907104,-49.263656493510496,1.1847708236700782e-07
grid-r058-c029,58,29,6.0,11.80000114440918,0.44999998807907104,-49.20672781947641,1.2004034033452626e-07
grid-r058-c030,58,30,6.199999809265137,11.80000114440918,0.44999998807907104,-48.85853254543744,1.300608971632755e-07
grid-r058-c031,58,31,6.400000095367432,11.80000114440918,0.44999998807907104,-49.156842009035685,1.214271492244734e-07
grid-r058-c032,58,32,6.599999904632568,11.80000114440918,0.44999998807907104,-46.16432084711515,2.4186215341615025e-07
grid-r058-c033,58,33,6.800000190734863,11.80000114440918,0.44999998807907104,-46.08569409542778,2.462808197378763e-07
grid-r058-c034,58,34,7.0,11.80000114440918,0.44999998807907104,-47.444091504518184,1.8013199110100686e-07
grid-r058-c035,58,35,7.199999809265137,11.80000114440918,0.44999998807907104,-52.783714198189756,5.267791536311961e-08
grid-r058-c040,58,40,8.199999809265137,11.80000114440918,0.44999998807907104,-49.21690109255432,1.19759477001935e-07
grid-r058-c041,58,41,8.399999618530273,11.80000114440918,0.44999998807907104,-59.10410796500943,1.2291056172841763e-08
grid-r058-c042,58,42,8.600000381469727,11.80000114440918,0.44999998807907104,-49.228635267485686,1.1943633637656603e-07
grid-r058-c043,58,43,8.800000190734863,11.80000114440918,0.44999998807907104,-49.0729324081621,1.237960418620787e-07
grid-r058-c044,58,44,9.0,11.80000114440918,0.44999998807907104,-61.99184419590365,6.321433598799331e-09
grid-r058-c045,58,45,9.199999809265137,11.80000114440918,0.44999998807907104,-49.20687280800766,1.2003633287349658e-07
grid-r058-c046,58,46,9.399999618530273,11.80000114440918,0.44999998807907104,-61.02166043293036,7.9037638656132e-09
grid-r058-c047,58,47,9.600000381469727,11.80000114440918,0.44999998807907104,-49.142906972180754,1.2181739350580756e-07
grid-r058-c048,58,48,9.800000190734863,11.80000114440918,0.44999998807907104,-49.29015190928803,1.1775647834610936e-07
grid-r058-c049,58,49,10.0,11.80000114440918,0.44999998807907104,-49.16507350441431,1.2119721759518143e-07
grid-r058-c050,58,50,10.200000762939453,11.80000114440918,0.44999998807907104,-49.194132310377285,1.2038898944410903e-07
grid-r058-c051,58,51,10.399999618530273,11.80000114440918,0.44999998807907104,-61.87661905448229,6.491395865282357e-09
grid-r058-c052,58,52,10.600000381469727,11.80000114440918,0.44999998807907104,-49.41274656190849,1.1447887260374046e-07
grid-r058-c053,58,53,10.800000190734863,11.80000114440918,0.44999998807907104,-49.29653235177072,1.1758360329849893e-07
grid-r058-c054,58,54,11.0,11.80000114440918,0.44999998807907104,-46.898700559444805,2.0423489388576854e-07
grid-r058-c055,58,55,11.200000762939453,11.80000114440918,0.44999998807907104,-46.229345898085114,2.3826783035474364e-07
grid-r058-c056,58,56,11.399999618530273,11.80000114440918,0.44999998807907104,-42.59008895359679,5.507964147000166e-07
grid-r058-c057,58,57,11.600000381469727,11.80000114440918,0.44999998807907104,-43.0611545935647,4.941792894896935e-07
grid-r059-c026,59,26,5.400000095367432,12.0,0.44999998807907104,-49.20464761281579,1.2009785166355869e-07
grid-r059-c027,59,27,5.599999904632568,12.0,0.44999998807907104,-47.804109244976345,1.6580173678448773e-07
grid-r059-c028,59,28,5.800000190734863,12.0,0.44999998807907104,-45.48510923958288,2.828062974913337e-07
grid-r059-c029,59,29,6.0,12.0,0.44999998807907104,-46.164552551380794,2.4184924996006885e-07
grid-r059-c030,59,30,6.199999809265137,12.0,0.44999998807907104,-44.347765390047826,3.6747132980963215e-07
grid-r059-c031,59,31,6.400000095367432,12.0,0.44999998807907104,-48.21545155532955,1.5081857895893336e-07
grid-r059-c032,59,32,6.599999904632568,12.0,0.44999998807907104,-47.703571421082984,1.6968476757028839e-07
grid-r059-c033,59,33,6.800000190734863,12.0,0.44999998807907104,-48.09301712431707,1.5513089124397084e-07
grid-r059-c034,59,34,7.0,12.0,0.44999998807907104,-72.54592052317761,5.564266825075492e-10
grid-r059-c041,59,41,8.399999618530273,12.0,0.44999998807907104,-48.928417336645765,1.2798476234365808e-07
grid-r059-c042,59,42,8.600000381469727,12.0,0.44999998807907104,-53.79790709631605,4.170703249428698e-08
grid-r059-c043,59,43,8.800000190734863,12.0,0.44999998807907104,-60.333033835397515,9.26182597282832e-09
grid-r059-c044,59,44,9.0,12.0,0.44999998807907104,-49.073450918018224,1.237812625731749e-07
grid-r059-c045,59,45,9.199999809265137,12.0,0.44999998807907104,-63.65021041272922,4.314981705277887e-09
grid-r059-c046,59,46,9.399999618530273,12.0,0.44999998807907104,-49.08204775326841,1.2353648060070554e-07
grid-r059-c047,59,47,9.600000381469727,12.0,0.44999998807907104,-48.80295803118824,1.3173591639770166e-07
grid-r059-c048,59,48,9.800000190734863,12.0,0.44999998807907104,-64.0789009816107,3.909398138546294e-09
grid-r059-c049,59,49,10.0,12.0,0.44999998807907104,-49.00599531275276,1.2571886998102855e-07
grid-r059-c050,59,50,10.200000762939453,12.0,0.44999998807907104,-62.69114456696968,5.381279422067564e-09
grid-r059-c051,59,51,10.399999618530273,12.0,0.44999998807907104,-49.161986137193225,1.2128340642902913e-07
grid-r059-c052,59,52,10.600000381469727,12.0,0.44999998807907104,-48.29231964469324,1.4817264570865518e-07
grid-r059-c053,59,53,10.800000190734863,12.0,0.44999998807907104,-61.84139851049386,6.54425402757397e-09
grid-r059-c054,59,54,11.0,12.0,0.44999998807907104,-49.11617675629327,1.225694745699002e-07
grid-r059-c055,59,55,11.200000762939453,12.0,0.44999998807907104,-46.87784517425287,2.0521801502582093e-07
grid-r059-c056,59,56,11.399999618530273,12.0,0.44999998807907104,-44.44276926157748,3.5952001553596347e-07
grid-r059-c057,59,57,11.600000381469727,12.0,0.44999998807907104,-42.9540243070456,5.065211325927521e-07
grid-r060-c026,60,26,5.400000095367432,12.200000762939453,0.44999998807907104,-48.880042255274304,1.2941832494561822e-07
grid-r060-c027,60,27,5.599999904632568,12.200000762939453,0.44999998807907104,-45.93528506660873,2.5495967292954447e-07
grid-r060-c028,60,28,5.800000190734863,12.200000762939453,0.44999998807907104,-46.00467261667612,2.509185321741825e-07
grid-r060-c029,60,29,6.0,12.200000762939453,0.44999998807907104,-46.00064166010971,2.511515333480929e-07
grid-r060-c030,60,30,6.199999809265137,12.200000762939453,0.44999998807907104,-48.89950241886555,1.2883971578503406e-07
grid-r060-c031,60,31,6.400000095367432,12.200000762939453,0.44999998807907104,-45.88204268883479,2.5810459192143753e-07
grid-r060-c032,60,32,6.599999904632568,12.200000762939453,0.44999998807907104,-48.79228770439137,1.3205998072862712e-07
grid-r060-c033,60,33,6.800000190734863,12.200000762939453,0.44999998807907104,-48.29018092164472,1.4824563265847246e-07
grid-r060-c040,60,40,8.199999809265137,12.200000762939453,0.44999998807907104,-84.08077566999863,3.907710960371347e-11
grid-r060-c041,60,41,8.399999618530273,12.200000762939453,0.44999998807907104,-61.05565688966068,7.842134941427048e-09
grid-r060-c042,60,42,8.600000381469727,12.200000762939453,0.44999998807907104,-48.831478510178655,1.3087363015529263e-07
grid-r060-c043,60,43,8.800000190734863,12.200000762939453,0.44999998807907104,-63.1629591982081,4.8272976727048444e-09
grid-r060-c044,60,44,9.0,12.200000762939453,0.44999998807907104,-48.91975564387681,1.282402735114374e-07
grid-r060-c045,60,45,9.199999809265137,12.200000762939453,0.44999998807907104,-49.022067050959805,1.2525448767064518e-07
grid-r060-c046,60,46,9.399999618530273,12.200000762939453,0.44999998807907104,-48.68096590291134,1.354888041760205e-07
grid-r060-c047,60,47,9.600000381469727,12.200000762939453,0.44999998807907104,-49.03198623520565,1.249687358040319e-07
grid-r060-c048,60,48,9.800000190734863,12.200000762939453,0.44999998807907104,-63.795553876903384,4.1729637523246765e-09
grid-r060-c049,60,49,10.0,12.200000762939453,0.44999998807907104,-60.258851050751346,9.421388114105866e-09
grid-r060-c050,60,50,10.200000762939453,12.200000762939453,0.44999998807907104,-61.183715694113914,7.614272767852981e-09
grid-r060-c051,60,51,10.399999618530273,12.200000762939453,0.44999998807907104,-48.99382498890522,1.2607166866018815e-07
grid-r060-c052,60,52,10.600000381469727,12.200000762939453,0.44999998807907104,-49.03309509061951,1.2493683243519627e-07
grid-r060-c053,60,53,10.800000190734863,12.200000762939453,0.44999998807907104,-49.01632804716493,1.2542011518235086e-07
grid-r060-c054,60,54,11.0,12.200000762939453,0.44999998807907104,-49.11550510410672,1.2258843185009027e-07
grid-r060-c055,60,55,11.200000762939453,12.200000762939453,0.44999998807907104,-48.89835962460383,1.2887362288438453e-07
grid-r060-c056,60,56,11.399999618530273,12.200000762939453,0.44999998807907104,-46.811447633649806,2.0837961756114964e-07
grid-r060-c057,60,57,11.600000381469727,12.200000762939453,0.44999998807907104,-46.431128069464734,2.274506556432243e-07
grid-r061-c026,61,26,5.400000095367432,12.40000057220459,0.44999998807907104,-45.95572128823184,2.5376274948030186e-07
grid-r061-c027,61,27,5.599999904632568,12.40000057220459,0.44999998807907104,-48.78299757488212,1.3234277673745964e-07
grid-r061-c028,61,28,5.800000190734863,12.40000057220459,0.44999998807907104,-48.76847389080913,1.3278609856115509e-07
grid-r061-c029,61,29,6.0,12.40000057220459,0.44999998807907104,-48.59369408722901,1.382390024673441e-07
grid-r061-c030,61,30,6.199999809265137,12.40000057220459,0.44999998807907104,-48.73749887902622,1.3373654894621723e-07
grid-r061-c031,61,31,6.400000095367432,12.40000057220459,0.44999998807907104,-48.720543957262436,1.3425967892999324e-07
grid-r061-c032,61,32,6.599999904632568,12.40000057220459,0.44999998807907104,-48.67731649722279,1.3560270417656284e-07
grid-r061-c033,61,33,6.800000190734863,12.40000057220459,0.44999998807907104,-48.780635730082295,1.3241476892744686e-07
grid-r061-c040,61,40,8.199999809265137,12.40000057220459,0.44999998807907104,-63.48225734205947,4.485122051534063e-09
grid-r061-c041,61,41,8.399999618530273,12.40000057220459,0.44999998807907104,-48.87492692035501,1.295708500492765e-07
grid-r061-c042,61,42,8.600000381469727,12.40000057220459,0.44999998807907104,-48.70665616359729,1.3468969939367526e-07
grid-r061-c043,61,43,8.800000190734863,12.40000057220459,0.44999998807907104,-48.234594939884374,1.5015524468253716e-07
grid-r061-c044,61,44,9.0,12.40000057220459,0.44999998807907104,-48.72733188910152,1.3404999776867044e-07
grid-r061-c045,61,45,9.199999809265137,12.40000057220459,0.44999998807907104,-66.19877650479873,2.3995088138661913e-09
grid-r061-c046,61,46,9.399999618530273,12.40000057220459,0.44999998807907104,-48.74223210535902,1.335908734745317e-07
grid-r061-c047,61,47,9.600000381469727,12.40000057220459,0.44999998807907104,-61.71553645587046,6.736686763986199e-09
grid-r061-c048,61,48,9.800000190734863,12.40000057220459,0.44999998807907104,-48.758070534221616,1.3310456381532276e-07
grid-r061-c049,61,49,10.0,12.40000057220459,0.44999998807907104,-48.88082393126561,1.2939503335474e-07
grid-r061-c050,61,50,10.200000762939453,12.40000057220459,0.44999998807907104,-60.908886556164845,8.111689986378678e-09
grid-r061-c051,61,51,10.399999618530273,12.40000057220459,0.44999998807907104,-49.03072658312384,1.2500498769441037e-07
grid-r061-c052,61,52,10.600000381469727,12.40000057220459,0.44999998807907104,-48.90148649888397,1.287808686356584e-07
grid-r061-c053,61,53,10.800000190734863,12.40000057220459,0.44999998807907104,-48.943021821308506,1.2755509715134394e-07
grid-r061-c054,61,54,11.0,12.40000057220459,0.44999998807907104,-48.97106586127906,1.2673407923102786e-07
grid-r061-c055,61,55,11.200000762939453,12.40000057220459,0.44999998807907104,-46.72784654253671,2.1242975378754636e-07
grid-r061-c056,61,56,11.399999618530273,12.40000057220459,0.44999998807907104,-52.3105881164677,5.874098008007422e-08
grid-r061-c057,61,57,11.600000381469727,12.40000057220459,0.44999998807907104,-48.705334870041625,1.347306834986739e-07
grid-r062-c026,62,26,5.400000095367432,12.600000381469727,0.44999998807907104,-48.72864976107154,1.3400932630247553e-07
grid-r062-c027,62,27,5.599999904632568,12.600000381469727,0.44999998807907104,-48.714881132396,1.3443485613606754e-07
grid-r062-c028,62,28,5.800000190734863,12.600000381469727,0.44999998807907104,-48.63550123626493,1.3691463607301557e-07
grid-r062-c029,62,29,6.0,12.600000381469727,0.44999998807907104,-48.59024349830486,1.3834888079600205e-07
grid-r062-c030,62,30,6.199999809265137,12.600000381469727,0.44999998807907104,-48.5794039538946,1.386946166803682e-07
grid-r062-c031,62,31,6.400000095367432,12.600000381469727,0.44999998807907104,-48.55605486199386,1.3944229237949912e-07
grid-r062-c032,62,32,6.599999904632568,12.600000381469727,0.44999998807907104,-48.59303249705991,1.3826006295403204e-07
grid-r062-c033,62,33,6.800000190734863,12.600000381469727,0.44999998807907104,-70.18272409402927,9.587990401627167e-10
grid-r062-c040,62,40,8.199999809265137,12.600000381469727,0.44999998807907104,-48.740709208393326,1.336377266625277e-07
grid-r062-c041,62,41,8.399999618530273,12.600000381469727,0.44999998807907104,-62.4302277664716,5.714486661645424e-09
grid-r062-c042,62,42,8.600000381469727,12.600000381469727,0.44999998807907104,-48.66016059472865,1.361394339483013e-07
grid-r062-c043,62,43,8.800000190734863,12.600000381469727,0.44999998807907104,-48.93263206500238,1.2786061631686607e-07
grid-r062-c044,62,44,9.0,12.600000381469727,0.44999998807907104,-59.80702657728236,1.0454357379785506e-08
grid-r062-c045,62,45,9.199999809265137,12.600000381469727,0.44999998807907104,-62.991730917313674,5.021424165363442e-09
grid-r062-c046,62,46,9.399999618530273,12.600000381469727,0.44999998807907104,-61.250232096908306,7.498541343409215e-09
grid-r062-c047,62,47,9.600000381469727,12.600000381469727,0.44999998807907104,-48.508043460708265,1.4099238399012393e-07
grid-r062-c048,62,48,9.800000190734863,12.600000381469727,0.44999998807907104,-48.897471364873866,1.2889998401988123e-07
grid-r062-c049,62,49,10.0,12.600000381469727,0.44999998807907104,-48.74722996007205,1.3343722571335093e-07
grid-r062-c050,62,50,10.200000762939453,12.600000381469727,0.44999998807907104,-48.75755913330002,1.3312023838807363e-07
grid-r062-c051,62,51,10.399999618530273,12.600000381469727,0.44999998807907104,-48.972639091492624,1.2668817817029776e-07
grid-r062-c052,62,52,10.600000381469727,12.600000381469727,0.44999998807907104,-60.871183224328846,8.182418298474659e-09
grid-r062-c053,62,53,10.800000190734863,12.600000381469727,0.44999998807907104,-48.77756436314358,1.3250844688172947e-07
grid-r062-c054,62,54,11.0,12.600000381469727,0.44999998807907104,-48.796179588795084,1.3194168957397778e-07
grid-r062-c055,62,55,11.200000762939453,12.600000381469727,0.44999998807907104,-48.842832401007854,1.305319301536656e-07
grid-r062-c056,62,56,11.399999618530273,12.600000381469727,0.44999998807907104,-47.348048588567295,1.8415992997233843e-07
grid-r062-c057,62,57,11.600000381469727,12.600000381469727,0.44999998807907104,-50.03993706795748,9.908463027841208e-08
grid-r063-c026,63,26,5.400000095367432,12.80000114440918,0.44999998807907104,-59.72108280952747,1.066330224119838e-08
grid-r063-c027,63,27,5.599999904632568,12.80000114440918,0.44999998807907104,-48.60097913304672,1.3800730869206745e-07
grid-r063-c028,63,28,5.800000190734863,12.80000114440918,0.44999998807907104,-48.48276544946576,1.4181541985180957e-07
grid-r063-c029,63,29,6.0,12.80000114440918,0.44999998807907104,-48.480352109255705,1.418942474629148e-07
grid-r063-c030,63,30,6.199999809265137,12.80000114440918,0.44999998807907104,-48.4420298813,1.4315186547264602e-07
grid-r063-c031,63,31,6.400000095367432,12.80000114440918,0.44999998807907104,-48.44438793614631,1.430741605190633e-07
grid-r063-c032,63,32,6.599999904632568,12.80000114440918,0.44999998807907104,-62.903295398869574,5.124723756466665e-09
grid-r063-c040,63,40,8.199999809265137,12.80000114440918,0.44999998807907104,-61.44053029941364,7.177066496666384e-09
grid-r063-c042,63,42,8.600000381469727,12.80000114440918,0.44999998807907104,-60.600803122657766,8.708025411863218e-09
grid-r063-c043,63,43,8.800000190734863,12.80000114440918,0.44999998807907104,-61.892024730544904,6.4684098077805174e-09
grid-r063-c044,63,44,9.0,12.80000114440918,0.44999998807907104,-48.65957628344685,1.361577517400292e-07
grid-r063-c045,63,45,9.199999809265137,12.80000114440918,0.44999998807907104,-48.548541173286594,1.3968374901196512e-07
grid-r063-c046,63,46,9.399999618530273,12.80000114440918,0.44999998807907104,-52.455391833251596,5.681471293428331e-08
grid-r063-c047,63,47,9.600000381469727,12.80000114440918,0.44999998807907104,-48.681493419396375,1.354723480062603e-07
grid-r063-c048,63,48,9.800000190734863,12.80000114440918,0.44999998807907104,-63.14156992829376,4.851131052419078e-09
grid-r063-c049,63,49,10.0,12.80000114440918,0.44999998807907104,-48.769337546803314,1.3275969479309424e-07
grid-r063-c050,63,50,10.200000762939453,12.80000114440918,0.44999998807907104,-48.7707863458528,1.3271541376980167e-07
grid-r063-c051,63,51,10.399999618530273,12.80000114440918,0.44999998807907104,-48.62720148807885,1.3717654212541674e-07
grid-r063-c052,63,52,10.600000381469727,12.80000114440918,0.44999998807907104,-48.6226984349133,1.3731884962453478e-07
grid-r063-c053,63,53,10.800000190734863,12.80000114440918,0.44999998807907104,-62.06560724060455,6.214973424789605e-09
grid-r063-c054,63,54,11.0,12.80000114440918,0.44999998807907104,-48.274627780006654,1.487774881070436e-07
grid-r063-c055,63,55,11.200000762939453,12.80000114440918,0.44999998807907104,-61.03378352278901,7.881731711734119e-09
grid-r063-c056,63,56,11.399999618530273,12.80000114440918,0.44999998807907104,-61.16878030027553,7.640503341121985e-09
grid-r063-c057,63,57,11.600000381469727,12.80000114440918,0.44999998807907104,-46.23150695034752,2.3814929761556414e-07
grid-r064-c026,64,26,5.400000095367432,13.0,0.44999998807907104,-64.10575184577313,3.885302302109039e-09
grid-r064-c027,64,27,5.599999904632568,13.0,0.44999998807907104,-48.353523830441375,1.4609912568630534e-07
grid-r064-c028,64,28,5.800000190734863,13.0,0.44999998807907104,-48.29958775955383,1.4792487945669563e-07
grid-r064-c029,64,29,6.0,13.0,0.44999998807907104,-48.401160313565384,1.4450536411914072e-07
grid-r064-c030,64,30,6.199999809265137,13.0,0.44999998807907104,-45.43455344556948,2.861176540136512e-07
grid-r064-c031,64,31,6.400000095367432,13.0,0.44999998807907104,-48.37739505266987,1.4529828717968485e-07
grid-r064-c032,64,32,6.599999904632568,13.0,0.44999998807907104,-112.02781173477428,6.269296740817401e-14
grid-r064-c040,64,40,8.199999809265137,13.0,0.44999998807907104,-63.067418062424366,4.934670894130022e-09
grid-r064-c041,64,41,8.399999618530273,13.0,0.44999998807907104,-48.60338126472642,1.3793099640224682e-07
grid-r064-c042,64,42,8.600000381469727,13.0,0.44999998807907104,-48.51680256167246,1.4070830900436704e-07
grid-r064-c043,64,43,8.800000190734863,13.0,0.44999998807907104,-62.25989833265244,5.9430607102228805e-09
grid-r064-c044,64,44,9.0,13.0,0.44999998807907104,-48.6207006721193,1.3738203108459857e-07
grid-r064-c045,64,45,9.199999809265137,13.0,0.44999998807907104,-61.20968751544504,7.568873527930009e-09
grid-r064-c046,64,46,9.399999618530273,13.0,0.44999998807907104,-60.867741848761455,8.188904665473729e-09
grid-r064-c047,64,47,9.600000381469727,13.0,0.44999998807907104,-48.365390515180124,1.4570046857897978e-07
grid-r064-c048,64,48,9.800000190734863,13.0,0.44999998807907104,-62.565967061684404,5.538641989488724e-09
grid-r064-c049,64,49,10.0,13.0,0.44999998807907104,-48.64163829100596,1.3672129739461525e-07
grid-r064-c050,64,50,10.200000762939453,13.0,0.44999998807907104,-48.64057084452085,1.367549060660167e-07
grid-r064-c051,64,51,10.399999618530273,13.0,0.44999998807907104,-56.05382388403774,2.4809477139342562e-08
grid-r064-c052,64,52,10.600000381469727,13.0,0.44999998807907104,-61.59580130628612,6.925001461155489e-09
grid-r064-c053,64,53,10.800000190734863,13.0,0.44999998807907104,-63.52088325815791,4.445408485764801e-09
grid-r064-c054,64,54,11.0,13.0,0.44999998807907104,-61.74977465707711,6.68378596913044e-09
grid-r064-c055,64,55,11.200000762939453,13.0,0.44999998807907104,-48.59822837878693,1.380947480811301e-07
grid-r064-c056,64,56,11.399999618530273,13.0,0.44999998807907104,-48.70196015786061,1.3483541749792494e-07
grid-r064-c057,64,57,11.600000381469727,13.0,0.44999998807907104,-50.307809350049155,9.315776594576164e-08
grid-r065-c026,65,26,5.400000095367432,13.200000762939453,0.44999998807907104,-48.39355876879969,1.4475851628503733e-07
grid-r065-c027,65,27,5.599999904632568,13.200000762939453,0.44999998807907104,-48.33731245639484,1.4664550462839543e-07
grid-r065-c028,65,28,5.800000190734863,13.200000762939453,0.44999998807907104,-46.03993810450217,2.488892789642705e-07
grid-r065-c029,65,29,6.0,13.200000762939453,0.44999998807907104,-48.18857551069294,1.5175480427842558e-07
grid-r065-c030,65,30,6.199999809265137,13.200000762939453,0.44999998807907104,-48.24836952378095,1.496797494837665e-07
grid-r065-c031,65,31,6.400000095367432,13.200000762939453,0.44999998807907104,-45.14748314383161,3.05669203726211e-07
grid-r065-c033,65,33,6.800000190734863,13.200000762939453,0.44999998807907104,-85.00907058578261,3.155679884070395e-11
grid-r065-c041,65,41,8.399999618530273,13.200000762939453,0.44999998807907104,-48.57238421449631,1.389189776546118e-07
grid-r065-c042,65,42,8.600000381469727,13.200000762939453,0.44999998807907104,-48.2154351868312,1.5081914739312197e-07
grid-r065-c043,65,43,8.800000190734863,13.200000762939453,0.44999998807907104,-48.57887890389716,1.3871138548893214e-07
grid-r065-c044,65,44,9.0,13.200000762939453,0.44999998807907104,-58.3766801335818,1.4532220760088421e-08
grid-r065-c045,65,45,9.199999809265137,13.200000762939453,0.44999998807907104,-48.30335436985891,1.4779664070374565e-07
grid-r065-c046,65,46,9.399999618530273,13.200000762939453,0.44999998807907104,-48.409787147792954,1.4421860328184266e-07
grid-r065-c047,65,47,9.600000381469727,13.200000762939453,0.44999998807907104,-60.795653828616466,8.325965694666593e-09
grid-r065-c048,65,48,9.800000190734863,13.200000762939453,0.44999998807907104,-62.61669071165302,5.474329434207448e-09
grid-r065-c049,65,49,10.0,13.200000762939453,0.44999998807907104,-59.780779537843074,1.051773068638795e-08
grid-r065-c050,65,50,10.200000762939453,13.200000762939453,0.44999998807907104,-57.922930719220446,1.6132695179749135e-08
grid-r065-c051,65,51,10.399999618530273,13.200000762939453,0.44999998807907104,-48.47904571479984,1.4193693687047926e-07
grid-r065-c052,65,52,10.600000381469727,13.200000762939453,0.44999998807907104,-48.48474820226133,1.4175068940858182e-07
grid-r065-c053,65,53,10.800000190734863,13.200000762939453,0.44999998807907104,-48.635980430802064,1.368995299344533e-07
grid-r065-c054,65,54,11.0,13.200000762939453,0.44999998807907104,-61.55306523815048,6.993482237760418e-09
grid-r065-c055,65,55,11.200000762939453,13.200000762939453,0.44999998807907104,-48.64256648308718,1.366920798773208e-07
grid-r065-c056,65,56,11.399999618530273,13.200000762939453,0.44999998807907104,-48.586378899520895,1.384720462738187e-07
grid-r065-c057,65,57,11.600000381469727,13.200000762939453,0.44999998807907104,-62.82846108297386,5.213794285197082e-09
grid-r066-c026,66,26,5.400000095367432,13.40000057220459,0.44999998807907104,-48.17553917003933,1.522110153473477e-07
grid-r066-c027,66,27,5.599999904632568,13.40000057220459,0.44999998807907104,-48.003400221483076,1.583652817771508e-07
grid-r066-c028,66,28,5.800000190734863,13.40000057220459,0.44999998807907104,-48.132086966360546,1.537415670327391e-07
grid-r066-c029,66,29,6.0,13.40000057220459,0.44999998807907104,-48.17119065770798,1.5236349781844183e-07
grid-r066-c030,66,30,6.199999809265137,13.40000057220459,0.44999998807907104,-48.15412688052733,1.529633237851158e-07
grid-r066-c031,66,31,6.400000095367432,13.40000057220459,0.44999998807907104,-55.04258911320093,3.1314183246422544e-08
grid-r066-c032,66,32,6.599999904632568,13.40000057220459,0.44999998807907104,-70.9450282843527,8.044465094059206e-10
grid-r066-c034,66,34,7.0,13.40000057220459,0.44999998807907104,-56.59185670092542,2.191867665146674e-08
grid-r066-c040,66,40,8.199999809265137,13.40000057220459,0.44999998807907104,-48.52963171949452,1.4029326678155485e-07
grid-r066-c041,66,41,8.399999618530273,13.40000057220459,0.44999998807907104,-57.34312434470155,1.8436885795836133e-08
grid-r066-c042,66,42,8.600000381469727,13.40000057220459,0.44999998807907104,-48.34538232914858,1.463732672846163e-07
grid-r066-c043,66,43,8.800000190734863,13.40000057220459,0.44999998807907104,-59.613896837173485,1.0929752214394739e-08
grid-r066-c044,66,44,9.0,13.40000057220459,0.44999998807907104,-60.17544583542063,9.604072204183467e-09
grid-r066-c045,66,45,9.199999809265137,13.40000057220459,0.44999998807907104,-62.088388805938195,6.182457212844383e-09
grid-r066-c046,66,46,9.399999618530273,13.40000057220459,0.44999998807907104,-60.38579755284927,9.149982105327581e-09
grid-r066-c047,66,47,9.600000381469727,13.40000057220459,0.44999998807907104,-48.58425298637593,1.3853984626166493e-07
grid-r066-c048,66,48,9.800000190734863,13.40000057220459,0.44999998807907104,-48.404490338106825,1.4439460471749044e-07
grid-r066-c049,66,49,10.0,13.40000057220459,0.44999998807907104,-60.795182228277326,8.326869860297847e-09
grid-r066-c050,66,50,10.200000762939453,13.40000057220459,0.44999998807907104,-48.586614681094446,1.3846452873167436e-07
grid-r066-c051,66,51,10.399999618530273,13.40000057220459,0.44999998807907104,-48.327894190723725,1.469638704065801e-07
grid-r066-c052,66,52,10.600000381469727,13.40000057220459,0.44999998807907104,-48.58554953146347,1.384984926744437e-07
grid-r066-c053,66,53,10.800000190734863,13.40000057220459,0.44999998807907104,-48.429569599039525,1.4356317024066811e-07
grid-r066-c054,66,54,11.0,13.40000057220459,0.44999998807907104,-48.25474093179665,1.4946031967610907e-07
grid-r066-c055,66,55,11.200000762939453,13.40000057220459,0.44999998807907104,-64.39307022009643,3.6365785938130557e-09
grid-r066-c056,66,56,11.399999618530273,13.40000057220459,0.44999998807907104,-95.40865442992363,2.878290054214583e-12
grid-r066-c057,66,57,11.600000381469727,13.40000057220459,0.44999998807907104,-71.2348971143441,7.525065570668232e-10
grid-r067-c026,67,26,5.400000095367432,13.600000381469727,0.44999998807907104,-48.13307099042416,1.5370673622783215e-07
grid-r067-c027,67,27,5.599999904632568,13.600000381469727,0.44999998807907104,-47.978448973106524,1.5927774654755922e-07
grid-r067-c028,67,28,5.800000190734863,13.600000381469727,0.44999998807907104,-47.96158800080421,1.598973256022873e-07
grid-r067-c029,67,29,6.0,13.600000381469727,0.44999998807907104,-47.362575140313965,1.8354496944539278e-07
grid-r067-c030,67,30,6.199999809265137,13.600000381469727,0.44999998807907104,-45.01140344376951,3.153985232984269e-07
grid-r067-c031,67,31,6.400000095367432,13.600000381469727,0.44999998807907104,-68.15250645949627,1.5302040745623913e-09
grid-r067-c041,67,41,8.399999618530273,13.600000381469727,0.44999998807907104,-53.13953485652951,4.85340478917351e-08
grid-r067-c042,67,42,8.600000381469727,13.600000381469727,0.44999998807907104,-61.59970576642529,6.91877843905786e-09
grid-r067-c043,67,43,8.800000190734863,13.600000381469727,0.44999998807907104,-48.33956252605955,1.4656954760994267e-07
grid-r067-c044,67,44,9.0,13.600000381469727,0.44999998807907104,-48.34840148398827,1.462715459865649e-07
grid-r067-c045,67,45,9.199999809265137,13.600000381469727,0.44999998807907104,-61.83382930368465,6.555669784802376e-09
grid-r067-c046,67,46,9.399999618530273,13.600000381469727,0.44999998807907104,-48.26322050580444,1.491687839916267e-07
grid-r067-c047,67,47,9.600000381469727,13.600000381469727,0.44999998807907104,-48.35843865064331,1.4593388186767697e-07
grid-r067-c048,67,48,9.800000190734863,13.600000381469727,0.44999998807907104,-60.43584718859364,9.045139748309339e-09
grid-r067-c049,67,49,10.0,13.600000381469727,0.44999998807907104,-62.25556909381085,5.948987968906749e-09
grid-r067-c050,67,50,10.200000762939453,13.600000381469727,0.44999998807907104,-62.44186626687146,5.699193117436607e-09
grid-r067-c051,67,51,10.399999618530273,13.600000381469727,0.44999998807907104,-48.289561904581916,1.4826676419943396e-07
grid-r067-c052,67,52,10.600000381469727,13.600000381469727,0.44999998807907104,-48.37610142519134,1.4534157344314735e-07
grid-r067-c053,67,53,10.800000190734863,13.600000381469727,0.44999998807907104,-48.217157900453984,1.5075933390562568e-07
grid-r067-c054,67,54,11.0,13.600000381469727,0.44999998807907104,-57.956150168724605,1.600976595739212e-08
grid-r067-c055,67,55,11.200000762939453,13.600000381469727,0.44999998807907104,-67.18939182512597,1.910120728254583e-09
grid-r067-c056,67,56,11.399999618530273,13.600000381469727,0.44999998807907104,-67.61608401273803,1.731376819691377e-09
grid-r067-c057,67,57,11.600000381469727,13.600000381469727,0.44999998807907104,-55.12137746688458,3.075121313145246e-08
grid-r068-c026,68,26,5.400000095367432,13.80000114440918,0.44999998807907104,-67.22456909186627,1.8947114988066005e-09
grid-r068-c027,68,27,5.599999904632568,13.80000114440918,0.44999998807907104,-47.2910518469192,1.8659277145616215e-07
grid-r068-c028,68,28,5.800000190734863,13.80000114440918,0.44999998807907104,-47.8700232329501,1.6330432117683813e-07
grid-r068-c029,68,29,6.0,13.80000114440918,0.44999998807907104,-47.900124053142704,1.6217637721638312e-07
grid-r068-c030,68,30,6.199999809265137,13.80000114440918,0.44999998807907104,-62.76178475695757,5.2944582051850375e-09
grid-r068-c041,68,41,8.399999618530273,13.80000114440918,0.44999998807907104,-59.53250111780069,1.1136529920463545e-08
grid-r068-c042,68,42,8.600000381469727,13.80000114440918,0.44999998807907104,-60.12955679111009,9.706090153827063e-09
grid-r068-c043,68,43,8.800000190734863,13.80000114440918,0.44999998807907104,-48.20046993969093,1.5133974784475868e-07
grid-r068-c044,68,44,9.0,13.80000114440918,0.44999998807907104,-48.01542428859355,1.5792743113252072e-07
grid-r068-c045,68,45,9.199999809265137,13.80000114440918,0.44999998807907104,-48.31771863944026,1.4730861153111618e-07
grid-r068-c046,68,46,9.399999618530273,13.80000114440918,0.44999998807907104,-58.737184736782396,1.337462229855646e-08
grid-r068-c047,68,47,9.600000381469727,13.80000114440918,0.44999998807907104,-48.32241273062043,1.4714947838001535e-07
grid-r068-c048,68,48,9.800000190734863,13.80000114440918,0.44999998807907104,-48.050656915508824,1.566514100659333e-07
grid-r068-c049,68,49,10.0,13.80000114440918,0.44999998807907104,-48.325241779090206,1.4705365458667075e-07
grid-r068-c050,68,50,10.200000762939453,13.80000114440918,0.44999998807907104,-48.14905533115716,1.5314205370486889e-07
grid-r068-c051,68,51,10.399999618530273,13.80000114440918,0.44999998807907104,-60.53145660319869,8.848187960097675e-09
grid-r068-c052,68,52,10.600000381469727,13.80000114440918,0.44999998807907104,-48.24378027920845,1.49838001561875e-07
grid-r068-c053,68,53,10.800000190734863,13.80000114440918,0.44999998807907104,-48.24257442912669,1.498796109444811e-07
grid-r068-c056,68,56,11.399999618530273,13.80000114440918,0.44999998807907104,-65.80430888612136,2.627659645426661e-09
grid-r069-c026,69,26,5.400000095367432,14.0,0.44999998807907104,-62.11030338811014,6.15133899373177e-09
grid-r069-c027,69,27,5.599999904632568,14.0,0.44999998807907104,-47.708216731246836,1.6950336600984883e-07
grid-r069-c028,69,28,5.800000190734863,14.0,0.44999998807907104,-47.752428121068036,1.6778656686256e-07
grid-r069-c029,69,29,6.0,14.0,0.44999998807907104,-47.83947582345695,1.6445702044620703e-07
grid-r069-c040,69,40,8.199999809265137,14.0,0.44999998807907104,-63.97152831026261,4.007256748650434e-09
grid-r069-c041,69,41,8.399999618530273,14.0,0.44999998807907104,-47.74369799286687,1.6812418834888376e-07
grid-r069-c042,69,42,8.600000381469727,14.0,0.44999998807907104,-46.83066330509918,2.0745966367030633e-07
grid-r069-c043,69,43,8.800000190734863,14.0,0.44999998807907104,-61.25055104159705,7.497990672789001e-09
grid-r069-c044,69,44,9.0,14.0,0.44999998807907104,-60.53732400472933,8.836241960352709e-09
grid-r069-c045,69,45,9.199999809265137,14.0,0.44999998807907104,-61.45464756049451,7.1537744616989585e-09
grid-r069-c046,69,46,9.399999618530273,14.0,0.44999998807907104,-59.74997294529683,1.059260323899025e-08
grid-r069-c047,69,47,9.600000381469727,14.0,0.44999998807907104,-61.655172541835896,6.830975785021565e-09
grid-r069-c048,69,48,9.800000190734863,14.0,0.44999998807907104,-61.68755990423746,6.78022349376306e-09
grid-r069-c049,69,49,10.0,14.0,0.44999998807907104,-59.7733798262083,1.0535666561395374e-08
grid-r069-c050,69,50,10.200000762939453,14.0,0.44999998807907104,-55.36647679510055,2.90637949262873e-08
grid-r069-c051,69,51,10.399999618530273,14.0,0.44999998807907104,-65.02593144040831,3.1434521652329295e-09
grid-r069-c052,69,52,10.600000381469727,14.0,0.44999998807907104,-59.110846111750504,1.2272001193025517e-08
grid-r069-c055,69,55,11.200000762939453,14.0,0.44999998807907104,-63.17567849579092,4.813180520812921e-09
grid-r070-c017,70,17,3.5999999046325684,14.200000762939453,0.44999998807907104,-57.694878327917834,1.700247587166359e-08
grid-r070-c025,70,25,5.199999809265137,14.200000762939453,0.44999998807907104,-66.53797789683865,2.219229466859929e-09
grid-r070-c026,70,26,5.400000095367432,14.200000762939453,0.44999998807907104,-47.51877408439556,1.7706086907764984e-07
grid-r070-c027,70,27,5.599999904632568,14.200000762939453,0.44999998807907104,-47.377275951726986,1.8292472248049307e-07
grid-r070-c028,70,28,5.800000190734863,14.200000762939453,0.44999998807907104,-47.555691802942974,1.7556212128511106e-07
grid-r070-c029,70,29,6.0,14.200000762939453,0.44999998807907104,-47.54429650833569,1.760233772074571e-07
grid-r070-c032,70,32,6.599999904632568,14.200000762939453,0.44999998807907104,-58.313655597895504,1.474464905726336e-08
grid-r070-c039,70,39,8.0,14.200000762939453,0.44999998807907104,-63.699841674502906,4.2659507037967614e-09
grid-r070-c040,70,40,8.199999809265137,14.200000762939453,0.44999998807907104,-60.775892419820565,8.363937098465613e-09
grid-r070-c041,70,41,8.399999618530273,14.200000762939453,0.44999998807907104,-57.87232872131332,1.632176527266438e-08
grid-r070-c042,70,42,8.600000381469727,14.200000762939453,0.44999998807907104,-53.55214355417486,4.413525545032826e-08
grid-r070-c043,70,43,8.800000190734863,14.200000762939453,0.44999998807907104,-64.07434837823472,3.9134984142208395e-09
grid-r070-c044,70,44,9.0,14.200000762939453,0.44999998807907104,-58.15435565717743,1.5295526623049227e-08
grid-r070-c045,70,45,9.199999809265137,14.200000762939453,0.44999998807907104,-48.18183540550933,1.5199050551473192e-07
grid-r070-c046,70,46,9.399999618530273,14.200000762939453,0.44999998807907104,-47.91148208183151,1.617527942698871e-07
grid-r070-c047,70,47,9.600000381469727,14.200000762939453,0.44999998807907104,-61.40746176248528,7.231923504491533e-09
grid-r070-c048,70,48,9.800000190734863,14.200000762939453,0.44999998807907104,-47.9934093566406,1.587300175742712e-07
grid-r070-c049,70,49,10.0,14.200000762939453,0.44999998807907104,-48.091852808684436,1.5517248641572223e-07
grid-r070-c050,70,50,10.200000762939453,14.200000762939453,0.44999998807907104,-48.00415399120891,1.583377979841316e-07
grid-r070-c051,70,51,10.399999618530273,14.200000762939453,0.44999998807907104,-48.09765560629015,1.549652921539746e-07
grid-r070-c052,70,52,10.600000381469727,14.200000762939453,0.44999998807907104,-61.02425413486485,7.899044973669334e-09
grid-r070-c054,70,54,11.0,14.200000762939453,0.44999998807907104,-64.62318216519307,3.4489093803102833e-09
grid-r071-c025,71,25,5.199999809265137,14.40000057220459,0.44999998807907104,-63.1352944787791,4.858145885577869e-09
grid-r071-c026,71,26,5.400000095367432,14.40000057220459,0.44999998807907104,-60.1672193572052,9.622281638144159e-09
grid-r071-c027,71,27,5.599999904632568,14.40000057220459,0.44999998807907104,-47.54325144193973,1.760657397653631e-07
grid-r071-c028,71,28,5.800000190734863,14.40000057220459,0.44999998807907104,-61.48151522089988,7.109654198700355e-09
grid-r071-c029,71,29,6.0,14.40000057220459,0.44999998807907104,-47.56622895448915,1.7513667671664734e-07
grid-r071-c030,71,30,6.199999809265137,14.40000057220459,0.44999998807907104,-47.65454826097306,1.716110205052246e-07
grid-r071-c035,71,35,7.199999809265137,14.40000057220459,0.44999998807907104,-56.251967077622155,2.370299867493486e-08
grid-r071-c038,71,38,7.800000190734863,14.40000057220459,0.44999998807907104,-54.332565803552754,3.6875967168725765e-08
grid-r071-c039,71,39,8.0,14.40000057220459,0.44999998807907104,-48.027270520527054,1.5749724013858213e-07
grid-r071-c040,71,40,8.199999809265137,14.40000057220459,0.44999998807907104,-48.15306586950483,1.5300069833301677e-07
grid-r071-c041,71,41,8.399999618530273,14.40000057220459,0.44999998807907104,-58.946059981862106,1.2746589561629662e-08
grid-r071-c042,71,42,8.600000381469727,14.40000057220459,0.44999998807907104,-48.00520028761879,1.58299656050076e-07
grid-r071-c043,71,43,8.800000190734863,14.40000057220459,0.44999998807907104,-60.87740327539309,8.170707666010912e-09
grid-r071-c044,71,44,9.0,14.40000057220459,0.44999998807907104,-60.90280362503816,8.12305955832926e-09
grid-r071-c045,71,45,9.199999809265137,14.40000057220459,0.44999998807907104,-48.04791846118316,1.567502181387681e-07
grid-r071-c046,71,46,9.399999618530273,14.40000057220459,0.44999998807907104,-47.84310101198513,1.6431980043307703e-07
grid-r071-c047,71,47,9.600000381469727,14.40000057220459,0.44999998807907104,-48.047369638959324,1.567700280702411e-07
grid-r071-c048,71,48,9.800000190734863,14.40000057220459,0.44999998807907104,-56.36790566577308,2.3078598587744636e-08
grid-r071-c049,71,49,10.0,14.40000057220459,0.44999998807907104,-48.058323761941594,1.5637510841770563e-07
grid-r071-c050,71,50,10.200000762939453,14.40000057220459,0.44999998807907104,-47.77584541293601,1.668842912749824e-07
grid-r071-c051,71,51,10.399999618530273,14.40000057220459,0.44999998807907104,-48.060341006931125,1.5630249095011095e-07
grid-r071-c052,71,52,10.600000381469727,14.40000057220459,0.44999998807907104,-64.1491601162675,3.8466616558707756e-09
grid-r071-c053,71,53,10.800000190734863,14.40000057220459,0.44999998807907104,-74.6259065682787,3.44674649932486e-10
grid-r071-c057,71,57,11.600000381469727,14.40000057220459,0.44999998807907104,-67.97371067924209,1.5945161857544576e-09
grid-r072-c022,72,22,4.599999904632568,14.600000381469727,0.44999998807907104,-56.7152468091612,2.1304694897139598e-08
grid-r072-c024,72,24,5.0,14.600000381469727,0.44999998807907104,-65.73390980741549,2.6706010736177177e-09
grid-r072-c025,72,25,5.199999809265137,14.600000381469727,0.44999998807907104,-47.558979234774284,1.7542927821523335e-07
grid-r072-c026,72,26,5.400000095367432,14.600000381469727,0.44999998807907104,-47.542665389301845,1.7608950031444692e-07
grid-r072-c027,72,27,5.599999904632568,14.600000381469727,0.44999998807907104,-47.34422881612383,1.8432197634865588e-07
grid-r072-c028,72,28,5.800000190734863,14.600000381469727,0.44999998807907104,-61.22883817866331,7.535571278083353e-09
grid-r072-c029,72,29,6.0,14.600000381469727,0.44999998807907104,-65.92161962682306,2.5576318840592194e-09
grid-r072-c033,72,33,6.800000190734863,14.600000381469727,0.44999998807907104,-71.37381468695398,7.288170622565815e-10
grid-r072-c034,72,34,7.0,14.600000381469727,0.44999998807907104,-91.1484690004602,7.676320516736279e-12
grid-r072-c037,72,37,7.599999904632568,14.600000381469727,0.44999998807907104,-48.01187889753385,1.580564088499159e-07
grid-r072-c038,72,38,7.800000190734863,14.600000381469727,0.44999998807907104,-60.28544968714888,9.363862574218729e-09
grid-r072-c039,72,39,8.0,14.600000381469727,0.44999998807907104,-47.12232354771166,1.9398477490994992e-07
grid-r072-c040,72,40,8.199999809265137,14.600000381469727,0.44999998807907104,-47.77600887594707,1.6687801007719827e-07
grid-r072-c041,72,41,8.399999618530273,14.600000381469727,0.44999998807907104,-47.67320105763007,1.708755377194393e-07
grid-r072-c042,72,42,8.600000381469727,14.600000381469727,0.44999998807907104,-60.60509974781864,8.699414522084226e-09
grid-r072-c043,72,43,8.800000190734863,14.600000381469727,0.44999998807907104,-47.909186132710346,1.618383294044179e-07
grid-r072-c044,72,44,9.0,14.600000381469727,0.44999998807907104,-59.013950897022866,1.2548878380869155e-08
grid-r072-c045,72,45,9.199999809265137,14.600000381469727,0.44999998807907104,-61.45757532069612,7.148953429236826e-09
grid-r072-c046,72,46,9.399999618530273,14.600000381469727,0.44999998807907104,-59.21424351975857,1.1983278369598338e-08
grid-r072-c047,72,47,9.600000381469727,14.600000381469727,0.44999998807907104,-61.029917525473564,7.888750985785009e-09
grid-r072-c048,72,48,9.800000190734863,14.600000381469727,0.44999998807907104,-64.15447252015076,3.841959195227673e-09
grid-r072-c049,72,49,10.0,14.600000381469727,0.44999998807907104,-50.22330754308794,9.498810982222494e-08
grid-r072-c050,72,50,10.200000762939453,14.600000381469727,0.44999998807907104,-47.73103383167674,1.6861515916843928e-07
grid-r072-c051,72,51,10.399999618530273,14.600000381469727,0.44999998807907104,-48.02685595183449,1.575122752228708e-07
grid-r072-c053,72,53,10.800000190734863,14.600000381469727,0.44999998807907104,-58.6775774087515,1.3559455780409735e-08
grid-r072-c054,72,54,11.0,14.600000381469727,0.44999998807907104,-65.83991754441035,2.6062030311635453e-09
grid-r073-c021,73,21,4.400000095367432,14.80000114440918,0.44999998807907104,-67.24046438345619,1.8877894802926676e-09
grid-r073-c024,73,24,5.0,14.80000114440918,0.44999998807907104,-65.42579341341899,2.8669535634406884e-09
grid-r073-c025,73,25,5.199999809265137,14.80000114440918,0.44999998807907104,-47.421082196794245,1.81088879003255e-07
grid-r073-c026,73,26,5.400000095367432,14.80000114440918,0.44999998807907104,-47.39219799776858,1.8229728482310747e-07
grid-r073-c027,73,27,5.599999904632568,14.80000114440918,0.44999998807907104,-60.82192178380973,8.275758744957784e-09
grid-r073-c028,73,28,5.800000190734863,14.80000114440918,0.44999998807907104,-47.25143142186211,1.88302834658316e-07
grid-r073-c037,73,37,7.599999904632568,14.80000114440918,0.44999998807907104,-60.018177786863276,9.958231572682053e-09
grid-r073-c038,73,38,7.800000190734863,14.80000114440918,0.44999998807907104,-58.3662193440218,1.4567266504172949e-08
grid-r073-c039,73,39,8.0,14.80000114440918,0.44999998807907104,-56.781232232721706,2.098344431544774e-08
grid-r073-c040,73,40,8.199999809265137,14.80000114440918,0.44999998807907104,-63.23531273518627,4.747541026972613e-09
grid-r073-c041,73,41,8.399999618530273,14.80000114440918,0.44999998807907104,-58.577811090199134,1.387454950929623e-08
grid-r073-c042,73,42,8.600000381469727,14.80000114440918,0.44999998807907104,-63.43132557019969,4.538030839995599e-09
grid-r073-c043,73,43,8.800000190734863,14.80000114440918,0.44999998807907104,-60.50680001409165,8.898565440063066e-09
grid-r073-c044,73,44,9.0,14.80000114440918,0.44999998807907104,-47.79026303788815,1.66331190598612e-07
grid-r073-c045,73,45,9.199999809265137,14.80000114440918,0.44999998807907104,-60.70493463565499,8.501714887643175e-09
grid-r073-c046,73,46,9.399999618530273,14.80000114440918,0.44999998807907104,-47.69402856525477,1.7005802988023788e-07
grid-r073-c047,73,47,9.600000381469727,14.80000114440918,0.44999998807907104,-47.91670407611288,1.6155841819909256e-07
grid-r073-c048,73,48,9.800000190734863,14.80000114440918,0.44999998807907104,-47.709111428439115,1.6946844993981358e-07
grid-r073-c049,73,49,10.0,14.80000114440918,0.44999998807907104,-56.64203197790779,2.1666901162120666e-08
grid-r073-c050,73,50,10.200000762939453,14.80000114440918,0.44999998807907104,-64.07913335005804,3.9091889725284545e-09
grid-r073-c056,73,56,11.399999618530273,14.80000114440918,0.44999998807907104,-64.2376815684876,3.76904951693291e-09
grid-r073-c057,73,57,11.600000381469727,14.80000114440918,0.44999998807907104,-64.64251723080761,3.433588746659666e-09
grid-r074-c017,74,17,3.5999999046325684,15.0,0.44999998807907104,-56.40542932414283,2.288005518380487e-08
grid-r074-c024,74,24,5.0,15.0,0.44999998807907104,-47.293911856225364,1.8646993282800395e-07
grid-r074-c025,74,25,5.199999809265137,15.0,0.44999998807907104,-47.35186501515548,1.839981678131153e-07
grid-r074-c026,74,26,5.400000095367432,15.0,0.44999998807907104,-47.26647610997503,1.8765165066270129e-07
grid-r074-c027,74,27,5.599999904632568,15.0,0.44999998807907104,-47.25422215813521,1.881818718629802e-07
grid-r074-c028,74,28,5.800000190734863,15.0,0.44999998807907104,-62.34283179075369,5.830647964444324e-09
grid-r074-c032,74,32,6.599999904632568,15.0,0.44999998807907104,-61.33827047330426,7.3480643791867806e-09
grid-r074-c033,74,33,6.800000190734863,15.0,0.44999998807907104,-58.57077471546209,1.3897047068667234e-08
grid-r074-c034,74,34,7.0,15.0,0.44999998807907104,-61.114714565453795,7.73621522398571e-09
grid-r074-c035,74,35,7.199999809265137,15.0,0.44999998807907104,-57.18502271569335,1.9120433236707868e-08
grid-r074-c036,74,36,7.400000095367432,15.0,0.44999998807907104,-62.87133044092265,5.162581917517173e-09
grid-r074-c037,74,37,7.599999904632568,15.0,0.44999998807907104,-47.597240411690024,1.73890541077526e-07
grid-r074-c038,74,38,7.800000190734863,15.0,0.44999998807907104,-47.74768129326728,1.6797005741864268e-07
grid-r074-c039,74,39,8.0,15.0,0.44999998807907104,-62.96777870281045,5.0491948400122055e-09
grid-r074-c040,74,40,8.199999809265137,15.0,0.44999998807907104,-47.756739390466066,1.676200866995714e-07
grid-r074-c041,74,41,8.399999618530273,15.0,0.44999998807907104,-47.44261574509241,1.8019321146311995e-07
grid-r074-c042,74,42,8.600000381469727,15.0,0.44999998807907104,-47.645633487751795,1.719636486541276e-07
grid-r074-c043,74,43,8.800000190734863,15.0,0.44999998807907104,-63.08278559526289,4.917240392643407e-09
grid-r074-c044,74,44,9.0,15.0,0.44999998807907104,-47.54303586912515,1.7607447944101295e-07
grid-r074-c045,74,45,9.199999809265137,15.0,0.44999998807907104,-47.66130021886299,1.713444248707674e-07
grid-r074-c046,74,46,9.399999618530273,15.0,0.44999998807907104,-60.63042322187755,8.648836313795982e-09
grid-r074-c047,74,47,9.600000381469727,15.0,0.44999998807907104,-60.65511559884757,8.599801759601178e-09
grid-r074-c048,74,48,9.800000190734863,15.0,0.44999998807907104,-47.674078815591486,1.7084100534248137e-07
grid-r074-c049,74,49,10.0,15.0,0.44999998807907104,-47.703037156069584,1.6970564331586502e-07
grid-r074-c051,74,51,10.399999618530273,15.0,0.44999998807907104,-47.80436795495211,1.6579186024046066e-07
grid-r074-c052,74,52,10.600000381469727,15.0,0.44999998807907104,-63.14005068879261,4.8528283613791245e-09
grid-r074-c055,74,55,11.200000762939453,15.0,0.44999998807907104,-67.76198306953098,1.6741782404849914e-09
grid-r075-c023,75,23,4.800000190734863,15.200000762939453,0.44999998807907104,-64.95879328301207,3.19242476898296e-09
grid-r075-c024,75,24,5.0,15.200000762939453,0.44999998807907104,-60.11145156499536,9.746638163221633e-09
grid-r075-c025,75,25,5.199999809265137,15.200000762939453,0.44999998807907104,-47.14330931367124,1.930496722479802e-07
grid-r075-c026,75,26,5.400000095367432,15.200000762939453,0.44999998807907104,-47.12678093946114,1.9378578031137295e-07
grid-r075-c027,75,27,5.599999904632568,15.200000762939453,0.44999998807907104,-58.925570512967994,1.280686845461787e-08
grid-r075-c028,75,28,5.800000190734863,15.200000762939453,0.44999998807907104,-53.63608626993499,4.3290377504945354e-08
grid-r075-c034,75,34,7.0,15.200000762939453,0.44999998807907104,-62.463018814219836,5.6715023788456165e-09
grid-r075-c036,75,36,7.400000095367432,15.200000762939453,0.44999998807907104,-62.63048046031298,5.456974871975717e-09
grid-r075-c037,75,37,7.599999904632568,15.200000762939453,0.44999998807907104,-57.93867567541082,1.6074313435865406e-08
grid-r075-c039,75,39,8.0,15.200000762939453,0.44999998807907104,-62.84655607390525,5.192116070418251e-09
grid-r075-c040,75,40,8.199999809265137,15.200000762939453,0.44999998807907104,-58.14736515638481,1.5320166468768548e-08
grid-r075-c041,75,41,8.399999618530273,15.200000762939453,0.44999998807907104,-60.01764947512365,9.959443048046523e-09
grid-r075-c042,75,42,8.600000381469727,15.200000762939453,0.44999998807907104,-63.06403667968996,4.9385144862412744e-09
grid-r075-c043,75,43,8.800000190734863,15.200000762939453,0.44999998807907104,-60.138527674685065,9.686061730462825e-09
grid-r075-c044,75,44,9.0,15.200000762939453,0.44999998807907104,-60.236449750700345,9.470110029496936e-09
grid-r075-c045,75,45,9.199999809265137,15.200000762939453,0.44999998807907104,-63.28303739226726,4.6956558641397805e-09
grid-r075-c046,75,46,9.399999618530273,15.200000762939453,0.44999998807907104,-58.625943499835756,1.372162827806278e-08
grid-r075-c047,75,47,9.600000381469727,15.200000762939453,0.44999998807907104,-63.331306034255476,4.6437560463630234e-09
grid-r075-c048,75,48,9.800000190734863,15.200000762939453,0.44999998807907104,-47.64995961317834,1.7179243627651886e-07
grid-r075-c049,75,49,10.0,15.200000762939453,0.44999998807907104,-58.866720214097626,1.2981592689698118e-08
grid-r076-c017,76,17,3.5999999046325684,15.40000057220459,0.44999998807907104,-63.07837062433926,4.9222417253247386e-09
grid-r076-c023,76,23,4.800000190734863,15.40000057220459,0.44999998807907104,-47.23099138396563,1.8919116939741798e-07
grid-r076-c024,76,24,5.0,15.40000057220459,0.44999998807907104,-61.685641976745,6.783218431394289e-09
grid-r076-c025,76,25,5.199999809265137,15.40000057220459,0.44999998807907104,-47.00022684111974,1.9951581009536312e-07
grid-r076-c026,76,26,5.400000095367432,15.40000057220459,0.44999998807907104,-47.061984633111024,1.9669872131089505e-07
grid-r076-c027,76,27,5.599999904632568,15.40000057220459,0.44999998807907104,-59.92916962705165,1.0164430186421214e-08
grid-r076-c028,76,28,5.800000190734863,15.40000057220459,0.44999998807907104,-77.40808627733101,1.816315847724681e-10
grid-r076-c034,76,34,7.0,15.40000057220459,0.44999998807907104,-62.13402073588503,6.117837347829891e-09
grid-r076-c035,76,35,7.199999809265137,15.40000057220459,0.44999998807907104,-62.366882706558314,5.798447499927306e-09
grid-r076-c036,76,36,7.400000095367432,15.40000057220459,0.44999998807907104,-47.59311360692392,1.7405585595042794e-07
grid-r076-c037,76,37,7.599999904632568,15.40000057220459,0.44999998807907104,-59.53546493946661,1.112893244226143e-08
grid-r076-c038,76,38,7.800000190734863,15.40000057220459,0.44999998807907104,-47.49298356793834,1.781154708169197e-07
grid-r076-c039,76,39,8.0,15.40000057220459,0.44999998807907104,-47.613525460429074,1.7323971235327917e-07
grid-r076-c040,76,40,8.199999809265137,15.40000057220459,0.44999998807907104,-59.75082550708511,1.0590524013309732e-08
grid-r076-c041,76,41,8.399999618530273,15.40000057220459,0.44999998807907104,-59.84672490623052,1.0359230806500364e-08
grid-r076-c042,76,42,8.600000381469727,15.40000057220459,0.44999998807907104,-47.62737186065621,1.7268826013605576e-07
grid-r076-c043,76,43,8.800000190734863,15.40000057220459,0.44999998807907104,-62.965909348482555,5.051368656694422e-09
grid-r076-c044,76,44,9.0,15.40000057220459,0.44999998807907104,-47.39026868474045,1.8237828669498413e-07
grid-r076-c045,76,45,9.199999809265137,15.40000057220459,0.44999998807907104,-47.43774327255096,1.8039548876913614e-07
grid-r076-c046,76,46,9.399999618530273,15.40000057220459,0.44999998807907104,-63.18392838258663,4.804046049855515e-09
grid-r076-c047,76,47,9.600000381469727,15.40000057220459,0.44999998807907104,-58.493278752644486,1.4147253146745697e-08
grid-r076-c048,76,48,9.800000190734863,15.40000057220459,0.44999998807907104,-54.28786536064007,3.7257478879837436e-08
grid-r076-c050,76,50,10.200000762939453,15.40000057220459,0.44999998807907104,-62.33760928809551,5.837663685781536e-09
grid-r077-c022,77,22,4.599999904632568,15.600000381469727,0.44999998807907104,-64.20852985371006,3.794434100257149e-09
grid-r077-c023,77,23,4.800000190734863,15.600000381469727,0.44999998807907104,-47.012492211475234,1.989531313029147e-07
grid-r077-c024,77,24,5.0,15.600000381469727,0.44999998807907104,-46.99789663715899,1.9962288888564217e-07
grid-r077-c025,77,25,5.199999809265137,15.600000381469727,0.44999998807907104,-59.62422384960195,1.0903793423722163e-08
grid-r077-c026,77,26,5.400000095367432,15.600000381469727,0.44999998807907104,-58.662760576958505,1.360579560127917e-08
grid-r077-c027,77,27,5.599999904632568,15.600000381469727,0.44999998807907104,-47.02080413252362,1.9857272093304346e-07
grid-r077-c033,77,33,6.800000190734863,15.600000381469727,0.44999998807907104,-59.13018413559929,1.2217478584375385e-08
grid-r077-c034,77,34,7.0,15.600000381469727,0.44999998807907104,-47.44782493399421,1.7997720647144888e-07
grid-r077-c035,77,35,7.199999809265137,15.600000381469727,0.44999998807907104,-62.247246783945286,5.960398841153847e-09
grid-r077-c036,77,36,7.400000095367432,15.600000381469727,0.44999998807907104,-47.31545809516811,1.8554710834450816e-07
grid-r077-c037,77,37,7.599999904632568,15.600000381469727,0.44999998807907104,-47.33000535196692,1.84926634005933e-07
grid-r077-c038,77,38,7.800000190734863,15.600000381469727,0.44999998807907104,-62.45860469021521,5.677269765413939e-09
grid-r077-c039,77,39,8.0,15.600000381469727,0.44999998807907104,-47.28266532435883,1.8695344294883398e-07
grid-r077-c040,77,40,8.199999809265137,15.600000381469727,0.44999998807907104,-47.35230678785669,1.8397945211745537e-07
grid-r077-c041,77,41,8.399999618530273,15.600000381469727,0.44999998807907104,-62.67534349939616,5.400893954288222e-09
grid-r077-c042,77,42,8.600000381469727,15.600000381469727,0.44999998807907104,-47.3630240569875,1.8352599795434799e-07
grid-r077-c043,77,43,8.800000190734863,15.600000381469727,0.44999998807907104,-47.49595477953895,1.7799365537030098e-07
grid-r077-c044,77,44,9.0,15.600000381469727,0.44999998807907104,-59.869027296874734,1.0306169251350639e-08
grid-r077-c045,77,45,9.199999809265137,15.600000381469727,0.44999998807907104,-47.50402529214071,1.7766319615475368e-07
grid-r077-c046,77,46,9.399999618530273,15.600000381469727,0.44999998807907104,-47.38396580812325,1.8264316281602078e-07
grid-r077-c049,77,49,10.0,15.600000381469727,0.44999998807907104,-72.53678644778078,5.575981898431337e-10
grid-r077-c057,77,57,11.600000381469727,15.600000381469727,0.44999998807907104,-79.69772245974069,1.0720813820030983e-10
grid-r078-c019,78,19,4.0,15.80000114440918,0.44999998807907104,-65.29976826165559,2.951366706582803e-09
grid-r078-c022,78,22,4.599999904632568,15.80000114440918,0.44999998807907104,-63.91891024167565,4.056103009020262e-09
grid-r078-c023,78,23,4.800000190734863,15.80000114440918,0.44999998807907104,-46.86723215913736,2.0572012715547316e-07
grid-r078-c024,78,24,5.0,15.80000114440918,0.44999998807907104,-46.9405793442977,2.0227493280344788e-07
grid-r078-c025,78,25,5.199999809265137,15.80000114440918,0.44999998807907104,-46.762755207193024,2.1072908396035928e-07
grid-r078-c026,78,26,5.400000095367432,15.80000114440918,0.44999998807907104,-61.10461213714103,7.754231923229327e-09
grid-r078-c027,78,27,5.599999904632568,15.80000114440918,0.44999998807907104,-64.20499921494253,3.797520076176397e-09
grid-r078-c029,78,29,6.0,15.80000114440918,0.44999998807907104,-59.55200957069761,1.1086616957811657e-08
grid-r078-c032,78,32,6.599999904632568,15.80000114440918,0.44999998807907104,-61.93911791697431,6.398647833805171e-09
grid-r078-c033,78,33,6.800000190734863,15.80000114440918,0.44999998807907104,-61.96226676281633,6.364632376687496e-09
grid-r078-c034,78,34,7.0,15.80000114440918,0.44999998807907104,-58.23062156852332,1.5029268496391524e-08
grid-r078-c035,78,35,7.199999809265137,15.80000114440918,0.44999998807907104,-57.96400354802337,1.5980841538976165e-08
grid-r078-c036,78,36,7.400000095367432,15.80000114440918,0.44999998807907104,-56.468316087783336,2.2551134293280484e-08
grid-r078-c037,78,37,7.599999904632568,15.80000114440918,0.44999998807907104,-62.317226743864694,5.865125718429454e-09
grid-r078-c038,78,38,7.800000190734863,15.80000114440918,0.44999998807907104,-62.3404967892332,5.833783678355076e-09
grid-r078-c039,78,39,8.0,15.80000114440918,0.44999998807907104,-62.36373397718083,5.802653024744586e-09
grid-r078-c040,78,40,8.199999809265137,15.80000114440918,0.44999998807907104,-57.67097882953125,1.7096299487207034e-08
grid-r078-c041,78,41,8.399999618530273,15.80000114440918,0.44999998807907104,-62.55420001599998,5.55366908017163e-09
grid-r078-c042,78,42,8.600000381469727,15.80000114440918,0.44999998807907104,-63.1934776748208,4.793494490229477e-09
grid-r078-c043,78,43,8.800000190734863,15.80000114440918,0.44999998807907104,-60.75541625547868,8.403464590855947e-09
grid-r078-c044,78,44,9.0,15.80000114440918,0.44999998807907104,-56.67536710431507,2.1501229241494002e-08
grid-r078-c046,78,46,9.399999618530273,15.80000114440918,0.44999998807907104,-62.815586466581564,5.229273458695616e-09
grid-r078-c047,78,47,9.600000381469727,15.80000114440918,0.44999998807907104,-62.14811924135239,6.0980092086992954e-09
grid-r078-c048,78,48,9.800000190734863,15.80000114440918,0.44999998807907104,-56.626829055973104,2.1742881273212333e-08
grid-r078-c055,78,55,11.200000762939453,15.80000114440918,0.44999998807907104,-66.03259652666665,2.493103723466561e-09
grid-r078-c056,78,56,11.399999618530273,15.80000114440918,0.44999998807907104,-73.39000211600249,4.581416634952262e-10
grid-r079-c020,79,20,4.199999809265137,16.0,0.44999998807907104,-65.02072126002189,3.1472255912490255e-09
grid-r079-c022,79,22,4.599999904632568,16.0,0.44999998807907104,-46.7739841291921,2.1018493612245948e-07
grid-r079-c023,79,23,4.800000190734863,16.0,0.44999998807907104,-63.67397664850148,4.291432986747168e-09
grid-r079-c024,79,24,5.0,16.0,0.44999998807907104,-46.629013681716614,2.173194673105172e-07
grid-r079-c025,79,25,5.199999809265137,16.0,0.44999998807907104,-63.735900247893056,4.2306780301260005e-09
grid-r079-c026,79,26,5.400000095367432,16.0,0.44999998807907104,-46.787140825951525,2.0954915669335605e-07
grid-r079-c031,79,31,6.400000095367432,16.0,0.44999998807907104,-58.727369872476174,1.3404882537315643e-08
grid-r079-c032,79,32,6.599999904632568,16.0,0.44999998807907104,-47.447151843203144,1.8000510237925482e-07
grid-r079-c033,79,33,6.800000190734863,16.0,0.44999998807907104,-47.29970116292631,1.8622152708758222e-07
grid-r079-c034,79,34,7.0,16.0,0.44999998807907104,-61.866369592964645,6.506733818412158e-09
grid-r079-c035,79,35,7.199999809265137,16.0,0.44999998807907104,-47.16355409833251,1.9215185886878317e-07
grid-r079-c036,79,36,7.400000095367432,16.0,0.44999998807907104,-62.0315379411109,6.263920049320859e-09
grid-r079-c037,79,37,7.599999904632568,16.0,0.44999998807907104,-47.32100910262305,1.8531009970956802e-07
grid-r079-c038,79,38,7.800000190734863,16.0,0.44999998807907104,-47.18893390849732,1.9103221404748183e-07
grid-r079-c039,79,39,8.0,16.0,0.44999998807907104,-62.2434987778924,5.965544946917589e-09
grid-r079-c040,79,40,8.199999809265137,16.0,0.44999998807907104,-47.20122248135975,1.904924431528343e-07
grid-r079-c041,79,41,8.399999618530273,16.0,0.44999998807907104,-59.070457625910024,1.2386660586116705e-08
grid-r079-c042,79,42,8.600000381469727,16.0,0.44999998807907104,-59.385158106582296,1.152084116995411e-08
grid-r079-c043,79,43,8.800000190734863,16.0,0.44999998807907104,-47.35271774054493,1.8396204382042924e-07
grid-r079-c044,79,44,9.0,16.0,0.44999998807907104,-47.226308812417955,1.893952656928377e-07
grid-r079-c045,79,45,9.199999809265137,16.0,0.44999998807907104,-62.54827085797295,5.561256344321919e-09
grid-r079-c047,79,47,9.600000381469727,16.0,0.44999998807907104,-66.84405029953831,2.068211601979897e-09
grid-r079-c050,79,50,10.200000762939453,16.0,0.44999998807907104,-62.37530538182679,5.787212931096519e-09
grid-r080-c021,80,21,4.400000095367432,16.200000762939453,0.44999998807907104,-63.479578335641065,4.4878896154898484e-09
grid-r080-c022,80,22,4.599999904632568,16.200000762939453,0.44999998807907104,-46.909788009991345,2.0371415132558468e-07
grid-r080-c023,80,23,4.800000190734863,16.200000762939453,0.44999998807907104,-46.80403713030765,2.0873548578492773e-07
grid-r080-c024,80,24,5.0,16.200000762939453,0.44999998807907104,-63.56152355972597,4.404003384195221e-09
grid-r080-c025,80,25,5.199999809265137,16.200000762939453,0.44999998807907104,-60.58151346378099,8.74678907081261e-09
grid-r080-c026,80,26,5.400000095367432,16.200000762939453,0.44999998807907104,-63.46822210326913,4.499640215982481e-09
grid-r080-c030,80,30,6.199999809265137,16.200000762939453,0.44999998807907104,-61.53762510533383,7.018389869273278e-09
grid-r080-c031,80,31,6.400000095367432,16.200000762939453,0.44999998807907104,-60.38440703338924,9.152912205934172e-09
grid-r080-c032,80,32,6.599999904632568,16.200000762939453,0.44999998807907104,-58.63180441446784,1.3703123080688329e-08
grid-r080-c033,80,33,6.800000190734863,16.200000762939453,0.44999998807907104,-61.60980849576765,6.902702409661288e-09
grid-r080-c034,80,34,7.0,16.200000762939453,0.44999998807907104,-61.7475037282034,6.68728183939038e-09
grid-r080-c035,80,35,7.199999809265137,16.200000762939453,0.44999998807907104,-58.771397673872585,1.3269673360127854e-08
grid-r080-c036,80,36,7.400000095367432,16.200000762939453,0.44999998807907104,-56.277267172670776,2.3565316809026626e-08
grid-r080-c037,80,37,7.599999904632568,16.200000762939453,0.44999998807907104,-61.95797014904761,6.370932226218429e-09
grid-r080-c038,80,38,7.800000190734863,16.200000762939453,0.44999998807907104,-60.58735001347594,8.735042023033657e-09
grid-r080-c039,80,39,8.0,16.200000762939453,0.44999998807907104,-59.05276957584897,1.2437212149052357e-08
grid-r080-c040,80,40,8.199999809265137,16.200000762939453,0.44999998807907104,-57.342229824954416,1.844068364675877e-08
grid-r080-c042,80,42,8.600000381469727,16.200000762939453,0.44999998807907104,-62.21465948002324,6.00529093119917e-09
grid-r080-c043,80,43,8.800000190734863,16.200000762939453,0.44999998807907104,-57.50739611640341,1.775253544167299e-08
grid-r080-c044,80,44,9.0,16.200000762939453,0.44999998807907104,-57.57662747547468,1.747178401956262e-08
grid-r080-c054,80,54,11.0,16.200000762939453,0.44999998807907104,-58.74330785477575,1.3355778705204102e-08
