grid_id,row,column,x,y,z,sionna_rssi_dbm,path_gain_linear
grid-r000-c000,0,0,0.19999980926513672,0.20000028610229492,0.44999998807907104,-39.064399454657284,1.2403951359374332e-06
grid-r000-c001,0,1,0.40000009536743164,0.20000028610229492,0.44999998807907104,-38.303721856024346,1.4778413515159627e-06
grid-r000-c002,0,2,0.5999999046325684,0.20000028610229492,0.44999998807907104,-38.271119509871795,1.4889772046444705e-06
grid-r000-c003,0,3,0.7999997138977051,0.20000028610229492,0.44999998807907104,-37.77904019545221,1.667615720180038e-06
grid-r000-c004,0,4,1.0,0.20000028610229492,0.44999998807907104,-37.46649753282227,1.7920505115398555e-06
grid-r000-c005,0,5,1.1999998092651367,0.20000028610229492,0.44999998807907104,-37.138941348305806,1.9324393178976607e-06
grid-r000-c006,0,6,1.4000000953674316,0.20000028610229492,0.44999998807907104,-36.575017089954656,2.200383050876553e-06
grid-r000-c007,0,7,1.5999999046325684,0.20000028610229492,0.44999998807907104,-35.519509931638034,2.805750227707904e-06
grid-r000-c008,0,8,1.799999713897705,0.20000028610229492,0.44999998807907104,-34.61426315977458,3.455999603829696e-06
grid-r000-c009,0,9,2.0,0.20000028610229492,0.44999998807907104,-32.909277352111665,5.117669843457406e-06
grid-r000-c010,0,10,2.200000047683716,0.20000028610229492,0.44999998807907104,-31.335585870561516,7.352608008659445e-06
grid-r000-c011,0,11,2.3999998569488525,0.20000028610229492,0.44999998807907104,-29.5951554913134,1.0977019883284811e-05
grid-r000-c012,0,12,2.5999999046325684,0.20000028610229492,0.44999998807907104,-28.178011389914502,1.5212439393508248e-05
grid-r000-c013,0,13,2.799999952316284,0.20000028610229492,0.44999998807907104,-27.174431239437943,1.9167120626661927e-05
grid-r000-c014,0,14,3.0,0.20000028610229492,0.44999998807907104,-26.67459038827394,2.150507498299703e-05
grid-r000-c015,0,15,3.200000047683716,0.20000028610229492,0.44999998807907104,-26.577140392434437,2.1993075279169716e-05
grid-r000-c016,0,16,3.3999998569488525,0.20000028610229492,0.44999998807907104,-26.574717230545687,2.2005349819664843e-05
grid-r000-c017,0,17,3.5999999046325684,0.20000028610229492,0.44999998807907104,-26.948565553729992,2.0190331269986928e-05
grid-r000-c018,0,18,3.799999952316284,0.20000028610229492,0.44999998807907104,-27.978221683225044,1.5928608263493516e-05
grid-r000-c019,0,19,4.0,0.20000028610229492,0.44999998807907104,-29.55501873528221,1.1078937859565485e-05
grid-r000-c020,0,20,4.199999809265137,0.20000028610229492,0.44999998807907104,-31.303351056422564,7.407384600810474e-06
grid-r000-c021,0,21,4.400000095367432,0.20000028610229492,0.44999998807907104,-33.23103100522009,4.7522239583486225e-06
grid-r000-c022,0,22,4.599999904632568,0.20000028610229492,0.44999998807907104,-35.47779804137466,2.832827931342763e-06
grid-r000-c023,0,23,4.800000190734863,0.20000028610229492,0.44999998807907104,-37.41618635441726,1.8129313730241847e-06
grid-r000-c024,0,24,5.0,0.20000028610229492,0.44999998807907104,-38.69170386402232,1.3515422097043484e-06
grid-r000-c025,0,25,5.199999809265137,0.20000028610229492,0.44999998807907104,-39.05056747636027,1.244352006324334e-06
grid-r000-c026,0,26,5.400000095367432,0.20000028610229492,0.44999998807907104,-38.50252986838461,1.4117149476078339e-06
grid-r000-c027,0,27,5.599999904632568,0.20000028610229492,0.44999998807907104,-37.78484235936599,1.6653892771500978e-06
grid-r000-c028,0,28,5.800000190734863,0.20000028610229492,0.44999998807907104,-37.66459881645054,1.7121433302236255e-06
grid-r000-c029,0,29,6.0,0.20000028610229492,0.44999998807907104,-37.76681126549296,1.6723180351618794e-06
grid-r000-c030,0,30,6.199999809265137,0.20000028610229492,0.44999998807907104,-37.570307916706454,1.7497226281193434e-06
grid-r000-c031,0,31,6.400000095367432,0.20000028610229492,0.44999998807907104,-37.62086253276309,1.729472842271207e-06
grid-r000-c032,0,32,6.599999904632568,0.20000028610229492,0.44999998807907104,-37.34911060169964,1.8411490145808784e-06
grid-r000-c033,0,33,6.800000190734863,0.20000028610229492,0.44999998807907104,-37.12322547960455,1.939444928211742e-06
grid-r000-c034,0,34,7.0,0.20000028610229492,0.44999998807907104,-37.41526866198856,1.8133144976673066e-06
grid-r000-c035,0,35,7.199999809265137,0.20000028610229492,0.44999998807907104,-37.61130081036971,1.7332847619400127e-06
grid-r000-c036,0,36,7.400000095367432,0.20000028610229492,0.44999998807907104,-38.110339913714014,1.545133500258089e-06
grid-r000-c037,0,37,7.599999904632568,0.20000028610229492,0.44999998807907104,-37.954130968450855,1.6017211237340234e-06
grid-r000-c038,0,38,7.800000190734863,0.20000028610229492,0.44999998807907104,-38.42744506633007,1.436334173376963e-06
grid-r000-c039,0,39,8.0,0.20000028610229492,0.44999998807907104,-38.98296855908807,1.2638721500479733e-06
grid-r000-c040,0,40,8.199999809265137,0.20000028610229492,0.44999998807907104,-39.68662271961213,1.0748249223979656e-06
grid-r000-c041,0,41,8.399999618530273,0.20000028610229492,0.44999998807907104,-39.879253702609404,1.0281929689881508e-06
grid-r000-c042,0,42,8.600000381469727,0.20000028610229492,0.44999998807907104,-40.11808793781494,9.731755881148274e-07
grid-r000-c043,0,43,8.800000190734863,0.20000028610229492,0.44999998807907104,-39.757557333344984,1.0574120778983342e-06
grid-r000-c044,0,44,9.0,0.20000028610229492,0.44999998807907104,-39.88894432676305,1.0259012697133585e-06
grid-r000-c045,0,45,9.199999809265137,0.20000028610229492,0.44999998807907104,-39.69601399380552,1.0725032097980147e-06
grid-r000-c046,0,46,9.399999618530273,0.20000028610229492,0.44999998807907104,-39.15379715664082,1.2151231203461066e-06
grid-r000-c047,0,47,9.600000381469727,0.20000028610229492,0.44999998807907104,-39.65868058469697,1.0817625479830895e-06
grid-r000-c048,0,48,9.800000190734863,0.20000028610229492,0.44999998807907104,-39.36270409160356,1.1580560794755002e-06
grid-r000-c049,0,49,10.0,0.20000028610229492,0.44999998807907104,-39.32628418676806,1.1678083637889358e-06
grid-r000-c050,0,50,10.200000762939453,0.20000028610229492,0.44999998807907104,-39.486844503062144,1.125422386394348e-06
grid-r000-c051,0,51,10.399999618530273,0.20000028610229492,0.44999998807907104,-39.35370339862953,1.160458623417071e-06
grid-r000-c052,0,52,10.600000381469727,0.20000028610229492,0.44999998807907104,-39.25692784142192,1.1866078466482577e-06
grid-r000-c053,0,53,10.800000190734863,0.20000028610229492,0.44999998807907104,-40.15690228694339,9.645167438065982e-07
grid-r000-c054,0,54,11.0,0.20000028610229492,0.44999998807907104,-40.41657162216581,9.085374585993122e-07
grid-r000-c055,0,55,11.200000762939453,0.20000028610229492,0.44999998807907104,-41.259832397412055,7.481983743673482e-07
grid-r000-c056,0,56,11.399999618530273,0.20000028610229492,0.44999998807907104,-39.419583624671574,1.1429879123170394e-06
grid-r000-c057,0,57,11.600000381469727,0.20000028610229492,0.44999998807907104,-41.45137912953611,7.159160304581746e-07
grid-r001-c000,1,0,0.19999980926513672,0.40000057220458984,0.44999998807907104,-37.429747485943054,1.8072792045131791e-06
grid-r001-c001,1,1,0.40000009536743164,0.40000057220458984,0.44999998807907104,-37.53606787203624,1.7635720723774284e-06
grid-r001-c002,1,2,0.5999999046325684,0.40000057220458984,0.44999998807907104,-37.62360832278112,1.7283797433265136e-06
grid-r001-c003,1,3,0.7999997138977051,0.40000057220458984,0.44999998807907104,-37.69472992278385,1.7003056882458623e-06
grid-r001-c004,1,4,1.0,0.40000057220458984,0.44999998807907104,-37.510340836301026,1.7740502471497166e-06
grid-r001-c005,1,5,1.1999998092651367,0.40000057220458984,0.44999998807907104,-37.66922476127731,1.7103205891544349e-06
grid-r001-c006,1,6,1.4000000953674316,0.40000057220458984,0.44999998807907104,-37.518340423329626,1.770785502230865e-06
grid-r001-c007,1,7,1.5999999046325684,0.40000057220458984,0.44999998807907104,-36.8937314136204,2.0446871076273965e-06
grid-r001-c008,1,8,1.799999713897705,0.40000057220458984,0.44999998807907104,-34.913455866097216,3.225926093364251e-06
grid-r001-c009,1,9,2.0,0.40000057220458984,0.44999998807907104,-33.24876267065441,4.732860816147877e-06
grid-r001-c010,1,10,2.200000047683716,0.40000057220458984,0.44999998807907104,-31.306708275459208,7.401660695904866e-06
grid-r001-c011,1,11,2.3999998569488525,0.40000057220458984,0.44999998807907104,-29.519053809601985,1.1171066034876276e-05
grid-r001-c012,1,12,2.5999999046325684,0.40000057220458984,0.44999998807907104,-27.965078125104633,1.597688788024243e-05
grid-r001-c013,1,13,2.799999952316284,0.40000057220458984,0.44999998807907104,-26.814780342572824,2.082197715935763e-05
grid-r001-c014,1,14,3.0,0.40000057220458984,0.44999998807907104,-26.199585882808577,2.3990616682567634e-05
grid-r001-c015,1,15,3.200000047683716,0.40000057220458984,0.44999998807907104,-26.07726405771529,2.467593367327936e-05
grid-r001-c016,1,16,3.3999998569488525,0.40000057220458984,0.44999998807907104,-26.42277825194168,2.278883766848594e-05
grid-r001-c017,1,17,3.5999999046325684,0.40000057220458984,0.44999998807907104,-27.079372722982413,1.9591276213759556e-05
grid-r001-c018,1,18,3.799999952316284,0.40000057220458984,0.44999998807907104,-28.316381144663303,1.4735398508491926e-05
grid-r001-c019,1,19,4.0,0.40000057220458984,0.44999998807907104,-29.903074568528957,1.0225688129139598e-05
grid-r001-c020,1,20,4.199999809265137,0.40000057220458984,0.44999998807907104,-31.701874867159823,6.75791170579032e-06
grid-r001-c021,1,21,4.400000095367432,0.40000057220458984,0.44999998807907104,-33.608101883743736,4.357022589829285e-06
grid-r001-c022,1,22,4.599999904632568,0.40000057220458984,0.44999998807907104,-35.18493106816561,3.0304483971121954e-06
grid-r001-c023,1,23,4.800000190734863,0.40000057220458984,0.44999998807907104,-36.468011661687285,2.2552715108759003e-06
grid-r001-c024,1,24,5.0,0.40000057220458984,0.44999998807907104,-37.328426059428836,1.8499389398130006e-06
grid-r001-c025,1,25,5.199999809265137,0.40000057220458984,0.44999998807907104,-38.214602602701106,1.5084806364029646e-06
grid-r001-c026,1,26,5.400000095367432,0.40000057220458984,0.44999998807907104,-38.823420989951444,1.3111666703480296e-06
grid-r001-c027,1,27,5.599999904632568,0.40000057220458984,0.44999998807907104,-39.433928366405524,1.1392188525860547e-06
grid-r001-c028,1,28,5.800000190734863,0.40000057220458984,0.44999998807907104,-39.075899120562106,1.2371150432954892e-06
grid-r001-c029,1,29,6.0,0.40000057220458984,0.44999998807907104,-38.66647208502626,1.3594172969533247e-06
grid-r001-c030,1,30,6.199999809265137,0.40000057220458984,0.44999998807907104,-37.79932436368287,1.6598451111349277e-06
grid-r001-c031,1,31,6.400000095367432,0.40000057220458984,0.44999998807907104,-37.47874238180348,1.7870049759949325e-06
grid-r001-c032,1,32,6.599999904632568,0.40000057220458984,0.44999998807907104,-37.88760360710781,1.626445964575396e-06
grid-r001-c033,1,33,6.800000190734863,0.40000057220458984,0.44999998807907104,-38.29979136682767,1.4791794455959462e-06
grid-r001-c034,1,34,7.0,0.40000057220458984,0.44999998807907104,-38.38179286908101,1.4515122757075005e-06
grid-r001-c035,1,35,7.199999809265137,0.40000057220458984,0.44999998807907104,-38.63371033727387,1.3697110716748284e-06
grid-r001-c036,1,36,7.400000095367432,0.40000057220458984,0.44999998807907104,-38.32008039321142,1.472285248382832e-06
grid-r001-c037,1,37,7.599999904632568,0.40000057220458984,0.44999998807907104,-38.14803004719139,1.5317821180360625e-06
grid-r001-c038,1,38,7.800000190734863,0.40000057220458984,0.44999998807907104,-37.72996232292188,1.6865676570887445e-06
grid-r001-c039,1,39,8.0,0.40000057220458984,0.44999998807907104,-37.654657303017586,1.7160671177407494e-06
grid-r001-c040,1,40,8.199999809265137,0.40000057220458984,0.44999998807907104,-37.7307323127313,1.6862686607055366e-06
grid-r001-c041,1,41,8.399999618530273,0.40000057220458984,0.44999998807907104,-37.73603518810595,1.6842109289427754e-06
grid-r001-c042,1,42,8.600000381469727,0.40000057220458984,0.44999998807907104,-38.10831416789569,1.5458543884960818e-06
grid-r001-c043,1,43,8.800000190734863,0.40000057220458984,0.44999998807907104,-38.61407150634307,1.3759189414486173e-06
grid-r001-c044,1,44,9.0,0.40000057220458984,0.44999998807907104,-38.733585156152834,1.3385712236413383e-06
grid-r001-c045,1,45,9.199999809265137,0.40000057220458984,0.44999998807907104,-38.86000894420309,1.3001669003642746e-06
grid-r001-c046,1,46,9.399999618530273,0.40000057220458984,0.44999998807907104,-39.89347110586627,1.0248324997519376e-06
grid-r001-c047,1,47,9.600000381469727,0.40000057220458984,0.44999998807907104,-39.921720432667335,1.01818795883446e-06
grid-r001-c048,1,48,9.800000190734863,0.40000057220458984,0.44999998807907104,-40.158582666229606,9.64143623605196e-07
grid-r001-c049,1,49,10.0,0.40000057220458984,0.44999998807907104,-41.08677580632124,7.786143783050647e-07
grid-r001-c050,1,50,10.200000762939453,0.40000057220458984,0.44999998807907104,-40.213613431037786,9.520037451693497e-07
grid-r001-c051,1,51,10.399999618530273,0.40000057220458984,0.44999998807907104,-40.84308314352488,8.235532504841103e-07
grid-r001-c052,1,52,10.600000381469727,0.40000057220458984,0.44999998807907104,-40.99228224782052,7.957410730341508e-07
grid-r001-c053,1,53,10.800000190734863,0.40000057220458984,0.44999998807907104,-40.73044678037927,8.45191891585273e-07
grid-r001-c054,1,54,11.0,0.40000057220458984,0.44999998807907104,-39.76217537436585,1.056288283507456e-06
grid-r001-c055,1,55,11.200000762939453,0.40000057220458984,0.44999998807907104,-40.65250275510231,8.604977210779907e-07
grid-r001-c056,1,56,11.399999618530273,0.40000057220458984,0.44999998807907104,-40.390391935176936,9.140307497546019e-07
grid-r001-c057,1,57,11.600000381469727,0.40000057220458984,0.44999998807907104,-40.326483293758315,9.275806291952904e-07
grid-r002-c000,2,0,0.19999980926513672,0.6000003814697266,0.44999998807907104,-37.13155860562409,1.93572714124457e-06
grid-r002-c001,2,1,0.40000009536743164,0.6000003814697266,0.44999998807907104,-37.255997070645606,1.8810497977028717e-06
grid-r002-c002,2,2,0.5999999046325684,0.6000003814697266,0.44999998807907104,-37.29949164622748,1.8623051118993317e-06
grid-r002-c003,2,3,0.7999997138977051,0.6000003814697266,0.44999998807907104,-38.20932079620712,1.5103163377716555e-06
grid-r002-c004,2,4,1.0,0.6000003814697266,0.44999998807907104,-39.15639963923085,1.214395183524175e-06
grid-r002-c005,2,5,1.1999998092651367,0.6000003814697266,0.44999998807907104,-38.56067902560336,1.3929389979239204e-06
grid-r002-c006,2,6,1.4000000953674316,0.6000003814697266,0.44999998807907104,-37.300846624432694,1.8617241721585742e-06
grid-r002-c007,2,7,1.5999999046325684,0.6000003814697266,0.44999998807907104,-36.09226186438104,2.459086545059108e-06
grid-r002-c008,2,8,1.799999713897705,0.6000003814697266,0.44999998807907104,-34.67741916326037,3.4061054066114593e-06
grid-r002-c009,2,9,2.0,0.6000003814697266,0.44999998807907104,-33.12076847825445,4.8744223022367805e-06
grid-r002-c010,2,10,2.200000047683716,0.6000003814697266,0.44999998807907104,-31.33022032222223,7.361697498708963e-06
grid-r002-c011,2,11,2.3999998569488525,0.6000003814697266,0.44999998807907104,-29.538399924945075,1.1121413990622386e-05
grid-r002-c012,2,12,2.5999999046325684,0.6000003814697266,0.44999998807907104,-27.99517251827823,1.586655889695976e-05
grid-r002-c013,2,13,2.799999952316284,0.6000003814697266,0.44999998807907104,-26.88301640679814,2.0497380319284275e-05
grid-r002-c014,2,14,3.0,0.6000003814697266,0.44999998807907104,-26.22238246777981,2.3865017283242196e-05
grid-r002-c015,2,15,3.200000047683716,0.6000003814697266,0.44999998807907104,13.724522864373462,0.23575031757354736
grid-r002-c016,2,16,3.3999998569488525,0.6000003814697266,0.44999998807907104,-26.5081068465203,2.234546082036104e-05
grid-r002-c017,2,17,3.5999999046325684,0.6000003814697266,0.44999998807907104,-27.32619834163338,1.8508881112211384e-05
grid-r002-c018,2,18,3.799999952316284,0.6000003814697266,0.44999998807907104,-28.550104802999307,1.3963346646050923e-05
grid-r002-c019,2,19,4.0,0.6000003814697266,0.44999998807907104,-30.076771195014942,9.824781045608688e-06
grid-r002-c020,2,20,4.199999809265137,0.6000003814697266,0.44999998807907104,-31.839577270742836,6.546998974954477e-06
grid-r002-c021,2,21,4.400000095367432,0.6000003814697266,0.44999998807907104,-33.4588388780016,4.509372502070619e-06
grid-r002-c022,2,22,4.599999904632568,0.6000003814697266,0.44999998807907104,-34.940528410060594,3.2058792385214474e-06
grid-r002-c023,2,23,4.800000190734863,0.6000003814697266,0.44999998807907104,-36.222561469912506,2.386403366472223e-06
grid-r002-c024,2,24,5.0,0.6000003814697266,0.44999998807907104,-36.79147665371069,2.0934005533490563e-06
grid-r002-c025,2,25,5.199999809265137,0.6000003814697266,0.44999998807907104,-37.07774116175376,1.9598637663875706e-06
grid-r002-c026,2,26,5.400000095367432,0.6000003814697266,0.44999998807907104,-37.377412461834865,1.829189727686753e-06
grid-r002-c027,2,27,5.599999904632568,0.6000003814697266,0.44999998807907104,-37.47442635525022,1.7887817875816836e-06
grid-r002-c028,2,28,5.800000190734863,0.6000003814697266,0.44999998807907104,-37.62909968183451,1.7261957054870436e-06
grid-r002-c029,2,29,6.0,0.6000003814697266,0.44999998807907104,-38.25687904213308,1.4938675576559035e-06
grid-r002-c030,2,30,6.199999809265137,0.6000003814697266,0.44999998807907104,-39.144115464834066,1.217835006173118e-06
grid-r002-c031,2,31,6.400000095367432,0.6000003814697266,0.44999998807907104,-39.23277287626264,1.1932260122193838e-06
grid-r002-c032,2,32,6.599999904632568,0.6000003814697266,0.44999998807907104,-38.150070537886535,1.5310625940401223e-06
grid-r002-c033,2,33,6.800000190734863,0.6000003814697266,0.44999998807907104,-37.998064592647154,1.585599648024072e-06
grid-r002-c034,2,34,7.0,0.6000003814697266,0.44999998807907104,-37.42315434063485,1.8100249690178316e-06
grid-r002-c035,2,35,7.199999809265137,0.6000003814697266,0.44999998807907104,-37.534104932270466,1.76436935817037e-06
grid-r002-c036,2,36,7.400000095367432,0.6000003814697266,0.44999998807907104,-38.0111597815982,1.5808258240213036e-06
grid-r002-c037,2,37,7.599999904632568,0.6000003814697266,0.44999998807907104,-38.32814070629495,1.4695552863486228e-06
grid-r002-c038,2,38,7.800000190734863,0.6000003814697266,0.44999998807907104,-39.05584271262656,1.242841449311527e-06
grid-r002-c039,2,39,8.0,0.6000003814697266,0.44999998807907104,-39.54698428280033,1.1099452876806026e-06
grid-r002-c040,2,40,8.199999809265137,0.6000003814697266,0.44999998807907104,-39.73039252995109,1.0640468417477678e-06
grid-r002-c041,2,41,8.399999618530273,0.6000003814697266,0.44999998807907104,-39.67940981050176,1.0766115110527608e-06
grid-r002-c042,2,42,8.600000381469727,0.6000003814697266,0.44999998807907104,-39.37556772982781,1.154631036115461e-06
grid-r002-c043,2,43,8.800000190734863,0.6000003814697266,0.44999998807907104,-38.79292697957251,1.3204054312154767e-06
grid-r002-c044,2,44,9.0,0.6000003814697266,0.44999998807907104,-38.70015555714402,1.3489145658240886e-06
grid-r002-c045,2,45,9.199999809265137,0.6000003814697266,0.44999998807907104,-38.73624318452378,1.3377522236623918e-06
grid-r002-c046,2,46,9.399999618530273,0.6000003814697266,0.44999998807907104,-38.21392545814546,1.5087158544702106e-06
grid-r002-c047,2,47,9.600000381469727,0.6000003814697266,0.44999998807907104,-38.748724886606034,1.3339130191525328e-06
grid-r002-c048,2,48,9.800000190734863,0.6000003814697266,0.44999998807907104,-38.861771332049166,1.2996393934372463e-06
grid-r002-c049,2,49,10.0,0.6000003814697266,0.44999998807907104,-38.351615532637695,1.4616333601225051e-06
grid-r002-c050,2,50,10.200000762939453,0.6000003814697266,0.44999998807907104,-39.16529675549466,1.2119098755647428e-06
grid-r002-c051,2,51,10.399999618530273,0.6000003814697266,0.44999998807907104,-38.47862691678338,1.4195062476574094e-06
grid-r002-c052,2,52,10.600000381469727,0.6000003814697266,0.44999998807907104,-39.26389919643285,1.1847046152979601e-06
grid-r002-c053,2,53,10.800000190734863,0.6000003814697266,0.44999998807907104,-39.4007190877861,1.1479635304567637e-06
grid-r002-c054,2,54,11.0,0.6000003814697266,0.44999998807907104,-40.738036517909784,8.437161227448087e-07
grid-r002-c055,2,55,11.200000762939453,0.6000003814697266,0.44999998807907104,-40.52245241125906,8.866551866049122e-07
grid-r002-c056,2,56,11.399999618530273,0.6000003814697266,0.44999998807907104,-40.98481786384421,7.971099194037379e-07
grid-r002-c057,2,57,11.600000381469727,0.6000003814697266,0.44999998807907104,-40.42947192281329,9.058427394847968e-07
grid-r003-c000,3,0,0.19999980926513672,0.8000001907348633,0.44999998807907104,-36.10161784740232,2.4537946501368424e-06
grid-r003-c001,3,1,0.40000009536743164,0.8000001907348633,0.44999998807907104,-36.93700908417072,2.02441287910915e-06
grid-r003-c002,3,2,0.5999999046325684,0.8000001907348633,0.44999998807907104,-37.8829951707067,1.6281727539535495e-06
grid-r003-c003,3,3,0.7999997138977051,0.8000001907348633,0.44999998807907104,-37.67390303306275,1.7084792034438578e-06
grid-r003-c004,3,4,1.0,0.8000001907348633,0.44999998807907104,-37.27682264368664,1.8720512571235304e-06
grid-r003-c005,3,5,1.1999998092651367,0.8000001907348633,0.44999998807907104,-36.916727243573284,2.0338891317805974e-06
grid-r003-c006,3,6,1.4000000953674316,0.8000001907348633,0.44999998807907104,-36.502608355388446,2.2373769752448425e-06
grid-r003-c007,3,7,1.5999999046325684,0.8000001907348633,0.44999998807907104,-35.80374610223886,2.628000174809131e-06
grid-r003-c008,3,8,1.799999713897705,0.8000001907348633,0.44999998807907104,-35.1115411240462,3.082094053752371e-06
grid-r003-c009,3,9,2.0,0.8000001907348633,0.44999998807907104,-33.49635483511914,4.470586645766161e-06
grid-r003-c010,3,10,2.200000047683716,0.8000001907348633,0.44999998807907104,-31.868595284745794,6.503400072688237e-06
grid-r003-c011,3,11,2.3999998569488525,0.8000001907348633,0.44999998807907104,-30.16433517989227,9.628673979023006e-06
grid-r003-c012,3,12,2.5999999046325684,0.8000001907348633,0.44999998807907104,-28.603494792734082,1.3792739082418848e-05
grid-r003-c013,3,13,2.799999952316284,0.8000001907348633,0.44999998807907104,-27.44917817928716,1.799211349862162e-05
grid-r003-c014,3,14,3.0,0.8000001907348633,0.44999998807907104,-26.82302598625909,2.078248144243844e-05
grid-r003-c015,3,15,3.200000047683716,0.8000001907348633,0.44999998807907104,-26.662933675043156,2.15628733712947e-05
grid-r003-c016,3,16,3.3999998569488525,0.8000001907348633,0.44999998807907104,-27.07672673407665,1.960321606020443e-05
grid-r003-c017,3,17,3.5999999046325684,0.8000001907348633,0.44999998807907104,-28.024085313844857,1.5761279428261332e-05
grid-r003-c018,3,18,3.799999952316284,0.8000001907348633,0.44999998807907104,-29.192602802471647,1.2043139577144757e-05
grid-r003-c019,3,19,4.0,0.8000001907348633,0.44999998807907104,-30.80024237583416,8.317173524119426e-06
grid-r003-c020,3,20,4.199999809265137,0.8000001907348633,0.44999998807907104,-32.39308992046365,5.763562512584031e-06
grid-r003-c021,3,21,4.400000095367432,0.8000001907348633,0.44999998807907104,-33.97962376570062,3.999793989351019e-06
grid-r003-c022,3,22,4.599999904632568,0.8000001907348633,0.44999998807907104,-35.20717603909367,3.0149658414302394e-06
grid-r003-c023,3,23,4.800000190734863,0.8000001907348633,0.44999998807907104,-36.189435498597426,2.4046753424045164e-06
grid-r003-c024,3,24,5.0,0.8000001907348633,0.44999998807907104,-36.82587494572864,2.076885266433237e-06
grid-r003-c025,3,25,5.199999809265137,0.8000001907348633,0.44999998807907104,-37.35894979638252,1.836982505665219e-06
grid-r003-c026,3,26,5.400000095367432,0.8000001907348633,0.44999998807907104,-37.08375924636211,1.9571498341974802e-06
grid-r003-c027,3,27,5.599999904632568,0.8000001907348633,0.44999998807907104,-37.194064526070505,1.9080666788795497e-06
grid-r003-c028,3,28,5.800000190734863,0.8000001907348633,0.44999998807907104,-37.07349580785763,1.961780526471557e-06
grid-r003-c029,3,29,6.0,0.8000001907348633,0.44999998807907104,-36.965025730233435,2.011395281442674e-06
grid-r003-c030,3,30,6.199999809265137,0.8000001907348633,0.44999998807907104,-37.020439451828686,1.9858939594996627e-06
grid-r003-c031,3,31,6.400000095367432,0.8000001907348633,0.44999998807907104,-37.40733286190948,1.8166309700973216e-06
grid-r003-c032,3,32,6.599999904632568,0.8000001907348633,0.44999998807907104,-38.070212400270705,1.5594762317050481e-06
grid-r003-c033,3,33,6.800000190734863,0.8000001907348633,0.44999998807907104,-38.65208466723254,1.3639282769872807e-06
grid-r003-c034,3,34,7.0,0.8000001907348633,0.44999998807907104,-39.155996341323274,1.214507960867195e-06
grid-r003-c035,3,35,7.199999809265137,0.8000001907348633,0.44999998807907104,-38.5190294611252,1.4063617754800362e-06
grid-r003-c036,3,36,7.400000095367432,0.8000001907348633,0.44999998807907104,-37.88820228290685,1.6262217741314089e-06
grid-r003-c037,3,37,7.599999904632568,0.8000001907348633,0.44999998807907104,-37.6219489326982,1.7290402638536762e-06
grid-r003-c038,3,38,7.800000190734863,0.8000001907348633,0.44999998807907104,-37.970023646502014,1.595870458004356e-06
grid-r003-c039,3,39,8.0,0.8000001907348633,0.44999998807907104,-37.92338606393061,1.6131003803820931e-06
grid-r003-c040,3,40,8.199999809265137,0.8000001907348633,0.44999998807907104,-38.17666376426121,1.5217160580505151e-06
grid-r003-c041,3,41,8.399999618530273,0.8000001907348633,0.44999998807907104,-38.82355693099381,1.311125629399612e-06
grid-r003-c042,3,42,8.600000381469727,0.8000001907348633,0.44999998807907104,-39.37280665298134,1.155365339400305e-06
grid-r003-c043,3,43,8.800000190734863,0.8000001907348633,0.44999998807907104,-40.32975274346058,9.268825920116797e-07
grid-r003-c044,3,44,9.0,0.8000001907348633,0.44999998807907104,-40.52142068716941,8.868658483152103e-07
grid-r003-c045,3,45,9.199999809265137,0.8000001907348633,0.44999998807907104,-40.589549460416535,8.730619356356328e-07
grid-r003-c046,3,46,9.399999618530273,0.8000001907348633,0.44999998807907104,-40.36697247887648,9.189730008074548e-07
grid-r003-c047,3,47,9.600000381469727,0.8000001907348633,0.44999998807907104,-40.05000798026202,9.88551278169325e-07
grid-r003-c048,3,48,9.800000190734863,0.8000001907348633,0.44999998807907104,-39.33274581359715,1.1660721384032513e-06
grid-r003-c049,3,49,10.0,0.8000001907348633,0.44999998807907104,-39.67660407578031,1.077307274499617e-06
grid-r003-c050,3,50,10.200000762939453,0.8000001907348633,0.44999998807907104,-39.18173843739816,1.2073304560544784e-06
grid-r003-c051,3,51,10.399999618530273,0.8000001907348633,0.44999998807907104,-39.33031607541238,1.1667247008517734e-06
grid-r003-c052,3,52,10.600000381469727,0.8000001907348633,0.44999998807907104,-38.8964332649963,1.2893079883724567e-06
grid-r003-c053,3,53,10.800000190734863,0.8000001907348633,0.44999998807907104,-39.51782113331933,1.1174237215527683e-06
grid-r003-c054,3,54,11.0,0.8000001907348633,0.44999998807907104,-39.02143334464419,1.2527276567197987e-06
grid-r003-c055,3,55,11.200000762939453,0.8000001907348633,0.44999998807907104,-38.27415199920098,1.4879378795740195e-06
grid-r003-c056,3,56,11.399999618530273,0.8000001907348633,0.44999998807907104,-39.00145213520834,1.2585045396917849e-06
grid-r003-c057,3,57,11.600000381469727,0.8000001907348633,0.44999998807907104,-39.249595039926035,1.1886130550919916e-06
grid-r004-c000,4,0,0.19999980926513672,1.0000004768371582,0.44999998807907104,-37.1104467747639,1.9451599655440077e-06
grid-r004-c001,4,1,0.40000009536743164,1.0000004768371582,0.44999998807907104,-37.042810239791955,1.975690793187823e-06
grid-r004-c002,4,2,0.5999999046325684,1.0000004768371582,0.44999998807907104,-36.68961410117679,2.143081019312376e-06
grid-r004-c003,4,3,0.7999997138977051,1.0000004768371582,0.44999998807907104,-36.26858126273863,2.361249471505289e-06
grid-r004-c004,4,4,1.0,1.0000004768371582,0.44999998807907104,-36.15443380446614,2.4241339815489482e-06
grid-r004-c005,4,5,1.1999998092651367,1.0000004768371582,0.44999998807907104,-36.13290381247825,2.436181375742308e-06
grid-r004-c006,4,6,1.4000000953674316,1.0000004768371582,0.44999998807907104,-35.88967700657171,2.5765127702470636e-06
grid-r004-c007,4,7,1.5999999046325684,1.0000004768371582,0.44999998807907104,-35.54335517943702,2.790387270579231e-06
grid-r004-c008,4,8,1.799999713897705,1.0000004768371582,0.44999998807907104,-34.74141036643155,3.3562860153324436e-06
grid-r004-c009,4,9,2.0,1.0000004768371582,0.44999998807907104,-33.81936175916566,4.150150289206067e-06
grid-r004-c010,4,10,2.200000047683716,1.0000004768371582,0.44999998807907104,-32.34911258603552,5.822221737616928e-06
grid-r004-c011,4,11,2.3999998569488525,1.0000004768371582,0.44999998807907104,-30.820923883194354,8.2776605268009e-06
grid-r004-c012,4,12,2.5999999046325684,1.0000004768371582,0.44999998807907104,-29.45985373632915,1.1324385013722349e-05
grid-r004-c013,4,13,2.799999952316284,1.0000004768371582,0.44999998807907104,-28.438355059317317,1.4327304597827606e-05
grid-r004-c014,4,14,3.0,1.0000004768371582,0.44999998807907104,-27.79096263960863,1.6630439859000035e-05
grid-r004-c015,4,15,3.200000047683716,1.0000004768371582,0.44999998807907104,-27.702558373713266,1.6972435332718305e-05
grid-r004-c016,4,16,3.3999998569488525,1.0000004768371582,0.44999998807907104,-28.077873486812443,1.5567276932415552e-05
grid-r004-c017,4,17,3.5999999046325684,1.0000004768371582,0.44999998807907104,-29.006602024729474,1.257013082067715e-05
grid-r004-c018,4,18,3.799999952316284,1.0000004768371582,0.44999998807907104,-30.16788586399418,9.620805030863266e-06
grid-r004-c019,4,19,4.0,1.0000004768371582,0.44999998807907104,-31.669357615223518,6.808700618421426e-06
grid-r004-c020,4,20,4.199999809265137,1.0000004768371582,0.44999998807907104,-33.191179650300214,4.796031589648919e-06
grid-r004-c021,4,21,4.400000095367432,1.0000004768371582,0.44999998807907104,-34.58295264839197,3.4810057059075916e-06
grid-r004-c022,4,22,4.599999904632568,1.0000004768371582,0.44999998807907104,-35.74093039548478,2.6662874006433412e-06
grid-r004-c023,4,23,4.800000190734863,1.0000004768371582,0.44999998807907104,-36.659823478141995,2.1578321138804313e-06
grid-r004-c024,4,24,5.0,1.0000004768371582,0.44999998807907104,-36.7872215847933,2.0954526007699315e-06
grid-r004-c025,4,25,5.199999809265137,1.0000004768371582,0.44999998807907104,-37.227794937932394,1.8933046703750733e-06
grid-r004-c026,4,26,5.400000095367432,1.0000004768371582,0.44999998807907104,-37.49980012865423,1.7783612520361203e-06
grid-r004-c027,4,27,5.599999904632568,1.0000004768371582,0.44999998807907104,-37.277603385627025,1.8717147440838744e-06
grid-r004-c028,4,28,5.800000190734863,1.0000004768371582,0.44999998807907104,-37.19532073978817,1.907514842969249e-06
grid-r004-c029,4,29,6.0,1.0000004768371582,0.44999998807907104,-37.1333633082315,1.934922920554527e-06
grid-r004-c030,4,30,6.199999809265137,1.0000004768371582,0.44999998807907104,-37.06728935188879,1.964586090252851e-06
grid-r004-c031,4,31,6.400000095367432,1.0000004768371582,0.44999998807907104,-36.89738836321805,2.0429661162779666e-06
grid-r004-c032,4,32,6.599999904632568,1.0000004768371582,0.44999998807907104,-37.13609857878339,1.9337046524015022e-06
grid-r004-c033,4,33,6.800000190734863,1.0000004768371582,0.44999998807907104,-37.03304293557191,1.9801391317741945e-06
grid-r004-c034,4,34,7.0,1.0000004768371582,0.44999998807907104,-37.35245834939136,1.8397303165329504e-06
grid-r004-c035,4,35,7.199999809265137,1.0000004768371582,0.44999998807907104,-38.041080224136095,1.5699722553108586e-06
grid-r004-c036,4,36,7.400000095367432,1.0000004768371582,0.44999998807907104,-38.96998275810884,1.2676568985625636e-06
grid-r004-c037,4,37,7.599999904632568,1.0000004768371582,0.44999998807907104,-39.24577930047554,1.1896578371306532e-06
grid-r004-c038,4,38,7.800000190734863,1.0000004768371582,0.44999998807907104,-38.84802773069182,1.3037587223152514e-06
grid-r004-c039,4,39,8.0,1.0000004768371582,0.44999998807907104,-38.54313208295505,1.3985783198222634e-06
grid-r004-c040,4,40,8.199999809265137,1.0000004768371582,0.44999998807907104,-37.97349507658721,1.5945953464324703e-06
grid-r004-c041,4,41,8.399999618530273,1.0000004768371582,0.44999998807907104,-38.36538534741062,1.457006419514073e-06
grid-r004-c042,4,42,8.600000381469727,1.0000004768371582,0.44999998807907104,-38.31883238769763,1.4727083907928318e-06
grid-r004-c043,4,43,8.800000190734863,1.0000004768371582,0.44999998807907104,-38.2670537520118,1.4903718010828015e-06
grid-r004-c044,4,44,9.0,1.0000004768371582,0.44999998807907104,-38.49319969451376,1.4147510682960274e-06
grid-r004-c045,4,45,9.199999809265137,1.0000004768371582,0.44999998807907104,-39.64239467942507,1.0858267387447995e-06
grid-r004-c046,4,46,9.399999618530273,1.0000004768371582,0.44999998807907104,-39.83240330734751,1.0393448519607773e-06
grid-r004-c047,4,47,9.600000381469727,1.0000004768371582,0.44999998807907104,-40.38858083929114,9.144119985649013e-07
grid-r004-c048,4,48,9.800000190734863,1.0000004768371582,0.44999998807907104,-40.28231964220167,9.37061372496828e-07
grid-r004-c049,4,49,10.0,1.0000004768371582,0.44999998807907104,-41.654898861750034,6.831406267338025e-07
grid-r004-c050,4,50,10.200000762939453,1.0000004768371582,0.44999998807907104,-41.249854640700576,7.499193088733591e-07
grid-r004-c051,4,51,10.399999618530273,1.0000004768371582,0.44999998807907104,-41.35962177648065,7.312027605621552e-07
grid-r004-c052,4,52,10.600000381469727,1.0000004768371582,0.44999998807907104,-40.75656599962593,8.401240165767376e-07
grid-r004-c053,4,53,10.800000190734863,1.0000004768371582,0.44999998807907104,-40.323155137390366,9.282917403652391e-07
grid-r004-c054,4,54,11.0,1.0000004768371582,0.44999998807907104,-39.9771479417885,1.005275748866552e-06
grid-r004-c055,4,55,11.200000762939453,1.0000004768371582,0.44999998807907104,-40.9884630563343,7.964411565808405e-07
grid-r004-c056,4,56,11.399999618530273,1.0000004768371582,0.44999998807907104,-39.30471770055792,1.173621967609506e-06
grid-r004-c057,4,57,11.600000381469727,1.0000004768371582,0.44999998807907104,-39.64216778534407,1.0858834684768226e-06
grid-r005-c000,5,0,0.19999980926513672,1.200000286102295,0.44999998807907104,-36.936254551605636,2.0247646261850605e-06
grid-r005-c001,5,1,0.40000009536743164,1.200000286102295,0.44999998807907104,-36.275443047399705,2.357521680096397e-06
grid-r005-c002,5,2,0.5999999046325684,1.200000286102295,0.44999998807907104,-36.074711045919585,2.4690443751751445e-06
grid-r005-c003,5,3,0.7999997138977051,1.200000286102295,0.44999998807907104,-36.202830065904124,2.3972702365426812e-06
grid-r005-c004,5,4,1.0,1.200000286102295,0.44999998807907104,-36.2456410314247,2.3737550236546667e-06
grid-r005-c005,5,5,1.1999998092651367,1.200000286102295,0.44999998807907104,-36.18867422685608,2.405096893198788e-06
grid-r005-c006,5,6,1.4000000953674316,1.200000286102295,0.44999998807907104,-36.236049623222826,2.3790032628312474e-06
grid-r005-c007,5,7,1.5999999046325684,1.200000286102295,0.44999998807907104,-35.866251893880715,2.5904475933202775e-06
grid-r005-c008,5,8,1.799999713897705,1.200000286102295,0.44999998807907104,-35.500834733215676,2.8178412776469486e-06
grid-r005-c009,5,9,2.0,1.200000286102295,0.44999998807907104,-34.50592276502954,3.543298362274072e-06
grid-r005-c010,5,10,2.200000047683716,1.200000286102295,0.44999998807907104,-33.36142230288982,4.611665190168424e-06
grid-r005-c011,5,11,2.3999998569488525,1.200000286102295,0.44999998807907104,-31.98572054950246,6.330353244266007e-06
grid-r005-c012,5,12,2.5999999046325684,1.200000286102295,0.44999998807907104,-30.85917847737194,8.205067388189491e-06
grid-r005-c013,5,13,2.799999952316284,1.200000286102295,0.44999998807907104,-29.846579151113843,1.0359578482166398e-05
grid-r005-c014,5,14,3.0,1.200000286102295,0.44999998807907104,-29.31289324812539,1.1714147149177734e-05
grid-r005-c015,5,15,3.200000047683716,1.200000286102295,0.44999998807907104,-29.187525391846677,1.205722765007522e-05
grid-r005-c016,5,16,3.3999998569488525,1.200000286102295,0.44999998807907104,-29.550583727505888,1.1090257430623751e-05
grid-r005-c017,5,17,3.5999999046325684,1.200000286102295,0.44999998807907104,-30.327187614879385,9.274302101403009e-06
grid-r005-c018,5,18,3.799999952316284,1.200000286102295,0.44999998807907104,-31.52994573505771,7.030811048025498e-06
grid-r005-c019,5,19,4.0,1.200000286102295,0.44999998807907104,-32.52015553745264,5.597375547949923e-06
grid-r005-c020,5,20,4.199999809265137,1.200000286102295,0.44999998807907104,-33.89723807788777,4.076394361618441e-06
grid-r005-c021,5,21,4.400000095367432,1.200000286102295,0.44999998807907104,-34.827023060335904,3.290771246611257e-06
grid-r005-c022,5,22,4.599999904632568,1.200000286102295,0.44999998807907104,-36.01318176263932,2.5042738798219943e-06
grid-r005-c023,5,23,4.800000190734863,1.200000286102295,0.44999998807907104,-36.10131724541339,2.4539644982723985e-06
grid-r005-c024,5,24,5.0,1.200000286102295,0.44999998807907104,-36.57044740105999,2.202699533881969e-06
grid-r005-c025,5,25,5.199999809265137,1.200000286102295,0.44999998807907104,-36.65956950538957,2.1579583062703023e-06
grid-r005-c026,5,26,5.400000095367432,1.200000286102295,0.44999998807907104,-36.702694818423055,2.1366358851082623e-06
grid-r005-c027,5,27,5.599999904632568,1.200000286102295,0.44999998807907104,-36.54178461339235,2.2172851004143013e-06
grid-r005-c028,5,28,5.800000190734863,1.200000286102295,0.44999998807907104,-36.58318029913846,2.1962509890727233e-06
grid-r005-c029,5,29,6.0,1.200000286102295,0.44999998807907104,-36.523026005038666,2.226882998002111e-06
grid-r005-c030,5,30,6.199999809265137,1.200000286102295,0.44999998807907104,-36.45521116316222,2.2619285573455272e-06
grid-r005-c031,5,31,6.400000095367432,1.200000286102295,0.44999998807907104,-36.85889134929187,2.0611560103134252e-06
grid-r005-c032,5,32,6.599999904632568,1.200000286102295,0.44999998807907104,-36.72013897524408,2.128070946127991e-06
grid-r005-c033,5,33,6.800000190734863,1.200000286102295,0.44999998807907104,-36.546636755782245,2.2148092284624e-06
grid-r005-c034,5,34,7.0,1.200000286102295,0.44999998807907104,-36.84942534864951,2.0656534616136923e-06
grid-r005-c035,5,35,7.199999809265137,1.200000286102295,0.44999998807907104,-36.87542394202586,2.053324578810134e-06
grid-r005-c036,5,36,7.400000095367432,1.200000286102295,0.44999998807907104,-37.19315533063457,1.9084661744273035e-06
grid-r005-c037,5,37,7.599999904632568,1.200000286102295,0.44999998807907104,-37.51266478862487,1.7731011894284165e-06
grid-r005-c038,5,38,7.800000190734863,1.200000286102295,0.44999998807907104,-38.52742294568997,1.4036463653610554e-06
grid-r005-c039,5,39,8.0,1.200000286102295,0.44999998807907104,-39.17584907934877,1.2089687970728846e-06
grid-r005-c040,5,40,8.199999809265137,1.200000286102295,0.44999998807907104,-39.79241860221278,1.0489580972716794e-06
grid-r005-c041,5,41,8.399999618530273,1.200000286102295,0.44999998807907104,-39.499988425437486,1.1220214446439059e-06
grid-r005-c042,5,42,8.600000381469727,1.200000286102295,0.44999998807907104,-38.76900851917103,1.3276975323606166e-06
grid-r005-c043,5,43,8.800000190734863,1.200000286102295,0.44999998807907104,-38.35175369389191,1.461586862205877e-06
grid-r005-c044,5,44,9.0,1.200000286102295,0.44999998807907104,-38.50961161428974,1.4094148355070502e-06
grid-r005-c045,5,45,9.199999809265137,1.200000286102295,0.44999998807907104,-38.948747744545685,1.2738703389914008e-06
grid-r005-c046,5,46,9.399999618530273,1.200000286102295,0.44999998807907104,-39.06790686927879,1.2393937822707812e-06
grid-r005-c047,5,47,9.600000381469727,1.200000286102295,0.44999998807907104,-39.21634332337233,1.1977485883107875e-06
grid-r005-c048,5,48,9.800000190734863,1.200000286102295,0.44999998807907104,-39.49282079181331,1.1238747674724436e-06
grid-r005-c049,5,49,10.0,1.200000286102295,0.44999998807907104,-39.42222462374626,1.142293058364885e-06
grid-r005-c050,5,50,10.200000762939453,1.200000286102295,0.44999998807907104,-39.69897234233894,1.071772885552491e-06
grid-r005-c051,5,51,10.399999618530273,1.200000286102295,0.44999998807907104,-40.431187827740175,9.05484910163068e-07
grid-r005-c052,5,52,10.600000381469727,1.200000286102295,0.44999998807907104,-41.17411984828188,7.631115295225754e-07
grid-r005-c053,5,53,10.800000190734863,1.200000286102295,0.44999998807907104,-41.545235435944676,7.006102009654569e-07
grid-r005-c054,5,54,11.0,1.200000286102295,0.44999998807907104,-41.424382496561385,7.203801715149893e-07
grid-r005-c055,5,55,11.200000762939453,1.200000286102295,0.44999998807907104,-41.321368368495676,7.376717690021906e-07
grid-r005-c056,5,56,11.399999618530273,1.200000286102295,0.44999998807907104,-41.56470326635596,6.97476650657336e-07
grid-r005-c057,5,57,11.600000381469727,1.200000286102295,0.44999998807907104,-41.45123982129313,7.159389951993944e-07
grid-r006-c000,6,0,0.19999980926513672,1.4000005722045898,0.44999998807907104,-36.179507159114756,2.41017892221862e-06
grid-r006-c001,6,1,0.40000009536743164,1.4000005722045898,0.44999998807907104,-35.982833173411294,2.5218350856448524e-06
grid-r006-c002,6,2,0.5999999046325684,1.4000005722045898,0.44999998807907104,-36.2764739839987,2.3569621134811314e-06
grid-r006-c003,6,3,0.7999997138977051,1.4000005722045898,0.44999998807907104,-36.16150423030394,2.4201906398957362e-06
grid-r006-c004,6,4,1.0,1.4000005722045898,0.44999998807907104,-36.39556657055839,2.293207444381551e-06
grid-r006-c005,6,5,1.1999998092651367,1.4000005722045898,0.44999998807907104,-36.44368944463935,2.2679373614664655e-06
grid-r006-c006,6,6,1.4000000953674316,1.4000005722045898,0.44999998807907104,-36.30860608127905,2.339588036193163e-06
grid-r006-c007,6,7,1.5999999046325684,1.4000005722045898,0.44999998807907104,-36.36833356002703,2.3076324850990204e-06
grid-r006-c008,6,8,1.799999713897705,1.4000005722045898,0.44999998807907104,-35.9101694549749,2.5643839762778953e-06
grid-r006-c009,6,9,2.0,1.4000005722045898,0.44999998807907104,-35.388548274067645,2.891646317948471e-06
grid-r006-c010,6,10,2.200000047683716,1.4000005722045898,0.44999998807907104,-34.37304427666275,3.6533861020870972e-06
grid-r006-c011,6,11,2.3999998569488525,1.4000005722045898,0.44999998807907104,-33.41112388154927,4.559189164865529e-06
grid-r006-c012,6,12,2.5999999046325684,1.4000005722045898,0.44999998807907104,-32.31907942090701,5.862624220753787e-06
grid-r006-c013,6,13,2.799999952316284,1.4000005722045898,0.44999998807907104,-31.570276719796276,6.96582128512091e-06
grid-r006-c014,6,14,3.0,1.4000005722045898,0.44999998807907104,-31.09019258870032,7.780020496284124e-06
grid-r006-c015,6,15,3.200000047683716,1.4000005722045898,0.44999998807907104,-30.98101649136565,7.97807933849981e-06
grid-r006-c016,6,16,3.3999998569488525,1.4000005722045898,0.44999998807907104,-31.298399050360253,7.415835625579348e-06
grid-r006-c017,6,17,3.5999999046325684,1.4000005722045898,0.44999998807907104,-31.902357355565172,6.4530386225669645e-06
grid-r006-c018,6,18,3.799999952316284,1.4000005722045898,0.44999998807907104,-32.99079830484628,5.022502591600642e-06
grid-r006-c019,6,19,4.0,1.4000005722045898,0.44999998807907104,-33.91901144331389,4.056008492625551e-06
grid-r006-c020,6,20,4.199999809265137,1.4000005722045898,0.44999998807907104,-34.84954602153505,3.273749143772875e-06
grid-r006-c021,6,21,4.400000095367432,1.4000005722045898,0.44999998807907104,-35.86000285210538,2.5941776584659237e-06
grid-r006-c022,6,22,4.599999904632568,1.4000005722045898,0.44999998807907104,-36.135065600471066,2.4349690193048446e-06
grid-r006-c023,6,23,4.800000190734863,1.4000005722045898,0.44999998807907104,-36.6080454632192,2.1837124677404063e-06
grid-r006-c024,6,24,5.0,1.4000005722045898,0.44999998807907104,-36.75421784910596,2.1114374249009416e-06
grid-r006-c025,6,25,5.199999809265137,1.4000005722045898,0.44999998807907104,-36.519195111807335,2.228848188678967e-06
grid-r006-c026,6,26,5.400000095367432,1.4000005722045898,0.44999998807907104,-36.60984513355959,2.1828077478858177e-06
grid-r006-c027,6,27,5.599999904632568,1.4000005722045898,0.44999998807907104,-36.769692767525235,2.1039272724010516e-06
grid-r006-c028,6,28,5.800000190734863,1.4000005722045898,0.44999998807907104,-36.52622388386565,2.2252438611758407e-06
grid-r006-c029,6,29,6.0,1.4000005722045898,0.44999998807907104,-36.69558842893012,2.140134938599658e-06
grid-r006-c030,6,30,6.199999809265137,1.4000005722045898,0.44999998807907104,-36.364874386709175,2.30947125601233e-06
grid-r006-c031,6,31,6.400000095367432,1.4000005722045898,0.44999998807907104,-36.28595028277428,2.351824832658167e-06
grid-r006-c032,6,32,6.599999904632568,1.4000005722045898,0.44999998807907104,-36.16687742326958,2.417198174953228e-06
grid-r006-c033,6,33,6.800000190734863,1.4000005722045898,0.44999998807907104,-36.764065193470834,2.1066553017590195e-06
grid-r006-c034,6,34,7.0,1.4000005722045898,0.44999998807907104,-36.57870891465224,2.1985133571433835e-06
grid-r006-c035,6,35,7.199999809265137,1.4000005722045898,0.44999998807907104,-36.4491772721479,2.2650733626505826e-06
grid-r006-c036,6,36,7.400000095367432,1.4000005722045898,0.44999998807907104,-36.39466152881795,2.2936853838473326e-06
grid-r006-c037,6,37,7.599999904632568,1.4000005722045898,0.44999998807907104,-36.777609879482405,2.100095343848807e-06
grid-r006-c038,6,38,7.800000190734863,1.4000005722045898,0.44999998807907104,-36.32051634745853,2.333180646019173e-06
grid-r006-c039,6,39,8.0,1.4000005722045898,0.44999998807907104,-37.42449252469057,1.809467335078807e-06
grid-r006-c040,6,40,8.199999809265137,1.4000005722045898,0.44999998807907104,-37.17636198329852,1.915860138979042e-06
grid-r006-c041,6,41,8.399999618530273,1.4000005722045898,0.44999998807907104,-38.2115086938356,1.5095556591404602e-06
grid-r006-c042,6,42,8.600000381469727,1.4000005722045898,0.44999998807907104,-39.14232711644631,1.2183365925011458e-06
grid-r006-c043,6,43,8.800000190734863,1.4000005722045898,0.44999998807907104,-39.73627235380285,1.062607225321699e-06
grid-r006-c044,6,44,9.0,1.4000005722045898,0.44999998807907104,-38.404664301012055,1.4438882089962135e-06
grid-r006-c045,6,45,9.199999809265137,1.4000005722045898,0.44999998807907104,-38.70237240066242,1.3482261920216843e-06
grid-r006-c046,6,46,9.399999618530273,1.4000005722045898,0.44999998807907104,-38.98393787776972,1.263590093003586e-06
grid-r006-c047,6,47,9.600000381469727,1.4000005722045898,0.44999998807907104,-38.41336089254738,1.4409997675102204e-06
grid-r006-c048,6,48,9.800000190734863,1.4000005722045898,0.44999998807907104,-39.14305744538908,1.2181317288195714e-06
grid-r006-c049,6,49,10.0,1.4000005722045898,0.44999998807907104,-38.644954509625514,1.366169385619287e-06
grid-r006-c050,6,50,10.200000762939453,1.4000005722045898,0.44999998807907104,-39.20331119332303,1.2013481409667293e-06
grid-r006-c051,6,51,10.399999618530273,1.4000005722045898,0.44999998807907104,-39.355790385151145,1.1599011031648843e-06
grid-r006-c052,6,52,10.600000381469727,1.4000005722045898,0.44999998807907104,-39.84690305934048,1.0358805866417242e-06
grid-r006-c053,6,53,10.800000190734863,1.4000005722045898,0.44999998807907104,-40.88812272193547,8.150565236064722e-07
grid-r006-c054,6,54,11.0,1.4000005722045898,0.44999998807907104,-39.58530403221248,1.1001948223565705e-06
grid-r006-c055,6,55,11.200000762939453,1.4000005722045898,0.44999998807907104,-40.48351338293173,8.94640720616735e-07
grid-r006-c056,6,56,11.399999618530273,1.4000005722045898,0.44999998807907104,-42.18029457114823,6.052998173800006e-07
grid-r006-c057,6,57,11.600000381469727,1.4000005722045898,0.44999998807907104,-41.035443900373124,7.878718975007359e-07
grid-r007-c000,7,0,0.19999980926513672,1.6000003814697266,0.44999998807907104,-36.414327245019436,2.283322601215332e-06
grid-r007-c001,7,1,0.40000009536743164,1.6000003814697266,0.44999998807907104,-36.16481366730195,2.4183470941352425e-06
grid-r007-c002,7,2,0.5999999046325684,1.6000003814697266,0.44999998807907104,-36.21306295623319,2.3916284135339083e-06
grid-r007-c003,7,3,0.7999997138977051,1.6000003814697266,0.44999998807907104,-36.52244603462524,2.2271804027695907e-06
grid-r007-c004,7,4,1.0,1.6000003814697266,0.44999998807907104,-36.29975457957993,2.344361291761743e-06
grid-r007-c005,7,5,1.1999998092651367,1.6000003814697266,0.44999998807907104,-36.656929983461296,2.1592702523776097e-06
grid-r007-c006,7,6,1.4000000953674316,1.6000003814697266,0.44999998807907104,-36.637142656511834,2.1691307665605564e-06
grid-r007-c007,7,7,1.5999999046325684,1.6000003814697266,0.44999998807907104,-36.33729719436889,2.324182787560858e-06
grid-r007-c008,7,8,1.799999713897705,1.6000003814697266,0.44999998807907104,-36.41179154167744,2.2846561478218064e-06
grid-r007-c009,7,9,2.0,1.6000003814697266,0.44999998807907104,-36.075871828932556,2.4683845367690083e-06
grid-r007-c010,7,10,2.200000047683716,1.6000003814697266,0.44999998807907104,-35.610373132475004,2.7476580726215616e-06
grid-r007-c011,7,11,2.3999998569488525,1.6000003814697266,0.44999998807907104,-34.64772345982655,3.42947510034719e-06
grid-r007-c012,7,12,2.5999999046325684,1.6000003814697266,0.44999998807907104,-33.98634559705147,3.993608061136911e-06
grid-r007-c013,7,13,2.799999952316284,1.6000003814697266,0.44999998807907104,-33.30373692464218,4.673328476201277e-06
grid-r007-c014,7,14,3.0,1.6000003814697266,0.44999998807907104,-33.02835653288363,4.979254754289286e-06
grid-r007-c015,7,15,3.200000047683716,1.6000003814697266,0.44999998807907104,-32.781649725126485,5.2702962420880795e-06
grid-r007-c016,7,16,3.3999998569488525,1.6000003814697266,0.44999998807907104,-33.21627796653726,4.768394774146145e-06
grid-r007-c017,7,17,3.5999999046325684,1.6000003814697266,0.44999998807907104,-33.753840235705404,4.213237843941897e-06
grid-r007-c018,7,18,3.799999952316284,1.6000003814697266,0.44999998807907104,-34.40082734214975,3.630088940553833e-06
grid-r007-c019,7,19,4.0,1.6000003814697266,0.44999998807907104,-35.13257784021641,3.067200850637164e-06
grid-r007-c020,7,20,4.199999809265137,1.6000003814697266,0.44999998807907104,-35.6532130848539,2.7206876893615117e-06
grid-r007-c021,7,21,4.400000095367432,1.6000003814697266,0.44999998807907104,-36.16795645592316,2.4165976810763823e-06
grid-r007-c022,7,22,4.599999904632568,1.6000003814697266,0.44999998807907104,-36.55214916766289,2.2119997993286233e-06
grid-r007-c023,7,23,4.800000190734863,1.6000003814697266,0.44999998807907104,-36.82251998523067,2.078490297208191e-06
grid-r007-c024,7,24,5.0,1.6000003814697266,0.44999998807907104,-37.15368357544492,1.92589072867122e-06
grid-r007-c025,7,25,5.199999809265137,1.6000003814697266,0.44999998807907104,-36.86146432493335,2.0599352410499705e-06
grid-r007-c026,7,26,5.400000095367432,1.6000003814697266,0.44999998807907104,-36.689349626209484,2.1432115318020806e-06
grid-r007-c027,7,27,5.599999904632568,1.6000003814697266,0.44999998807907104,-36.56830863774657,2.203784561061184e-06
grid-r007-c028,7,28,5.800000190734863,1.6000003814697266,0.44999998807907104,-36.710062839108765,2.133014049832127e-06
grid-r007-c029,7,29,6.0,1.6000003814697266,0.44999998807907104,-36.21969732831612,2.3879777018009918e-06
grid-r007-c030,7,30,6.199999809265137,1.6000003814697266,0.44999998807907104,-36.6949641913352,2.140442575182533e-06
grid-r007-c031,7,31,6.400000095367432,1.6000003814697266,0.44999998807907104,-36.50940077899138,2.2338804228638764e-06
grid-r007-c032,7,32,6.599999904632568,1.6000003814697266,0.44999998807907104,-36.61152788247712,2.1819621451868443e-06
grid-r007-c033,7,33,6.800000190734863,1.6000003814697266,0.44999998807907104,-36.58092291038312,2.1973928596707992e-06
grid-r007-c034,7,34,7.0,1.6000003814697266,0.44999998807907104,-36.581975942758184,2.1968601231492357e-06
grid-r007-c035,7,35,7.199999809265137,1.6000003814697266,0.44999998807907104,-36.84900373512612,2.0658540051954333e-06
grid-r007-c036,7,36,7.400000095367432,1.6000003814697266,0.44999998807907104,-36.80435634807844,2.087201437461772e-06
grid-r007-c037,7,37,7.599999904632568,1.6000003814697266,0.44999998807907104,-36.553117997676885,2.2115063984529115e-06
grid-r007-c038,7,38,7.800000190734863,1.6000003814697266,0.44999998807907104,-36.963358332369694,2.0121676698181545e-06
grid-r007-c039,7,39,8.0,1.6000003814697266,0.44999998807907104,-37.09926483840376,1.950174691955908e-06
grid-r007-c040,7,40,8.199999809265137,1.6000003814697266,0.44999998807907104,-37.10305297674802,1.9484743916109437e-06
grid-r007-c041,7,41,8.399999618530273,1.6000003814697266,0.44999998807907104,-37.31779911741942,1.8544711792856106e-06
grid-r007-c042,7,42,8.600000381469727,1.6000003814697266,0.44999998807907104,-36.76386598399979,2.106751935571083e-06
grid-r007-c043,7,43,8.800000190734863,1.6000003814697266,0.44999998807907104,-37.80004219127338,1.6595707847955055e-06
grid-r007-c044,7,44,9.0,1.6000003814697266,0.44999998807907104,-38.2949444341336,1.4808312016612035e-06
grid-r007-c045,7,45,9.199999809265137,1.6000003814697266,0.44999998807907104,-39.60247245256444,1.0958541452055215e-06
grid-r007-c046,7,46,9.399999618530273,1.6000003814697266,0.44999998807907104,-38.879246988310435,1.2944202580911224e-06
grid-r007-c047,7,47,9.600000381469727,1.6000003814697266,0.44999998807907104,-39.24311566820737,1.190387706628826e-06
grid-r007-c048,7,48,9.800000190734863,1.6000003814697266,0.44999998807907104,-38.857787986919725,1.300831968364946e-06
grid-r007-c049,7,49,10.0,1.6000003814697266,0.44999998807907104,-39.009234480718206,1.2562513802549802e-06
grid-r007-c050,7,50,10.200000762939453,1.6000003814697266,0.44999998807907104,-38.44867547480929,1.4293298136180965e-06
grid-r007-c051,7,51,10.399999618530273,1.6000003814697266,0.44999998807907104,-38.63153186062901,1.3703983086088556e-06
grid-r007-c052,7,52,10.600000381469727,1.6000003814697266,0.44999998807907104,-38.37500091359358,1.4537840797856916e-06
grid-r007-c053,7,53,10.800000190734863,1.6000003814697266,0.44999998807907104,-38.643254809627095,1.3667041685039294e-06
grid-r007-c054,7,54,11.0,1.6000003814697266,0.44999998807907104,-38.295575973595035,1.4806158787905588e-06
grid-r007-c055,7,55,11.200000762939453,1.6000003814697266,0.44999998807907104,-39.823243653183354,1.04153923530248e-06
grid-r007-c056,7,56,11.399999618530273,1.6000003814697266,0.44999998807907104,-39.11089576169266,1.227186089636234e-06
grid-r007-c057,7,57,11.600000381469727,1.6000003814697266,0.44999998807907104,-40.57182123632816,8.766331234255631e-07
grid-r008-c000,8,0,0.19999980926513672,1.8000001907348633,0.44999998807907104,-37.76386547143466,1.6734527434891788e-06
grid-r008-c001,8,1,0.40000009536743164,1.8000001907348633,0.44999998807907104,-37.52382219509066,1.7685517832433106e-06
grid-r008-c002,8,2,0.5999999046325684,1.8000001907348633,0.44999998807907104,-36.90542184516103,2.0391905763972318e-06
grid-r008-c003,8,3,0.7999997138977051,1.8000001907348633,0.44999998807907104,-36.42245275896418,2.279054569953587e-06
grid-r008-c004,8,4,1.0,1.8000001907348633,0.44999998807907104,-36.384622283458796,2.2989936496742303e-06
grid-r008-c005,8,5,1.1999998092651367,1.8000001907348633,0.44999998807907104,-36.34243136102903,2.32143679568253e-06
grid-r008-c006,8,6,1.4000000953674316,1.8000001907348633,0.44999998807907104,-36.72445187865687,2.1259586446831236e-06
grid-r008-c007,8,7,1.5999999046325684,1.8000001907348633,0.44999998807907104,-36.53273381932256,2.2219107904675184e-06
grid-r008-c008,8,8,1.799999713897705,1.8000001907348633,0.44999998807907104,-36.655382240722,2.160039912268985e-06
grid-r008-c009,8,9,2.0,1.8000001907348633,0.44999998807907104,-36.53178996451088,2.22239373215416e-06
grid-r008-c010,8,10,2.200000047683716,1.8000001907348633,0.44999998807907104,-36.256425781712345,2.367867637076415e-06
grid-r008-c011,8,11,2.3999998569488525,1.8000001907348633,0.44999998807907104,-35.95809748997668,2.5362394353578566e-06
grid-r008-c012,8,12,2.5999999046325684,1.8000001907348633,0.44999998807907104,-35.21990618208407,3.006141241712612e-06
grid-r008-c013,8,13,2.799999952316284,1.8000001907348633,0.44999998807907104,-34.85984995897155,3.265991153966752e-06
grid-r008-c014,8,14,3.0,1.8000001907348633,0.44999998807907104,-34.35937107333734,3.6649064441007795e-06
grid-r008-c015,8,15,3.200000047683716,1.8000001907348633,0.44999998807907104,-34.652559166483606,3.4256586332048755e-06
grid-r008-c016,8,16,3.3999998569488525,1.8000001907348633,0.44999998807907104,-34.74366964628569,3.354540467626066e-06
grid-r008-c017,8,17,3.5999999046325684,1.8000001907348633,0.44999998807907104,-34.966332812059434,3.1868873975327006e-06
grid-r008-c018,8,18,3.799999952316284,1.8000001907348633,0.44999998807907104,-35.72455866585859,2.6763575533550465e-06
grid-r008-c019,8,19,4.0,1.8000001907348633,0.44999998807907104,-36.49256861318173,2.2425551833293866e-06
grid-r008-c020,8,20,4.199999809265137,1.8000001907348633,0.44999998807907104,-36.7450423666981,2.1159030438866466e-06
grid-r008-c021,8,21,4.400000095367432,1.8000001907348633,0.44999998807907104,-36.916969519284486,2.033775672316551e-06
grid-r008-c022,8,22,4.599999904632568,1.8000001907348633,0.44999998807907104,-37.18778115052724,1.910829269036185e-06
grid-r008-c023,8,23,4.800000190734863,1.8000001907348633,0.44999998807907104,-37.272683891144986,1.8738361404757597e-06
grid-r008-c024,8,24,5.0,1.8000001907348633,0.44999998807907104,-36.86814996978856,2.0567665615089936e-06
grid-r008-c025,8,25,5.199999809265137,1.8000001907348633,0.44999998807907104,-36.97693650560062,2.0058864720340353e-06
grid-r008-c026,8,26,5.400000095367432,1.8000001907348633,0.44999998807907104,-37.23996378880873,1.8880070911109215e-06
grid-r008-c027,8,27,5.599999904632568,1.8000001907348633,0.44999998807907104,-37.08172942931618,1.958064785867464e-06
grid-r008-c028,8,28,5.800000190734863,1.8000001907348633,0.44999998807907104,-36.75838357722156,2.1094131170684705e-06
grid-r008-c029,8,29,6.0,1.8000001907348633,0.44999998807907104,-36.89266809900686,2.0451877844607225e-06
grid-r008-c030,8,30,6.199999809265137,1.8000001907348633,0.44999998807907104,-36.8039163800907,2.087412894979934e-06
grid-r008-c031,8,31,6.400000095367432,1.8000001907348633,0.44999998807907104,-36.80763717041494,2.0856252831435995e-06
grid-r008-c032,8,32,6.599999904632568,1.8000001907348633,0.44999998807907104,-36.62330272707737,2.1760542949778028e-06
grid-r008-c033,8,33,6.800000190734863,1.8000001907348633,0.44999998807907104,-36.39552092644942,2.293231545991148e-06
grid-r008-c034,8,34,7.0,1.8000001907348633,0.44999998807907104,-36.90058933140393,2.0414609025465325e-06
grid-r008-c035,8,35,7.199999809265137,1.8000001907348633,0.44999998807907104,-36.43577142477845,2.2720760171068832e-06
grid-r008-c036,8,36,7.400000095367432,1.8000001907348633,0.44999998807907104,-37.089926142611915,1.9543726921256166e-06
grid-r008-c037,8,37,7.599999904632568,1.8000001907348633,0.44999998807907104,-37.0230885743824,1.984682967304252e-06
grid-r008-c038,8,38,7.800000190734863,1.8000001907348633,0.44999998807907104,-36.68967169803529,2.1430525976029458e-06
grid-r008-c039,8,39,8.0,1.8000001907348633,0.44999998807907104,-37.07829240526894,1.9596150195866358e-06
grid-r008-c040,8,40,8.199999809265137,1.8000001907348633,0.44999998807907104,-37.212788241954854,1.8998581481355359e-06
grid-r008-c041,8,41,8.399999618530273,1.8000001907348633,0.44999998807907104,-37.167597880063525,1.919730266308761e-06
grid-r008-c042,8,42,8.600000381469727,1.8000001907348633,0.44999998807907104,-37.098521579929724,1.950508476511459e-06
grid-r008-c043,8,43,8.800000190734863,1.8000001907348633,0.44999998807907104,-37.55393376002373,1.756332039803965e-06
grid-r008-c044,8,44,9.0,1.8000001907348633,0.44999998807907104,-37.25882357433382,1.8798259588947985e-06
grid-r008-c045,8,45,9.199999809265137,1.8000001907348633,0.44999998807907104,-37.31604734086894,1.8552193523646565e-06
grid-r008-c046,8,46,9.399999618530273,1.8000001907348633,0.44999998807907104,-38.258923056034604,1.4931646319382708e-06
grid-r008-c047,8,47,9.600000381469727,1.8000001907348633,0.44999998807907104,-38.03667712483848,1.571564780533663e-06
grid-r008-c048,8,48,9.800000190734863,1.8000001907348633,0.44999998807907104,-38.94708105244342,1.2743593060804415e-06
grid-r008-c049,8,49,10.0,1.8000001907348633,0.44999998807907104,-39.256225538284504,1.1867997500303318e-06
grid-r008-c050,8,50,10.200000762939453,1.8000001907348633,0.44999998807907104,-38.967101900785465,1.2684980674748658e-06
grid-r008-c051,8,51,10.399999618530273,1.8000001907348633,0.44999998807907104,-39.238081220467635,1.191768433272955e-06
grid-r008-c052,8,52,10.600000381469727,1.8000001907348633,0.44999998807907104,-38.62981579603671,1.3709399127037614e-06
grid-r008-c053,8,53,10.800000190734863,1.8000001907348633,0.44999998807907104,-38.33756026475173,1.4663713727713912e-06
grid-r008-c054,8,54,11.0,1.8000001907348633,0.44999998807907104,-38.05642911571488,1.5644334325770615e-06
grid-r008-c055,8,55,11.200000762939453,1.8000001907348633,0.44999998807907104,-38.33323642248946,1.4678320212624385e-06
grid-r008-c056,8,56,11.399999618530273,1.8000001907348633,0.44999998807907104,-38.39029172836378,1.4486745385511313e-06
grid-r008-c057,8,57,11.600000381469727,1.8000001907348633,0.44999998807907104,-37.91300710409285,1.616960048522742e-06
grid-r009-c000,9,0,0.19999980926513672,2.000000476837158,0.44999998807907104,-37.923493498882166,1.6130604763020528e-06
grid-r009-c001,9,1,0.40000009536743164,2.000000476837158,0.44999998807907104,-37.711025832797205,1.6939376337177237e-06
grid-r009-c002,9,2,0.5999999046325684,2.000000476837158,0.44999998807907104,-37.95028844317101,1.6031389122872497e-06
grid-r009-c003,9,3,0.7999997138977051,2.000000476837158,0.44999998807907104,-38.05161793025671,1.5661674979128293e-06
grid-r009-c004,9,4,1.0,2.000000476837158,0.44999998807907104,-37.43878289527926,1.8035231050816947e-06
grid-r009-c005,9,5,1.1999998092651367,2.000000476837158,0.44999998807907104,-37.20098571856411,1.9050282844546018e-06
grid-r009-c006,9,6,1.4000000953674316,2.000000476837158,0.44999998807907104,-36.85399162556025,2.063482725134236e-06
grid-r009-c007,9,7,1.5999999046325684,2.000000476837158,0.44999998807907104,-36.64043573258923,2.1674866275134264e-06
grid-r009-c008,9,8,1.799999713897705,2.000000476837158,0.44999998807907104,-37.01937697409874,1.986379857044085e-06
grid-r009-c009,9,9,2.0,2.000000476837158,0.44999998807907104,-36.93805550172882,2.023925162575324e-06
grid-r009-c010,9,10,2.200000047683716,2.000000476837158,0.44999998807907104,-36.65034412473098,2.1625471617880976e-06
grid-r009-c011,9,11,2.3999998569488525,2.000000476837158,0.44999998807907104,-36.76759670170994,2.1049429506092565e-06
grid-r009-c012,9,12,2.5999999046325684,2.000000476837158,0.44999998807907104,-36.57450327587809,2.2006433937349357e-06
grid-r009-c013,9,13,2.799999952316284,2.000000476837158,0.44999998807907104,-36.125664068919534,2.440245907564531e-06
grid-r009-c014,9,14,3.0,2.000000476837158,0.44999998807907104,-35.88228640278012,2.580901082183118e-06
grid-r009-c015,9,15,3.200000047683716,2.000000476837158,0.44999998807907104,-35.96901440784423,2.5298720629507443e-06
grid-r009-c016,9,16,3.3999998569488525,2.000000476837158,0.44999998807907104,-36.03869456657213,2.4896055492718006e-06
grid-r009-c017,9,17,3.5999999046325684,2.000000476837158,0.44999998807907104,-36.137947900876135,2.4333535293408204e-06
grid-r009-c018,9,18,3.799999952316284,2.000000476837158,0.44999998807907104,-36.57636990084011,2.1996977466187673e-06
grid-r009-c019,9,19,4.0,2.000000476837158,0.44999998807907104,-37.13978355355748,1.93206460608053e-06
grid-r009-c020,9,20,4.199999809265137,2.000000476837158,0.44999998807907104,-37.38336288330721,1.8266852066517458e-06
grid-r009-c021,9,21,4.400000095367432,2.000000476837158,0.44999998807907104,-37.47084622397698,1.7902569879879593e-06
grid-r009-c022,9,22,4.599999904632568,2.000000476837158,0.44999998807907104,-37.27185266214153,1.8741948224487714e-06
grid-r009-c023,9,23,4.800000190734863,2.000000476837158,0.44999998807907104,-37.21175923796984,1.9003083480129135e-06
grid-r009-c024,9,24,5.0,2.000000476837158,0.44999998807907104,-37.23454133370361,1.8903658656199696e-06
grid-r009-c025,9,25,5.199999809265137,2.000000476837158,0.44999998807907104,-37.619207330402524,1.7301321122431546e-06
grid-r009-c026,9,26,5.400000095367432,2.000000476837158,0.44999998807907104,-36.91155673956964,2.0363120256661205e-06
grid-r009-c027,9,27,5.599999904632568,2.000000476837158,0.44999998807907104,-36.705432140469554,2.135289605575963e-06
grid-r009-c028,9,28,5.800000190734863,2.000000476837158,0.44999998807907104,-36.89572063644804,2.0437507828319212e-06
grid-r009-c029,9,29,6.0,2.000000476837158,0.44999998807907104,-36.61443792036572,2.180500587201095e-06
grid-r009-c030,9,30,6.199999809265137,2.000000476837158,0.44999998807907104,-36.24893113751024,2.3719574073766125e-06
grid-r009-c031,9,31,6.400000095367432,2.000000476837158,0.44999998807907104,-36.85289637197167,2.0640031834773254e-06
grid-r009-c032,9,32,6.599999904632568,2.000000476837158,0.44999998807907104,-36.65415678321342,2.1606495010928484e-06
grid-r009-c033,9,33,6.800000190734863,2.000000476837158,0.44999998807907104,-36.781130305886236,2.0983936792617897e-06
grid-r009-c034,9,34,7.0,2.000000476837158,0.44999998807907104,-36.85439362277285,2.0632917312468635e-06
grid-r009-c035,9,35,7.199999809265137,2.000000476837158,0.44999998807907104,-37.03786143621335,1.9779433841904392e-06
grid-r009-c036,9,36,7.400000095367432,2.000000476837158,0.44999998807907104,-36.447368869092344,2.2660167360299965e-06
grid-r009-c037,9,37,7.599999904632568,2.000000476837158,0.44999998807907104,-37.1765516617495,1.915776465466479e-06
grid-r009-c038,9,38,7.800000190734863,2.000000476837158,0.44999998807907104,-37.29316861530697,1.8650184756552335e-06
grid-r009-c039,9,39,8.0,2.000000476837158,0.44999998807907104,-36.78295749883877,2.097511014653719e-06
grid-r009-c040,9,40,8.199999809265137,2.000000476837158,0.44999998807907104,-37.192917843089816,1.908570538944332e-06
grid-r009-c041,9,41,8.399999618530273,2.000000476837158,0.44999998807907104,-37.29508307124728,1.8641965198185062e-06
grid-r009-c042,9,42,8.600000381469727,2.000000476837158,0.44999998807907104,-37.455367251432925,1.7966491441256949e-06
grid-r009-c043,9,43,8.800000190734863,2.000000476837158,0.44999998807907104,-37.788899945002974,1.663834041210066e-06
grid-r009-c044,9,44,9.0,2.000000476837158,0.44999998807907104,-38.01479117168658,1.579504555593303e-06
grid-r009-c045,9,45,9.199999809265137,2.000000476837158,0.44999998807907104,-37.978278407714015,1.5928400216580485e-06
grid-r009-c046,9,46,9.399999618530273,2.000000476837158,0.44999998807907104,-37.569100074715905,1.7502093214716297e-06
grid-r009-c047,9,47,9.600000381469727,2.000000476837158,0.44999998807907104,-37.95203904962597,1.6024928299884778e-06
grid-r009-c048,9,48,9.800000190734863,2.000000476837158,0.44999998807907104,-38.01967029895822,1.5777310409248457e-06
grid-r009-c049,9,49,10.0,2.000000476837158,0.44999998807907104,-38.27157845999012,1.4888198620610638e-06
grid-r009-c050,9,50,10.200000762939453,2.000000476837158,0.44999998807907104,-39.48736703980774,1.1252869853706216e-06
grid-r009-c051,9,51,10.399999618530273,2.000000476837158,0.44999998807907104,-39.2566112084721,1.1866943623317638e-06
grid-r009-c052,9,52,10.600000381469727,2.000000476837158,0.44999998807907104,-39.78258335178387,1.051336312229978e-06
grid-r009-c053,9,53,10.800000190734863,2.000000476837158,0.44999998807907104,-39.33194266435866,1.1662878023344092e-06
grid-r009-c054,9,54,11.0,2.000000476837158,0.44999998807907104,-39.35198868382612,1.160916895059927e-06
grid-r009-c055,9,55,11.200000762939453,2.000000476837158,0.44999998807907104,-40.015739660835635,9.963823686121032e-07
grid-r009-c056,9,56,11.399999618530273,2.000000476837158,0.44999998807907104,-38.636558960730795,1.3688129456568277e-06
grid-r009-c057,9,57,11.600000381469727,2.000000476837158,0.44999998807907104,-38.57527272519028,1.3882661278330488e-06
grid-r010-c000,10,0,0.19999980926513672,2.200000286102295,0.44999998807907104,-37.61408274523485,1.7321748373433365e-06
grid-r010-c001,10,1,0.40000009536743164,2.200000286102295,0.44999998807907104,-37.90210095111233,1.6210257172133424e-06
grid-r010-c002,10,2,0.5999999046325684,2.200000286102295,0.44999998807907104,-37.73544950295164,1.6844380752445431e-06
grid-r010-c003,10,3,0.7999997138977051,2.200000286102295,0.44999998807907104,-38.09039075584083,1.5522473404416814e-06
grid-r010-c004,10,4,1.0,2.200000286102295,0.44999998807907104,-38.243517994797294,1.4984705103415763e-06
grid-r010-c005,10,5,1.1999998092651367,2.200000286102295,0.44999998807907104,-38.06610103403316,1.5609532511007274e-06
grid-r010-c006,10,6,1.4000000953674316,2.200000286102295,0.44999998807907104,-38.27749144685348,1.48679418998654e-06
grid-r010-c007,10,7,1.5999999046325684,2.200000286102295,0.44999998807907104,-37.96423461369102,1.5979991303538554e-06
grid-r010-c008,10,8,1.799999713897705,2.200000286102295,0.44999998807907104,-37.34857725001255,1.8413751377011067e-06
grid-r010-c009,10,9,2.0,2.200000286102295,0.44999998807907104,-37.30362843848642,1.8605320519782254e-06
grid-r010-c010,10,10,2.200000047683716,2.200000286102295,0.44999998807907104,-37.04419243620319,1.9750621049752226e-06
grid-r010-c011,10,11,2.3999998569488525,2.200000286102295,0.44999998807907104,-37.20885335863032,1.901580276353343e-06
grid-r010-c012,10,12,2.5999999046325684,2.200000286102295,0.44999998807907104,-36.90694216165511,2.0384768504300155e-06
grid-r010-c013,10,13,2.799999952316284,2.200000286102295,0.44999998807907104,-36.776099379655875,2.100825895468006e-06
grid-r010-c014,10,14,3.0,2.200000286102295,0.44999998807907104,-36.85847073200935,2.0613556444004644e-06
grid-r010-c015,10,15,3.200000047683716,2.200000286102295,0.44999998807907104,-37.003501629984896,1.9936542230425403e-06
grid-r010-c016,10,16,3.3999998569488525,2.200000286102295,0.44999998807907104,-36.78446143828321,2.0967847831343533e-06
grid-r010-c017,10,17,3.5999999046325684,2.200000286102295,0.44999998807907104,-37.293439977157796,1.8649019466465688e-06
grid-r010-c018,10,18,3.799999952316284,2.200000286102295,0.44999998807907104,-37.31883145521144,1.8540304154157639e-06
grid-r010-c019,10,19,4.0,2.200000286102295,0.44999998807907104,-37.173662540612455,1.917051349664689e-06
grid-r010-c020,10,20,4.199999809265137,2.200000286102295,0.44999998807907104,-37.68782754839607,1.7030101844284218e-06
grid-r010-c021,10,21,4.400000095367432,2.200000286102295,0.44999998807907104,-37.45696363646597,1.7959888509722077e-06
grid-r010-c022,10,22,4.599999904632568,2.200000286102295,0.44999998807907104,-37.39971512178247,1.819820226955926e-06
grid-r010-c023,10,23,4.800000190734863,2.200000286102295,0.44999998807907104,-37.725147567302535,1.6884384876902914e-06
grid-r010-c024,10,24,5.0,2.200000286102295,0.44999998807907104,-37.54305521766262,1.7607369500183268e-06
grid-r010-c025,10,25,5.199999809265137,2.200000286102295,0.44999998807907104,-37.020368843935586,1.9859262465615757e-06
grid-r010-c026,10,26,5.400000095367432,2.200000286102295,0.44999998807907104,-37.254217041893305,1.8818209355231375e-06
grid-r010-c027,10,27,5.599999904632568,2.200000286102295,0.44999998807907104,-37.04256334034264,1.975803115783492e-06
grid-r010-c028,10,28,5.800000190734863,2.200000286102295,0.44999998807907104,-36.63748774082596,2.1689584173145704e-06
grid-r010-c029,10,29,6.0,2.200000286102295,0.44999998807907104,-37.2606207324991,1.879048227237945e-06
grid-r010-c030,10,30,6.199999809265137,2.200000286102295,0.44999998807907104,-37.05391923285828,1.9706435523403343e-06
grid-r010-c031,10,31,6.400000095367432,2.200000286102295,0.44999998807907104,-36.86724937942812,2.057193114524125e-06
grid-r010-c032,10,32,6.599999904632568,2.200000286102295,0.44999998807907104,-36.437505437861844,2.27116902351554e-06
grid-r010-c033,10,33,6.800000190734863,2.200000286102295,0.44999998807907104,-37.33330413150813,1.8478622223483399e-06
grid-r010-c034,10,34,7.0,2.200000286102295,0.44999998807907104,-36.88307816821455,2.0497088826232357e-06
grid-r010-c035,10,35,7.199999809265137,2.200000286102295,0.44999998807907104,-37.033449385188334,1.9799538222287083e-06
grid-r010-c036,10,36,7.400000095367432,2.200000286102295,0.44999998807907104,-36.75435581609696,2.111370349666686e-06
grid-r010-c037,10,37,7.599999904632568,2.200000286102295,0.44999998807907104,-37.15322111321902,1.92609581972647e-06
grid-r010-c038,10,38,7.800000190734863,2.200000286102295,0.44999998807907104,-36.92816729388532,2.0285385744500672e-06
grid-r010-c039,10,39,8.0,2.200000286102295,0.44999998807907104,-37.776528152208854,1.6685805803717813e-06
grid-r010-c040,10,40,8.199999809265137,2.200000286102295,0.44999998807907104,-37.843769764818084,1.6429449942734209e-06
grid-r010-c041,10,41,8.399999618530273,2.200000286102295,0.44999998807907104,-37.45430139745913,1.797090135369217e-06
grid-r010-c042,10,42,8.600000381469727,2.200000286102295,0.44999998807907104,-37.84021518232569,1.6442902506241808e-06
grid-r010-c043,10,43,8.800000190734863,2.200000286102295,0.44999998807907104,-37.44736339437559,1.7999633428189554e-06
grid-r010-c044,10,44,9.0,2.200000286102295,0.44999998807907104,-37.03835022109875,1.9777207853621803e-06
grid-r010-c045,10,45,9.199999809265137,2.200000286102295,0.44999998807907104,-37.62460140395955,1.7279845678785932e-06
grid-r010-c046,10,46,9.399999618530273,2.200000286102295,0.44999998807907104,-38.36676544502409,1.4565434867108706e-06
grid-r010-c047,10,47,9.600000381469727,2.200000286102295,0.44999998807907104,-37.48796042649238,1.7832160210673464e-06
grid-r010-c048,10,48,9.800000190734863,2.200000286102295,0.44999998807907104,-37.56936130802606,1.7501040474598994e-06
grid-r010-c049,10,49,10.0,2.200000286102295,0.44999998807907104,-39.294282733274756,1.1764452665374847e-06
grid-r010-c050,10,50,10.200000762939453,2.200000286102295,0.44999998807907104,-37.53292222272489,1.7648499124334194e-06
grid-r010-c051,10,51,10.399999618530273,2.200000286102295,0.44999998807907104,-39.03898422491145,1.2476752999646123e-06
grid-r010-c052,10,52,10.600000381469727,2.200000286102295,0.44999998807907104,-37.3867198369721,1.825273784561432e-06
grid-r010-c053,10,53,10.800000190734863,2.200000286102295,0.44999998807907104,-39.67718157888755,1.0771640290840878e-06
grid-r010-c054,10,54,11.0,2.200000286102295,0.44999998807907104,-39.49965312698687,1.1221080740142497e-06
grid-r010-c055,10,55,11.200000762939453,2.200000286102295,0.44999998807907104,-40.116844613476765,9.73454234554083e-07
grid-r010-c056,10,56,11.399999618530273,2.200000286102295,0.44999998807907104,-39.688141641928276,1.074449073712458e-06
grid-r010-c057,10,57,11.600000381469727,2.200000286102295,0.44999998807907104,-39.58640500731204,1.0999159485436394e-06
grid-r011-c000,11,0,0.19999980926513672,2.40000057220459,0.44999998807907104,-37.90404736322224,1.620299372007139e-06
grid-r011-c001,11,1,0.40000009536743164,2.40000057220459,0.44999998807907104,-37.79634573979458,1.6609839121883851e-06
grid-r011-c002,11,2,0.5999999046325684,2.40000057220459,0.44999998807907104,-37.99119397490755,1.5881100807746407e-06
grid-r011-c003,11,3,0.7999997138977051,2.40000057220459,0.44999998807907104,-38.11871264072017,1.5421575199070503e-06
grid-r011-c004,11,4,1.0,2.40000057220459,0.44999998807907104,-38.095188430075844,1.550533511363028e-06
grid-r011-c005,11,5,1.1999998092651367,2.40000057220459,0.44999998807907104,-38.452187169966834,1.4281745279731695e-06
grid-r011-c006,11,6,1.4000000953674316,2.40000057220459,0.44999998807907104,-38.17336428855946,1.5228725942506571e-06
grid-r011-c007,11,7,1.5999999046325684,2.40000057220459,0.44999998807907104,-38.54456913986117,1.3981156143927365e-06
grid-r011-c008,11,8,1.799999713897705,2.40000057220459,0.44999998807907104,-38.84341986136674,1.3051427458776743e-06
grid-r011-c009,11,9,2.0,2.40000057220459,0.44999998807907104,-38.3381542543012,1.4661708291896502e-06
grid-r011-c010,11,10,2.200000047683716,2.40000057220459,0.44999998807907104,-38.11191618283601,1.544572796774446e-06
grid-r011-c011,11,11,2.3999998569488525,2.40000057220459,0.44999998807907104,-37.453972818773444,1.797226104827132e-06
grid-r011-c012,11,12,2.5999999046325684,2.40000057220459,0.44999998807907104,-37.36205499303507,1.835669536376372e-06
grid-r011-c013,11,13,2.799999952316284,2.40000057220459,0.44999998807907104,-37.41580264280665,1.8130915577785345e-06
grid-r011-c014,11,14,3.0,2.40000057220459,0.44999998807907104,-37.04638585737335,1.9740648440347286e-06
grid-r011-c015,11,15,3.200000047683716,2.40000057220459,0.44999998807907104,-37.37297804454043,1.8310583982383832e-06
grid-r011-c016,11,16,3.3999998569488525,2.40000057220459,0.44999998807907104,-37.148710332161286,1.9280973901913967e-06
grid-r011-c017,11,17,3.5999999046325684,2.40000057220459,0.44999998807907104,-38.034292300674736,1.5724280046924832e-06
grid-r011-c018,11,18,3.799999952316284,2.40000057220459,0.44999998807907104,-37.0845509505573,1.95679308490071e-06
grid-r011-c019,11,19,4.0,2.40000057220459,0.44999998807907104,-38.09019800487632,1.5523162346653407e-06
grid-r011-c020,11,20,4.199999809265137,2.40000057220459,0.44999998807907104,-37.78941750041028,1.6636357713650796e-06
grid-r011-c021,11,21,4.400000095367432,2.40000057220459,0.44999998807907104,-37.402542550904286,1.8186358374805422e-06
grid-r011-c022,11,22,4.599999904632568,2.40000057220459,0.44999998807907104,-37.92241865692351,1.6134597444761312e-06
grid-r011-c023,11,23,4.800000190734863,2.40000057220459,0.44999998807907104,-37.49939924194387,1.7785254158297903e-06
grid-r011-c024,11,24,5.0,2.40000057220459,0.44999998807907104,-37.29566896278015,1.863945044533466e-06
grid-r011-c025,11,25,5.199999809265137,2.40000057220459,0.44999998807907104,-37.421497255428704,1.8107157302438281e-06
grid-r011-c026,11,26,5.400000095367432,2.40000057220459,0.44999998807907104,-36.842891592845,2.068763478746405e-06
grid-r011-c027,11,27,5.599999904632568,2.40000057220459,0.44999998807907104,-37.51148094309439,1.7735845858624089e-06
grid-r011-c028,11,28,5.800000190734863,2.40000057220459,0.44999998807907104,-37.282858580553636,1.869451239144837e-06
grid-r011-c029,11,29,6.0,2.40000057220459,0.44999998807907104,-36.60282661283784,2.1863381789444247e-06
grid-r011-c030,11,30,6.199999809265137,2.40000057220459,0.44999998807907104,-37.08249453472442,1.9577198600018164e-06
grid-r011-c031,11,31,6.400000095367432,2.40000057220459,0.44999998807907104,-37.13851570839111,1.932628720169305e-06
grid-r011-c032,11,32,6.599999904632568,2.40000057220459,0.44999998807907104,-37.29888429713938,1.862565568444552e-06
grid-r011-c033,11,33,6.800000190734863,2.40000057220459,0.44999998807907104,-36.83412436136828,2.072943971143104e-06
grid-r011-c034,11,34,7.0,2.40000057220459,0.44999998807907104,-36.92182322081628,2.031503981925198e-06
grid-r011-c035,11,35,7.199999809265137,2.40000057220459,0.44999998807907104,-37.0838737797222,1.9570982203731546e-06
grid-r011-c036,11,36,7.400000095367432,2.40000057220459,0.44999998807907104,-37.37398825203148,1.830632527344278e-06
grid-r011-c037,11,37,7.599999904632568,2.40000057220459,0.44999998807907104,-36.87074813436486,2.0555364699248457e-06
grid-r011-c038,11,38,7.800000190734863,2.40000057220459,0.44999998807907104,-37.56553831891416,1.7516452999188914e-06
grid-r011-c039,11,39,8.0,2.40000057220459,0.44999998807907104,-37.42059943173555,1.8110901010004454e-06
grid-r011-c040,11,40,8.199999809265137,2.40000057220459,0.44999998807907104,-37.41941588590067,1.8115837292498327e-06
grid-r011-c041,11,41,8.399999618530273,2.40000057220459,0.44999998807907104,-37.609771690525164,1.73389514657174e-06
grid-r011-c042,11,42,8.600000381469727,2.40000057220459,0.44999998807907104,-37.27183448490134,1.8742026668405742e-06
grid-r011-c043,11,43,8.800000190734863,2.40000057220459,0.44999998807907104,-37.428360434436286,1.8078565062751295e-06
grid-r011-c044,11,44,9.0,2.40000057220459,0.44999998807907104,-38.433775655369615,1.4342419945023721e-06
grid-r011-c045,11,45,9.199999809265137,2.40000057220459,0.44999998807907104,-38.09528141249503,1.5505003148064134e-06
grid-r011-c046,11,46,9.399999618530273,2.40000057220459,0.44999998807907104,-37.63011719305179,1.7257913214052678e-06
grid-r011-c047,11,47,9.600000381469727,2.40000057220459,0.44999998807907104,-38.219981943703196,1.506613330093387e-06
grid-r011-c048,11,48,9.800000190734863,2.40000057220459,0.44999998807907104,-38.39419858807611,1.447371914764517e-06
grid-r011-c049,11,49,10.0,2.40000057220459,0.44999998807907104,-37.69495119838287,1.7002190588755184e-06
grid-r011-c050,11,50,10.200000762939453,2.40000057220459,0.44999998807907104,-38.462607637173996,1.4247518720367225e-06
grid-r011-c051,11,51,10.399999618530273,2.40000057220459,0.44999998807907104,-37.743140636922945,1.6814576611068333e-06
grid-r011-c052,11,52,10.600000381469727,2.40000057220459,0.44999998807907104,-38.05949309721748,1.5633301018169732e-06
grid-r011-c053,11,53,10.800000190734863,2.40000057220459,0.44999998807907104,-38.39584858504342,1.4468221252172953e-06
grid-r011-c054,11,54,11.0,2.40000057220459,0.44999998807907104,-37.93264194549017,1.6096661283881986e-06
grid-r011-c055,11,55,11.200000762939453,2.40000057220459,0.44999998807907104,-38.65821467633765,1.3620044683193555e-06
grid-r011-c056,11,56,11.399999618530273,2.40000057220459,0.44999998807907104,-39.47717204349874,1.1279316822765395e-06
grid-r011-c057,11,57,11.600000381469727,2.40000057220459,0.44999998807907104,-38.67046290572085,1.3581686744146282e-06
grid-r012-c000,12,0,0.19999980926513672,2.6000003814697266,0.44999998807907104,-37.978749590575596,1.5926672176647116e-06
grid-r012-c001,12,1,0.40000009536743164,2.6000003814697266,0.44999998807907104,-38.02968842457279,1.5740957906018593e-06
grid-r012-c002,12,2,0.5999999046325684,2.6000003814697266,0.44999998807907104,-37.76302822834212,1.6737753867346328e-06
grid-r012-c003,12,3,0.7999997138977051,2.6000003814697266,0.44999998807907104,-38.034434543065096,1.5723765045549953e-06
grid-r012-c004,12,4,1.0,2.6000003814697266,0.44999998807907104,-38.26348563791009,1.491596776759252e-06
grid-r012-c005,12,5,1.1999998092651367,2.6000003814697266,0.44999998807907104,-38.12262738829627,1.5407680393764167e-06
grid-r012-c006,12,6,1.4000000953674316,2.6000003814697266,0.44999998807907104,-38.47196150184709,1.4216865338312346e-06
grid-r012-c007,12,7,1.5999999046325684,2.6000003814697266,0.44999998807907104,-38.31839590513701,1.4728564110555453e-06
grid-r012-c008,12,8,1.799999713897705,2.6000003814697266,0.44999998807907104,-38.662694668236995,1.3606002084998181e-06
grid-r012-c009,12,9,2.0,2.6000003814697266,0.44999998807907104,-38.80283425789726,1.3173967090551741e-06
grid-r012-c010,12,10,2.200000047683716,2.6000003814697266,0.44999998807907104,-38.58793591871986,1.3842241060046945e-06
grid-r012-c011,12,11,2.3999998569488525,2.6000003814697266,0.44999998807907104,-38.77434446326704,1.3260672631076886e-06
grid-r012-c012,12,12,2.5999999046325684,2.6000003814697266,0.44999998807907104,-38.43269519372414,1.4345988574859803e-06
grid-r012-c013,12,13,2.799999952316284,2.6000003814697266,0.44999998807907104,-38.18109100260713,1.5201655969576677e-06
grid-r012-c014,12,14,3.0,2.6000003814697266,0.44999998807907104,-37.43734779949642,1.804119165171869e-06
grid-r012-c015,12,15,3.200000047683716,2.6000003814697266,0.44999998807907104,-37.41817735157997,1.8121004359272774e-06
grid-r012-c016,12,16,3.3999998569488525,2.6000003814697266,0.44999998807907104,-37.907390500603825,1.619052568457846e-06
grid-r012-c017,12,17,3.5999999046325684,2.6000003814697266,0.44999998807907104,-37.548986381097976,1.758333951329405e-06
grid-r012-c018,12,18,3.799999952316284,2.6000003814697266,0.44999998807907104,-37.64127079422296,1.721364810691739e-06
grid-r012-c019,12,19,4.0,2.6000003814697266,0.44999998807907104,-37.71489014057708,1.6924310557442368e-06
grid-r012-c020,12,20,4.199999809265137,2.6000003814697266,0.44999998807907104,-38.26311955463829,1.491722514401772e-06
grid-r012-c021,12,21,4.400000095367432,2.6000003814697266,0.44999998807907104,-37.895184525219,1.6236093642874039e-06
grid-r012-c022,12,22,4.599999904632568,2.6000003814697266,0.44999998807907104,-37.481959891695034,1.7856815475170151e-06
grid-r012-c023,12,23,4.800000190734863,2.6000003814697266,0.44999998807907104,-37.40802515714574,1.8163414097216446e-06
grid-r012-c024,12,24,5.0,2.6000003814697266,0.44999998807907104,-37.25049637556406,1.883433810689894e-06
grid-r012-c025,12,25,5.199999809265137,2.6000003814697266,0.44999998807907104,-37.632450330428085,1.7248644326173235e-06
grid-r012-c026,12,26,5.400000095367432,2.6000003814697266,0.44999998807907104,-37.766978965215856,1.6722534610380535e-06
grid-r012-c027,12,27,5.599999904632568,2.6000003814697266,0.44999998807907104,-36.680778580062956,2.147445457012509e-06
grid-r012-c028,12,28,5.800000190734863,2.6000003814697266,0.44999998807907104,-37.652497112024136,1.7169209058920387e-06
grid-r012-c029,12,29,6.0,2.6000003814697266,0.44999998807907104,-37.20803062180737,1.9019405499420827e-06
grid-r012-c030,12,30,6.199999809265137,2.6000003814697266,0.44999998807907104,-36.9324706975208,2.026529500653851e-06
grid-r012-c031,12,31,6.400000095367432,2.6000003814697266,0.44999998807907104,-37.11667814653528,1.942371000041021e-06
grid-r012-c032,12,32,6.599999904632568,2.6000003814697266,0.44999998807907104,-36.99212744335447,1.998882453335682e-06
grid-r012-c033,12,33,6.800000190734863,2.6000003814697266,0.44999998807907104,-37.08597224252478,1.9561528006306617e-06
grid-r012-c034,12,34,7.0,2.6000003814697266,0.44999998807907104,-37.036545635094825,1.9785427411989076e-06
grid-r012-c035,12,35,7.199999809265137,2.6000003814697266,0.44999998807907104,-37.198913331627935,1.9059375517826993e-06
grid-r012-c036,12,36,7.400000095367432,2.6000003814697266,0.44999998807907104,-37.06802125130043,1.964255034181406e-06
grid-r012-c037,12,37,7.599999904632568,2.6000003814697266,0.44999998807907104,-37.88932487067243,1.625801473892352e-06
grid-r012-c038,12,38,7.800000190734863,2.6000003814697266,0.44999998807907104,-37.128611567947004,1.9370411337149562e-06
grid-r012-c039,12,39,8.0,2.6000003814697266,0.44999998807907104,-38.06977044424648,1.5596349385305075e-06
grid-r012-c040,12,40,8.199999809265137,2.6000003814697266,0.44999998807907104,-37.04267129465025,1.9757540030695964e-06
grid-r012-c041,12,41,8.399999618530273,2.6000003814697266,0.44999998807907104,-37.3645764893959,1.834604063333245e-06
grid-r012-c042,12,42,8.600000381469727,2.6000003814697266,0.44999998807907104,-37.69558779158497,1.6999698573272326e-06
grid-r012-c043,12,43,8.800000190734863,2.6000003814697266,0.44999998807907104,-38.62519508763267,1.3723993106395938e-06
grid-r012-c044,12,44,9.0,2.6000003814697266,0.44999998807907104,-37.98124368116709,1.5917528344289167e-06
grid-r012-c045,12,45,9.199999809265137,2.6000003814697266,0.44999998807907104,-37.76788991221431,1.6719027371436823e-06
grid-r012-c046,12,46,9.399999618530273,2.6000003814697266,0.44999998807907104,-38.50934048086291,1.4095028291194467e-06
grid-r012-c047,12,47,9.600000381469727,2.6000003814697266,0.44999998807907104,-37.483816413083034,1.78491836777539e-06
grid-r012-c048,12,48,9.800000190734863,2.6000003814697266,0.44999998807907104,-38.1252904846039,1.5398235291286255e-06
grid-r012-c049,12,49,10.0,2.6000003814697266,0.44999998807907104,-38.28496637100954,1.4842373730061809e-06
grid-r012-c050,12,50,10.200000762939453,2.6000003814697266,0.44999998807907104,-38.26020192166886,1.4927250049368013e-06
grid-r012-c051,12,51,10.399999618530273,2.6000003814697266,0.44999998807907104,-38.67254607117399,1.357517362521321e-06
grid-r012-c052,12,52,10.600000381469727,2.6000003814697266,0.44999998807907104,-38.52178555645835,1.405469561177597e-06
grid-r012-c053,12,53,10.800000190734863,2.6000003814697266,0.44999998807907104,-38.19197895724702,1.5163592479439103e-06
grid-r012-c054,12,54,11.0,2.6000003814697266,0.44999998807907104,-39.13924017903063,1.2192028862045845e-06
grid-r012-c055,12,55,11.200000762939453,2.6000003814697266,0.44999998807907104,-37.29484656509729,1.8642980421645916e-06
grid-r012-c056,12,56,11.399999618530273,2.6000003814697266,0.44999998807907104,-38.975992801600654,1.2659038475248963e-06
grid-r012-c057,12,57,11.600000381469727,2.6000003814697266,0.44999998807907104,-38.3185712304179,1.472796952839417e-06
grid-r013-c000,13,0,0.19999980926513672,2.8000001907348633,0.44999998807907104,-37.67006576807894,1.7099894193961518e-06
grid-r013-c001,13,1,0.40000009536743164,2.8000001907348633,0.44999998807907104,-37.95973585255772,1.599655320205784e-06
grid-r013-c002,13,2,0.5999999046325684,2.8000001907348633,0.44999998807907104,-38.126706039286866,1.5393217154269223e-06
grid-r013-c003,13,3,0.7999997138977051,2.8000001907348633,0.44999998807907104,-37.93664418416839,1.6081834246506332e-06
grid-r013-c004,13,4,1.0,2.8000001907348633,0.44999998807907104,-38.11933443407544,1.541936740068195e-06
grid-r013-c005,13,5,1.1999998092651367,2.8000001907348633,0.44999998807907104,-38.296166249254284,1.4804146530877915e-06
grid-r013-c006,13,6,1.4000000953674316,2.8000001907348633,0.44999998807907104,-38.25692101689309,1.4938531194275129e-06
grid-r013-c007,13,7,1.5999999046325684,2.8000001907348633,0.44999998807907104,-38.44881157698636,1.4292850210040342e-06
grid-r013-c008,13,8,1.799999713897705,2.8000001907348633,0.44999998807907104,-38.369065000018914,1.4557724625774426e-06
grid-r013-c009,13,9,2.0,2.8000001907348633,0.44999998807907104,-38.7745939320568,1.3259910929264151e-06
grid-r013-c010,13,10,2.200000047683716,2.8000001907348633,0.44999998807907104,-38.832718462380164,1.3083626981824636e-06
grid-r013-c011,13,11,2.3999998569488525,2.8000001907348633,0.44999998807907104,-38.71334218660472,1.3448250228975667e-06
grid-r013-c012,13,12,2.5999999046325684,2.8000001907348633,0.44999998807907104,-38.93403817360724,1.2781922578142257e-06
grid-r013-c013,13,13,2.799999952316284,2.8000001907348633,0.44999998807907104,-38.68591276992735,1.3533456240111263e-06
grid-r013-c014,13,14,3.0,2.8000001907348633,0.44999998807907104,-39.06842637310555,1.2392455346343922e-06
grid-r013-c015,13,15,3.200000047683716,2.8000001907348633,0.44999998807907104,-38.58217602401852,1.386061171615438e-06
grid-r013-c016,13,16,3.3999998569488525,2.8000001907348633,0.44999998807907104,-37.53506207995605,1.7639805491853622e-06
grid-r013-c017,13,17,3.5999999046325684,2.8000001907348633,0.44999998807907104,-38.05837775347772,1.563731643727806e-06
grid-r013-c018,13,18,3.799999952316284,2.8000001907348633,0.44999998807907104,-37.24145779973553,1.8873577118938556e-06
grid-r013-c019,13,19,4.0,2.8000001907348633,0.44999998807907104,-37.678626273788595,1.7066221289496752e-06
grid-r013-c020,13,20,4.199999809265137,2.8000001907348633,0.44999998807907104,-38.00469847049199,1.5831794826226542e-06
grid-r013-c021,13,21,4.400000095367432,2.8000001907348633,0.44999998807907104,-37.8274106262442,1.64914536071592e-06
grid-r013-c022,13,22,4.599999904632568,2.8000001907348633,0.44999998807907104,-37.48178349016588,1.7857540797194815e-06
grid-r013-c023,13,23,4.800000190734863,2.8000001907348633,0.44999998807907104,-37.72546924283115,1.6883134321687976e-06
grid-r013-c024,13,24,5.0,2.8000001907348633,0.44999998807907104,-37.77414738881071,1.6694955320417648e-06
grid-r013-c025,13,25,5.199999809265137,2.8000001907348633,0.44999998807907104,-37.11179887204799,1.9445544694463024e-06
grid-r013-c026,13,26,5.400000095367432,2.8000001907348633,0.44999998807907104,-37.43305000306833,1.8059054127661511e-06
grid-r013-c027,13,27,5.599999904632568,2.8000001907348633,0.44999998807907104,-37.3442752911007,1.843200038820214e-06
grid-r013-c028,13,28,5.800000190734863,2.8000001907348633,0.44999998807907104,-36.85913616922187,2.0610398223652737e-06
grid-r013-c029,13,29,6.0,2.8000001907348633,0.44999998807907104,-37.31470064901592,1.8557947214503656e-06
grid-r013-c030,13,30,6.199999809265137,2.8000001907348633,0.44999998807907104,-37.398427403522305,1.8203598983745906e-06
grid-r013-c031,13,31,6.400000095367432,2.8000001907348633,0.44999998807907104,-37.305712119230094,1.8596396103021107e-06
grid-r013-c032,13,32,6.599999904632568,2.8000001907348633,0.44999998807907104,-37.096415528073685,1.951454578374978e-06
grid-r013-c033,13,33,6.800000190734863,2.8000001907348633,0.44999998807907104,-37.58504034860862,1.743797156450455e-06
grid-r013-c034,13,34,7.0,2.8000001907348633,0.44999998807907104,-37.4984393741579,1.7789185449146316e-06
grid-r013-c035,13,35,7.199999809265137,2.8000001907348633,0.44999998807907104,-36.930559549564315,2.0274214875826146e-06
grid-r013-c036,13,36,7.400000095367432,2.8000001907348633,0.44999998807907104,-37.67427180164509,1.708334139038925e-06
grid-r013-c037,13,37,7.599999904632568,2.8000001907348633,0.44999998807907104,-37.81426312806456,1.6541454215257545e-06
grid-r013-c038,13,38,7.800000190734863,2.8000001907348633,0.44999998807907104,-37.329302624335476,1.8495655922379228e-06
grid-r013-c039,13,39,8.0,2.8000001907348633,0.44999998807907104,-37.82802142236089,1.648913439566968e-06
grid-r013-c040,13,40,8.199999809265137,2.8000001907348633,0.44999998807907104,-38.10939992171487,1.545467966934666e-06
grid-r013-c041,13,41,8.399999618530273,2.8000001907348633,0.44999998807907104,-37.17411173021155,1.9168530798197025e-06
grid-r013-c042,13,42,8.600000381469727,2.8000001907348633,0.44999998807907104,-38.54740368940032,1.3972033912068582e-06
grid-r013-c043,13,43,8.800000190734863,2.8000001907348633,0.44999998807907104,-37.39161593190586,1.823217189667048e-06
grid-r013-c044,13,44,9.0,2.8000001907348633,0.44999998807907104,-37.82663078842046,1.649441514928185e-06
grid-r013-c045,13,45,9.199999809265137,2.8000001907348633,0.44999998807907104,-37.76116344981293,1.6744942286095466e-06
grid-r013-c046,13,46,9.399999618530273,2.8000001907348633,0.44999998807907104,-38.35304228456565,1.4611532606068067e-06
grid-r013-c047,13,47,9.600000381469727,2.8000001907348633,0.44999998807907104,-38.506264267234194,1.410501567988831e-06
grid-r013-c048,13,48,9.800000190734863,2.8000001907348633,0.44999998807907104,-38.367614327973065,1.4562588148692157e-06
grid-r013-c049,13,49,10.0,2.8000001907348633,0.44999998807907104,-37.5073144364488,1.7752869325704523e-06
grid-r013-c050,13,50,10.200000762939453,2.8000001907348633,0.44999998807907104,-38.4130569867314,1.4411006077352795e-06
grid-r013-c051,13,51,10.399999618530273,2.8000001907348633,0.44999998807907104,-38.18205476357058,1.5198282881101477e-06
grid-r013-c052,13,52,10.600000381469727,2.8000001907348633,0.44999998807907104,-39.187234906856425,1.2058034144502017e-06
grid-r013-c053,13,53,10.800000190734863,2.8000001907348633,0.44999998807907104,-38.57919766396915,1.3870120483261417e-06
grid-r013-c054,13,54,11.0,2.8000001907348633,0.44999998807907104,-38.14912771139322,1.5313950143536204e-06
grid-r013-c055,13,55,11.200000762939453,2.8000001907348633,0.44999998807907104,-38.70542254676579,1.347279635410814e-06
grid-r013-c056,13,56,11.399999618530273,2.8000001907348633,0.44999998807907104,-39.16160969471035,1.2129391961934743e-06
grid-r013-c057,13,57,11.600000381469727,2.8000001907348633,0.44999998807907104,-38.299386498138375,1.4793173477301025e-06
grid-r014-c000,14,0,0.19999980926513672,3.000000476837158,0.44999998807907104,-38.06716710914521,1.5605701264576055e-06
grid-r014-c001,14,1,0.40000009536743164,3.000000476837158,0.44999998807907104,-38.07073419421501,1.559288875796483e-06
grid-r014-c002,14,2,0.5999999046325684,3.000000476837158,0.44999998807907104,-37.90818802709306,1.618755277377204e-06
grid-r014-c003,14,3,0.7999997138977051,3.000000476837158,0.44999998807907104,-38.1238071167089,1.5403495581267634e-06
grid-r014-c004,14,4,1.0,3.000000476837158,0.44999998807907104,-37.909513495415645,1.6182613080673036e-06
grid-r014-c005,14,5,1.1999998092651367,3.000000476837158,0.44999998807907104,-38.24628398135011,1.4975164503994165e-06
grid-r014-c006,14,6,1.4000000953674316,3.000000476837158,0.44999998807907104,-38.36087225136736,1.4585212966267136e-06
grid-r014-c007,14,7,1.5999999046325684,3.000000476837158,0.44999998807907104,-38.33177681901904,1.4683254221381503e-06
grid-r014-c008,14,8,1.799999713897705,3.000000476837158,0.44999998807907104,-38.569446123394485,1.390129909850657e-06
grid-r014-c009,14,9,2.0,3.000000476837158,0.44999998807907104,-38.38931096232061,1.449001729270094e-06
grid-r014-c010,14,10,2.200000047683716,3.000000476837158,0.44999998807907104,-38.82468830627728,1.3107841141390963e-06
grid-r014-c011,14,11,2.3999998569488525,3.000000476837158,0.44999998807907104,-38.729582735677454,1.3398054079516442e-06
grid-r014-c012,14,12,2.5999999046325684,3.000000476837158,0.44999998807907104,-38.66102464914608,1.3611235090138507e-06
grid-r014-c013,14,13,2.799999952316284,3.000000476837158,0.44999998807907104,-39.00903129259004,1.2563101563500823e-06
grid-r014-c014,14,14,3.0,3.000000476837158,0.44999998807907104,-38.602915854184765,1.3794577853332157e-06
grid-r014-c015,14,15,3.200000047683716,3.000000476837158,0.44999998807907104,-38.76601819764644,1.3286120292832493e-06
grid-r014-c016,14,16,3.3999998569488525,3.000000476837158,0.44999998807907104,-39.21654366680767,1.1976933365076547e-06
grid-r014-c017,14,17,3.5999999046325684,3.000000476837158,0.44999998807907104,-38.63583292521393,1.3690417972611613e-06
grid-r014-c018,14,18,3.799999952316284,3.000000476837158,0.44999998807907104,-38.227815428438745,1.5038982610349194e-06
grid-r014-c019,14,19,4.0,3.000000476837158,0.44999998807907104,-37.88019984599978,1.6292210602841806e-06
grid-r014-c020,14,20,4.199999809265137,3.000000476837158,0.44999998807907104,-37.860898805535655,1.636477804822789e-06
grid-r014-c021,14,21,4.400000095367432,3.000000476837158,0.44999998807907104,-37.822070419388886,1.6511744433955755e-06
grid-r014-c022,14,22,4.599999904632568,3.000000476837158,0.44999998807907104,-37.69387338469835,1.700641064417141e-06
grid-r014-c023,14,23,4.800000190734863,3.000000476837158,0.44999998807907104,-37.382673426964274,1.8269752217747737e-06
grid-r014-c024,14,24,5.0,3.000000476837158,0.44999998807907104,-37.72315429522084,1.6892136045498773e-06
grid-r014-c025,14,25,5.199999809265137,3.000000476837158,0.44999998807907104,-37.209060560220934,1.901489554256841e-06
grid-r014-c026,14,26,5.400000095367432,3.000000476837158,0.44999998807907104,-37.71760467633385,1.6913735407797503e-06
grid-r014-c027,14,27,5.599999904632568,3.000000476837158,0.44999998807907104,-37.45482096515918,1.7968751535590854e-06
grid-r014-c028,14,28,5.800000190734863,3.000000476837158,0.44999998807907104,-37.58055181324036,1.7456003433835576e-06
grid-r014-c029,14,29,6.0,3.000000476837158,0.44999998807907104,-37.412259066099,1.8145715330319945e-06
grid-r014-c030,14,30,6.199999809265137,3.000000476837158,0.44999998807907104,-37.436009205741065,1.8046753211820032e-06
grid-r014-c031,14,31,6.400000095367432,3.000000476837158,0.44999998807907104,-36.784202896907985,2.0969096112821717e-06
grid-r014-c032,14,32,6.599999904632568,3.000000476837158,0.44999998807907104,-37.657141556266524,1.7150857729575364e-06
grid-r014-c033,14,33,6.800000190734863,3.000000476837158,0.44999998807907104,-37.23430235578394,1.8904698890764848e-06
grid-r014-c034,14,34,7.0,3.000000476837158,0.44999998807907104,-36.79441402181464,2.091985152219422e-06
grid-r014-c035,14,35,7.199999809265137,3.000000476837158,0.44999998807907104,-37.45702109307885,1.795965090423124e-06
grid-r014-c036,14,36,7.400000095367432,3.000000476837158,0.44999998807907104,-38.00549504254536,1.5828891264391132e-06
grid-r014-c037,14,37,7.599999904632568,3.000000476837158,0.44999998807907104,-37.317722440781225,1.8545039210948744e-06
grid-r014-c038,14,38,7.800000190734863,3.000000476837158,0.44999998807907104,-38.45834692078487,1.426150333827536e-06
grid-r014-c039,14,39,8.0,3.000000476837158,0.44999998807907104,-37.28096455217528,1.8702667148318142e-06
grid-r014-c040,14,40,8.199999809265137,3.000000476837158,0.44999998807907104,-38.28941921430528,1.4827163568043034e-06
grid-r014-c041,14,41,8.399999618530273,3.000000476837158,0.44999998807907104,-38.13343575022777,1.5369382708740886e-06
grid-r014-c042,14,42,8.600000381469727,3.000000476837158,0.44999998807907104,-37.089154170053284,1.954720119101694e-06
grid-r014-c043,14,43,8.800000190734863,3.000000476837158,0.44999998807907104,-38.6312252678555,1.3704950561077567e-06
grid-r014-c044,14,44,9.0,3.000000476837158,0.44999998807907104,-38.53058423753183,1.4026250028109644e-06
grid-r014-c045,14,45,9.199999809265137,3.000000476837158,0.44999998807907104,-38.31768696590161,1.4730968587173265e-06
grid-r014-c046,14,46,9.399999618530273,3.000000476837158,0.44999998807907104,-38.09310926456686,1.551276000100188e-06
grid-r014-c047,14,47,9.600000381469727,3.000000476837158,0.44999998807907104,-37.61138114035799,1.7332527022517752e-06
grid-r014-c048,14,48,9.800000190734863,3.000000476837158,0.44999998807907104,-38.552779009520144,1.3954751238998142e-06
grid-r014-c049,14,49,10.0,3.000000476837158,0.44999998807907104,-38.59962709820557,1.3805027947455528e-06
grid-r014-c050,14,50,10.200000762939453,3.000000476837158,0.44999998807907104,-38.137167664702034,1.5356181393144652e-06
grid-r014-c051,14,51,10.399999618530273,3.000000476837158,0.44999998807907104,-38.253340739744075,1.495085143687902e-06
grid-r014-c052,14,52,10.600000381469727,3.000000476837158,0.44999998807907104,-38.477169438896354,1.4199827091943007e-06
grid-r014-c053,14,53,10.800000190734863,3.000000476837158,0.44999998807907104,-38.63774800232639,1.3684382338396972e-06
grid-r014-c054,14,54,11.0,3.000000476837158,0.44999998807907104,-38.52071669464494,1.4058155102247838e-06
grid-r014-c055,14,55,11.200000762939453,3.000000476837158,0.44999998807907104,-39.255756290005394,1.1869279887832818e-06
grid-r014-c056,14,56,11.399999618530273,3.000000476837158,0.44999998807907104,-38.740293125923905,1.336505306426261e-06
grid-r014-c057,14,57,11.600000381469727,3.000000476837158,0.44999998807907104,-39.59274609361322,1.098311145142361e-06
grid-r015-c000,15,0,0.19999980926513672,3.200000286102295,0.44999998807907104,-37.71927445361629,1.6907233657548204e-06
grid-r015-c001,15,1,0.40000009536743164,3.200000286102295,0.44999998807907104,-38.04885689525621,1.5671635082981084e-06
grid-r015-c002,15,2,0.5999999046325684,3.200000286102295,0.44999998807907104,-38.04738648842317,1.5676941984565929e-06
grid-r015-c003,15,3,0.7999997138977051,3.200000286102295,0.44999998807907104,-37.955432608504026,1.6012411379051628e-06
grid-r015-c004,15,4,1.0,3.200000286102295,0.44999998807907104,-38.23123770310243,1.5027136441858602e-06
grid-r015-c005,15,5,1.1999998092651367,3.200000286102295,0.44999998807907104,-37.91011580962797,1.6180368902496411e-06
grid-r015-c006,15,6,1.4000000953674316,3.200000286102295,0.44999998807907104,-38.282021729296005,1.4852440699542058e-06
grid-r015-c007,15,7,1.5999999046325684,3.200000286102295,0.44999998807907104,-38.33676200880091,1.4666409242636291e-06
grid-r015-c008,15,8,1.799999713897705,3.200000286102295,0.44999998807907104,-38.22602030546612,1.504520014350419e-06
grid-r015-c009,15,9,2.0,3.200000286102295,0.44999998807907104,-38.82167032912595,1.311695314143435e-06
grid-r015-c010,15,10,2.200000047683716,3.200000286102295,0.44999998807907104,-38.358571277373066,1.4592942534363829e-06
grid-r015-c011,15,11,2.3999998569488525,3.200000286102295,0.44999998807907104,-38.80126458269341,1.31787294321839e-06
grid-r015-c012,15,12,2.5999999046325684,3.200000286102295,0.44999998807907104,-38.6268189923101,1.371886241940956e-06
grid-r015-c013,15,13,2.799999952316284,3.200000286102295,0.44999998807907104,-38.6871044551063,1.3529743227991275e-06
grid-r015-c014,15,14,3.0,3.200000286102295,0.44999998807907104,-38.91723062752385,1.2831485491915373e-06
grid-r015-c015,15,15,3.200000047683716,3.200000286102295,0.44999998807907104,-38.67606051803763,1.356419261355768e-06
grid-r015-c016,15,16,3.3999998569488525,3.200000286102295,0.44999998807907104,-38.549253290513846,1.396608467985061e-06
grid-r015-c017,15,17,3.5999999046325684,3.200000286102295,0.44999998807907104,-38.73391455414078,1.3384697012952529e-06
grid-r015-c018,15,18,3.799999952316284,3.200000286102295,0.44999998807907104,-38.74473733999082,1.3351383358894964e-06
grid-r015-c019,15,19,4.0,3.200000286102295,0.44999998807907104,-38.69525469434319,1.3504376283890451e-06
grid-r015-c020,15,20,4.199999809265137,3.200000286102295,0.44999998807907104,-38.66215945206959,1.3607678965854575e-06
grid-r015-c021,15,21,4.400000095367432,3.200000286102295,0.44999998807907104,-38.35771096737623,1.459583359064709e-06
grid-r015-c022,15,22,4.599999904632568,3.200000286102295,0.44999998807907104,-37.86851058282594,1.6336121007043403e-06
grid-r015-c023,15,23,4.800000190734863,3.200000286102295,0.44999998807907104,-37.97091352402493,1.5955434946590685e-06
grid-r015-c024,15,24,5.0,3.200000286102295,0.44999998807907104,-37.4443224370433,1.8012241298492881e-06
grid-r015-c025,15,25,5.199999809265137,3.200000286102295,0.44999998807907104,-37.96361455281691,1.5982272998371627e-06
grid-r015-c026,15,26,5.400000095367432,3.200000286102295,0.44999998807907104,-37.153142673846,1.9261306078988127e-06
grid-r015-c027,15,27,5.599999904632568,3.200000286102295,0.44999998807907104,-37.83268756468793,1.6471427670694538e-06
grid-r015-c028,15,28,5.800000190734863,3.200000286102295,0.44999998807907104,-37.323339657473525,1.8521068341215141e-06
grid-r015-c029,15,29,6.0,3.200000286102295,0.44999998807907104,-37.671482827244915,1.7094315580834518e-06
grid-r015-c030,15,30,6.199999809265137,3.200000286102295,0.44999998807907104,-37.530868425539616,1.7656847148828092e-06
grid-r015-c031,15,31,6.400000095367432,3.200000286102295,0.44999998807907104,-37.71528633019532,1.6922766690186108e-06
grid-r015-c032,15,32,6.599999904632568,3.200000286102295,0.44999998807907104,-37.28179462270112,1.8699092834140174e-06
grid-r015-c033,15,33,6.800000190734863,3.200000286102295,0.44999998807907104,-37.19019620087698,1.9097669792245142e-06
grid-r015-c034,15,34,7.0,3.200000286102295,0.44999998807907104,-37.67910625861697,1.706433522485895e-06
grid-r015-c035,15,35,7.199999809265137,3.200000286102295,0.44999998807907104,-37.71874183033516,1.6909307305468246e-06
grid-r015-c036,15,36,7.400000095367432,3.200000286102295,0.44999998807907104,-37.88420377120558,1.627719711905229e-06
grid-r015-c037,15,37,7.599999904632568,3.200000286102295,0.44999998807907104,-37.79694474979418,1.660754833210376e-06
grid-r015-c038,15,38,7.800000190734863,3.200000286102295,0.44999998807907104,-37.47018106850928,1.7905312006405438e-06
grid-r015-c039,15,39,8.0,3.200000286102295,0.44999998807907104,-38.41071348064543,1.4418784530789708e-06
grid-r015-c040,15,40,8.199999809265137,3.200000286102295,0.44999998807907104,-37.59156280324768,1.7411801991329412e-06
grid-r015-c041,15,41,8.399999618530273,3.200000286102295,0.44999998807907104,-38.58070546163447,1.3865305845683906e-06
grid-r015-c042,15,42,8.600000381469727,3.200000286102295,0.44999998807907104,-38.30229050570206,1.4783284996155999e-06
grid-r015-c043,15,43,8.800000190734863,3.200000286102295,0.44999998807907104,-37.743251926203754,1.6814145737953368e-06
grid-r015-c044,15,44,9.0,3.200000286102295,0.44999998807907104,-37.71764437682309,1.6913580793698202e-06
grid-r015-c045,15,45,9.199999809265137,3.200000286102295,0.44999998807907104,-38.35143819272619,1.461693045712309e-06
grid-r015-c046,15,46,9.399999618530273,3.200000286102295,0.44999998807907104,-38.87829083898672,1.2947052709932905e-06
grid-r015-c047,15,47,9.600000381469727,3.200000286102295,0.44999998807907104,-38.54587526149527,1.397695200466842e-06
grid-r015-c048,15,48,9.800000190734863,3.200000286102295,0.44999998807907104,-37.72553679771936,1.688287170509284e-06
grid-r015-c049,15,49,10.0,3.200000286102295,0.44999998807907104,-39.498092261865835,1.122511434914486e-06
grid-r015-c050,15,50,10.200000762939453,3.200000286102295,0.44999998807907104,-38.08389759765274,1.5545698488494963e-06
grid-r015-c051,15,51,10.399999618530273,3.200000286102295,0.44999998807907104,-38.800735614932194,1.318033469033253e-06
grid-r015-c052,15,52,10.600000381469727,3.200000286102295,0.44999998807907104,-38.22981690182842,1.5032053397590062e-06
grid-r015-c053,15,53,10.800000190734863,3.200000286102295,0.44999998807907104,-37.75907017770067,1.6753015188442077e-06
grid-r015-c054,15,54,11.0,3.200000286102295,0.44999998807907104,-38.94359008662277,1.275384079235664e-06
grid-r015-c055,15,55,11.200000762939453,3.200000286102295,0.44999998807907104,-38.26519531769363,1.4910096979292575e-06
grid-r015-c056,15,56,11.399999618530273,3.200000286102295,0.44999998807907104,-39.189279033319565,1.205236003443133e-06
grid-r015-c057,15,57,11.600000381469727,3.200000286102295,0.44999998807907104,-39.23198469273252,1.1934425856452435e-06
grid-r016-c000,16,0,0.19999980926513672,3.40000057220459,0.44999998807907104,-38.11377827247447,1.5439106846315553e-06
grid-r016-c001,16,1,0.40000009536743164,3.40000057220459,0.44999998807907104,-37.74876004984247,1.6792834003354074e-06
grid-r016-c002,16,2,0.5999999046325684,3.40000057220459,0.44999998807907104,-38.14731840614599,1.5320331385737518e-06
grid-r016-c003,16,3,0.7999997138977051,3.40000057220459,0.44999998807907104,-38.0995231448408,1.5489866882489878e-06
grid-r016-c004,16,4,1.0,3.40000057220459,0.44999998807907104,-38.0406871333371,1.5701143638580106e-06
grid-r016-c005,16,5,1.1999998092651367,3.40000057220459,0.44999998807907104,-38.275729783979386,1.487397412347491e-06
grid-r016-c006,16,6,1.4000000953674316,3.40000057220459,0.44999998807907104,-38.3666484993154,1.4565827086698846e-06
grid-r016-c007,16,7,1.5999999046325684,3.40000057220459,0.44999998807907104,-38.16533640857574,1.5256902088367497e-06
grid-r016-c008,16,8,1.799999713897705,3.40000057220459,0.44999998807907104,-38.43376222969866,1.4342464282890433e-06
grid-r016-c009,16,9,2.0,3.40000057220459,0.44999998807907104,-38.14813061456882,1.5317466477426933e-06
grid-r016-c010,16,10,2.200000047683716,3.40000057220459,0.44999998807907104,-38.51952871564209,1.406200112796796e-06
grid-r016-c011,16,11,2.3999998569488525,3.40000057220459,0.44999998807907104,-38.46040627044186,1.4254742382036056e-06
grid-r016-c012,16,12,2.5999999046325684,3.40000057220459,0.44999998807907104,-38.907425851256434,1.2860487004218157e-06
grid-r016-c013,16,13,2.799999952316284,3.40000057220459,0.44999998807907104,-38.64792154500843,1.3652363577421056e-06
grid-r016-c014,16,14,3.0,3.40000057220459,0.44999998807907104,-38.24119437233426,1.4992724572948646e-06
grid-r016-c015,16,15,3.200000047683716,3.40000057220459,0.44999998807907104,-38.81219062554411,1.3145615866960725e-06
grid-r016-c016,16,16,3.3999998569488525,3.40000057220459,0.44999998807907104,-38.53459511175092,1.4013302234161529e-06
grid-r016-c017,16,17,3.5999999046325684,3.40000057220459,0.44999998807907104,-38.80407908501052,1.3170191550671007e-06
grid-r016-c018,16,18,3.799999952316284,3.40000057220459,0.44999998807907104,-38.60700665940811,1.378159026899084e-06
grid-r016-c019,16,19,4.0,3.40000057220459,0.44999998807907104,-38.70689856655758,1.3468218185153091e-06
grid-r016-c020,16,20,4.199999809265137,3.40000057220459,0.44999998807907104,-38.583852695022685,1.3855261613571201e-06
grid-r016-c021,16,21,4.400000095367432,3.40000057220459,0.44999998807907104,-39.12025965511379,1.2245429843460442e-06
grid-r016-c022,16,22,4.599999904632568,3.40000057220459,0.44999998807907104,-39.001387403000656,1.258523298020009e-06
grid-r016-c023,16,23,4.800000190734863,3.40000057220459,0.44999998807907104,-38.55862366692116,1.3935983815827058e-06
grid-r016-c024,16,24,5.0,3.40000057220459,0.44999998807907104,-37.74698896650656,1.67996836353268e-06
grid-r016-c025,16,25,5.199999809265137,3.40000057220459,0.44999998807907104,-37.67555551078974,1.7078292557926034e-06
grid-r016-c026,16,26,5.400000095367432,3.40000057220459,0.44999998807907104,-37.27931755372652,1.870976120699197e-06
grid-r016-c027,16,27,5.599999904632568,3.40000057220459,0.44999998807907104,-37.45323607967946,1.7975310129259015e-06
grid-r016-c028,16,28,5.800000190734863,3.40000057220459,0.44999998807907104,-37.80057030016476,1.6593689906585496e-06
grid-r016-c029,16,29,6.0,3.40000057220459,0.44999998807907104,-37.78381225308257,1.6657843389111804e-06
grid-r016-c030,16,30,6.199999809265137,3.40000057220459,0.44999998807907104,-37.38917829122229,1.8242408259538934e-06
grid-r016-c031,16,31,6.400000095367432,3.40000057220459,0.44999998807907104,-37.40457184595377,1.8177862557422486e-06
grid-r016-c032,16,32,6.599999904632568,3.40000057220459,0.44999998807907104,-37.98643336106174,1.5898518768153735e-06
grid-r016-c033,16,33,6.800000190734863,3.40000057220459,0.44999998807907104,-38.0054179988504,1.5829172070880304e-06
grid-r016-c034,16,34,7.0,3.40000057220459,0.44999998807907104,-37.861777463158404,1.6361467487513437e-06
grid-r016-c035,16,35,7.199999809265137,3.40000057220459,0.44999998807907104,-37.741096240558115,1.6822493762447266e-06
grid-r016-c036,16,36,7.400000095367432,3.40000057220459,0.44999998807907104,-37.6845161922418,1.704309170236229e-06
grid-r016-c037,16,37,7.599999904632568,3.40000057220459,0.44999998807907104,-37.769719470141794,1.6711985608708346e-06
grid-r016-c038,16,38,7.800000190734863,3.40000057220459,0.44999998807907104,-37.792736781294344,1.662364752519352e-06
grid-r016-c039,16,39,8.0,3.40000057220459,0.44999998807907104,-38.12851383523525,1.538681090096361e-06
grid-r016-c040,16,40,8.199999809265137,3.40000057220459,0.44999998807907104,-37.800620287882495,1.6593498912698124e-06
grid-r016-c041,16,41,8.399999618530273,3.40000057220459,0.44999998807907104,-38.11605517347921,1.5431014617206529e-06
grid-r016-c042,16,42,8.600000381469727,3.40000057220459,0.44999998807907104,-38.432894124420116,1.4345331464937772e-06
grid-r016-c043,16,43,8.800000190734863,3.40000057220459,0.44999998807907104,-38.6611947781314,1.3610701898869593e-06
grid-r016-c044,16,44,9.0,3.40000057220459,0.44999998807907104,-38.85360959250683,1.302084115195612e-06
grid-r016-c045,16,45,9.199999809265137,3.40000057220459,0.44999998807907104,-38.18606314562658,1.518426188340527e-06
grid-r016-c046,16,46,9.399999618530273,3.40000057220459,0.44999998807907104,-37.80840992594176,1.6563762983423658e-06
grid-r016-c047,16,47,9.600000381469727,3.40000057220459,0.44999998807907104,-38.66167182778042,1.3609206916953553e-06
grid-r016-c048,16,48,9.800000190734863,3.40000057220459,0.44999998807907104,-38.60227808740451,1.3796603752780356e-06
grid-r016-c049,16,49,10.0,3.40000057220459,0.44999998807907104,-37.87052545012895,1.6328543779309257e-06
grid-r016-c050,16,50,10.200000762939453,3.40000057220459,0.44999998807907104,-38.5810864992698,1.3864089396520285e-06
grid-r016-c051,16,51,10.399999618530273,3.40000057220459,0.44999998807907104,-38.35393006012987,1.460854605284112e-06
grid-r016-c052,16,52,10.600000381469727,3.40000057220459,0.44999998807907104,-39.20775250886949,1.200120209432498e-06
grid-r016-c053,16,53,10.800000190734863,3.40000057220459,0.44999998807907104,-39.235582952421126,1.1924541922780918e-06
grid-r016-c054,16,54,11.0,3.40000057220459,0.44999998807907104,-38.796107648004174,1.3194387520343298e-06
grid-r016-c055,16,55,11.200000762939453,3.40000057220459,0.44999998807907104,-39.537229030331545,1.1124412822027807e-06
grid-r016-c056,16,56,11.399999618530273,3.40000057220459,0.44999998807907104,-39.03173664594628,1.2497591797000496e-06
grid-r016-c057,16,57,11.600000381469727,3.40000057220459,0.44999998807907104,-39.31512888285263,1.1708118563547032e-06
grid-r017-c000,17,0,0.19999980926513672,3.6000003814697266,0.44999998807907104,-37.763045042418554,1.6737689065848826e-06
grid-r017-c001,17,1,0.40000009536743164,3.6000003814697266,0.44999998807907104,-38.15656496042031,1.5287747601178125e-06
grid-r017-c002,17,2,0.5999999046325684,3.6000003814697266,0.44999998807907104,-38.03453753825566,1.5723392152722226e-06
grid-r017-c003,17,3,0.7999997138977051,3.6000003814697266,0.44999998807907104,-38.24119865345524,1.4992709793659742e-06
grid-r017-c004,17,4,1.0,3.6000003814697266,0.44999998807907104,-38.261049414804525,1.4924337392585585e-06
grid-r017-c005,17,5,1.1999998092651367,3.6000003814697266,0.44999998807907104,-38.07171906113077,1.5589353097311687e-06
grid-r017-c006,17,6,1.4000000953674316,3.6000003814697266,0.44999998807907104,-38.37271824133027,1.454548396395694e-06
grid-r017-c007,17,7,1.5999999046325684,3.6000003814697266,0.44999998807907104,-38.29137832687601,1.4820476508248248e-06
grid-r017-c008,17,8,1.799999713897705,3.6000003814697266,0.44999998807907104,-38.32042850385005,1.4721672414452769e-06
grid-r017-c009,17,9,2.0,3.6000003814697266,0.44999998807907104,-38.46647086694473,1.4234850596039905e-06
grid-r017-c010,17,10,2.200000047683716,3.6000003814697266,0.44999998807907104,-38.39543670947394,1.4469593452304252e-06
grid-r017-c011,17,11,2.3999998569488525,3.6000003814697266,0.44999998807907104,-38.487129398128836,1.4167299013934098e-06
grid-r017-c012,17,12,2.5999999046325684,3.6000003814697266,0.44999998807907104,-38.400154630427494,1.4453883068199502e-06
grid-r017-c013,17,13,2.799999952316284,3.6000003814697266,0.44999998807907104,-38.74082106333177,1.336342847935157e-06
grid-r017-c014,17,14,3.0,3.6000003814697266,0.44999998807907104,-38.70135957832382,1.3485406498148222e-06
grid-r017-c015,17,15,3.200000047683716,3.6000003814697266,0.44999998807907104,-38.449928881453246,1.4289173577708425e-06
grid-r017-c016,17,16,3.3999998569488525,3.6000003814697266,0.44999998807907104,-38.69960582326925,1.3490853234543465e-06
grid-r017-c017,17,17,3.5999999046325684,3.6000003814697266,0.44999998807907104,-38.369569016813216,1.4556035239365883e-06
grid-r017-c018,17,18,3.799999952316284,3.6000003814697266,0.44999998807907104,-38.71781475473693,1.3434407719614683e-06
grid-r017-c019,17,19,4.0,3.6000003814697266,0.44999998807907104,-38.52462038530934,1.4045524494576966e-06
grid-r017-c020,17,20,4.199999809265137,3.6000003814697266,0.44999998807907104,-38.79176197831715,1.3207596794018173e-06
grid-r017-c021,17,21,4.400000095367432,3.6000003814697266,0.44999998807907104,-38.84907420959779,1.3034446055826265e-06
grid-r017-c022,17,22,4.599999904632568,3.6000003814697266,0.44999998807907104,-39.01664495941604,1.2541096339191427e-06
grid-r017-c023,17,23,4.800000190734863,3.6000003814697266,0.44999998807907104,-39.17789561565864,1.2083992260158993e-06
grid-r017-c024,17,24,5.0,3.6000003814697266,0.44999998807907104,-38.75128368348862,1.3331273294170387e-06
grid-r017-c025,17,25,5.199999809265137,3.6000003814697266,0.44999998807907104,-39.093231159300466,1.2321877420617966e-06
grid-r017-c026,17,26,5.400000095367432,3.6000003814697266,0.44999998807907104,-38.17407080696849,1.5226248706312617e-06
grid-r017-c027,17,27,5.599999904632568,3.6000003814697266,0.44999998807907104,-38.25370996282026,1.4949580418033293e-06
grid-r017-c028,17,28,5.800000190734863,3.6000003814697266,0.44999998807907104,-37.5999189551142,1.7378332586304168e-06
grid-r017-c029,17,29,6.0,3.6000003814697266,0.44999998807907104,-37.40090253722494,1.8193227333540563e-06
grid-r017-c030,17,30,6.199999809265137,3.6000003814697266,0.44999998807907104,-37.79796251303006,1.660365683164855e-06
grid-r017-c031,17,31,6.400000095367432,3.6000003814697266,0.44999998807907104,-37.767325013984546,1.6721202200642438e-06
grid-r017-c032,17,32,6.599999904632568,3.6000003814697266,0.44999998807907104,-37.47000597196494,1.790603391782497e-06
grid-r017-c033,17,33,6.800000190734863,3.6000003814697266,0.44999998807907104,-37.86768344287883,1.6339232615791843e-06
grid-r017-c034,17,34,7.0,3.6000003814697266,0.44999998807907104,-37.54030998912198,1.7618502852201345e-06
grid-r017-c035,17,35,7.199999809265137,3.6000003814697266,0.44999998807907104,-37.52620923993251,1.7675799881544663e-06
grid-r017-c036,17,36,7.400000095367432,3.6000003814697266,0.44999998807907104,-38.65204991582018,1.363939190923702e-06
grid-r017-c037,17,37,7.599999904632568,3.6000003814697266,0.44999998807907104,-37.61788453548783,1.730659164422832e-06
grid-r017-c038,17,38,7.800000190734863,3.6000003814697266,0.44999998807907104,-38.631219143426,1.370496988783998e-06
grid-r017-c039,17,39,8.0,3.6000003814697266,0.44999998807907104,-37.48578553024366,1.7841092585513252e-06
grid-r017-c040,17,40,8.199999809265137,3.6000003814697266,0.44999998807907104,-38.8680704950852,1.2977557162230369e-06
grid-r017-c041,17,41,8.399999618530273,3.6000003814697266,0.44999998807907104,-37.62701134116932,1.7270259604629246e-06
grid-r017-c042,17,42,8.600000381469727,3.6000003814697266,0.44999998807907104,-37.687069185504996,1.7033075891959015e-06
grid-r017-c043,17,43,8.800000190734863,3.6000003814697266,0.44999998807907104,-38.6914448649734,1.351622813672293e-06
grid-r017-c044,17,44,9.0,3.6000003814697266,0.44999998807907104,-38.174006927012144,1.5226472669382929e-06
grid-r017-c045,17,45,9.199999809265137,3.6000003814697266,0.44999998807907104,-38.86440865285402,1.2988504067834583e-06
grid-r017-c046,17,46,9.399999618530273,3.6000003814697266,0.44999998807907104,-38.85905360354528,1.3004529364479822e-06
grid-r017-c047,17,47,9.600000381469727,3.6000003814697266,0.44999998807907104,-37.67451805014018,1.7082372778531862e-06
grid-r017-c048,17,48,9.800000190734863,3.6000003814697266,0.44999998807907104,-38.54660407714928,1.3974606645206222e-06
grid-r017-c049,17,49,10.0,3.6000003814697266,0.44999998807907104,-38.60582743617325,1.3785332839688635e-06
grid-r017-c050,17,50,10.200000762939453,3.6000003814697266,0.44999998807907104,-38.54709449796165,1.3973028671898646e-06
grid-r017-c051,17,51,10.399999618530273,3.6000003814697266,0.44999998807907104,-38.561544693561046,1.3926613746662042e-06
grid-r017-c052,17,52,10.600000381469727,3.6000003814697266,0.44999998807907104,-38.76013390432824,1.3304133972269483e-06
grid-r017-c053,17,53,10.800000190734863,3.6000003814697266,0.44999998807907104,-38.25332257662823,1.4950913964639767e-06
grid-r017-c054,17,54,11.0,3.6000003814697266,0.44999998807907104,-38.6098370984583,1.3772611282547587e-06
grid-r017-c055,17,55,11.200000762939453,3.6000003814697266,0.44999998807907104,-38.755168263694905,1.3319354366103653e-06
grid-r017-c056,17,56,11.399999618530273,3.6000003814697266,0.44999998807907104,-38.25391374248669,1.494887897024455e-06
grid-r017-c057,17,57,11.600000381469727,3.6000003814697266,0.44999998807907104,-38.92831115284907,1.2798789157386636e-06
grid-r018-c000,18,0,0.19999980926513672,3.8000006675720215,0.44999998807907104,-38.18759200487318,1.5178917465163977e-06
grid-r018-c001,18,1,0.40000009536743164,3.8000006675720215,0.44999998807907104,-37.99558510038884,1.5865051636865246e-06
grid-r018-c002,18,2,0.5999999046325684,3.8000006675720215,0.44999998807907104,-38.07705864590541,1.5570198002023972e-06
grid-r018-c003,18,3,0.7999997138977051,3.8000006675720215,0.44999998807907104,-38.2602561668608,1.492706360295415e-06
grid-r018-c004,18,4,1.0,3.8000006675720215,0.44999998807907104,-38.00135876282469,1.5843974097151658e-06
grid-r018-c005,18,5,1.1999998092651367,3.8000006675720215,0.44999998807907104,-38.16691205035484,1.5251367813107208e-06
grid-r018-c006,18,6,1.4000000953674316,3.8000006675720215,0.44999998807907104,-38.23437726862118,1.5016277075119433e-06
grid-r018-c007,18,7,1.5999999046325684,3.8000006675720215,0.44999998807907104,-38.38623753554194,1.4500275256068562e-06
grid-r018-c008,18,8,1.799999713897705,3.8000006675720215,0.44999998807907104,-38.439443961984274,1.432371277587663e-06
grid-r018-c009,18,9,2.0,3.8000006675720215,0.44999998807907104,-38.10396110205845,1.5474046222152538e-06
grid-r018-c010,18,10,2.200000047683716,3.8000006675720215,0.44999998807907104,-38.58983676652076,1.3836183825333137e-06
grid-r018-c011,18,11,2.3999998569488525,3.8000006675720215,0.44999998807907104,-38.36155306435757,1.4582926723960554e-06
grid-r018-c012,18,12,2.5999999046325684,3.8000006675720215,0.44999998807907104,-38.701213130431896,1.3485861245499109e-06
grid-r018-c013,18,13,2.799999952316284,3.8000006675720215,0.44999998807907104,-38.31547173202075,1.4738484424015041e-06
grid-r018-c014,18,14,3.0,3.8000006675720215,0.44999998807907104,-38.650859123990095,1.364313220619806e-06
grid-r018-c015,18,15,3.200000047683716,3.8000006675720215,0.44999998807907104,-38.620056066260695,1.3740242366111488e-06
grid-r018-c016,18,16,3.3999998569488525,3.8000006675720215,0.44999998807907104,-38.5350581027238,1.4011808389113867e-06
grid-r018-c017,18,17,3.5999999046325684,3.8000006675720215,0.44999998807907104,-38.70316019260973,1.347981651633745e-06
grid-r018-c018,18,18,3.799999952316284,3.8000006675720215,0.44999998807907104,-38.3535964893673,1.4609668141929433e-06
grid-r018-c019,18,19,4.0,3.8000006675720215,0.44999998807907104,-38.55753259588698,1.3939485370428883e-06
grid-r018-c020,18,20,4.199999809265137,3.8000006675720215,0.44999998807907104,-38.43179495696137,1.43489626225346e-06
grid-r018-c021,18,21,4.400000095367432,3.8000006675720215,0.44999998807907104,-38.7894295502892,1.3214691989560379e-06
grid-r018-c022,18,22,4.599999904632568,3.8000006675720215,0.44999998807907104,-39.184973195491594,1.2064315342286136e-06
grid-r018-c023,18,23,4.800000190734863,3.8000006675720215,0.44999998807907104,-39.35879239937275,1.1590996109589469e-06
grid-r018-c024,18,24,5.0,3.8000006675720215,0.44999998807907104,-38.940409841308785,1.2763183576680603e-06
grid-r018-c025,18,25,5.199999809265137,3.8000006675720215,0.44999998807907104,-38.928082784505776,1.2799462183465948e-06
grid-r018-c026,18,26,5.400000095367432,3.8000006675720215,0.44999998807907104,-39.05985335087881,1.2416942354320781e-06
grid-r018-c027,18,27,5.599999904632568,3.8000006675720215,0.44999998807907104,-38.77209430670522,1.3267545000417158e-06
grid-r018-c028,18,28,5.800000190734863,3.8000006675720215,0.44999998807907104,-38.52808112388195,1.4034336572876782e-06
grid-r018-c029,18,29,6.0,3.8000006675720215,0.44999998807907104,-38.85116754521886,1.3028164858042146e-06
grid-r018-c030,18,30,6.199999809265137,3.8000006675720215,0.44999998807907104,-37.86960723187336,1.6331996448570862e-06
grid-r018-c031,18,31,6.400000095367432,3.8000006675720215,0.44999998807907104,-37.59755921112465,1.738777768878208e-06
grid-r018-c032,18,32,6.599999904632568,3.8000006675720215,0.44999998807907104,-39.054599852693244,1.243197175426758e-06
grid-r018-c033,18,33,6.800000190734863,3.8000006675720215,0.44999998807907104,-37.69083360291656,1.7018318203554372e-06
grid-r018-c034,18,34,7.0,3.8000006675720215,0.44999998807907104,-38.20742546586097,1.5109756077436032e-06
grid-r018-c035,18,35,7.199999809265137,3.8000006675720215,0.44999998807907104,-38.30329824743622,1.4779855064261938e-06
grid-r018-c036,18,36,7.400000095367432,3.8000006675720215,0.44999998807907104,-38.433634860013214,1.4342884924190002e-06
grid-r018-c037,18,37,7.599999904632568,3.8000006675720215,0.44999998807907104,-38.282562954648824,1.485058987782395e-06
grid-r018-c038,18,38,7.800000190734863,3.8000006675720215,0.44999998807907104,-38.218963533408576,1.5069666687850258e-06
grid-r018-c039,18,39,8.0,3.8000006675720215,0.44999998807907104,-38.33142678890657,1.4684437701362185e-06
grid-r018-c040,18,40,8.199999809265137,3.8000006675720215,0.44999998807907104,-37.907246564961696,1.6191062286452507e-06
grid-r018-c041,18,41,8.399999618530273,3.8000006675720215,0.44999998807907104,-38.8148483594425,1.3137573660060298e-06
grid-r018-c042,18,42,8.600000381469727,3.8000006675720215,0.44999998807907104,-39.25688872913773,1.1866185332110035e-06
grid-r018-c043,18,43,8.800000190734863,3.8000006675720215,0.44999998807907104,-37.36624457004473,1.8338995459998841e-06
grid-r018-c044,18,44,9.0,3.8000006675720215,0.44999998807907104,-38.88194379968333,1.293616719522106e-06
grid-r018-c045,18,45,9.199999809265137,3.8000006675720215,0.44999998807907104,-39.1714888036815,1.210183199873427e-06
grid-r018-c046,18,46,9.399999618530273,3.8000006675720215,0.44999998807907104,-38.29285873909902,1.4815425402048277e-06
grid-r018-c047,18,47,9.600000381469727,3.8000006675720215,0.44999998807907104,-39.15076621271248,1.2159714515291853e-06
grid-r018-c048,18,48,9.800000190734863,3.8000006675720215,0.44999998807907104,-37.86054129828587,1.6366125237254892e-06
grid-r018-c049,18,49,10.0,3.8000006675720215,0.44999998807907104,-39.783570619434855,1.051097342497087e-06
grid-r018-c050,18,50,10.200000762939453,3.8000006675720215,0.44999998807907104,-38.232611312421234,1.5022384332041838e-06
grid-r018-c051,18,51,10.399999618530273,3.8000006675720215,0.44999998807907104,-39.127401356548546,1.222530954692047e-06
grid-r018-c052,18,52,10.600000381469727,3.8000006675720215,0.44999998807907104,-40.03914198342865,9.91027718555415e-07
grid-r018-c053,18,53,10.800000190734863,3.8000006675720215,0.44999998807907104,-39.19596038129648,1.203383249048784e-06
grid-r018-c054,18,54,11.0,3.8000006675720215,0.44999998807907104,-38.12743323779831,1.5390639873658074e-06
grid-r018-c055,18,55,11.200000762939453,3.8000006675720215,0.44999998807907104,-40.703437143945436,8.504646871188015e-07
grid-r018-c056,18,56,11.399999618530273,3.8000006675720215,0.44999998807907104,-38.95728148834966,1.2713696833088761e-06
grid-r018-c057,18,57,11.600000381469727,3.8000006675720215,0.44999998807907104,-39.26332785817662,1.1848604799524765e-06
grid-r019-c000,19,0,0.19999980926513672,4.000000476837158,0.44999998807907104,-38.15879170603044,1.5279911167453974e-06
grid-r019-c001,19,1,0.40000009536743164,4.000000476837158,0.44999998807907104,-38.31523523016826,1.4739287053089356e-06
grid-r019-c002,19,2,0.5999999046325684,4.000000476837158,0.44999998807907104,-37.948803306762535,1.603687223905581e-06
grid-r019-c003,19,3,0.7999997138977051,4.000000476837158,0.44999998807907104,-38.241412385552074,1.4991971966082929e-06
grid-r019-c004,19,4,1.0,4.000000476837158,0.44999998807907104,-38.32839101580869,1.4694705896545202e-06
grid-r019-c005,19,5,1.1999998092651367,4.000000476837158,0.44999998807907104,-38.023624848086364,1.576295062477584e-06
grid-r019-c006,19,6,1.4000000953674316,4.000000476837158,0.44999998807907104,-38.34181190838862,1.4649365311925067e-06
grid-r019-c007,19,7,1.5999999046325684,4.000000476837158,0.44999998807907104,-38.03856128596391,1.5708831142546842e-06
grid-r019-c008,19,8,1.799999713897705,4.000000476837158,0.44999998807907104,-38.45387975516029,1.4276180309025222e-06
grid-r019-c009,19,9,2.0,4.000000476837158,0.44999998807907104,-38.52252755673422,1.4052294545763289e-06
grid-r019-c010,19,10,2.200000047683716,4.000000476837158,0.44999998807907104,-38.3200294198145,1.4723025287821656e-06
grid-r019-c011,19,11,2.3999998569488525,4.000000476837158,0.44999998807907104,-38.569290205545606,1.3901798183724168e-06
grid-r019-c012,19,12,2.5999999046325684,4.000000476837158,0.44999998807907104,-38.4499568695782,1.428908149136987e-06
grid-r019-c013,19,13,2.799999952316284,4.000000476837158,0.44999998807907104,-38.532002710652705,1.402166958541784e-06
grid-r019-c014,19,14,3.0,4.000000476837158,0.44999998807907104,-38.40962128128532,1.4422411140913027e-06
grid-r019-c015,19,15,3.200000047683716,4.000000476837158,0.44999998807907104,-38.72441078893462,1.3414019122137688e-06
grid-r019-c016,19,16,3.3999998569488525,4.000000476837158,0.44999998807907104,-38.51089534907479,1.4089982869336382e-06
grid-r019-c017,19,17,3.5999999046325684,4.000000476837158,0.44999998807907104,-38.418371722199495,1.4393381206900813e-06
grid-r019-c018,19,18,3.799999952316284,4.000000476837158,0.44999998807907104,-38.79188496915019,1.3207222764322069e-06
grid-r019-c019,19,19,4.0,4.000000476837158,0.44999998807907104,-38.4997978458125,1.4126032965577906e-06
grid-r019-c020,19,20,4.199999809265137,4.000000476837158,0.44999998807907104,-38.37376690606233,1.454197217753972e-06
grid-r019-c021,19,21,4.400000095367432,4.000000476837158,0.44999998807907104,-38.817824742263845,1.3128573073117877e-06
grid-r019-c022,19,22,4.599999904632568,4.000000476837158,0.44999998807907104,-39.00766699495329,1.2567048770506517e-06
grid-r019-c023,19,23,4.800000190734863,4.000000476837158,0.44999998807907104,-39.22947173561105,1.19413334687124e-06
grid-r019-c024,19,24,5.0,4.000000476837158,0.44999998807907104,-38.83466008302594,1.3077778930892237e-06
grid-r019-c025,19,25,5.199999809265137,4.000000476837158,0.44999998807907104,-39.20647980776387,1.2004719565084088e-06
grid-r019-c026,19,26,5.400000095367432,4.000000476837158,0.44999998807907104,-39.033378054613756,1.249286924576154e-06
grid-r019-c027,19,27,5.599999904632568,4.000000476837158,0.44999998807907104,-38.93040521773118,1.2792619372703484e-06
grid-r019-c028,19,28,5.800000190734863,4.000000476837158,0.44999998807907104,-39.352630080608776,1.1607454553086427e-06
grid-r019-c029,19,29,6.0,4.000000476837158,0.44999998807907104,-38.86072444820197,1.299952714362007e-06
grid-r019-c030,19,30,6.199999809265137,4.000000476837158,0.44999998807907104,-39.16002368234132,1.2133822338000755e-06
grid-r019-c031,19,31,6.400000095367432,4.000000476837158,0.44999998807907104,-38.44718381199266,1.4298208270702162e-06
grid-r019-c032,19,32,6.599999904632568,4.000000476837158,0.44999998807907104,-38.65168142315934,1.3640549241245026e-06
grid-r019-c033,19,33,6.800000190734863,4.000000476837158,0.44999998807907104,-37.69062646208626,1.7019129927575705e-06
grid-r019-c034,19,34,7.0,4.000000476837158,0.44999998807907104,-37.986450441593114,1.5898456240392989e-06
grid-r019-c035,19,35,7.199999809265137,4.000000476837158,0.44999998807907104,-38.90268207997068,1.287454210796568e-06
grid-r019-c036,19,36,7.400000095367432,4.000000476837158,0.44999998807907104,-37.95721490340562,1.6005841416699695e-06
grid-r019-c037,19,37,7.599999904632568,4.000000476837158,0.44999998807907104,-38.8446574573933,1.304770876231487e-06
grid-r019-c038,19,38,7.800000190734863,4.000000476837158,0.44999998807907104,-37.76585744886202,1.672685357334558e-06
grid-r019-c039,19,39,8.0,4.000000476837158,0.44999998807907104,-39.03672008398956,1.2483259297368932e-06
grid-r019-c040,19,40,8.199999809265137,4.000000476837158,0.44999998807907104,-38.175119934583854,1.5222570937112323e-06
grid-r019-c041,19,41,8.399999618530273,4.000000476837158,0.44999998807907104,-38.065417871258546,1.561198814670206e-06
grid-r019-c042,19,42,8.600000381469727,4.000000476837158,0.44999998807907104,-39.124687837680064,1.223295043928374e-06
grid-r019-c043,19,43,8.800000190734863,4.000000476837158,0.44999998807907104,-38.960265036392336,1.2704965683951741e-06
grid-r019-c044,19,44,9.0,4.000000476837158,0.44999998807907104,-37.8908226122025,1.6252408840955468e-06
grid-r019-c045,19,45,9.199999809265137,4.000000476837158,0.44999998807907104,-38.592072968641666,1.3829061344949878e-06
grid-r019-c046,19,46,9.399999618530273,4.000000476837158,0.44999998807907104,-38.50610045037818,1.4105547734288848e-06
grid-r019-c047,19,47,9.600000381469727,4.000000476837158,0.44999998807907104,-38.310402158689726,1.4755698884982849e-06
grid-r019-c048,19,48,9.800000190734863,4.000000476837158,0.44999998807907104,-38.646167903947244,1.3657877389050554e-06
grid-r019-c049,19,49,10.0,4.000000476837158,0.44999998807907104,-38.40781376418636,1.4428414942813106e-06
grid-r019-c050,19,50,10.200000762939453,4.000000476837158,0.44999998807907104,-38.98236933846492,1.2640465456570382e-06
grid-r019-c051,19,51,10.399999618530273,4.000000476837158,0.44999998807907104,-39.01904715814644,1.2534161442090408e-06
grid-r019-c052,19,52,10.600000381469727,4.000000476837158,0.44999998807907104,-38.5071093523327,1.410227127962571e-06
grid-r019-c053,19,53,10.800000190734863,4.000000476837158,0.44999998807907104,-38.67610456217638,1.3564055052484036e-06
grid-r019-c054,19,54,11.0,4.000000476837158,0.44999998807907104,-38.86197420447934,1.299578684665903e-06
grid-r019-c055,19,55,11.200000762939453,4.000000476837158,0.44999998807907104,-38.81103058420695,1.3149127653377946e-06
grid-r019-c056,19,56,11.399999618530273,4.000000476837158,0.44999998807907104,-39.46949482539641,1.1299273410259048e-06
grid-r019-c057,19,57,11.600000381469727,4.000000476837158,0.44999998807907104,-39.304859056025975,1.1735837688320316e-06
grid-r020-c000,20,0,0.19999980926513672,4.200000762939453,0.44999998807907104,-38.08231209655847,1.5551374872302404e-06
grid-r020-c001,20,1,0.40000009536743164,4.200000762939453,0.44999998807907104,-38.21376477863434,1.508771674707532e-06
grid-r020-c002,20,2,0.5999999046325684,4.200000762939453,0.44999998807907104,-37.96461682784826,1.5978584997355938e-06
grid-r020-c003,20,3,0.7999997138977051,4.200000762939453,0.44999998807907104,-38.4129737332684,1.4411282336368458e-06
grid-r020-c004,20,4,1.0,4.200000762939453,0.44999998807907104,-38.35536061555473,1.4603734825868742e-06
grid-r020-c005,20,5,1.1999998092651367,4.200000762939453,0.44999998807907104,-38.63391905269137,1.3696452469957876e-06
grid-r020-c006,20,6,1.4000000953674316,4.200000762939453,0.44999998807907104,-38.07668099264277,1.5571552012261236e-06
grid-r020-c007,20,7,1.5999999046325684,4.200000762939453,0.44999998807907104,-38.40368883099492,1.4442125575442333e-06
grid-r020-c008,20,8,1.799999713897705,4.200000762939453,0.44999998807907104,-38.56910055447759,1.3902405271437601e-06
grid-r020-c009,20,9,2.0,4.200000762939453,0.44999998807907104,-38.36599128911434,1.4568031474482268e-06
grid-r020-c010,20,10,2.200000047683716,4.200000762939453,0.44999998807907104,-38.506996268036076,1.4102638488111552e-06
grid-r020-c011,20,11,2.3999998569488525,4.200000762939453,0.44999998807907104,-38.234337155168035,1.5016415773061453e-06
grid-r020-c012,20,12,2.5999999046325684,4.200000762939453,0.44999998807907104,-38.67770428591812,1.3559059652834549e-06
grid-r020-c013,20,13,2.799999952316284,4.200000762939453,0.44999998807907104,-38.373070597023506,1.454430389458139e-06
grid-r020-c014,20,14,3.0,4.200000762939453,0.44999998807907104,-38.71417052773854,1.3445685453916667e-06
grid-r020-c015,20,15,3.200000047683716,4.200000762939453,0.44999998807907104,-38.28544042706858,1.4840753692624276e-06
grid-r020-c016,20,16,3.3999998569488525,4.200000762939453,0.44999998807907104,-38.5799513193503,1.386771373290685e-06
grid-r020-c017,20,17,3.5999999046325684,4.200000762939453,0.44999998807907104,-38.23753358311838,1.5005367686171667e-06
grid-r020-c018,20,18,3.799999952316284,4.200000762939453,0.44999998807907104,-38.5989708615822,1.380711410092772e-06
grid-r020-c019,20,19,4.0,4.200000762939453,0.44999998807907104,-38.53856279014159,1.4000505643707584e-06
grid-r020-c020,20,20,4.199999809265137,4.200000762939453,0.44999998807907104,-38.937782807039476,1.2770906323567033e-06
grid-r020-c021,20,21,4.400000095367432,4.200000762939453,0.44999998807907104,-38.347228749839,1.463110493205022e-06
grid-r020-c022,20,22,4.599999904632568,4.200000762939453,0.44999998807907104,-39.03589985664012,1.2485617162383278e-06
grid-r020-c023,20,23,4.800000190734863,4.200000762939453,0.44999998807907104,-39.12821037054039,1.2223032399560907e-06
grid-r020-c024,20,24,5.0,4.200000762939453,0.44999998807907104,-39.00951982477647,1.2561688436107943e-06
grid-r020-c025,20,25,5.199999809265137,4.200000762939453,0.44999998807907104,-39.10676135974498,1.22835490401485e-06
grid-r020-c026,20,26,5.400000095367432,4.200000762939453,0.44999998807907104,-38.95550864685296,1.271888777409913e-06
grid-r020-c027,20,27,5.599999904632568,4.200000762939453,0.44999998807907104,-38.80258241216008,1.317473106610123e-06
grid-r020-c028,20,28,5.800000190734863,4.200000762939453,0.44999998807907104,-39.04906631522224,1.2447821973182727e-06
grid-r020-c029,20,29,6.0,4.200000762939453,0.44999998807907104,-39.01760567946766,1.253832238035102e-06
grid-r020-c030,20,30,6.199999809265137,4.200000762939453,0.44999998807907104,-39.33039817329191,1.1667026456052554e-06
grid-r020-c031,20,31,6.400000095367432,4.200000762939453,0.44999998807907104,-39.106258952925,1.228497012562002e-06
grid-r020-c032,20,32,6.599999904632568,4.200000762939453,0.44999998807907104,-39.38011906483578,1.1534216355357785e-06
grid-r020-c033,20,33,6.800000190734863,4.200000762939453,0.44999998807907104,-39.24145276378106,1.1908435908480897e-06
grid-r020-c034,20,34,7.0,4.200000762939453,0.44999998807907104,-39.305072780768135,1.173526015918469e-06
grid-r020-c035,20,35,7.199999809265137,4.200000762939453,0.44999998807907104,-38.51086416215524,1.4090084050621954e-06
grid-r020-c036,20,36,7.400000095367432,4.200000762939453,0.44999998807907104,-37.82887608228725,1.6485889773321105e-06
grid-r020-c037,20,37,7.599999904632568,4.200000762939453,0.44999998807907104,-39.27275767378121,1.1822905889857793e-06
grid-r020-c038,20,38,7.800000190734863,4.200000762939453,0.44999998807907104,-38.5541003440287,1.3950506172477617e-06
grid-r020-c039,20,39,8.0,4.200000762939453,0.44999998807907104,-38.667952363184625,1.3589540230896091e-06
grid-r020-c040,20,40,8.199999809265137,4.200000762939453,0.44999998807907104,-38.6165711919474,1.375127226310724e-06
grid-r020-c041,20,41,8.399999618530273,4.200000762939453,0.44999998807907104,-38.76748484846482,1.3281634210215998e-06
grid-r020-c042,20,42,8.600000381469727,4.200000762939453,0.44999998807907104,-38.911349717056225,1.2848872756876517e-06
grid-r020-c043,20,43,8.800000190734863,4.200000762939453,0.44999998807907104,-38.35372153315572,1.4609247500629863e-06
grid-r020-c044,20,44,9.0,4.200000762939453,0.44999998807907104,-39.387820727454404,1.1513780009408947e-06
grid-r020-c045,20,45,9.199999809265137,4.200000762939453,0.44999998807907104,-38.19736717035247,1.5144790950216702e-06
grid-r020-c046,20,46,9.399999618530273,4.200000762939453,0.44999998807907104,-38.33569161324395,1.4670024484075839e-06
grid-r020-c047,20,47,9.600000381469727,4.200000762939453,0.44999998807907104,-38.947348393131016,1.2742808621624135e-06
grid-r020-c048,20,48,9.800000190734863,4.200000762939453,0.44999998807907104,-39.64764747520242,1.0845142242033035e-06
grid-r020-c049,20,49,10.0,4.200000762939453,0.44999998807907104,-38.366615280528976,1.4565938499799813e-06
grid-r020-c050,20,50,10.200000762939453,4.200000762939453,0.44999998807907104,-38.98851977107303,1.2622576832654886e-06
grid-r020-c051,20,51,10.399999618530273,4.200000762939453,0.44999998807907104,-38.1909000330075,1.5167360061241197e-06
grid-r020-c052,20,52,10.600000381469727,4.200000762939453,0.44999998807907104,-38.44642108264384,1.4300719612947432e-06
grid-r020-c053,20,53,10.800000190734863,4.200000762939453,0.44999998807907104,-39.416291538965005,1.143854660767829e-06
grid-r020-c054,20,54,11.0,4.200000762939453,0.44999998807907104,-39.0424188883367,1.2466889529605396e-06
grid-r020-c055,20,55,11.200000762939453,4.200000762939453,0.44999998807907104,-38.92074628688847,1.2821102473026258e-06
grid-r020-c056,20,56,11.399999618530273,4.200000762939453,0.44999998807907104,-39.881337779403495,1.0276996817992767e-06
grid-r020-c057,20,57,11.600000381469727,4.200000762939453,0.44999998807907104,-39.22300454209002,1.1959128869420965e-06
grid-r021-c000,21,0,0.19999980926513672,4.40000057220459,0.44999998807907104,-38.591989067965315,1.3829328509018524e-06
grid-r021-c001,21,1,0.40000009536743164,4.40000057220459,0.44999998807907104,-38.30222571360469,1.4783505548621179e-06
grid-r021-c002,21,2,0.5999999046325684,4.40000057220459,0.44999998807907104,-38.27388853778176,1.4880281469231704e-06
grid-r021-c003,21,3,0.7999997138977051,4.40000057220459,0.44999998807907104,-38.25093099277636,1.495914943916432e-06
grid-r021-c004,21,4,1.0,4.40000057220459,0.44999998807907104,-38.289024634330815,1.4828510757070035e-06
grid-r021-c005,21,5,1.1999998092651367,4.40000057220459,0.44999998807907104,-38.18291443560046,1.5195274727375363e-06
grid-r021-c006,21,6,1.4000000953674316,4.40000057220459,0.44999998807907104,-38.62821165120643,1.3714463875658112e-06
grid-r021-c007,21,7,1.5999999046325684,4.40000057220459,0.44999998807907104,-38.30442083371085,1.4776035186514491e-06
grid-r021-c008,21,8,1.799999713897705,4.40000057220459,0.44999998807907104,-38.49553681929045,1.4139899349174812e-06
grid-r021-c009,21,9,2.0,4.40000057220459,0.44999998807907104,-38.60206301433925,1.3797287010675063e-06
grid-r021-c010,21,10,2.200000047683716,4.40000057220459,0.44999998807907104,-38.31376257572667,1.4744285863343976e-06
grid-r021-c011,21,11,2.3999998569488525,4.40000057220459,0.44999998807907104,-38.65546122392723,1.3628682609123643e-06
grid-r021-c012,21,12,2.5999999046325684,4.40000057220459,0.44999998807907104,-38.380964676492056,1.4517891031573527e-06
grid-r021-c013,21,13,2.799999952316284,4.40000057220459,0.44999998807907104,-38.56381319332218,1.391934119965299e-06
grid-r021-c014,21,14,3.0,4.40000057220459,0.44999998807907104,-38.510422313123215,1.4091517641645623e-06
grid-r021-c015,21,15,3.200000047683716,4.40000057220459,0.44999998807907104,-38.549217938182494,1.3966198366688332e-06
grid-r021-c016,21,16,3.3999998569488525,4.40000057220459,0.44999998807907104,-38.486201780257744,1.4170325357554248e-06
grid-r021-c017,21,17,3.5999999046325684,4.40000057220459,0.44999998807907104,-38.767181144925004,1.3282563031680183e-06
grid-r021-c018,21,18,3.799999952316284,4.40000057220459,0.44999998807907104,-38.56629049856025,1.3911403584643267e-06
grid-r021-c019,21,19,4.0,4.40000057220459,0.44999998807907104,-38.4870600464392,1.4167525250741164e-06
grid-r021-c020,21,20,4.199999809265137,4.40000057220459,0.44999998807907104,-38.4929459853274,1.414833718627051e-06
grid-r021-c021,21,21,4.400000095367432,4.40000057220459,0.44999998807907104,-38.381359196179574,1.4516572264255956e-06
grid-r021-c022,21,22,4.599999904632568,4.40000057220459,0.44999998807907104,-39.24685268323734,1.1893638429683051e-06
grid-r021-c023,21,23,4.800000190734863,4.40000057220459,0.44999998807907104,-39.014970507217754,1.2545932577268104e-06
grid-r021-c024,21,24,5.0,4.40000057220459,0.44999998807907104,-39.42045283383543,1.1427591743995436e-06
grid-r021-c025,21,25,5.199999809265137,4.40000057220459,0.44999998807907104,-39.258469312324294,1.1861867506013368e-06
grid-r021-c026,21,26,5.400000095367432,4.40000057220459,0.44999998807907104,-39.31205069375184,1.1716419976437464e-06
grid-r021-c027,21,27,5.599999904632568,4.40000057220459,0.44999998807907104,-39.43230862515803,1.1396438139854581e-06
grid-r021-c028,21,28,5.800000190734863,4.40000057220459,0.44999998807907104,-39.04596764635342,1.245670659955067e-06
grid-r021-c029,21,29,6.0,4.40000057220459,0.44999998807907104,-39.42303124364196,1.1420809187256964e-06
grid-r021-c030,21,30,6.199999809265137,4.40000057220459,0.44999998807907104,-38.96951462017489,1.267793550141505e-06
grid-r021-c031,21,31,6.400000095367432,4.40000057220459,0.44999998807907104,-39.50232127023746,1.1214189044039813e-06
grid-r021-c032,21,32,6.599999904632568,4.40000057220459,0.44999998807907104,-39.40595523315939,1.1465803027022048e-06
grid-r021-c033,21,33,6.800000190734863,4.40000057220459,0.44999998807907104,-39.73697681350845,1.062434876075713e-06
grid-r021-c034,21,34,7.0,4.40000057220459,0.44999998807907104,-39.4984525132334,1.122418325394392e-06
grid-r021-c035,21,35,7.199999809265137,4.40000057220459,0.44999998807907104,-39.377780337300536,1.1540429341039271e-06
grid-r021-c036,21,36,7.400000095367432,4.40000057220459,0.44999998807907104,-40.04137651256407,9.905179467750713e-07
grid-r021-c037,21,37,7.599999904632568,4.40000057220459,0.44999998807907104,-38.68119339223185,1.3548170727517572e-06
grid-r021-c038,21,38,7.800000190734863,4.40000057220459,0.44999998807907104,-39.52935019642783,1.1144612699354184e-06
grid-r021-c039,21,39,8.0,4.40000057220459,0.44999998807907104,-38.019895308879896,1.5776493000885239e-06
grid-r021-c040,21,40,8.199999809265137,4.40000057220459,0.44999998807907104,-38.498042552521596,1.4131743455436663e-06
grid-r021-c041,21,41,8.399999618530273,4.40000057220459,0.44999998807907104,-39.35884479336227,1.1590856274779071e-06
grid-r021-c042,21,42,8.600000381469727,4.40000057220459,0.44999998807907104,-37.72986688882711,1.6866047189978417e-06
grid-r021-c043,21,43,8.800000190734863,4.40000057220459,0.44999998807907104,-39.32903233417231,1.1670696267174208e-06
grid-r021-c044,21,44,9.0,4.40000057220459,0.44999998807907104,-39.18988741940649,1.2050671784891165e-06
grid-r021-c045,21,45,9.199999809265137,4.40000057220459,0.44999998807907104,-38.7937893415824,1.3201432693676907e-06
grid-r021-c046,21,46,9.399999618530273,4.40000057220459,0.44999998807907104,-38.60204547973362,1.3797342717225547e-06
grid-r021-c047,21,47,9.600000381469727,4.40000057220459,0.44999998807907104,-37.81015733498619,1.6557099797864794e-06
grid-r021-c048,21,48,9.800000190734863,4.40000057220459,0.44999998807907104,-39.09486631657976,1.2317238997638924e-06
grid-r021-c049,21,49,10.0,4.40000057220459,0.44999998807907104,-38.941139876647235,1.2761038306052797e-06
grid-r021-c050,21,50,10.200000762939453,4.40000057220459,0.44999998807907104,-38.987159945599615,1.2626529724002467e-06
grid-r021-c051,21,51,10.399999618530273,4.40000057220459,0.44999998807907104,-39.76106117585126,1.0565593129285844e-06
grid-r021-c052,21,52,10.600000381469727,4.40000057220459,0.44999998807907104,-38.49249548738321,1.4149804883345496e-06
grid-r021-c053,21,53,10.800000190734863,4.40000057220459,0.44999998807907104,-39.02252758317877,1.2524120620582835e-06
grid-r021-c054,21,54,11.0,4.40000057220459,0.44999998807907104,-39.92426892908854,1.0175906481890706e-06
grid-r021-c055,21,55,11.200000762939453,4.40000057220459,0.44999998807907104,-39.16625466547258,1.2116425978092593e-06
grid-r021-c056,21,56,11.399999618530273,4.40000057220459,0.44999998807907104,-41.10818186191996,7.74786087731627e-07
grid-r021-c057,21,57,11.600000381469727,4.40000057220459,0.44999998807907104,-38.62872145657698,1.3712854070035974e-06
grid-r022-c000,22,0,0.19999980926513672,4.600000381469727,0.44999998807907104,-37.85519155870054,1.6386297829740215e-06
grid-r022-c001,22,1,0.40000009536743164,4.600000381469727,0.44999998807907104,-39.024722804103895,1.2517791674326872e-06
grid-r022-c002,22,2,0.5999999046325684,4.600000381469727,0.44999998807907104,-38.295643000860835,1.4805930277361767e-06
grid-r022-c003,22,3,0.7999997138977051,4.600000381469727,0.44999998807907104,-38.33662533354415,1.4666870811197441e-06
grid-r022-c004,22,4,1.0,4.600000381469727,0.44999998807907104,-38.57582792899451,1.3880886626793654e-06
grid-r022-c005,22,5,1.1999998092651367,4.600000381469727,0.44999998807907104,-38.51661860989211,1.407142690368346e-06
grid-r022-c006,22,6,1.4000000953674316,4.600000381469727,0.44999998807907104,-38.194641602325106,1.515429858045536e-06
grid-r022-c007,22,7,1.5999999046325684,4.600000381469727,0.44999998807907104,-38.60702385579711,1.3781535699308733e-06
grid-r022-c008,22,8,1.799999713897705,4.600000381469727,0.44999998807907104,-38.41381045175784,1.4408506103791296e-06
grid-r022-c009,22,9,2.0,4.600000381469727,0.44999998807907104,-38.668665982995485,1.3587307421403239e-06
grid-r022-c010,22,10,2.200000047683716,4.600000381469727,0.44999998807907104,-38.54436220260763,1.3981822348796413e-06
grid-r022-c011,22,11,2.3999998569488525,4.600000381469727,0.44999998807907104,-38.39158566964861,1.44824298331514e-06
grid-r022-c012,22,12,2.5999999046325684,4.600000381469727,0.44999998807907104,-38.8152546393468,1.3136344705344527e-06
grid-r022-c013,22,13,2.799999952316284,4.600000381469727,0.44999998807907104,-38.236364005682795,1.500940925325267e-06
grid-r022-c014,22,14,3.0,4.600000381469727,0.44999998807907104,-38.69480245634016,1.3505782590073068e-06
grid-r022-c015,22,15,3.200000047683716,4.600000381469727,0.44999998807907104,-38.63871217309249,1.368134462609305e-06
grid-r022-c016,22,16,3.3999998569488525,4.600000381469727,0.44999998807907104,-38.34883972688886,1.4625678659285768e-06
grid-r022-c017,22,17,3.5999999046325684,4.600000381469727,0.44999998807907104,-38.52667624001727,1.4038877225175384e-06
grid-r022-c018,22,18,3.799999952316284,4.600000381469727,0.44999998807907104,-38.541005969875314,1.3992631693326985e-06
grid-r022-c019,22,19,4.0,4.600000381469727,0.44999998807907104,-38.64651351407521,1.3656790542881936e-06
grid-r022-c020,22,20,4.199999809265137,4.600000381469727,0.44999998807907104,-38.713714112791905,1.3447098581309547e-06
grid-r022-c021,22,21,4.400000095367432,4.600000381469727,0.44999998807907104,-38.837243965544054,1.3070000477455324e-06
grid-r022-c022,22,22,4.599999904632568,4.600000381469727,0.44999998807907104,-38.789883529984984,1.3213310694482061e-06
grid-r022-c023,22,23,4.800000190734863,4.600000381469727,0.44999998807907104,-39.37864250289816,1.153813855125918e-06
grid-r022-c024,22,24,5.0,4.600000381469727,0.44999998807907104,-39.32016990117862,1.169453639704443e-06
grid-r022-c025,22,25,5.199999809265137,4.600000381469727,0.44999998807907104,-39.44952531161604,1.135134880314581e-06
grid-r022-c026,22,26,5.400000095367432,4.600000381469727,0.44999998807907104,-39.44373770789272,1.1366486205588444e-06
grid-r022-c027,22,27,5.599999904632568,4.600000381469727,0.44999998807907104,-39.147772683789206,1.2168098919573822e-06
grid-r022-c028,22,28,5.800000190734863,4.600000381469727,0.44999998807907104,-39.81787699737028,1.0428270798001904e-06
grid-r022-c029,22,29,6.0,4.600000381469727,0.44999998807907104,-39.01307680049314,1.2551404324767645e-06
grid-r022-c030,22,30,6.199999809265137,4.600000381469727,0.44999998807907104,-39.48057501842146,1.1270482218606048e-06
grid-r022-c031,22,31,6.400000095367432,4.600000381469727,0.44999998807907104,-39.02110504801872,1.2528223578556208e-06
grid-r022-c032,22,32,6.599999904632568,4.600000381469727,0.44999998807907104,-39.40306116722682,1.1473446193122072e-06
grid-r022-c033,22,33,6.800000190734863,4.600000381469727,0.44999998807907104,-39.55561185016109,1.1077424915129086e-06
grid-r022-c034,22,34,7.0,4.600000381469727,0.44999998807907104,-39.48460545849837,1.1260027577009168e-06
grid-r022-c035,22,35,7.199999809265137,4.600000381469727,0.44999998807907104,-40.28853173045427,9.357219710182108e-07
grid-r022-c036,22,36,7.400000095367432,4.600000381469727,0.44999998807907104,-39.46041899490028,1.1322911177558126e-06
grid-r022-c037,22,37,7.599999904632568,4.600000381469727,0.44999998807907104,-39.90475488206798,1.0221732509307913e-06
grid-r022-c038,22,38,7.800000190734863,4.600000381469727,0.44999998807907104,-39.91875763674432,1.0188828127866145e-06
grid-r022-c039,22,39,8.0,4.600000381469727,0.44999998807907104,-39.02836884082599,1.2507287010521395e-06
grid-r022-c040,22,40,8.199999809265137,4.600000381469727,0.44999998807907104,-40.08248623318249,9.811860763875302e-07
grid-r022-c041,22,41,8.399999618530273,4.600000381469727,0.44999998807907104,-38.923849729700144,1.2811943861379405e-06
grid-r022-c042,22,42,8.600000381469727,4.600000381469727,0.44999998807907104,-39.350907710786096,1.1612058870014152e-06
grid-r022-c043,22,43,8.800000190734863,4.600000381469727,0.44999998807907104,-38.968782525574355,1.2680072813964216e-06
grid-r022-c044,22,44,9.0,4.600000381469727,0.44999998807907104,-38.65076575655085,1.3643425518239383e-06
grid-r022-c045,22,45,9.199999809265137,4.600000381469727,0.44999998807907104,-38.99017857581825,1.261775651073549e-06
grid-r022-c046,22,46,9.399999618530273,4.600000381469727,0.44999998807907104,-38.96260474797508,1.2698122873189277e-06
grid-r022-c047,22,47,9.600000381469727,4.600000381469727,0.44999998807907104,-39.602334136315484,1.095889047064702e-06
grid-r022-c048,22,48,9.800000190734863,4.600000381469727,0.44999998807907104,-38.06373129895225,1.5618052202626131e-06
grid-r022-c049,22,49,10.0,4.600000381469727,0.44999998807907104,-38.54031795899688,1.3994848586662556e-06
grid-r022-c050,22,50,10.200000762939453,4.600000381469727,0.44999998807907104,-39.105077922933795,1.2288311381780659e-06
grid-r022-c051,22,51,10.399999618530273,4.600000381469727,0.44999998807907104,-39.14246166282722,1.2182988484710222e-06
grid-r022-c052,22,52,10.600000381469727,4.600000381469727,0.44999998807907104,-39.7147582800404,1.0678842272682232e-06
grid-r022-c053,22,53,10.800000190734863,4.600000381469727,0.44999998807907104,-38.963546197051215,1.2695370514848037e-06
grid-r022-c054,22,54,11.0,4.600000381469727,0.44999998807907104,-38.97717552206003,1.2655591490329243e-06
grid-r022-c055,22,55,11.200000762939453,4.600000381469727,0.44999998807907104,-40.005689101755834,9.986908935388783e-07
grid-r022-c056,22,56,11.399999618530273,4.600000381469727,0.44999998807907104,-39.314081497232124,1.1710942544596037e-06
grid-r022-c057,22,57,11.600000381469727,4.600000381469727,0.44999998807907104,-39.38984309171537,1.1508419675010373e-06
grid-r023-c000,23,0,0.19999980926513672,4.800000190734863,0.44999998807907104,-38.387837503405635,1.44949342484324e-06
grid-r023-c001,23,1,0.40000009536743164,4.800000190734863,0.44999998807907104,-38.51505678111478,1.4076488241698826e-06
grid-r023-c002,23,2,0.5999999046325684,4.800000190734863,0.44999998807907104,-38.05555814622444,1.5647472082491731e-06
grid-r023-c003,23,3,0.7999997138977051,4.800000190734863,0.44999998807907104,-38.499317279911295,1.4127596159596578e-06
grid-r023-c004,23,4,1.0,4.800000190734863,0.44999998807907104,-38.38229904563455,1.4513431096929708e-06
grid-r023-c005,23,5,1.1999998092651367,4.800000190734863,0.44999998807907104,-38.456821823929594,1.4266512380345375e-06
grid-r023-c006,23,6,1.4000000953674316,4.800000190734863,0.44999998807907104,-38.72954735857693,1.3398163218880654e-06
grid-r023-c007,23,7,1.5999999046325684,4.800000190734863,0.44999998807907104,-38.16289477549038,1.5265482034010347e-06
grid-r023-c008,23,8,1.799999713897705,4.800000190734863,0.44999998807907104,-38.43953806558605,1.432340241080965e-06
grid-r023-c009,23,9,2.0,4.800000190734863,0.44999998807907104,-38.420184326089526,1.438737513126398e-06
grid-r023-c010,23,10,2.200000047683716,4.800000190734863,0.44999998807907104,-38.70508687451367,1.347383772554167e-06
grid-r023-c011,23,11,2.3999998569488525,4.800000190734863,0.44999998807907104,-38.706730670136935,1.3468738870869856e-06
grid-r023-c012,23,12,2.5999999046325684,4.800000190734863,0.44999998807907104,-38.48512909890871,1.4173825775287696e-06
grid-r023-c013,23,13,2.799999952316284,4.800000190734863,0.44999998807907104,-38.786720483764284,1.3222937695900328e-06
grid-r023-c014,23,14,3.0,4.800000190734863,0.44999998807907104,-38.48769679927385,1.416544819221599e-06
grid-r023-c015,23,15,3.200000047683716,4.800000190734863,0.44999998807907104,-38.4821364682775,1.4183596022121492e-06
grid-r023-c016,23,16,3.3999998569488525,4.800000190734863,0.44999998807907104,-38.9346636003319,1.2780081988239544e-06
grid-r023-c017,23,17,3.5999999046325684,4.800000190734863,0.44999998807907104,-38.49645560655411,1.4136908248474356e-06
grid-r023-c018,23,18,3.799999952316284,4.800000190734863,0.44999998807907104,-38.75679849526348,1.3314355555849033e-06
grid-r023-c019,23,19,4.0,4.800000190734863,0.44999998807907104,-38.59835798679227,1.3809062693326268e-06
grid-r023-c020,23,20,4.199999809265137,4.800000190734863,0.44999998807907104,-39.01213871233025,1.2554115755847306e-06
grid-r023-c021,23,21,4.400000095367432,4.800000190734863,0.44999998807907104,-38.48765567065471,1.4165582342684502e-06
grid-r023-c022,23,22,4.599999904632568,4.800000190734863,0.44999998807907104,-39.03446305252163,1.2489748542066081e-06
grid-r023-c023,23,23,4.800000190734863,4.800000190734863,0.44999998807907104,-39.250811050981305,1.1882802937179804e-06
grid-r023-c024,23,24,5.0,4.800000190734863,0.44999998807907104,-39.650503803375585,1.0838011803571135e-06
grid-r023-c025,23,25,5.199999809265137,4.800000190734863,0.44999998807907104,-39.30777806499955,1.1727952369255945e-06
grid-r023-c026,23,26,5.400000095367432,4.800000190734863,0.44999998807907104,-39.47501191870167,1.1284928405075334e-06
grid-r023-c027,23,27,5.599999904632568,4.800000190734863,0.44999998807907104,-39.32648247898748,1.1677550446620444e-06
grid-r023-c028,23,28,5.800000190734863,4.800000190734863,0.44999998807907104,-38.83455814900088,1.3078085885354085e-06
grid-r023-c029,23,29,6.0,4.800000190734863,0.44999998807907104,-39.54301555460102,1.1109600563941058e-06
grid-r023-c030,23,30,6.199999809265137,4.800000190734863,0.44999998807907104,-39.44667944606398,1.135878960667469e-06
grid-r023-c031,23,31,6.400000095367432,4.800000190734863,0.44999998807907104,-39.633089023998316,1.0881558409892023e-06
grid-r023-c032,23,32,6.599999904632568,4.800000190734863,0.44999998807907104,-39.56865918606675,1.1044195389331435e-06
grid-r023-c033,23,33,6.800000190734863,4.800000190734863,0.44999998807907104,-39.799404572927074,1.0472721214682679e-06
grid-r023-c034,23,34,7.0,4.800000190734863,0.44999998807907104,-40.382209260083386,9.157545264315559e-07
grid-r023-c035,23,35,7.199999809265137,4.800000190734863,0.44999998807907104,-39.41050836748015,1.1453788602011628e-06
grid-r023-c036,23,36,7.400000095367432,4.800000190734863,0.44999998807907104,-40.24593683941097,9.449445315112825e-07
grid-r023-c037,23,37,7.599999904632568,4.800000190734863,0.44999998807907104,-39.86630002539846,1.031264332596038e-06
grid-r023-c038,23,38,7.800000190734863,4.800000190734863,0.44999998807907104,-39.67650233318946,1.0773325129775913e-06
grid-r023-c039,23,39,8.0,4.800000190734863,0.44999998807907104,-40.16464347199661,9.627990493754623e-07
grid-r023-c040,23,40,8.199999809265137,4.800000190734863,0.44999998807907104,-40.187597011237735,9.57723841565894e-07
grid-r023-c041,23,41,8.399999618530273,4.800000190734863,0.44999998807907104,-40.315390583146225,9.299528755946085e-07
grid-r023-c042,23,42,8.600000381469727,4.800000190734863,0.44999998807907104,-39.66770694808751,1.0795165508170612e-06
grid-r023-c043,23,43,8.800000190734863,4.800000190734863,0.44999998807907104,-39.01705323947041,1.2539917406684253e-06
grid-r023-c044,23,44,9.0,4.800000190734863,0.44999998807907104,-38.837014291990556,1.307069169342867e-06
grid-r023-c045,23,45,9.199999809265137,4.800000190734863,0.44999998807907104,-38.66822086522945,1.3588700085165328e-06
grid-r023-c046,23,46,9.399999618530273,4.800000190734863,0.44999998807907104,-38.79766947072342,1.3189643368605175e-06
grid-r023-c047,23,47,9.600000381469727,4.800000190734863,0.44999998807907104,-39.192889218738614,1.2042345360896434e-06
grid-r023-c048,23,48,9.800000190734863,4.800000190734863,0.44999998807907104,-39.959664057894315,1.009330958368082e-06
grid-r023-c049,23,49,10.0,4.800000190734863,0.44999998807907104,-38.8573993412612,1.300948383686773e-06
grid-r023-c050,23,50,10.200000762939453,4.800000190734863,0.44999998807907104,-39.240493047676,1.1911067758774152e-06
grid-r023-c051,23,51,10.399999618530273,4.800000190734863,0.44999998807907104,-39.306996776896625,1.1730062396964058e-06
grid-r023-c052,23,52,10.600000381469727,4.800000190734863,0.44999998807907104,-39.39106640358142,1.150517846326693e-06
grid-r023-c053,23,53,10.800000190734863,4.800000190734863,0.44999998807907104,-39.03540004476945,1.248705416401208e-06
grid-r023-c054,23,54,11.0,4.800000190734863,0.44999998807907104,-39.219401421713414,1.196905486722244e-06
grid-r023-c055,23,55,11.200000762939453,4.800000190734863,0.44999998807907104,-38.97717903325329,1.2655581258513848e-06
grid-r023-c056,23,56,11.399999618530273,4.800000190734863,0.44999998807907104,-39.61949732198157,1.0915666734945262e-06
grid-r023-c057,23,57,11.600000381469727,4.800000190734863,0.44999998807907104,-41.06682375347718,7.821996632628725e-07
grid-r024-c000,24,0,0.19999980926513672,5.000000476837158,0.44999998807907104,-38.48458850382161,1.4175590195009136e-06
grid-r024-c001,24,1,0.40000009536743164,5.000000476837158,0.44999998807907104,-38.836520232816795,1.307217871726607e-06
grid-r024-c002,24,2,0.5999999046325684,5.000000476837158,0.44999998807907104,-38.6542991951669,1.3632329682877753e-06
grid-r024-c003,24,3,0.7999997138977051,5.000000476837158,0.44999998807907104,-38.331109735067244,1.46855097682419e-06
grid-r024-c004,24,4,1.0,5.000000476837158,0.44999998807907104,-38.55149486230347,1.3958878071207437e-06
grid-r024-c005,24,5,1.1999998092651367,5.000000476837158,0.44999998807907104,-38.686602710683246,1.3531306422009948e-06
grid-r024-c006,24,6,1.4000000953674316,5.000000476837158,0.44999998807907104,-38.35775460463758,1.4595686934626428e-06
grid-r024-c007,24,7,1.5999999046325684,5.000000476837158,0.44999998807907104,-38.88686479590184,1.2921517509312253e-06
grid-r024-c008,24,8,1.799999713897705,5.000000476837158,0.44999998807907104,-38.554394107176094,1.3949562571724528e-06
grid-r024-c009,24,9,2.0,5.000000476837158,0.44999998807907104,-38.504819181708484,1.4109709809417836e-06
grid-r024-c010,24,10,2.200000047683716,5.000000476837158,0.44999998807907104,-38.91017326066976,1.2852353847847553e-06
grid-r024-c011,24,11,2.3999998569488525,5.000000476837158,0.44999998807907104,-38.427206512415765,1.4364130720423418e-06
grid-r024-c012,24,12,2.5999999046325684,5.000000476837158,0.44999998807907104,-39.096502089742174,1.2312600574659882e-06
grid-r024-c013,24,13,2.799999952316284,5.000000476837158,0.44999998807907104,-38.347078921884155,1.4631609701609705e-06
grid-r024-c014,24,14,3.0,5.000000476837158,0.44999998807907104,-38.656638058669664,1.3624990060634445e-06
grid-r024-c015,24,15,3.200000047683716,5.000000476837158,0.44999998807907104,-38.701909900421654,1.3483697784977267e-06
grid-r024-c016,24,16,3.3999998569488525,5.000000476837158,0.44999998807907104,-38.618558614158296,1.3744980833507725e-06
grid-r024-c017,24,17,3.5999999046325684,5.000000476837158,0.44999998807907104,-38.77426441288638,1.3260917057777988e-06
grid-r024-c018,24,18,3.799999952316284,5.000000476837158,0.44999998807907104,-38.670147736261136,1.3582672409029328e-06
grid-r024-c019,24,19,4.0,5.000000476837158,0.44999998807907104,-38.95543683212824,1.2719098094748915e-06
grid-r024-c020,24,20,4.199999809265137,5.000000476837158,0.44999998807907104,-38.68875898030511,1.3524589803637355e-06
grid-r024-c021,24,21,4.400000095367432,5.000000476837158,0.44999998807907104,-38.92091919848192,1.2820592019124888e-06
grid-r024-c022,24,22,4.599999904632568,5.000000476837158,0.44999998807907104,-38.75747419928655,1.3312284181665746e-06
grid-r024-c023,24,23,4.800000190734863,5.000000476837158,0.44999998807907104,-39.6651967267325,1.0801406915561529e-06
grid-r024-c024,24,24,5.0,5.000000476837158,0.44999998807907104,-39.35864374019318,1.1591392876653117e-06
grid-r024-c025,24,25,5.199999809265137,5.000000476837158,0.44999998807907104,-39.294709153504556,1.1763297607103596e-06
grid-r024-c026,24,26,5.400000095367432,5.000000476837158,0.44999998807907104,-39.604614889455014,1.095313677978993e-06
grid-r024-c027,24,27,5.599999904632568,5.000000476837158,0.44999998807907104,-39.38884358721994,1.1511068578329287e-06
grid-r024-c028,24,28,5.800000190734863,5.000000476837158,0.44999998807907104,-39.67182337533693,1.0784938240249176e-06
grid-r024-c029,24,29,6.0,5.000000476837158,0.44999998807907104,-39.58060255904877,1.1013864877895685e-06
grid-r024-c030,24,30,6.199999809265137,5.000000476837158,0.44999998807907104,-39.757670331472525,1.0573845656836056e-06
grid-r024-c031,24,31,6.400000095367432,5.000000476837158,0.44999998807907104,-39.71996930907491,1.066603658728127e-06
grid-r024-c032,24,32,6.599999904632568,5.000000476837158,0.44999998807907104,-39.90414824451223,1.0223160415989696e-06
grid-r024-c033,24,33,6.800000190734863,5.000000476837158,0.44999998807907104,-40.03581773292672,9.917865781972068e-07
grid-r024-c034,24,34,7.0,5.000000476837158,0.44999998807907104,-39.56140062052217,1.1062669500461197e-06
grid-r024-c035,24,35,7.199999809265137,5.000000476837158,0.44999998807907104,-39.97184387450251,1.0065042488349718e-06
grid-r024-c036,24,36,7.400000095367432,5.000000476837158,0.44999998807907104,-40.054121931052165,9.87615294434363e-07
grid-r024-c037,24,37,7.599999904632568,5.000000476837158,0.44999998807907104,-40.493526389443524,8.925804309001251e-07
grid-r024-c038,24,38,7.800000190734863,5.000000476837158,0.44999998807907104,-40.20138197809851,9.5468874405924e-07
grid-r024-c039,24,39,8.0,5.000000476837158,0.44999998807907104,-40.110237280158785,9.749363698574598e-07
grid-r024-c040,24,40,8.199999809265137,5.000000476837158,0.44999998807907104,-39.460952316926104,1.132152078753279e-06
grid-r024-c041,24,41,8.399999618530273,5.000000476837158,0.44999998807907104,-39.70600004728276,1.0700399570851005e-06
grid-r024-c042,24,42,8.600000381469727,5.000000476837158,0.44999998807907104,-40.827231155612075,8.265647579719371e-07
grid-r024-c043,24,43,8.800000190734863,5.000000476837158,0.44999998807907104,-39.94220935295261,1.0133957175639807e-06
grid-r024-c044,24,44,9.0,5.000000476837158,0.44999998807907104,-39.053808007938684,1.2434238669811748e-06
grid-r024-c045,24,45,9.199999809265137,5.000000476837158,0.44999998807907104,-39.6849592225501,1.0752366961241933e-06
grid-r024-c046,24,46,9.399999618530273,5.000000476837158,0.44999998807907104,-39.693125286216386,1.0732168220783933e-06
grid-r024-c047,24,47,9.600000381469727,5.000000476837158,0.44999998807907104,-38.862247375400436,1.2994969438295811e-06
grid-r024-c048,24,48,9.800000190734863,5.000000476837158,0.44999998807907104,-38.839214444165,1.3064071708868141e-06
grid-r024-c049,24,49,10.0,5.000000476837158,0.44999998807907104,-39.95011664338485,1.0115522854903247e-06
grid-r024-c050,24,50,10.200000762939453,5.000000476837158,0.44999998807907104,-39.21748449764826,1.197433903143974e-06
grid-r024-c051,24,51,10.399999618530273,5.000000476837158,0.44999998807907104,-39.505263321133164,1.1206594763280009e-06
grid-r024-c052,24,52,10.600000381469727,5.000000476837158,0.44999998807907104,-39.45461773618301,1.1338046306264005e-06
grid-r024-c053,24,53,10.800000190734863,5.000000476837158,0.44999998807907104,-39.4063647681508,1.1464721865195315e-06
grid-r024-c054,24,54,11.0,5.000000476837158,0.44999998807907104,-39.567058579093725,1.1048266514990246e-06
grid-r024-c055,24,55,11.200000762939453,5.000000476837158,0.44999998807907104,-39.57062890750365,1.1039187484129798e-06
grid-r024-c056,24,56,11.399999618530273,5.000000476837158,0.44999998807907104,-39.07253957845114,1.2380724001559429e-06
grid-r024-c057,24,57,11.600000381469727,5.000000476837158,0.44999998807907104,-41.363227691837594,7.305959002223972e-07
grid-r025-c000,25,0,0.19999980926513672,5.200000762939453,0.44999998807907104,-38.482169190111286,1.4183489156494034e-06
grid-r025-c001,25,1,0.40000009536743164,5.200000762939453,0.44999998807907104,-38.56752790621786,1.3907440461480292e-06
grid-r025-c002,25,2,0.5999999046325684,5.200000762939453,0.44999998807907104,-38.65592460077758,1.3627228554469184e-06
grid-r025-c003,25,3,0.7999997138977051,5.200000762939453,0.44999998807907104,-38.64238353770637,1.366978381156514e-06
grid-r025-c004,25,4,1.0,5.200000762939453,0.44999998807907104,-38.44922992789439,1.4291473462435533e-06
grid-r025-c005,25,5,1.1999998092651367,5.200000762939453,0.44999998807907104,-38.863797062218175,1.2990333289053524e-06
grid-r025-c006,25,6,1.4000000953674316,5.200000762939453,0.44999998807907104,-38.77597446095365,1.3255696558189811e-06
grid-r025-c007,25,7,1.5999999046325684,5.200000762939453,0.44999998807907104,-38.52214319038657,1.4053538279767963e-06
grid-r025-c008,25,8,1.799999713897705,5.200000762939453,0.44999998807907104,-38.691574179916174,1.3515825685317395e-06
grid-r025-c009,25,9,2.0,5.200000762939453,0.44999998807907104,-38.73144006960963,1.339232539976365e-06
grid-r025-c010,25,10,2.200000047683716,5.200000762939453,0.44999998807907104,-38.71026299503857,1.345778855466051e-06
grid-r025-c011,25,11,2.3999998569488525,5.200000762939453,0.44999998807907104,-38.950321245447626,1.2734088841170887e-06
grid-r025-c012,25,12,2.5999999046325684,5.200000762939453,0.44999998807907104,-38.57026771467556,1.3898669521950069e-06
grid-r025-c013,25,13,2.799999952316284,5.200000762939453,0.44999998807907104,-38.64647880721337,1.3656899682246149e-06
grid-r025-c014,25,14,3.0,5.200000762939453,0.44999998807907104,-38.90684655948748,1.2862202538599377e-06
grid-r025-c015,25,15,3.200000047683716,5.200000762939453,0.44999998807907104,-38.78782213377608,1.321958393418754e-06
grid-r025-c016,25,16,3.3999998569488525,5.200000762939453,0.44999998807907104,-38.98000451322788,1.2647350331462803e-06
grid-r025-c017,25,17,3.5999999046325684,5.200000762939453,0.44999998807907104,-38.623295965175004,1.3729995771427639e-06
grid-r025-c018,25,18,3.799999952316284,5.200000762939453,0.44999998807907104,-39.12037981035929,1.2245091056684032e-06
grid-r025-c019,25,19,4.0,5.200000762939453,0.44999998807907104,-38.72799363002751,1.3402957392827375e-06
grid-r025-c020,25,20,4.199999809265137,5.200000762939453,0.44999998807907104,-38.70364810195561,1.3478302207658999e-06
grid-r025-c021,25,21,4.400000095367432,5.200000762939453,0.44999998807907104,-39.01555968017827,1.2544230685307411e-06
grid-r025-c022,25,22,4.599999904632568,5.200000762939453,0.44999998807907104,-38.6526964824284,1.3637361462315312e-06
grid-r025-c023,25,23,4.800000190734863,5.200000762939453,0.44999998807907104,-39.07105751461087,1.2384949741317541e-06
grid-r025-c024,25,24,5.0,5.200000762939453,0.44999998807907104,-39.42725872122683,1.1409697435738053e-06
grid-r025-c025,25,25,5.199999809265137,5.200000762939453,0.44999998807907104,-39.91961786089135,1.0186810186496587e-06
grid-r025-c026,25,26,5.400000095367432,5.200000762939453,0.44999998807907104,-39.63088261184437,1.0887088137678802e-06
grid-r025-c027,25,27,5.599999904632568,5.200000762939453,0.44999998807907104,-39.92296296526604,1.0178966931562172e-06
grid-r025-c028,25,28,5.800000190734863,5.200000762939453,0.44999998807907104,-39.34677425929648,1.1623116051850957e-06
grid-r025-c029,25,29,6.0,5.200000762939453,0.44999998807907104,-39.70693082705981,1.069810650733416e-06
grid-r025-c030,25,30,6.199999809265137,5.200000762939453,0.44999998807907104,-39.48649881221499,1.1255119716224726e-06
grid-r025-c031,25,31,6.400000095367432,5.200000762939453,0.44999998807907104,-40.22108394468277,9.503675642008602e-07
grid-r025-c032,25,32,6.599999904632568,5.200000762939453,0.44999998807907104,-39.6553833053939,1.0825841627593036e-06
grid-r025-c033,25,33,6.800000190734863,5.200000762939453,0.44999998807907104,-39.89633088261815,1.0241578820568975e-06
grid-r025-c034,25,34,7.0,5.200000762939453,0.44999998807907104,-40.759228186711674,8.396091857321153e-07
grid-r025-c035,25,35,7.199999809265137,5.200000762939453,0.44999998807907104,-40.03830806714692,9.91218030321761e-07
grid-r025-c036,25,36,7.400000095367432,5.200000762939453,0.44999998807907104,-40.11853949824294,9.730744068292552e-07
grid-r025-c037,25,37,7.599999904632568,5.200000762939453,0.44999998807907104,-40.191623106392655,9.56836402110639e-07
grid-r025-c038,25,38,7.800000190734863,5.200000762939453,0.44999998807907104,-40.17056896175144,9.614863074602908e-07
grid-r025-c039,25,39,8.0,5.200000762939453,0.44999998807907104,-40.90755070809653,8.114185447993805e-07
grid-r025-c040,25,40,8.199999809265137,5.200000762939453,0.44999998807907104,-40.232360222358075,9.479031746195687e-07
grid-r025-c041,25,41,8.399999618530273,5.200000762939453,0.44999998807907104,-40.18587032801632,9.581046924722614e-07
grid-r025-c042,25,42,8.600000381469727,5.200000762939453,0.44999998807907104,-40.41070426083354,9.097657311940566e-07
grid-r025-c043,25,43,8.800000190734863,5.200000762939453,0.44999998807907104,-39.27139982030765,1.18266029858205e-06
grid-r025-c044,25,44,9.0,5.200000762939453,0.44999998807907104,-40.39582921797964,9.128871170105413e-07
grid-r025-c045,25,45,9.199999809265137,5.200000762939453,0.44999998807907104,-39.94125404089292,1.0136186574527528e-06
grid-r025-c046,25,46,9.399999618530273,5.200000762939453,0.44999998807907104,-40.504185487662376,8.903924140213348e-07
grid-r025-c047,25,47,9.600000381469727,5.200000762939453,0.44999998807907104,-40.39213542665251,9.136638823292742e-07
grid-r025-c048,25,48,9.800000190734863,5.200000762939453,0.44999998807907104,-38.43004147642305,1.435475724065327e-06
grid-r025-c049,25,49,10.0,5.200000762939453,0.44999998807907104,-39.29762344617467,1.1755406603697338e-06
grid-r025-c050,25,50,10.200000762939453,5.200000762939453,0.44999998807907104,-39.972510576377644,1.0063497484225081e-06
grid-r025-c051,25,51,10.399999618530273,5.200000762939453,0.44999998807907104,-39.215276629583435,1.198042809846811e-06
grid-r025-c052,25,52,10.600000381469727,5.200000762939453,0.44999998807907104,-39.956963694073934,1.0099587370859808e-06
grid-r025-c053,25,53,10.800000190734863,5.200000762939453,0.44999998807907104,-40.41965592437648,9.078924563254986e-07
grid-r025-c054,25,54,11.0,5.200000762939453,0.44999998807907104,-40.06463210793452,9.852280982158845e-07
grid-r025-c055,25,55,11.200000762939453,5.200000762939453,0.44999998807907104,-39.41045491543248,1.1453929573690402e-06
grid-r025-c056,25,56,11.399999618530273,5.200000762939453,0.44999998807907104,-39.739417748641905,1.0618379064908368e-06
grid-r025-c057,25,57,11.600000381469727,5.200000762939453,0.44999998807907104,-38.67645329104384,1.3562965932578663e-06
grid-r026-c000,26,0,0.19999980926513672,5.40000057220459,0.44999998807907104,-38.13274962243062,1.537181105959462e-06
grid-r026-c001,26,1,0.40000009536743164,5.40000057220459,0.44999998807907104,-38.77928288684288,1.3245602303868509e-06
grid-r026-c002,26,2,0.5999999046325684,5.40000057220459,0.44999998807907104,-38.729031843736486,1.339975369774038e-06
grid-r026-c003,26,3,0.7999997138977051,5.40000057220459,0.44999998807907104,-38.67659599401945,1.3562520280174795e-06
grid-r026-c004,26,4,1.0,5.40000057220459,0.44999998807907104,-38.7867779867165,1.3222762618170236e-06
grid-r026-c005,26,5,1.1999998092651367,5.40000057220459,0.44999998807907104,-38.599148947603375,1.3806547940475866e-06
grid-r026-c006,26,6,1.4000000953674316,5.40000057220459,0.44999998807907104,-38.87924736974427,1.2944201444042847e-06
grid-r026-c007,26,7,1.5999999046325684,5.40000057220459,0.44999998807907104,-38.5669364907017,1.3909334484196734e-06
grid-r026-c008,26,8,1.799999713897705,5.40000057220459,0.44999998807907104,-38.62950104166405,1.37103927499993e-06
grid-r026-c009,26,9,2.0,5.40000057220459,0.44999998807907104,-38.863426880768664,1.2991440598852932e-06
grid-r026-c010,26,10,2.200000047683716,5.40000057220459,0.44999998807907104,-38.85411925210613,1.301931320085714e-06
grid-r026-c011,26,11,2.3999998569488525,5.40000057220459,0.44999998807907104,-38.462800318526924,1.4246886621549493e-06
grid-r026-c012,26,12,2.5999999046325684,5.40000057220459,0.44999998807907104,-38.855424389854285,1.301540123677114e-06
grid-r026-c013,26,13,2.799999952316284,5.40000057220459,0.44999998807907104,-38.98749428943809,1.2625557701539947e-06
grid-r026-c014,26,14,3.0,5.40000057220459,0.44999998807907104,-38.66470186270676,1.3599715202872176e-06
grid-r026-c015,26,15,3.200000047683716,5.40000057220459,0.44999998807907104,-39.00965424954815,1.2561299627122935e-06
grid-r026-c016,26,16,3.3999998569488525,5.40000057220459,0.44999998807907104,-38.60557852201489,1.37861229632108e-06
grid-r026-c017,26,17,3.5999999046325684,5.40000057220459,0.44999998807907104,-38.96464461780439,1.2692159998550778e-06
grid-r026-c018,26,18,3.799999952316284,5.40000057220459,0.44999998807907104,-38.84306654342311,1.3052489293841063e-06
grid-r026-c019,26,19,4.0,5.40000057220459,0.44999998807907104,-39.05678075327296,1.2425730346876662e-06
grid-r026-c020,26,20,4.199999809265137,5.40000057220459,0.44999998807907104,-38.90656519514374,1.2863035863119876e-06
grid-r026-c021,26,21,4.400000095367432,5.40000057220459,0.44999998807907104,-39.168830376271735,1.2109242106816964e-06
grid-r026-c022,26,22,4.599999904632568,5.40000057220459,0.44999998807907104,-39.03593307402438,1.2485521665439592e-06
grid-r026-c023,26,23,4.800000190734863,5.40000057220459,0.44999998807907104,-38.96168021885333,1.2700826346190297e-06
grid-r026-c024,26,24,5.0,5.40000057220459,0.44999998807907104,-39.68922993226606,1.0741798632807331e-06
grid-r026-c025,26,25,5.199999809265137,5.40000057220459,0.44999998807907104,-39.80559297976293,1.0457808912178734e-06
grid-r026-c026,26,26,5.400000095367432,5.40000057220459,0.44999998807907104,-39.78832551554869,1.0499471727598575e-06
grid-r026-c027,26,27,5.599999904632568,5.40000057220459,0.44999998807907104,-39.676963860364616,1.0772180303320056e-06
grid-r026-c028,26,28,5.800000190734863,5.40000057220459,0.44999998807907104,-40.18143512666576,9.590836498318822e-07
grid-r026-c029,26,29,6.0,5.40000057220459,0.44999998807907104,-39.30356304916784,1.173934037979052e-06
grid-r026-c030,26,30,6.199999809265137,5.40000057220459,0.44999998807907104,-39.875887382743386,1.0289902547810925e-06
grid-r026-c031,26,31,6.400000095367432,5.40000057220459,0.44999998807907104,-40.16660439790941,9.623644245948526e-07
grid-r026-c032,26,32,6.599999904632568,5.40000057220459,0.44999998807907104,-39.82566669500247,1.0409582955617225e-06
grid-r026-c033,26,33,6.800000190734863,5.40000057220459,0.44999998807907104,-40.63524110591693,8.639246971142711e-07
grid-r026-c034,26,34,7.0,5.40000057220459,0.44999998807907104,-40.628370788950065,8.652924634588999e-07
grid-r026-c035,26,35,7.199999809265137,5.40000057220459,0.44999998807907104,-40.17589581592646,9.603077160136309e-07
grid-r026-c036,26,36,7.400000095367432,5.40000057220459,0.44999998807907104,-40.023004231841696,9.94717083813157e-07
grid-r026-c037,26,37,7.599999904632568,5.40000057220459,0.44999998807907104,-40.34853953957846,9.228817248185806e-07
grid-r026-c038,26,38,7.800000190734863,5.40000057220459,0.44999998807907104,-40.17456079130287,9.606029607311939e-07
grid-r026-c039,26,39,8.0,5.40000057220459,0.44999998807907104,-40.06886177073399,9.84269036052865e-07
grid-r026-c040,26,40,8.199999809265137,5.40000057220459,0.44999998807907104,-41.241763716767906,7.513177138207539e-07
grid-r026-c041,26,41,8.399999618530273,5.40000057220459,0.44999998807907104,-39.50368238167567,1.1210674983885838e-06
grid-r026-c042,26,42,8.600000381469727,5.40000057220459,0.44999998807907104,-40.77220591882334,8.371039825760818e-07
grid-r026-c043,26,43,8.800000190734863,5.40000057220459,0.44999998807907104,-39.40819975231068,1.1459878805908374e-06
grid-r026-c044,26,44,9.0,5.40000057220459,0.44999998807907104,-40.51690442103003,8.877885875335778e-07
grid-r026-c045,26,45,9.199999809265137,5.40000057220459,0.44999998807907104,-39.16771658825808,1.2112348031223519e-06
grid-r026-c046,26,46,9.399999618530273,5.40000057220459,0.44999998807907104,-40.758940049738605,8.396648922825989e-07
grid-r026-c047,26,47,9.600000381469727,5.40000057220459,0.44999998807907104,-40.58790608192153,8.733923664294707e-07
grid-r026-c048,26,48,9.800000190734863,5.40000057220459,0.44999998807907104,-40.073035805493234,9.833235026235343e-07
grid-r026-c049,26,49,10.0,5.40000057220459,0.44999998807907104,-40.9632877644356,8.010713941075664e-07
grid-r026-c050,26,50,10.200000762939453,5.40000057220459,0.44999998807907104,-40.46255061655585,8.989694606498233e-07
grid-r026-c051,26,51,10.399999618530273,5.40000057220459,0.44999998807907104,-39.86875104806317,1.0306824833605788e-06
grid-r026-c052,26,52,10.600000381469727,5.40000057220459,0.44999998807907104,-39.01465922632178,1.2546831840154482e-06
grid-r026-c053,26,53,10.800000190734863,5.40000057220459,0.44999998807907104,-40.37517114662265,9.172397881229699e-07
grid-r026-c054,26,54,11.0,5.40000057220459,0.44999998807907104,-39.16698780693957,1.2114380751881981e-06
grid-r026-c055,26,55,11.200000762939453,5.40000057220459,0.44999998807907104,-40.138564885740294,9.685978739071288e-07
grid-r026-c056,26,56,11.399999618530273,5.40000057220459,0.44999998807907104,-39.28302168624106,1.1794996908065514e-06
grid-r026-c057,26,57,11.600000381469727,5.40000057220459,0.44999998807907104,-40.760624451681664,8.393392931793642e-07
grid-r027-c000,27,0,0.19999980926513672,5.600000381469727,0.44999998807907104,-38.788371942987034,1.3217910463936278e-06
grid-r027-c001,27,1,0.40000009536743164,5.600000381469727,0.44999998807907104,-38.39511119502742,1.4470678024736117e-06
grid-r027-c002,27,2,0.5999999046325684,5.600000381469727,0.44999998807907104,-39.0179171716301,1.2537423117464641e-06
grid-r027-c003,27,3,0.7999997138977051,5.600000381469727,0.44999998807907104,-38.82942377064417,1.3093556390231242e-06
grid-r027-c004,27,4,1.0,5.600000381469727,0.44999998807907104,-38.69951396374145,1.3491138588506146e-06
grid-r027-c005,27,5,1.1999998092651367,5.600000381469727,0.44999998807907104,-38.92747450378045,1.2801255024896818e-06
grid-r027-c006,27,6,1.4000000953674316,5.600000381469727,0.44999998807907104,-38.91366975291358,1.284201061935164e-06
grid-r027-c007,27,7,1.5999999046325684,5.600000381469727,0.44999998807907104,-38.97564374218273,1.2660055972446571e-06
grid-r027-c008,27,8,1.799999713897705,5.600000381469727,0.44999998807907104,-38.94490380734513,1.2749983397952747e-06
grid-r027-c009,27,9,2.0,5.600000381469727,0.44999998807907104,-38.46983973900626,1.4223812740965514e-06
grid-r027-c010,27,10,2.200000047683716,5.600000381469727,0.44999998807907104,-39.10801280635221,1.2280009968890226e-06
grid-r027-c011,27,11,2.3999998569488525,5.600000381469727,0.44999998807907104,-38.987398089625984,1.2625837371160742e-06
grid-r027-c012,27,12,2.5999999046325684,5.600000381469727,0.44999998807907104,-39.165801149640586,1.2117691312596435e-06
grid-r027-c013,27,13,2.799999952316284,5.600000381469727,0.44999998807907104,-38.69517681977045,1.3504618436854798e-06
grid-r027-c014,27,14,3.0,5.600000381469727,0.44999998807907104,-39.079133453686445,1.2361940662231063e-06
grid-r027-c015,27,15,3.200000047683716,5.600000381469727,0.44999998807907104,-38.89549821091465,1.289585611630173e-06
grid-r027-c016,27,16,3.3999998569488525,5.600000381469727,0.44999998807907104,-39.1618881307774,1.2128614343964728e-06
grid-r027-c017,27,17,3.5999999046325684,5.600000381469727,0.44999998807907104,-38.850290305302345,1.3030796708335401e-06
grid-r027-c018,27,18,3.799999952316284,5.600000381469727,0.44999998807907104,-39.27787180516948,1.1808991757789045e-06
grid-r027-c019,27,19,4.0,5.600000381469727,0.44999998807907104,-39.22654826220516,1.194937453874445e-06
grid-r027-c020,27,20,4.199999809265137,5.600000381469727,0.44999998807907104,-38.40360883371167,1.4442391602642601e-06
grid-r027-c021,27,21,4.400000095367432,5.600000381469727,0.44999998807907104,-39.00661616500618,1.257008989341557e-06
grid-r027-c022,27,22,4.599999904632568,5.600000381469727,0.44999998807907104,-39.10628869379029,1.2284885997360107e-06
grid-r027-c023,27,23,4.800000190734863,5.600000381469727,0.44999998807907104,-39.2661331794579,1.18409536753461e-06
grid-r027-c024,27,24,5.0,5.600000381469727,0.44999998807907104,-39.728847164805444,1.0644255326042185e-06
grid-r027-c025,27,25,5.199999809265137,5.600000381469727,0.44999998807907104,-39.84402847939049,1.0365664593336987e-06
grid-r027-c026,27,26,5.400000095367432,5.600000381469727,0.44999998807907104,-39.7962314645587,1.0480375749466475e-06
grid-r027-c027,27,27,5.599999904632568,5.600000381469727,0.44999998807907104,-39.458533051687,1.1327829270157963e-06
grid-r027-c028,27,28,5.800000190734863,5.600000381469727,0.44999998807907104,-39.77309692779034,1.0536352874623844e-06
grid-r027-c029,27,29,6.0,5.600000381469727,0.44999998807907104,-40.11426322729798,9.740330142449238e-07
grid-r027-c030,27,30,6.199999809265137,5.600000381469727,0.44999998807907104,-39.87414068975305,1.029404188557237e-06
grid-r027-c031,27,31,6.400000095367432,5.600000381469727,0.44999998807907104,-40.47093657163583,8.972352816272178e-07
grid-r027-c032,27,32,6.599999904632568,5.600000381469727,0.44999998807907104,-40.232606601523415,9.478494007453264e-07
grid-r027-c033,27,33,6.800000190734863,5.600000381469727,0.44999998807907104,-40.08893251507223,9.797307711778558e-07
grid-r027-c034,27,34,7.0,5.600000381469727,0.44999998807907104,-40.51552707812103,8.880701898306143e-07
grid-r027-c035,27,35,7.199999809265137,5.600000381469727,0.44999998807907104,-40.08097235959149,9.815281600822345e-07
grid-r027-c036,27,36,7.400000095367432,5.600000381469727,0.44999998807907104,-40.931928872208736,8.068765851021453e-07
grid-r027-c037,27,37,7.599999904632568,5.600000381469727,0.44999998807907104,-40.765539356880566,8.383899512409698e-07
grid-r027-c038,27,38,7.800000190734863,5.600000381469727,0.44999998807907104,-40.12704521044866,9.711704933579313e-07
grid-r027-c039,27,39,8.0,5.600000381469727,0.44999998807907104,-40.1044738971314,9.762310355654336e-07
grid-r027-c040,27,40,8.199999809265137,5.600000381469727,0.44999998807907104,-40.70500577790675,8.501575621266966e-07
grid-r027-c041,27,41,8.399999618530273,5.600000381469727,0.44999998807907104,-40.84118578126264,8.239131261689181e-07
grid-r027-c042,27,42,8.600000381469727,5.600000381469727,0.44999998807907104,-39.28392427631181,1.1792545819844236e-06
grid-r027-c043,27,43,8.800000190734863,5.600000381469727,0.44999998807907104,-40.843031884969314,8.235629707087355e-07
grid-r027-c044,27,44,9.0,5.600000381469727,0.44999998807907104,-40.43926263058967,9.038029133989767e-07
grid-r027-c045,27,45,9.199999809265137,5.600000381469727,0.44999998807907104,-39.58957169786907,1.0991142289640266e-06
grid-r027-c046,27,46,9.399999618530273,5.600000381469727,0.44999998807907104,-40.62222464531971,8.665178938827012e-07
grid-r027-c047,27,47,9.600000381469727,5.600000381469727,0.44999998807907104,-40.26261574812354,9.413224688614719e-07
grid-r027-c048,27,48,9.800000190734863,5.600000381469727,0.44999998807907104,-41.11033312745701,7.744023946543166e-07
grid-r027-c049,27,49,10.0,5.600000381469727,0.44999998807907104,-40.59125371231036,8.727193971935776e-07
grid-r027-c050,27,50,10.200000762939453,5.600000381469727,0.44999998807907104,-40.72149047433044,8.469367003272055e-07
grid-r027-c051,27,51,10.399999618530273,5.600000381469727,0.44999998807907104,-40.6127604502647,8.684082786203362e-07
grid-r027-c052,27,52,10.600000381469727,5.600000381469727,0.44999998807907104,-42.042386643965166,6.248292265809141e-07
grid-r027-c053,27,53,10.800000190734863,5.600000381469727,0.44999998807907104,-40.73682446247573,8.43951625029149e-07
grid-r027-c054,27,54,11.0,5.600000381469727,0.44999998807907104,-40.73847601910597,8.436307439296797e-07
grid-r027-c055,27,55,11.200000762939453,5.600000381469727,0.44999998807907104,-38.86514351175593,1.2986306501261424e-06
grid-r027-c056,27,56,11.399999618530273,5.600000381469727,0.44999998807907104,-39.91870917848178,1.0188941814703867e-06
grid-r027-c057,27,57,11.600000381469727,5.600000381469727,0.44999998807907104,-38.850879912261604,1.3029027741140453e-06
grid-r028-c000,28,0,0.19999980926513672,5.800000190734863,0.44999998807907104,-38.664212863865984,1.3601246564576286e-06
grid-r028-c001,28,1,0.40000009536743164,5.800000190734863,0.44999998807907104,-38.998216314147996,1.259442569789826e-06
grid-r028-c002,28,2,0.5999999046325684,5.800000190734863,0.44999998807907104,-38.91757194478032,1.2830477089664782e-06
grid-r028-c003,28,3,0.7999997138977051,5.800000190734863,0.44999998807907104,-38.839942406019226,1.3061882100373623e-06
grid-r028-c004,28,4,1.0,5.800000190734863,0.44999998807907104,-39.074504880374874,1.2375122651064885e-06
grid-r028-c005,28,5,1.1999998092651367,5.800000190734863,0.44999998807907104,-38.520236266719905,1.405971033818787e-06
grid-r028-c006,28,6,1.4000000953674316,5.800000190734863,0.44999998807907104,-38.88717316434657,1.292060005653184e-06
grid-r028-c007,28,7,1.5999999046325684,5.800000190734863,0.44999998807907104,-38.81526290815763,1.3136319694240228e-06
grid-r028-c008,28,8,1.799999713897705,5.800000190734863,0.44999998807907104,-38.826704345965304,1.310175775870448e-06
grid-r028-c009,28,9,2.0,5.800000190734863,0.44999998807907104,-39.36517164584525,1.1573982874324429e-06
grid-r028-c010,28,10,2.200000047683716,5.800000190734863,0.44999998807907104,-38.845230783268,1.3045986406723387e-06
grid-r028-c011,28,11,2.3999998569488525,5.800000190734863,0.44999998807907104,-39.00492554993376,1.2574984111779486e-06
grid-r028-c012,28,12,2.5999999046325684,5.800000190734863,0.44999998807907104,-38.57502662295428,1.3883447991247522e-06
grid-r028-c013,28,13,2.799999952316284,5.800000190734863,0.44999998807907104,-39.02559497005552,1.2515278058344848e-06
grid-r028-c014,28,14,3.0,5.800000190734863,0.44999998807907104,-39.13787322910935,1.2195866929687327e-06
grid-r028-c015,28,15,3.200000047683716,5.800000190734863,0.44999998807907104,-38.99764712804774,1.2596076430781977e-06
grid-r028-c016,28,16,3.3999998569488525,5.800000190734863,0.44999998807907104,-38.76773726940375,1.3280862276587868e-06
grid-r028-c017,28,17,3.5999999046325684,5.800000190734863,0.44999998807907104,-39.20927291709171,1.1997001365671167e-06
grid-r028-c018,28,18,3.799999952316284,5.800000190734863,0.44999998807907104,-38.996477237989865,1.2599469982887967e-06
grid-r028-c019,28,19,4.0,5.800000190734863,0.44999998807907104,-38.809030813232404,1.3155183751223376e-06
grid-r028-c020,28,20,4.199999809265137,5.800000190734863,0.44999998807907104,-39.32302064236283,1.1686862535498221e-06
grid-r028-c021,28,21,4.400000095367432,5.800000190734863,0.44999998807907104,-39.41975382390197,1.1429431197029771e-06
grid-r028-c022,28,22,4.599999904632568,5.800000190734863,0.44999998807907104,-39.65634845969071,1.0823436014106846e-06
grid-r028-c023,28,23,4.800000190734863,5.800000190734863,0.44999998807907104,-39.057495643698196,1.242368512066605e-06
grid-r028-c024,28,24,5.0,5.800000190734863,0.44999998807907104,-39.90778160775492,1.021461116579303e-06
grid-r028-c025,28,25,5.199999809265137,5.800000190734863,0.44999998807907104,-39.80309239998522,1.0463832040841226e-06
grid-r028-c026,28,26,5.400000095367432,5.800000190734863,0.44999998807907104,-39.730328960108004,1.0640624168445356e-06
grid-r028-c027,28,27,5.599999904632568,5.800000190734863,0.44999998807907104,-40.27692887210822,9.38225241498003e-07
grid-r028-c028,28,28,5.800000190734863,5.800000190734863,0.44999998807907104,-39.68377146593041,1.075530803973379e-06
grid-r028-c029,28,29,6.0,5.800000190734863,0.44999998807907104,-39.941525852307834,1.0135552201973042e-06
grid-r028-c030,28,30,6.199999809265137,5.800000190734863,0.44999998807907104,-40.249336263020766,9.4420516916216e-07
grid-r028-c031,28,31,6.400000095367432,5.800000190734863,0.44999998807907104,-40.29669188065636,9.339654525319929e-07
grid-r028-c032,28,32,6.599999904632568,5.800000190734863,0.44999998807907104,-40.38391171306156,9.153956170848687e-07
grid-r028-c033,28,33,6.800000190734863,5.800000190734863,0.44999998807907104,-40.117616132694835,9.732813168739085e-07
grid-r028-c034,28,34,7.0,5.800000190734863,0.44999998807907104,-40.66653479149704,8.577219432481797e-07
grid-r028-c035,28,35,7.199999809265137,5.800000190734863,0.44999998807907104,-40.89871720008038,8.13070641925151e-07
grid-r028-c036,28,36,7.400000095367432,5.800000190734863,0.44999998807907104,-40.13200079510619,9.700629561848473e-07
grid-r028-c037,28,37,7.599999904632568,5.800000190734863,0.44999998807907104,-40.50438123575513,8.903522825676191e-07
grid-r028-c038,28,38,7.800000190734863,5.800000190734863,0.44999998807907104,-40.525254558759194,8.860832849677536e-07
grid-r028-c039,28,39,8.0,5.800000190734863,0.44999998807907104,-41.17064262755186,7.637227668055857e-07
grid-r028-c040,28,40,8.199999809265137,5.800000190734863,0.44999998807907104,-39.9578408103317,1.0097547828991082e-06
grid-r028-c041,28,41,8.399999618530273,5.800000190734863,0.44999998807907104,-40.88960377582879,8.147786161316617e-07
grid-r028-c042,28,42,8.600000381469727,5.800000190734863,0.44999998807907104,-39.985337143063916,1.0033819535237853e-06
grid-r028-c043,28,43,8.800000190734863,5.800000190734863,0.44999998807907104,-40.00152246484035,9.99649500954547e-07
grid-r028-c044,28,44,9.0,5.800000190734863,0.44999998807907104,-40.969841054606405,7.998635283001931e-07
grid-r028-c045,28,45,9.199999809265137,5.800000190734863,0.44999998807907104,-41.092010139891755,7.776765187372803e-07
grid-r028-c046,28,46,9.399999618530273,5.800000190734863,0.44999998807907104,-39.02918093478072,1.2504948472269461e-06
grid-r028-c047,28,47,9.600000381469727,5.800000190734863,0.44999998807907104,-41.17178899755476,7.635212000423053e-07
grid-r028-c048,28,48,9.800000190734863,5.800000190734863,0.44999998807907104,-40.4508821131177,9.01388034435513e-07
grid-r028-c049,28,49,10.0,5.800000190734863,0.44999998807907104,-40.269321573338246,9.398701195095782e-07
grid-r028-c050,28,50,10.200000762939453,5.800000190734863,0.44999998807907104,-41.68087664888063,6.790665452172107e-07
grid-r028-c051,28,51,10.399999618530273,5.800000190734863,0.44999998807907104,-40.5536207346794,8.803146442915022e-07
grid-r028-c052,28,52,10.600000381469727,5.800000190734863,0.44999998807907104,-40.40524725049873,9.109095913117926e-07
grid-r028-c053,28,53,10.800000190734863,5.800000190734863,0.44999998807907104,-40.315591808559155,9.29909788283112e-07
grid-r028-c054,28,54,11.0,5.800000190734863,0.44999998807907104,-41.89010463700014,6.471270239671867e-07
grid-r028-c055,28,55,11.200000762939453,5.800000190734863,0.44999998807907104,-42.214115457425635,6.006043236084224e-07
grid-r028-c056,28,56,11.399999618530273,5.800000190734863,0.44999998807907104,-41.350563799735994,7.327294042624999e-07
grid-r028-c057,28,57,11.600000381469727,5.800000190734863,0.44999998807907104,-41.94655901546818,6.387693929355009e-07
grid-r029-c000,29,0,0.19999980926513672,6.000000476837158,0.44999998807907104,-38.31482088049306,1.4740693359271972e-06
grid-r029-c001,29,1,0.40000009536743164,6.000000476837158,0.44999998807907104,-39.21063206529085,1.19932474262896e-06
grid-r029-c002,29,2,0.5999999046325684,6.000000476837158,0.44999998807907104,-38.89523825416677,1.289662804992986e-06
grid-r029-c003,29,3,0.7999997138977051,6.000000476837158,0.44999998807907104,-39.192580909992714,1.20432002859161e-06
grid-r029-c004,29,4,1.0,6.000000476837158,0.44999998807907104,-38.43345138538386,1.4343490875035059e-06
grid-r029-c005,29,5,1.1999998092651367,6.000000476837158,0.44999998807907104,-39.202645038274255,1.201532427330676e-06
grid-r029-c006,29,6,1.4000000953674316,6.000000476837158,0.44999998807907104,-38.96168060759629,1.270082520932192e-06
grid-r029-c007,29,7,1.5999999046325684,6.000000476837158,0.44999998807907104,-38.678210830160474,1.355747826892184e-06
grid-r029-c008,29,8,1.799999713897705,6.000000476837158,0.44999998807907104,-38.86368912104177,1.2990656159672653e-06
grid-r029-c009,29,9,2.0,6.000000476837158,0.44999998807907104,-38.6995172574758,1.3491128356690751e-06
grid-r029-c010,29,10,2.200000047683716,6.000000476837158,0.44999998807907104,-38.579950251252974,1.3867717143511982e-06
grid-r029-c011,29,11,2.3999998569488525,6.000000476837158,0.44999998807907104,-39.26379500806934,1.1847330370073905e-06
grid-r029-c012,29,12,2.5999999046325684,6.000000476837158,0.44999998807907104,-39.38732889702304,1.1515083997437614e-06
grid-r029-c013,29,13,2.799999952316284,6.000000476837158,0.44999998807907104,-38.98889920589127,1.2621474070328986e-06
grid-r029-c014,29,14,3.0,6.000000476837158,0.44999998807907104,-39.326320546710384,1.1677985867208918e-06
grid-r029-c015,29,15,3.200000047683716,6.000000476837158,0.44999998807907104,-39.02796423231251,1.2508452300608042e-06
grid-r029-c016,29,16,3.3999998569488525,6.000000476837158,0.44999998807907104,-39.37870198365999,1.1537980526554747e-06
grid-r029-c017,29,17,3.5999999046325684,6.000000476837158,0.44999998807907104,-38.86047302094311,1.3000279750485788e-06
grid-r029-c018,29,18,3.799999952316284,6.000000476837158,0.44999998807907104,-39.14205844141759,1.2184119668745552e-06
grid-r029-c019,29,19,4.0,6.000000476837158,0.44999998807907104,-39.02086268408091,1.2528922752608196e-06
grid-r029-c020,29,20,4.199999809265137,6.000000476837158,0.44999998807907104,-39.374805362115275,1.1548337397471187e-06
grid-r029-c021,29,21,4.400000095367432,6.000000476837158,0.44999998807907104,-39.37332419448467,1.155227664639824e-06
grid-r029-c022,29,22,4.599999904632568,6.000000476837158,0.44999998807907104,-38.80803258625325,1.315820782110677e-06
grid-r029-c023,29,23,4.800000190734863,6.000000476837158,0.44999998807907104,-39.2657779330886,1.1841922287203488e-06
grid-r029-c024,29,24,5.0,6.000000476837158,0.44999998807907104,-39.584100146174,1.1004998441421776e-06
grid-r029-c025,29,25,5.199999809265137,6.000000476837158,0.44999998807907104,-39.71202434387049,1.0685566849133465e-06
grid-r029-c026,29,26,5.400000095367432,6.000000476837158,0.44999998807907104,-40.179237489460434,9.595690926289535e-07
grid-r029-c027,29,27,5.599999904632568,6.000000476837158,0.44999998807907104,-39.69254013935485,1.0733614317359752e-06
grid-r029-c028,29,28,5.800000190734863,6.000000476837158,0.44999998807907104,-40.30386966398994,9.324231200480426e-07
grid-r029-c029,29,29,6.0,6.000000476837158,0.44999998807907104,-40.19141825587177,9.568815357852145e-07
grid-r029-c030,29,30,6.199999809265137,6.000000476837158,0.44999998807907104,-39.937160903937006,1.0145744226974784e-06
grid-r029-c031,29,31,6.400000095367432,6.000000476837158,0.44999998807907104,-40.72407990856146,8.464318739243026e-07
grid-r029-c032,29,32,6.599999904632568,6.000000476837158,0.44999998807907104,-40.91866062251497,8.093454653135268e-07
grid-r029-c033,29,33,6.800000190734863,6.000000476837158,0.44999998807907104,-40.46750469604782,8.979445738077629e-07
grid-r029-c034,29,34,7.0,6.000000476837158,0.44999998807907104,-40.55780313818977,8.794672794465441e-07
grid-r029-c035,29,35,7.199999809265137,6.000000476837158,0.44999998807907104,-41.075221020986525,7.806887083461334e-07
grid-r029-c036,29,36,7.400000095367432,6.000000476837158,0.44999998807907104,-40.17997231322779,9.59406747824687e-07
grid-r029-c037,29,37,7.599999904632568,6.000000476837158,0.44999998807907104,-41.28083192197976,7.445893288604566e-07
grid-r029-c038,29,38,7.800000190734863,6.000000476837158,0.44999998807907104,-40.64119796585143,8.627405350125628e-07
grid-r029-c039,29,39,8.0,6.000000476837158,0.44999998807907104,-40.236222116931074,9.470606414652138e-07
grid-r029-c040,29,40,8.199999809265137,6.000000476837158,0.44999998807907104,-40.24900997855376,9.442761097488983e-07
grid-r029-c041,29,41,8.399999618530273,6.000000476837158,0.44999998807907104,-41.41793646652957,7.214501920316252e-07
grid-r029-c042,29,42,8.600000381469727,6.000000476837158,0.44999998807907104,-39.243707583599004,1.1902254755113972e-06
grid-r029-c043,29,43,8.800000190734863,6.000000476837158,0.44999998807907104,-40.82795040592954,8.264278790193202e-07
grid-r029-c044,29,44,9.0,6.000000476837158,0.44999998807907104,-40.2791149146715,9.377531000609451e-07
grid-r029-c045,29,45,9.199999809265137,6.000000476837158,0.44999998807907104,-40.63306365346673,8.643579576528282e-07
grid-r029-c046,29,46,9.399999618530273,6.000000476837158,0.44999998807907104,-40.51794591998886,8.875757089299441e-07
grid-r029-c047,29,47,9.600000381469727,6.000000476837158,0.44999998807907104,-40.29091077378932,9.352095275971806e-07
grid-r029-c048,29,48,9.800000190734863,6.000000476837158,0.44999998807907104,-41.253345813519175,7.493167117900157e-07
grid-r029-c049,29,49,10.0,6.000000476837158,0.44999998807907104,-40.82651769813452,8.267005568995955e-07
grid-r029-c050,29,50,10.200000762939453,6.000000476837158,0.44999998807907104,-40.66113695440371,8.587886668465217e-07
grid-r029-c051,29,51,10.399999618530273,6.000000476837158,0.44999998807907104,-40.50310681332445,8.906135917641222e-07
grid-r029-c052,29,52,10.600000381469727,6.000000476837158,0.44999998807907104,-40.372376198168695,9.17830277558096e-07
grid-r029-c053,29,53,10.800000190734863,6.000000476837158,0.44999998807907104,-41.552940301068595,6.993683427936048e-07
grid-r029-c054,29,54,11.0,6.000000476837158,0.44999998807907104,-40.78891234796095,8.338899988302728e-07
grid-r029-c055,29,55,11.200000762939453,6.000000476837158,0.44999998807907104,-39.900112109147784,1.02326657724916e-06
grid-r029-c056,29,56,11.399999618530273,6.000000476837158,0.44999998807907104,-40.75006098971876,8.4138332567818e-07
grid-r029-c057,29,57,11.600000381469727,6.000000476837158,0.44999998807907104,-40.7853458947974,8.345750757143833e-07
grid-r030-c000,30,0,0.19999980926513672,6.200000762939453,0.44999998807907104,-38.77957289945432,1.3244717820271035e-06
grid-r030-c001,30,1,0.40000009536743164,6.200000762939453,0.44999998807907104,-39.12314349197662,1.2237301234563347e-06
grid-r030-c002,30,2,0.5999999046325684,6.200000762939453,0.44999998807907104,-38.27087380578992,1.4890614465912222e-06
grid-r030-c003,30,3,0.7999997138977051,6.200000762939453,0.44999998807907104,-39.1982742104766,1.2027422826577094e-06
grid-r030-c004,30,4,1.0,6.200000762939453,0.44999998807907104,-39.188749786262065,1.2053828868374694e-06
grid-r030-c005,30,5,1.1999998092651367,6.200000762939453,0.44999998807907104,-39.18721074842169,1.2058101219736272e-06
grid-r030-c006,30,6,1.4000000953674316,6.200000762939453,0.44999998807907104,-39.18397923383077,1.2067076795574394e-06
grid-r030-c007,30,7,1.5999999046325684,6.200000762939453,0.44999998807907104,-39.306583037376754,1.1731179938578862e-06
grid-r030-c008,30,8,1.799999713897705,6.200000762939453,0.44999998807907104,-38.97429495946344,1.2663988400163362e-06
grid-r030-c009,30,9,2.0,6.200000762939453,0.44999998807907104,-39.39035108258739,1.150707362285175e-06
grid-r030-c010,30,10,2.200000047683716,6.200000762939453,0.44999998807907104,-39.60673267720546,1.0947796909022145e-06
grid-r030-c011,30,11,2.3999998569488525,6.200000762939453,0.44999998807907104,-39.319180814571666,1.1697200079652248e-06
grid-r030-c012,30,12,2.5999999046325684,6.200000762939453,0.44999998807907104,-38.9906755581223,1.2616312687896425e-06
grid-r030-c013,30,13,2.799999952316284,6.200000762939453,0.44999998807907104,-39.51964238633995,1.1169552180945175e-06
grid-r030-c014,30,14,3.0,6.200000762939453,0.44999998807907104,-39.09910736802651,1.2305216614549863e-06
grid-r030-c015,30,15,3.200000047683716,6.200000762939453,0.44999998807907104,-39.31216784589034,1.1716103927028598e-06
grid-r030-c016,30,16,3.3999998569488525,6.200000762939453,0.44999998807907104,-38.798338086053185,1.3187612921683467e-06
grid-r030-c017,30,17,3.5999999046325684,6.200000762939453,0.44999998807907104,-39.25623718693635,1.1867965667988756e-06
grid-r030-c018,30,18,3.799999952316284,6.200000762939453,0.44999998807907104,-39.28197489997085,1.1797840215876931e-06
grid-r030-c019,30,19,4.0,6.200000762939453,0.44999998807907104,-39.66294836155642,1.0807000307977432e-06
grid-r030-c020,30,20,4.199999809265137,6.200000762939453,0.44999998807907104,-38.964933271616516,1.2691316442214884e-06
grid-r030-c021,30,21,4.400000095367432,6.200000762939453,0.44999998807907104,-39.889647038037175,1.025735286930285e-06
grid-r030-c022,30,22,4.599999904632568,6.200000762939453,0.44999998807907104,-39.22547451532487,1.1952329259656835e-06
grid-r030-c023,30,23,4.800000190734863,6.200000762939453,0.44999998807907104,-39.52074452470589,1.1166717968080775e-06
grid-r030-c024,30,24,5.0,6.200000762939453,0.44999998807907104,-38.97622760371818,1.2658354080485879e-06
grid-r030-c025,30,25,5.199999809265137,6.200000762939453,0.44999998807907104,-39.914329815613534,1.0199221378570655e-06
grid-r030-c026,30,26,5.400000095367432,6.200000762939453,0.44999998807907104,-40.17490825916815,9.60526108428894e-07
grid-r030-c027,30,27,5.599999904632568,6.200000762939453,0.44999998807907104,-40.87144948734768,8.181916655303212e-07
grid-r030-c028,30,28,5.800000190734863,6.200000762939453,0.44999998807907104,-39.87014239610177,1.0303523367838352e-06
grid-r030-c029,30,29,6.0,6.200000762939453,0.44999998807907104,-39.71693279135404,1.0673496717572561e-06
grid-r030-c030,30,30,6.199999809265137,6.200000762939453,0.44999998807907104,-41.02487701017735,7.897912155385711e-07
grid-r030-c031,30,31,6.400000095367432,6.200000762939453,0.44999998807907104,-39.9953628534613,1.0010683126893127e-06
grid-r030-c032,30,32,6.599999904632568,6.200000762939453,0.44999998807907104,-41.011791473157345,7.921744895611482e-07
grid-r030-c033,30,33,6.800000190734863,6.200000762939453,0.44999998807907104,-40.59379577767602,8.722087159185321e-07
grid-r030-c034,30,34,7.0,6.200000762939453,0.44999998807907104,-40.451549324363185,9.01249563867168e-07
grid-r030-c035,30,35,7.199999809265137,6.200000762939453,0.44999998807907104,-40.82996003953034,8.260455501840624e-07
grid-r030-c036,30,36,7.400000095367432,6.200000762939453,0.44999998807907104,-40.51479687989712,8.882195174919616e-07
grid-r030-c037,30,37,7.599999904632568,6.200000762939453,0.44999998807907104,-40.450828433909535,9.013991757456097e-07
grid-r030-c038,30,38,7.800000190734863,6.200000762939453,0.44999998807907104,-41.52109018216152,7.045161964924773e-07
grid-r030-c039,30,39,8.0,6.200000762939453,0.44999998807907104,-40.15298750862111,9.653865618020063e-07
grid-r030-c040,30,40,8.199999809265137,6.200000762939453,0.44999998807907104,-41.398301304413124,7.24719370737148e-07
grid-r030-c041,30,41,8.399999618530273,6.200000762939453,0.44999998807907104,-39.524776586791226,1.115635541282245e-06
grid-r030-c042,30,42,8.600000381469727,6.200000762939453,0.44999998807907104,-41.39943305530903,7.245305368996924e-07
grid-r030-c043,30,43,8.800000190734863,6.200000762939453,0.44999998807907104,-40.8110362896567,8.296527767015505e-07
grid-r030-c044,30,44,9.0,6.200000762939453,0.44999998807907104,-40.40368351925869,9.112376346820383e-07
grid-r030-c045,30,45,9.199999809265137,6.200000762939453,0.44999998807907104,-40.280821403056414,9.373846978633082e-07
grid-r030-c046,30,46,9.399999618530273,6.200000762939453,0.44999998807907104,-41.54560084985238,7.005512543400982e-07
grid-r030-c047,30,47,9.600000381469727,6.200000762939453,0.44999998807907104,-41.2709368511998,7.462877533725987e-07
grid-r030-c048,30,48,9.800000190734863,6.200000762939453,0.44999998807907104,-41.33309756113506,7.356821924986434e-07
grid-r030-c049,30,49,10.0,6.200000762939453,0.44999998807907104,-41.51816771505081,7.04990441136033e-07
grid-r030-c050,30,50,10.200000762939453,6.200000762939453,0.44999998807907104,-41.7411022729417,6.697146091028117e-07
grid-r030-c051,30,51,10.399999618530273,6.200000762939453,0.44999998807907104,-41.218901939941766,7.552831675639027e-07
grid-r030-c052,30,52,10.600000381469727,6.200000762939453,0.44999998807907104,-41.2879611000489,7.433680480062321e-07
grid-r030-c053,30,53,10.800000190734863,6.200000762939453,0.44999998807907104,-41.483054738314856,7.107134365469392e-07
grid-r030-c054,30,54,11.0,6.200000762939453,0.44999998807907104,-40.54541997598981,8.819785080049769e-07
grid-r030-c055,30,55,11.200000762939453,6.200000762939453,0.44999998807907104,-42.07717835977809,6.198436608428892e-07
grid-r030-c056,30,56,11.399999618530273,6.200000762939453,0.44999998807907104,-41.72435775313697,6.723017236254236e-07
grid-r030-c057,30,57,11.600000381469727,6.200000762939453,0.44999998807907104,-40.94954379663611,8.036105327846599e-07
grid-r031-c000,31,0,0.19999980926513672,6.40000057220459,0.44999998807907104,-38.75669837243608,1.3314662510310882e-06
grid-r031-c001,31,1,0.40000009536743164,6.40000057220459,0.44999998807907104,-39.234990487279575,1.1926168781428714e-06
grid-r031-c002,31,2,0.5999999046325684,6.40000057220459,0.44999998807907104,-39.387138097247956,1.1515589903865475e-06
grid-r031-c003,31,3,0.7999997138977051,6.40000057220459,0.44999998807907104,-39.19909243054625,1.2025157047901303e-06
grid-r031-c004,31,4,1.0,6.40000057220459,0.44999998807907104,-38.85385114246509,1.3020116966799833e-06
grid-r031-c005,31,5,1.1999998092651367,6.40000057220459,0.44999998807907104,-38.86961807504186,1.297293351854023e-06
grid-r031-c006,31,6,1.4000000953674316,6.40000057220459,0.44999998807907104,-39.333726136366124,1.1658089533739258e-06
grid-r031-c007,31,7,1.5999999046325684,6.40000057220459,0.44999998807907104,-39.15303820668983,1.2153354873589706e-06
grid-r031-c008,31,8,1.799999713897705,6.40000057220459,0.44999998807907104,-39.537341764808474,1.1124124057459994e-06
grid-r031-c009,31,9,2.0,6.40000057220459,0.44999998807907104,-38.956050983416716,1.271729956897616e-06
grid-r031-c010,31,10,2.200000047683716,6.40000057220459,0.44999998807907104,-39.211633793487934,1.1990481425527832e-06
grid-r031-c011,31,11,2.3999998569488525,6.40000057220459,0.44999998807907104,-39.3857161526364,1.1519360896272701e-06
grid-r031-c012,31,12,2.5999999046325684,6.40000057220459,0.44999998807907104,-39.176755400307464,1.2087165259799804e-06
grid-r031-c013,31,13,2.799999952316284,6.40000057220459,0.44999998807907104,-39.006340437914524,1.2570887975016376e-06
grid-r031-c014,31,14,3.0,6.40000057220459,0.44999998807907104,-39.63598800425251,1.0874297231566743e-06
grid-r031-c015,31,15,3.200000047683716,6.40000057220459,0.44999998807907104,-38.900768464861514,1.2880216218036367e-06
grid-r031-c016,31,16,3.3999998569488525,6.40000057220459,0.44999998807907104,-39.66636203887069,1.0798509038068005e-06
grid-r031-c017,31,17,3.5999999046325684,6.40000057220459,0.44999998807907104,-39.36943879805921,1.1562616464289022e-06
grid-r031-c018,31,18,3.799999952316284,6.40000057220459,0.44999998807907104,-39.5205040021425,1.116733642447798e-06
grid-r031-c019,31,19,4.0,6.40000057220459,0.44999998807907104,-39.1533197502708,1.2152567023804295e-06
grid-r031-c020,31,20,4.199999809265137,6.40000057220459,0.44999998807907104,-39.01287146576193,1.2551997770060552e-06
grid-r031-c021,31,21,4.400000095367432,6.40000057220459,0.44999998807907104,-39.193097913542786,1.204176669489243e-06
grid-r031-c022,31,22,4.599999904632568,6.40000057220459,0.44999998807907104,-39.736511188155646,1.06254879028711e-06
grid-r031-c023,31,23,4.800000190734863,6.40000057220459,0.44999998807907104,-38.84684369185181,1.3041142210568069e-06
grid-r031-c024,31,24,5.0,6.40000057220459,0.44999998807907104,-40.07427970781522,9.830419003264979e-07
grid-r031-c025,31,25,5.199999809265137,6.40000057220459,0.44999998807907104,-39.553208337336876,1.108355718315579e-06
grid-r031-c026,31,26,5.400000095367432,6.40000057220459,0.44999998807907104,-40.327066715422895,9.274560284211475e-07
grid-r031-c027,31,27,5.599999904632568,6.40000057220459,0.44999998807907104,-39.71918383112765,1.0667965852917405e-06
grid-r031-c028,31,28,5.800000190734863,6.40000057220459,0.44999998807907104,-40.6544107029721,8.601197691859852e-07
grid-r031-c029,31,29,6.0,6.40000057220459,0.44999998807907104,-40.614864604013974,8.679876373207662e-07
grid-r031-c030,31,30,6.199999809265137,6.40000057220459,0.44999998807907104,-41.06673380636178,7.822158636372478e-07
grid-r031-c031,31,31,6.400000095367432,6.40000057220459,0.44999998807907104,-40.719403955820766,8.473436992062489e-07
grid-r031-c032,31,32,6.599999904632568,6.40000057220459,0.44999998807907104,-40.47656165556699,8.960739137364726e-07
grid-r031-c033,31,33,6.800000190734863,6.40000057220459,0.44999998807907104,-40.945917912523704,8.042817398745683e-07
grid-r031-c034,31,34,7.0,6.40000057220459,0.44999998807907104,-40.68377906012509,8.543229910173977e-07
grid-r031-c035,31,35,7.199999809265137,6.40000057220459,0.44999998807907104,-40.603791421872195,8.702035643182171e-07
grid-r031-c036,31,36,7.400000095367432,6.40000057220459,0.44999998807907104,-41.20998828791941,7.568349360553839e-07
grid-r031-c037,31,37,7.599999904632568,6.40000057220459,0.44999998807907104,-41.91354734893611,6.436433181988832e-07
grid-r031-c038,31,38,7.800000190734863,6.40000057220459,0.44999998807907104,-40.259563631972256,9.419842399438494e-07
grid-r031-c039,31,39,8.0,6.40000057220459,0.44999998807907104,-40.50815429857132,8.895790983842744e-07
grid-r031-c040,31,40,8.199999809265137,6.40000057220459,0.44999998807907104,-40.326803207794214,9.275123034058197e-07
grid-r031-c041,31,41,8.399999618530273,6.40000057220459,0.44999998807907104,-40.07787431238573,9.822285846894374e-07
grid-r031-c042,31,42,8.600000381469727,6.40000057220459,0.44999998807907104,-41.09975439191574,7.762910172459669e-07
grid-r031-c043,31,43,8.800000190734863,6.40000057220459,0.44999998807907104,-40.831224380144484,8.258051025222812e-07
grid-r031-c044,31,44,9.0,6.40000057220459,0.44999998807907104,-41.39266806184806,7.256600156324566e-07
grid-r031-c045,31,45,9.199999809265137,6.40000057220459,0.44999998807907104,-41.66968568729365,6.808186299167573e-07
grid-r031-c046,31,46,9.399999618530273,6.40000057220459,0.44999998807907104,-41.5081101772948,7.066249736453756e-07
grid-r031-c047,31,47,9.600000381469727,6.40000057220459,0.44999998807907104,-40.51187009263316,8.888183060662413e-07
grid-r031-c048,31,48,9.800000190734863,6.40000057220459,0.44999998807907104,-40.58231511199204,8.745174682189827e-07
grid-r031-c049,31,49,10.0,6.40000057220459,0.44999998807907104,-40.90341680657092,8.121912742353743e-07
grid-r031-c050,31,50,10.200000762939453,6.40000057220459,0.44999998807907104,-40.54502617127923,8.820584866953141e-07
grid-r031-c051,31,51,10.399999618530273,6.40000057220459,0.44999998807907104,-41.08549665576895,7.788437415001681e-07
grid-r031-c052,31,52,10.600000381469727,6.40000057220459,0.44999998807907104,-41.542705515036175,7.010184503997152e-07
grid-r031-c053,31,53,10.800000190734863,6.40000057220459,0.44999998807907104,-40.10764564557241,9.755183327797567e-07
grid-r031-c054,31,54,11.0,6.40000057220459,0.44999998807907104,-41.826210136019945,6.567181003447331e-07
grid-r031-c055,31,55,11.200000762939453,6.40000057220459,0.44999998807907104,-40.26530523321817,9.407397101313109e-07
grid-r031-c056,31,56,11.399999618530273,6.40000057220459,0.44999998807907104,-40.84396212704134,8.233865855800104e-07
grid-r031-c057,31,57,11.600000381469727,6.40000057220459,0.44999998807907104,-41.1554876823277,7.663924748158024e-07
grid-r032-c000,32,0,0.19999980926513672,6.600000381469727,0.44999998807907104,-38.15772907031401,1.5283650327546638e-06
grid-r032-c001,32,1,0.40000009536743164,6.600000381469727,0.44999998807907104,-38.91118563951453,1.2849358199673588e-06
grid-r032-c002,32,2,0.5999999046325684,6.600000381469727,0.44999998807907104,-39.605580548327694,1.0950701607725932e-06
grid-r032-c003,32,3,0.7999997138977051,6.600000381469727,0.44999998807907104,-39.012063595374265,1.2554332897707354e-06
grid-r032-c004,32,4,1.0,6.600000381469727,0.44999998807907104,-39.39871185894486,1.1484942206152482e-06
grid-r032-c005,32,5,1.1999998092651367,6.600000381469727,0.44999998807907104,-39.313699964194825,1.1711971410477418e-06
grid-r032-c006,32,6,1.4000000953674316,6.600000381469727,0.44999998807907104,-39.22045386261875,1.1966154715992161e-06
grid-r032-c007,32,7,1.5999999046325684,6.600000381469727,0.44999998807907104,-39.30220352000154,1.174301587525406e-06
grid-r032-c008,32,8,1.799999713897705,6.600000381469727,0.44999998807907104,-38.688095707549024,1.3526655493478756e-06
grid-r032-c009,32,9,2.0,6.600000381469727,0.44999998807907104,-39.347377074864355,1.1621502835623687e-06
grid-r032-c010,32,10,2.200000047683716,6.600000381469727,0.44999998807907104,-39.43035343432754,1.1401569963709335e-06
grid-r032-c011,32,11,2.3999998569488525,6.600000381469727,0.44999998807907104,-39.49603645389924,1.1230429208808346e-06
grid-r032-c012,32,12,2.5999999046325684,6.600000381469727,0.44999998807907104,-39.417973109889445,1.1434118505349034e-06
grid-r032-c013,32,13,2.799999952316284,6.600000381469727,0.44999998807907104,-39.50223717802335,1.1214406185899861e-06
grid-r032-c014,32,14,3.0,6.600000381469727,0.44999998807907104,-39.08837180445375,1.2335672181507107e-06
grid-r032-c015,32,15,3.200000047683716,6.600000381469727,0.44999998807907104,-39.85251761969731,1.0345422651880654e-06
grid-r032-c016,32,16,3.3999998569488525,6.600000381469727,0.44999998807907104,-39.232007860391526,1.1934362191823311e-06
grid-r032-c017,32,17,3.5999999046325684,6.600000381469727,0.44999998807907104,-39.92926743057573,1.0164201285078889e-06
grid-r032-c018,32,18,3.799999952316284,6.600000381469727,0.44999998807907104,-39.28481449087669,1.1790128837674274e-06
grid-r032-c019,32,19,4.0,6.600000381469727,0.44999998807907104,-39.549785383409514,1.109229629037145e-06
grid-r032-c020,32,20,4.199999809265137,6.600000381469727,0.44999998807907104,-39.75491625603788,1.0580553180261631e-06
grid-r032-c021,32,21,4.400000095367432,6.600000381469727,0.44999998807907104,-39.50650724529255,1.1203385383851128e-06
grid-r032-c022,32,22,4.599999904632568,6.600000381469727,0.44999998807907104,-39.09843614381427,1.2307118595344946e-06
grid-r032-c023,32,23,4.800000190734863,6.600000381469727,0.44999998807907104,-38.79616115911611,1.3194224948165356e-06
grid-r032-c024,32,24,5.0,6.600000381469727,0.44999998807907104,-39.031817634953036,1.2497358738983166e-06
grid-r032-c025,32,25,5.199999809265137,6.600000381469727,0.44999998807907104,-40.056397695505545,9.87097905635892e-07
grid-r032-c026,32,26,5.400000095367432,6.600000381469727,0.44999998807907104,-39.955037495803566,1.0104067769134417e-06
grid-r032-c027,32,27,5.599999904632568,6.600000381469727,0.44999998807907104,-40.14431655103149,9.673159411249799e-07
grid-r032-c028,32,28,5.800000190734863,6.600000381469727,0.44999998807907104,-40.63972486142943,8.630332217762771e-07
grid-r032-c029,32,29,6.0,6.600000381469727,0.44999998807907104,-40.66671698412529,8.576859613640408e-07
grid-r032-c030,32,30,6.199999809265137,6.600000381469727,0.44999998807907104,-40.77032364043872,8.374668709620892e-07
grid-r032-c031,32,31,6.400000095367432,6.600000381469727,0.44999998807907104,-40.51555209660389,8.880650739229168e-07
grid-r032-c032,32,32,6.599999904632568,6.600000381469727,0.44999998807907104,-40.92620700348512,8.079403528427065e-07
grid-r032-c033,32,33,6.800000190734863,6.600000381469727,0.44999998807907104,-41.10860406332713,7.747107702016365e-07
grid-r032-c034,32,34,7.0,6.600000381469727,0.44999998807907104,-40.85899410667903,8.20541572466027e-07
grid-r032-c035,32,35,7.199999809265137,6.600000381469727,0.44999998807907104,-40.924119362614306,8.083288207672013e-07
grid-r032-c036,32,36,7.400000095367432,6.600000381469727,0.44999998807907104,-40.856343439852914,8.210425335164473e-07
grid-r032-c037,32,37,7.599999904632568,6.600000381469727,0.44999998807907104,-40.94693953559283,8.040925649765995e-07
grid-r032-c038,32,38,7.800000190734863,6.600000381469727,0.44999998807907104,-40.85092082648675,8.220683298532094e-07
grid-r032-c039,32,39,8.0,6.600000381469727,0.44999998807907104,-39.79864890551558,1.0474543614691356e-06
grid-r032-c040,32,40,8.199999809265137,6.600000381469727,0.44999998807907104,-40.45140332890555,9.012798614094208e-07
grid-r032-c041,32,41,8.399999618530273,6.600000381469727,0.44999998807907104,-40.99348861440782,7.955200658216199e-07
grid-r032-c042,32,42,8.600000381469727,6.600000381469727,0.44999998807907104,-40.87733618247213,8.17083389392792e-07
grid-r032-c043,32,43,8.800000190734863,6.600000381469727,0.44999998807907104,-40.46747472927529,8.979507697404188e-07
grid-r032-c044,32,44,9.0,6.600000381469727,0.44999998807907104,-40.886346365915614,8.153899671015097e-07
grid-r032-c045,32,45,9.199999809265137,6.600000381469727,0.44999998807907104,-41.06803522279612,7.819814982212847e-07
grid-r032-c046,32,46,9.399999618530273,6.600000381469727,0.44999998807907104,-40.474358770096316,8.965285474005213e-07
grid-r032-c047,32,47,9.600000381469727,6.600000381469727,0.44999998807907104,-40.932800319141975,8.067146950452297e-07
grid-r032-c048,32,48,9.800000190734863,6.600000381469727,0.44999998807907104,-41.29694721464939,7.418315135510056e-07
grid-r032-c049,32,49,10.0,6.600000381469727,0.44999998807907104,-40.63628994078684,8.637160817670519e-07
grid-r032-c050,32,50,10.200000762939453,6.600000381469727,0.44999998807907104,-40.76307959042319,8.388649348489707e-07
grid-r032-c051,32,51,10.399999618530273,6.600000381469727,0.44999998807907104,-42.61428741816084,5.477359650285507e-07
grid-r032-c052,32,52,10.600000381469727,6.600000381469727,0.44999998807907104,-41.18020173015773,7.620436122124374e-07
grid-r032-c053,32,53,10.800000190734863,6.600000381469727,0.44999998807907104,-40.524887093420716,8.86158261437231e-07
grid-r032-c054,32,54,11.0,6.600000381469727,0.44999998807907104,-42.15735652889325,6.085052746129804e-07
grid-r032-c055,32,55,11.200000762939453,6.600000381469727,0.44999998807907104,-40.857283755671745,8.208647841456695e-07
grid-r032-c056,32,56,11.399999618530273,6.600000381469727,0.44999998807907104,-43.427843086590244,4.541671216884424e-07
grid-r032-c057,32,57,11.600000381469727,6.600000381469727,0.44999998807907104,-41.24500242094716,7.507576356147183e-07
grid-r033-c000,33,0,0.19999980926513672,6.800000190734863,0.44999998807907104,-37.85453445114108,1.6388777339670924e-06
grid-r033-c001,33,1,0.40000009536743164,6.800000190734863,0.44999998807907104,-38.90689070425167,1.2862071798735997e-06
grid-r033-c002,33,2,0.5999999046325684,6.800000190734863,0.44999998807907104,-39.0761150403629,1.2370535387162818e-06
grid-r033-c003,33,3,0.7999997138977051,6.800000190734863,0.44999998807907104,-40.07861530940644,9.820610102906357e-07
grid-r033-c004,33,4,1.0,6.800000190734863,0.44999998807907104,-39.06106390722098,1.2413481726980535e-06
grid-r033-c005,33,5,1.1999998092651367,6.800000190734863,0.44999998807907104,-38.82926992353309,1.3094020232529147e-06
grid-r033-c006,33,6,1.4000000953674316,6.800000190734863,0.44999998807907104,-39.61907487716684,1.0916728570009582e-06
grid-r033-c007,33,7,1.5999999046325684,6.800000190734863,0.44999998807907104,-39.29662604336972,1.1758106666093227e-06
grid-r033-c008,33,8,1.799999713897705,6.800000190734863,0.44999998807907104,-39.2884446529018,1.1780277873185696e-06
grid-r033-c009,33,9,2.0,6.800000190734863,0.44999998807907104,-39.39467913671827,1.1495611715872656e-06
grid-r033-c010,33,10,2.200000047683716,6.800000190734863,0.44999998807907104,-38.75220597524525,1.3328442491911119e-06
grid-r033-c011,33,11,2.3999998569488525,6.800000190734863,0.44999998807907104,-39.5292784267588,1.1144796872031293e-06
grid-r033-c012,33,12,2.5999999046325684,6.800000190734863,0.44999998807907104,-39.62918773826569,1.0891337751672836e-06
grid-r033-c013,33,13,2.799999952316284,6.800000190734863,0.44999998807907104,-39.12206798008821,1.2240332125657005e-06
grid-r033-c014,33,14,3.0,6.800000190734863,0.44999998807907104,-39.72197785330462,1.0661104852260905e-06
grid-r033-c015,33,15,3.200000047683716,6.800000190734863,0.44999998807907104,-39.25529873855734,1.1870530443047755e-06
grid-r033-c016,33,16,3.3999998569488525,6.800000190734863,0.44999998807907104,-39.079519291032135,1.2360842447378673e-06
grid-r033-c017,33,17,3.5999999046325684,6.800000190734863,0.44999998807907104,-39.65045369214618,1.0838136859092629e-06
grid-r033-c018,33,18,3.799999952316284,6.800000190734863,0.44999998807907104,-39.522129114880755,1.1163158433191711e-06
grid-r033-c019,33,19,4.0,6.800000190734863,0.44999998807907104,-39.51132105813258,1.1190974191777059e-06
grid-r033-c020,33,20,4.199999809265137,6.800000190734863,0.44999998807907104,-39.70469258558908,1.0703621455832035e-06
grid-r033-c021,33,21,4.400000095367432,6.800000190734863,0.44999998807907104,-39.73064867480534,1.0639840866133454e-06
grid-r033-c022,33,22,4.599999904632568,6.800000190734863,0.44999998807907104,-39.70990124219653,1.069079189619515e-06
grid-r033-c023,33,23,4.800000190734863,6.800000190734863,0.44999998807907104,-40.0006300633725,9.9985493307031e-07
grid-r033-c024,33,24,5.0,6.800000190734863,0.44999998807907104,-39.89741234379033,1.023902882479888e-06
grid-r033-c025,33,25,5.199999809265137,6.800000190734863,0.44999998807907104,-39.88597734742825,1.0266023764415877e-06
grid-r033-c026,33,26,5.400000095367432,6.800000190734863,0.44999998807907104,-40.43034764470246,9.05660101579997e-07
grid-r033-c027,33,27,5.599999904632568,6.800000190734863,0.44999998807907104,-39.99024340584144,1.0022490641858894e-06
grid-r033-c028,33,28,5.800000190734863,6.800000190734863,0.44999998807907104,-40.183367598598096,9.58656983129913e-07
grid-r033-c029,33,29,6.0,6.800000190734863,0.44999998807907104,-40.602122228509586,8.70538087838213e-07
grid-r033-c030,33,30,6.199999809265137,6.800000190734863,0.44999998807907104,-40.60154659776589,8.706534799785004e-07
grid-r033-c031,33,31,6.400000095367432,6.800000190734863,0.44999998807907104,-41.47372689521595,7.122415581761743e-07
grid-r033-c032,33,32,6.599999904632568,6.800000190734863,0.44999998807907104,-41.0523869699403,7.848041718716559e-07
grid-r033-c033,33,33,6.800000190734863,6.800000190734863,0.44999998807907104,-41.264988611552155,7.4731059385158e-07
grid-r033-c034,33,34,7.0,6.800000190734863,0.44999998807907104,-41.18081534425713,7.619359507771151e-07
grid-r033-c035,33,35,7.199999809265137,6.800000190734863,0.44999998807907104,-40.74487664801036,8.423883173236391e-07
grid-r033-c036,33,36,7.400000095367432,6.800000190734863,0.44999998807907104,-42.02478171167873,6.273672283896303e-07
grid-r033-c037,33,37,7.599999904632568,6.800000190734863,0.44999998807907104,-41.18457700175908,7.612762829012354e-07
grid-r033-c038,33,38,7.800000190734863,6.800000190734863,0.44999998807907104,-40.21179265104992,9.524029565000092e-07
grid-r033-c039,33,39,8.0,6.800000190734863,0.44999998807907104,-40.36787437845801,9.187821774503391e-07
grid-r033-c040,33,40,8.199999809265137,6.800000190734863,0.44999998807907104,-40.34879982168344,9.22826416172029e-07
grid-r033-c041,33,41,8.399999618530273,6.800000190734863,0.44999998807907104,-40.88544120651069,8.155599289239035e-07
grid-r033-c042,33,42,8.600000381469727,6.800000190734863,0.44999998807907104,-40.55195473113825,8.806524078863731e-07
grid-r033-c043,33,43,8.800000190734863,6.800000190734863,0.44999998807907104,-40.72967107203202,8.453428677057673e-07
grid-r033-c044,33,44,9.0,6.800000190734863,0.44999998807907104,-41.788446463982616,6.62453430777532e-07
grid-r033-c045,33,45,9.199999809265137,6.800000190734863,0.44999998807907104,-41.15744884955284,7.660464689251967e-07
grid-r033-c046,33,46,9.399999618530273,6.800000190734863,0.44999998807907104,-41.35100012711639,7.326557920350751e-07
grid-r033-c047,33,47,9.600000381469727,6.800000190734863,0.44999998807907104,-41.19856859091296,7.588276389469684e-07
grid-r033-c048,33,48,9.800000190734863,6.800000190734863,0.44999998807907104,-40.89265441738546,8.142064871208277e-07
grid-r033-c049,33,49,10.0,6.800000190734863,0.44999998807907104,-41.24427051831582,7.508841690651025e-07
grid-r033-c050,33,50,10.200000762939453,6.800000190734863,0.44999998807907104,-42.552768017213154,5.555500592890894e-07
grid-r033-c051,33,51,10.399999618530273,6.800000190734863,0.44999998807907104,-40.65629364672525,8.597469332016772e-07
grid-r033-c052,33,52,10.600000381469727,6.800000190734863,0.44999998807907104,-40.36139786328888,9.201533544000995e-07
grid-r033-c053,33,53,10.800000190734863,6.800000190734863,0.44999998807907104,-43.51245196060301,4.4540470867104887e-07
grid-r033-c054,33,54,11.0,6.800000190734863,0.44999998807907104,-40.84670574757504,8.228665819842718e-07
grid-r033-c055,33,55,11.200000762939453,6.800000190734863,0.44999998807907104,-41.792623346997956,6.618166139560344e-07
grid-r033-c056,33,56,11.399999618530273,6.800000190734863,0.44999998807907104,-39.8432216709915,1.0367590448367991e-06
grid-r033-c057,33,57,11.600000381469727,6.800000190734863,0.44999998807907104,-41.25498780941709,7.490334610338323e-07
grid-r034-c000,34,0,0.19999980926513672,7.000000476837158,0.44999998807907104,-38.246892985484784,1.4973064708101447e-06
grid-r034-c001,34,1,0.40000009536743164,7.000000476837158,0.44999998807907104,-38.50307724872486,1.4115370277067996e-06
grid-r034-c002,34,2,0.5999999046325684,7.000000476837158,0.44999998807907104,-39.54815434022307,1.1096462912973948e-06
grid-r034-c003,34,3,0.7999997138977051,7.000000476837158,0.44999998807907104,-39.02031219381051,1.2530510957731167e-06
grid-r034-c004,34,4,1.0,7.000000476837158,0.44999998807907104,-39.525039475386485,1.1155680113006383e-06
grid-r034-c005,34,5,1.1999998092651367,7.000000476837158,0.44999998807907104,-39.56271876772522,1.1059312328143278e-06
grid-r034-c006,34,6,1.4000000953674316,7.000000476837158,0.44999998807907104,-39.33561329832898,1.165302478511876e-06
grid-r034-c007,34,7,1.5999999046325684,7.000000476837158,0.44999998807907104,-39.523651302513116,1.115924646910571e-06
grid-r034-c008,34,8,1.799999713897705,7.000000476837158,0.44999998807907104,-39.05715785423506,1.2424651458786684e-06
grid-r034-c009,34,9,2.0,7.000000476837158,0.44999998807907104,-39.764431753977554,1.0557396308286116e-06
grid-r034-c010,34,10,2.200000047683716,7.000000476837158,0.44999998807907104,-39.89658254057819,1.0240985375276068e-06
grid-r034-c011,34,11,2.3999998569488525,7.000000476837158,0.44999998807907104,-39.74166372806014,1.061288912751479e-06
grid-r034-c012,34,12,2.5999999046325684,7.000000476837158,0.44999998807907104,-39.30325855838957,1.1740163472495624e-06
grid-r034-c013,34,13,2.799999952316284,7.000000476837158,0.44999998807907104,-39.66545362627503,1.0800767995533533e-06
grid-r034-c014,34,14,3.0,7.000000476837158,0.44999998807907104,-39.42330533830834,1.1420088412705809e-06
grid-r034-c015,34,15,3.200000047683716,7.000000476837158,0.44999998807907104,-39.09701580151874,1.2311144246268668e-06
grid-r034-c016,34,16,3.3999998569488525,7.000000476837158,0.44999998807907104,-39.759901012010836,1.0568415973466472e-06
grid-r034-c017,34,17,3.5999999046325684,7.000000476837158,0.44999998807907104,-39.404898199870175,1.1468594038888114e-06
grid-r034-c018,34,18,3.799999952316284,7.000000476837158,0.44999998807907104,-39.61911693888772,1.09166228412505e-06
grid-r034-c019,34,19,4.0,7.000000476837158,0.44999998807907104,-39.36129012328713,1.1584331787162228e-06
grid-r034-c020,34,20,4.199999809265137,7.000000476837158,0.44999998807907104,-39.22914552178518,1.1942230457862024e-06
grid-r034-c021,34,21,4.400000095367432,7.000000476837158,0.44999998807907104,-39.37594746709727,1.1545300822035642e-06
grid-r034-c022,34,22,4.599999904632568,7.000000476837158,0.44999998807907104,-39.61495073681199,1.0927100220214925e-06
grid-r034-c023,34,23,4.800000190734863,7.000000476837158,0.44999998807907104,-39.384163990987524,1.1523478633534978e-06
grid-r034-c024,34,24,5.0,7.000000476837158,0.44999998807907104,-39.86125148690516,1.0324638424208388e-06
grid-r034-c025,34,25,5.199999809265137,7.000000476837158,0.44999998807907104,-39.120815703432015,1.2243862101968261e-06
grid-r034-c026,34,26,5.400000095367432,7.000000476837158,0.44999998807907104,-39.86917310069562,1.030582325256546e-06
grid-r034-c027,34,27,5.599999904632568,7.000000476837158,0.44999998807907104,-40.72381596694324,8.464833172183717e-07
grid-r034-c028,34,28,5.800000190734863,7.000000476837158,0.44999998807907104,-40.71425926111345,8.483480655741005e-07
grid-r034-c029,34,29,6.0,7.000000476837158,0.44999998807907104,-41.016931786472995,7.912374258012278e-07
grid-r034-c030,34,30,6.199999809265137,7.000000476837158,0.44999998807907104,-40.73659601489681,8.439960197392793e-07
grid-r034-c031,34,31,6.400000095367432,7.000000476837158,0.44999998807907104,-42.38193798761199,5.778381364507368e-07
grid-r034-c032,34,32,6.599999904632568,7.000000476837158,0.44999998807907104,-40.49355985547265,8.925735528464429e-07
grid-r034-c033,34,33,6.800000190734863,7.000000476837158,0.44999998807907104,-41.6193387691039,6.887571544211823e-07
grid-r034-c034,34,34,7.0,7.000000476837158,0.44999998807907104,-41.474096393878796,7.121809630916687e-07
grid-r034-c035,34,35,7.199999809265137,7.000000476837158,0.44999998807907104,-40.59197679318778,8.725741054149694e-07
grid-r034-c036,34,36,7.400000095367432,7.000000476837158,0.44999998807907104,-40.43790914266129,9.040846293828508e-07
grid-r034-c037,34,37,7.599999904632568,7.000000476837158,0.44999998807907104,-41.00591586688992,7.932469543447951e-07
grid-r034-c038,34,38,7.800000190734863,7.000000476837158,0.44999998807907104,-41.182602576174936,7.616224593220977e-07
grid-r034-c039,34,39,8.0,7.000000476837158,0.44999998807907104,-40.62248333895856,8.664662800583756e-07
grid-r034-c040,34,40,8.199999809265137,7.000000476837158,0.44999998807907104,-41.58153189839241,6.947792030587152e-07
grid-r034-c041,34,41,8.399999618530273,7.000000476837158,0.44999998807907104,-40.69545990646654,8.520282790414058e-07
grid-r034-c042,34,42,8.600000381469727,7.000000476837158,0.44999998807907104,-40.95369203329333,8.028433171602956e-07
grid-r034-c043,34,43,8.800000190734863,7.000000476837158,0.44999998807907104,-42.249183727603324,5.957741109341441e-07
grid-r034-c044,34,44,9.0,7.000000476837158,0.44999998807907104,-40.58007881921688,8.749678954700357e-07
grid-r034-c045,34,45,9.199999809265137,7.000000476837158,0.44999998807907104,-41.848684914935916,6.533283567478065e-07
grid-r034-c046,34,46,9.399999618530273,7.000000476837158,0.44999998807907104,-41.0727852443936,7.811266868884559e-07
grid-r034-c047,34,47,9.600000381469727,7.000000476837158,0.44999998807907104,-41.10878602089136,7.74678312609467e-07
grid-r034-c048,34,48,9.800000190734863,7.000000476837158,0.44999998807907104,-41.28211387951745,7.443695722031407e-07
grid-r034-c049,34,49,10.0,7.000000476837158,0.44999998807907104,-42.065340270933056,6.215355483618623e-07
grid-r034-c050,34,50,10.200000762939453,7.000000476837158,0.44999998807907104,-41.66708224297932,6.812268793510157e-07
grid-r034-c051,34,51,10.399999618530273,7.000000476837158,0.44999998807907104,-40.22577073147645,9.493425068285433e-07
grid-r034-c052,34,52,10.600000381469727,7.000000476837158,0.44999998807907104,-42.75155989019378,5.306937964633107e-07
grid-r034-c053,34,53,10.800000190734863,7.000000476837158,0.44999998807907104,-40.40156521070365,9.116822070609487e-07
grid-r034-c054,34,54,11.0,7.000000476837158,0.44999998807907104,-40.358548754668966,9.207572020386579e-07
grid-r034-c055,34,55,11.200000762939453,7.000000476837158,0.44999998807907104,-42.33020092891954,5.847630291100359e-07
grid-r034-c056,34,56,11.399999618530273,7.000000476837158,0.44999998807907104,-42.22030837447571,5.997484890940541e-07
grid-r034-c057,34,57,11.600000381469727,7.000000476837158,0.44999998807907104,-41.78257624260159,6.63349453589035e-07
grid-r035-c000,35,0,0.19999980926513672,7.200000286102295,0.44999998807907104,-39.245866456232726,1.1896339628947317e-06
grid-r035-c001,35,1,0.40000009536743164,7.200000286102295,0.44999998807907104,-38.29196403397275,1.4818477893641102e-06
grid-r035-c002,35,2,0.5999999046325684,7.200000286102295,0.44999998807907104,-38.56459930614099,1.391682189932908e-06
grid-r035-c003,35,3,0.7999997138977051,7.200000286102295,0.44999998807907104,-39.61853172960392,1.0918093948930618e-06
grid-r035-c004,35,4,1.0,7.200000286102295,0.44999998807907104,-39.84556154251103,1.0362006150899106e-06
grid-r035-c005,35,5,1.1999998092651367,7.200000286102295,0.44999998807907104,-39.1368045869238,1.2198868262203177e-06
grid-r035-c006,35,6,1.4000000953674316,7.200000286102295,0.44999998807907104,-39.78227857471305,1.0514100949876592e-06
grid-r035-c007,35,7,1.5999999046325684,7.200000286102295,0.44999998807907104,-39.17714061335708,1.2086093192920089e-06
grid-r035-c008,35,8,1.799999713897705,7.200000286102295,0.44999998807907104,-39.833755971332785,1.0390211855337839e-06
grid-r035-c009,35,9,2.0,7.200000286102295,0.44999998807907104,-39.16112043948591,1.2130758477724157e-06
grid-r035-c010,35,10,2.200000047683716,7.200000286102295,0.44999998807907104,-39.475555349761265,1.1283516414550832e-06
grid-r035-c011,35,11,2.3999998569488525,7.200000286102295,0.44999998807907104,-39.6849913658209,1.0752287380455527e-06
grid-r035-c012,35,12,2.5999999046325684,7.200000286102295,0.44999998807907104,-39.32667316938408,1.167703771898232e-06
grid-r035-c013,35,13,2.799999952316284,7.200000286102295,0.44999998807907104,-39.39471693281688,1.149551167145546e-06
grid-r035-c014,35,14,3.0,7.200000286102295,0.44999998807907104,-39.83938019510309,1.0376764976172126e-06
grid-r035-c015,35,15,3.200000047683716,7.200000286102295,0.44999998807907104,-39.48657821338901,1.125491394304845e-06
grid-r035-c016,35,16,3.3999998569488525,7.200000286102295,0.44999998807907104,-39.990113354072854,1.002279077511048e-06
grid-r035-c017,35,17,3.5999999046325684,7.200000286102295,0.44999998807907104,-39.40698323487429,1.1463089322205633e-06
grid-r035-c018,35,18,3.799999952316284,7.200000286102295,0.44999998807907104,-39.41025878653839,1.1454446848802036e-06
grid-r035-c019,35,19,4.0,7.200000286102295,0.44999998807907104,-40.495380132096585,8.921995231503388e-07
grid-r035-c020,35,20,4.199999809265137,7.200000286102295,0.44999998807907104,-39.70810369978719,1.0695217724787653e-06
grid-r035-c021,35,21,4.400000095367432,7.200000286102295,0.44999998807907104,-39.62608218690201,1.0899128710661898e-06
grid-r035-c022,35,22,4.599999904632568,7.200000286102295,0.44999998807907104,-39.70600512288337,1.0700387065298855e-06
grid-r035-c023,35,23,4.800000190734863,7.200000286102295,0.44999998807907104,-40.78925666036375,8.338238899341377e-07
grid-r035-c024,35,24,5.0,7.200000286102295,0.44999998807907104,-39.871669846693706,1.0299900168320164e-06
grid-r035-c025,35,25,5.199999809265137,7.200000286102295,0.44999998807907104,-40.3591003000428,9.206402751260612e-07
grid-r035-c026,35,26,5.400000095367432,7.200000286102295,0.44999998807907104,-41.02910631330167,7.890224651418976e-07
grid-r035-c027,35,27,5.599999904632568,7.200000286102295,0.44999998807907104,-40.52257547728196,8.866300618137757e-07
grid-r035-c028,35,28,5.800000190734863,7.200000286102295,0.44999998807907104,-41.43330127259687,7.189022994680272e-07
grid-r035-c029,35,29,6.0,7.200000286102295,0.44999998807907104,-41.04086641279895,7.868887905715383e-07
grid-r035-c030,35,30,6.199999809265137,7.200000286102295,0.44999998807907104,-41.79699430295023,6.611508638343366e-07
grid-r035-c031,35,31,6.400000095367432,7.200000286102295,0.44999998807907104,-40.76274676351961,8.389292247557023e-07
grid-r035-c032,35,32,6.599999904632568,7.200000286102295,0.44999998807907104,-40.888740952810245,8.149405061885773e-07
grid-r035-c033,35,33,6.800000190734863,7.200000286102295,0.44999998807907104,-41.621159233105786,6.884685035402072e-07
grid-r035-c034,35,34,7.0,7.200000286102295,0.44999998807907104,-40.27793148317623,9.380086680721433e-07
grid-r035-c035,35,35,7.199999809265137,7.200000286102295,0.44999998807907104,-41.130635466526314,7.707906775067386e-07
grid-r035-c036,35,36,7.400000095367432,7.200000286102295,0.44999998807907104,-40.88677449028998,8.153095905072405e-07
grid-r035-c037,35,37,7.599999904632568,7.200000286102295,0.44999998807907104,-40.745862017573984,8.42197209749429e-07
grid-r035-c038,35,38,7.800000190734863,7.200000286102295,0.44999998807907104,-40.451248573600736,9.013119779410772e-07
grid-r035-c039,35,39,8.0,7.200000286102295,0.44999998807907104,-40.42640106913994,9.064834785021958e-07
grid-r035-c040,35,40,8.199999809265137,7.200000286102295,0.44999998807907104,-40.11502414827737,9.738623703015037e-07
grid-r035-c041,35,41,8.399999618530273,7.200000286102295,0.44999998807907104,-40.58403092927354,8.741720307625656e-07
grid-r035-c042,35,42,8.600000381469727,7.200000286102295,0.44999998807907104,-41.206990382505666,7.573575544483901e-07
grid-r035-c043,35,43,8.800000190734863,7.200000286102295,0.44999998807907104,-41.09808198458563,7.765900136291748e-07
grid-r035-c044,35,44,9.0,7.200000286102295,0.44999998807907104,-42.40148780913814,5.752428364758089e-07
grid-r035-c045,35,45,9.199999809265137,7.200000286102295,0.44999998807907104,-41.616539296497535,6.892012720527418e-07
grid-r035-c046,35,46,9.399999618530273,7.200000286102295,0.44999998807907104,-41.34733802217993,7.332738505283487e-07
grid-r035-c047,35,47,9.600000381469727,7.200000286102295,0.44999998807907104,-41.03898759778687,7.872292826505145e-07
grid-r035-c048,35,48,9.800000190734863,7.200000286102295,0.44999998807907104,-40.7204019209599,8.471490104966506e-07
grid-r035-c049,35,49,10.0,7.200000286102295,0.44999998807907104,-42.785286230230284,5.265885079097643e-07
grid-r035-c050,35,50,10.200000762939453,7.200000286102295,0.44999998807907104,-41.46725433128651,7.133038479878451e-07
grid-r035-c051,35,51,10.399999618530273,7.200000286102295,0.44999998807907104,-41.60077980332577,6.917067594258697e-07
grid-r035-c052,35,52,10.600000381469727,7.200000286102295,0.44999998807907104,-41.903408223633356,6.451477361224534e-07
grid-r035-c053,35,53,10.800000190734863,7.200000286102295,0.44999998807907104,-41.28132496329658,7.445048026966106e-07
grid-r035-c054,35,54,11.0,7.200000286102295,0.44999998807907104,-43.34264684748963,4.63164553821116e-07
grid-r035-c055,35,55,11.200000762939453,7.200000286102295,0.44999998807907104,-40.914716045249406,8.100809054667479e-07
grid-r035-c056,35,56,11.399999618530273,7.200000286102295,0.44999998807907104,-41.433068456672466,7.189408393060148e-07
grid-r035-c057,35,57,11.600000381469727,7.200000286102295,0.44999998807907104,-41.00697287086234,7.930539140943438e-07
grid-r036-c000,36,0,0.19999980926513672,7.40000057220459,0.44999998807907104,-43.54326759352852,4.422554980010318e-07
grid-r036-c001,36,1,0.40000009536743164,7.40000057220459,0.44999998807907104,-75.89610366631776,2.5727028840627497e-10
grid-r036-c004,36,4,1.0,7.40000057220459,0.44999998807907104,-51.25153302387476,7.496295495457161e-08
grid-r036-c006,36,6,1.4000000953674316,7.40000057220459,0.44999998807907104,-78.60643002573632,1.37834202385001e-10
grid-r036-c008,36,8,1.799999713897705,7.40000057220459,0.44999998807907104,-78.37458358117551,1.4539237869204413e-10
grid-r036-c011,36,11,2.3999998569488525,7.40000057220459,0.44999998807907104,-67.66935059157548,1.710271035904043e-09
grid-r036-c015,36,15,3.200000047683716,7.40000057220459,0.44999998807907104,-77.95659146324267,1.6008139258616438e-10
grid-r036-c022,36,22,4.599999904632568,7.40000057220459,0.44999998807907104,-72.71921508163244,5.34660982154378e-10
grid-r036-c023,36,23,4.800000190734863,7.40000057220459,0.44999998807907104,-78.59335181570944,1.3824989764099627e-10
grid-r036-c027,36,27,5.599999904632568,7.40000057220459,0.44999998807907104,-50.87237286007928,8.180177246686071e-08
grid-r036-c028,36,28,5.800000190734863,7.40000057220459,0.44999998807907104,-40.93194967719064,8.068727197496628e-07
grid-r036-c029,36,29,6.0,7.40000057220459,0.44999998807907104,-41.00988189346147,7.925228828753461e-07
grid-r036-c030,36,30,6.199999809265137,7.40000057220459,0.44999998807907104,-41.79420335486532,6.615758820771589e-07
grid-r036-c031,36,31,6.400000095367432,7.40000057220459,0.44999998807907104,-40.18885972850204,9.574454225003137e-07
grid-r036-c032,36,32,6.599999904632568,7.40000057220459,0.44999998807907104,-40.8875651477177,8.151611723405949e-07
grid-r036-c033,36,33,6.800000190734863,7.40000057220459,0.44999998807907104,-41.38068278216959,7.276653946064471e-07
grid-r036-c034,36,34,7.0,7.40000057220459,0.44999998807907104,-40.83441586156852,8.251984695561987e-07
grid-r036-c035,36,35,7.199999809265137,7.40000057220459,0.44999998807907104,-42.12437771685852,6.131436407486035e-07
grid-r036-c036,36,36,7.400000095367432,7.40000057220459,0.44999998807907104,-40.486064928613885,8.941152600527857e-07
grid-r036-c037,36,37,7.599999904632568,7.40000057220459,0.44999998807907104,-41.135722869365416,7.698882882323232e-07
grid-r036-c038,36,38,7.800000190734863,7.40000057220459,0.44999998807907104,-40.455204370700095,9.004913863464026e-07
grid-r036-c039,36,39,8.0,7.40000057220459,0.44999998807907104,-40.81566663944511,8.287686910080083e-07
grid-r036-c040,36,40,8.199999809265137,7.40000057220459,0.44999998807907104,-41.217069652375294,7.556018886134552e-07
grid-r036-c041,36,41,8.399999618530273,7.40000057220459,0.44999998807907104,-41.4181061925043,7.214219976958702e-07
grid-r036-c042,36,42,8.600000381469727,7.40000057220459,0.44999998807907104,-41.21811853995563,7.55419421238912e-07
grid-r036-c043,36,43,8.800000190734863,7.40000057220459,0.44999998807907104,-41.97111375390203,6.351680212901556e-07
grid-r036-c044,36,44,9.0,7.40000057220459,0.44999998807907104,-41.18226224867587,7.616821449119016e-07
grid-r036-c045,36,45,9.199999809265137,7.40000057220459,0.44999998807907104,-43.25170932336054,4.7296506977545505e-07
grid-r036-c046,36,46,9.399999618530273,7.40000057220459,0.44999998807907104,-40.78091085489308,8.354277838407143e-07
grid-r036-c047,36,47,9.600000381469727,7.40000057220459,0.44999998807907104,-41.11150131262477,7.741941203676106e-07
grid-r036-c048,36,48,9.800000190734863,7.40000057220459,0.44999998807907104,-40.92483223687349,8.081961482275801e-07
grid-r036-c049,36,49,10.0,7.40000057220459,0.44999998807907104,-43.428626157744574,4.5408523874357343e-07
grid-r036-c050,36,50,10.200000762939453,7.40000057220459,0.44999998807907104,-41.1329122839176,7.703866913288948e-07
grid-r036-c051,36,51,10.399999618530273,7.40000057220459,0.44999998807907104,-41.885021302912584,6.478849172708578e-07
grid-r036-c052,36,52,10.600000381469727,7.40000057220459,0.44999998807907104,-42.31636997808046,5.866282890565344e-07
grid-r036-c053,36,53,10.800000190734863,7.40000057220459,0.44999998807907104,-41.39931005424752,7.245510573739011e-07
grid-r036-c054,36,54,11.0,7.40000057220459,0.44999998807907104,-40.93045564339589,8.07150343007379e-07
grid-r036-c055,36,55,11.200000762939453,7.40000057220459,0.44999998807907104,-42.21872722240897,5.999668815093173e-07
grid-r036-c056,36,56,11.399999618530273,7.40000057220459,0.44999998807907104,-41.3497734680889,7.328627589231473e-07
grid-r036-c057,36,57,11.600000381469727,7.40000057220459,0.44999998807907104,-41.57789780147006,6.95360824920499e-07
grid-r037-c000,37,0,0.19999980926513672,7.600000381469727,0.44999998807907104,-50.90955110538039,8.11044884585499e-08
grid-r037-c028,37,28,5.800000190734863,7.600000381469727,0.44999998807907104,-43.42646428956962,4.543113334420923e-07
grid-r037-c029,37,29,6.0,7.600000381469727,0.44999998807907104,-42.496706209097695,5.627679797726159e-07
grid-r037-c030,37,30,6.199999809265137,7.600000381469727,0.44999998807907104,-41.137117297202224,7.696411330471165e-07
grid-r037-c031,37,31,6.400000095367432,7.600000381469727,0.44999998807907104,-41.99951564434854,6.310277171905909e-07
grid-r037-c032,37,32,6.599999904632568,7.600000381469727,0.44999998807907104,-41.750004631756056,6.683432047793758e-07
grid-r037-c033,37,33,6.800000190734863,7.600000381469727,0.44999998807907104,-40.8727365296956,8.179492283488798e-07
grid-r037-c034,37,34,7.0,7.600000381469727,0.44999998807907104,-41.68800132946213,6.779534373890783e-07
grid-r037-c035,37,35,7.199999809265137,7.600000381469727,0.44999998807907104,-42.782547860498504,5.26920644006168e-07
grid-r037-c036,37,36,7.400000095367432,7.600000381469727,0.44999998807907104,-45.34346297694189,2.921821646850731e-07
grid-r037-c037,37,37,7.599999904632568,7.600000381469727,0.44999998807907104,-43.89431054842053,4.0791431388242927e-07
grid-r037-c038,37,38,7.800000190734863,7.600000381469727,0.44999998807907104,-44.384439949900724,3.6438123629523034e-07
grid-r037-c039,37,39,8.0,7.600000381469727,0.44999998807907104,-43.54804954936385,4.4176880464874557e-07
grid-r037-c040,37,40,8.199999809265137,7.600000381469727,0.44999998807907104,-43.96238164585773,4.0157053149414423e-07
grid-r037-c041,37,41,8.399999618530273,7.600000381469727,0.44999998807907104,-41.74105951364231,6.697212029393995e-07
grid-r037-c042,37,42,8.600000381469727,7.600000381469727,0.44999998807907104,-41.55816800459359,6.98527003351046e-07
grid-r037-c043,37,43,8.800000190734863,7.600000381469727,0.44999998807907104,-41.62408009414011,6.880056275804236e-07
grid-r037-c044,37,44,9.0,7.600000381469727,0.44999998807907104,-41.2908270176396,7.428776598317199e-07
grid-r037-c045,37,45,9.199999809265137,7.600000381469727,0.44999998807907104,-43.19121362284668,4.795994072992471e-07
grid-r037-c046,37,46,9.399999618530273,7.600000381469727,0.44999998807907104,-41.295794279673075,7.420284759973583e-07
grid-r037-c047,37,47,9.600000381469727,7.600000381469727,0.44999998807907104,-41.0176965712428,7.910981025816e-07
grid-r037-c048,37,48,9.800000190734863,7.600000381469727,0.44999998807907104,-41.71466573658543,6.738037541254016e-07
grid-r037-c049,37,49,10.0,7.600000381469727,0.44999998807907104,-42.91821159076518,5.10715267409978e-07
grid-r037-c050,37,50,10.200000762939453,7.600000381469727,0.44999998807907104,-40.488124592494785,8.936913218349218e-07
grid-r037-c051,37,51,10.399999618530273,7.600000381469727,0.44999998807907104,-44.15820294116156,3.8386605183404754e-07
grid-r037-c052,37,52,10.600000381469727,7.600000381469727,0.44999998807907104,-41.32911591677998,7.363569807239401e-07
grid-r037-c053,37,53,10.800000190734863,7.600000381469727,0.44999998807907104,-42.23375081524921,5.978949957352597e-07
grid-r037-c054,37,54,11.0,7.600000381469727,0.44999998807907104,-41.31203942638304,7.392580414489203e-07
grid-r037-c055,37,55,11.200000762939453,7.600000381469727,0.44999998807907104,-42.10900690467242,6.153175604595162e-07
grid-r037-c056,37,56,11.399999618530273,7.600000381469727,0.44999998807907104,-40.08530760158866,9.805488616621005e-07
grid-r037-c057,37,57,11.600000381469727,7.600000381469727,0.44999998807907104,-43.63716319743658,4.327964404637896e-07
grid-r038-c000,38,0,0.19999980926513672,7.8000006675720215,0.44999998807907104,-48.08055365496219,1.5557672838895087e-07
grid-r038-c027,38,27,5.599999904632568,7.8000006675720215,0.44999998807907104,-50.55580275828041,8.79872459336184e-08
grid-r038-c028,38,28,5.800000190734863,7.8000006675720215,0.44999998807907104,-45.89508978950073,2.573303561348439e-07
grid-r038-c029,38,29,6.0,7.8000006675720215,0.44999998807907104,-41.7588423676536,6.669845333817648e-07
grid-r038-c030,38,30,6.199999809265137,7.8000006675720215,0.44999998807907104,-41.725115715895946,6.721843988088949e-07
grid-r038-c031,38,31,6.400000095367432,7.8000006675720215,0.44999998807907104,-41.76389677743075,6.662087344011525e-07
grid-r038-c032,38,32,6.599999904632568,7.8000006675720215,0.44999998807907104,-41.7357753471247,6.70536564939539e-07
grid-r038-c033,38,33,6.800000190734863,7.8000006675720215,0.44999998807907104,-41.11966090279396,7.72740918364434e-07
grid-r038-c034,38,34,7.0,7.8000006675720215,0.44999998807907104,-41.83008563183438,6.561323289133725e-07
grid-r038-c035,38,35,7.199999809265137,7.8000006675720215,0.44999998807907104,-50.16221053641655,9.63338564474725e-08
grid-r038-c040,38,40,8.199999809265137,7.8000006675720215,0.44999998807907104,-51.20902892215919,7.57002140971963e-08
grid-r038-c041,38,41,8.399999618530273,7.8000006675720215,0.44999998807907104,-44.536883447438655,3.518128153245925e-07
grid-r038-c042,38,42,8.600000381469727,7.8000006675720215,0.44999998807907104,-41.192577906684065,7.598750926263165e-07
grid-r038-c043,38,43,8.800000190734863,7.8000006675720215,0.44999998807907104,-41.34245743600605,7.340983643189247e-07
grid-r038-c044,38,44,9.0,7.8000006675720215,0.44999998807907104,-41.3827676965694,7.273161486409663e-07
grid-r038-c045,38,45,9.199999809265137,7.8000006675720215,0.44999998807907104,-42.50029203840663,5.623035121971043e-07
grid-r038-c046,38,46,9.399999618530273,7.8000006675720215,0.44999998807907104,-41.932662022225635,6.408166655091918e-07
grid-r038-c047,38,47,9.600000381469727,7.8000006675720215,0.44999998807907104,-40.57520862438282,8.759496381571807e-07
grid-r038-c048,38,48,9.800000190734863,7.8000006675720215,0.44999998807907104,-41.39939693829258,7.245365623020916e-07
grid-r038-c049,38,49,10.0,7.8000006675720215,0.44999998807907104,-41.72082344234698,6.728490689056343e-07
grid-r038-c050,38,50,10.200000762939453,7.8000006675720215,0.44999998807907104,-40.828546386691905,8.263144763986929e-07
grid-r038-c051,38,51,10.399999618530273,7.8000006675720215,0.44999998807907104,-43.02916008891859,4.978333549843228e-07
grid-r038-c052,38,52,10.600000381469727,7.8000006675720215,0.44999998807907104,-40.17700599293597,9.600622661309899e-07
grid-r038-c053,38,53,10.800000190734863,7.8000006675720215,0.44999998807907104,-44.369953131786545,3.6559873706210055e-07
grid-r038-c054,38,54,11.0,7.8000006675720215,0.44999998807907104,-40.55723110609841,8.795831263341825e-07
grid-r038-c055,38,55,11.200000762939453,7.8000006675720215,0.44999998807907104,-42.35610963021739,5.812848939967807e-07
grid-r038-c056,38,56,11.399999618530273,7.8000006675720215,0.44999998807907104,-43.58936148008215,4.375864364192239e-07
grid-r038-c057,38,57,11.600000381469727,7.8000006675720215,0.44999998807907104,-40.01106835104683,9.974546628654934e-07
grid-r039-c000,39,0,0.19999980926513672,8.000000953674316,0.44999998807907104,-46.56435870683495,2.2057898263483366e-07
grid-r039-c028,39,28,5.800000190734863,8.000000953674316,0.44999998807907104,-60.509944716480405,8.892124370163401e-09
grid-r039-c029,39,29,6.0,8.000000953674316,0.44999998807907104,-42.27712536625372,5.91953323691996e-07
grid-r039-c030,39,30,6.199999809265137,8.000000953674316,0.44999998807907104,-41.52040589002632,7.046272116895125e-07
grid-r039-c031,39,31,6.400000095367432,8.000000953674316,0.44999998807907104,-41.49560323066943,7.086628670549544e-07
grid-r039-c032,39,32,6.599999904632568,8.000000953674316,0.44999998807907104,-41.16507672347552,7.647021789125574e-07
grid-r039-c033,39,33,6.800000190734863,8.000000953674316,0.44999998807907104,-43.85064835705649,4.1203600176231703e-07
grid-r039-c034,39,34,7.0,8.000000953674316,0.44999998807907104,-40.30290234069963,9.3263082590056e-07
grid-r039-c035,39,35,7.199999809265137,8.000000953674316,0.44999998807907104,-48.02782386289766,1.5747717441172426e-07
grid-r039-c040,39,40,8.199999809265137,8.000000953674316,0.44999998807907104,-70.14645965183573,9.668387201955397e-10
grid-r039-c041,39,41,8.399999618530273,8.000000953674316,0.44999998807907104,-51.039882678056216,7.870670515330858e-08
grid-r039-c042,39,42,8.600000381469727,8.000000953674316,0.44999998807907104,-44.01622018049744,3.966230792684655e-07
grid-r039-c043,39,43,8.800000190734863,8.000000953674316,0.44999998807907104,-41.9063989224241,6.447036184908939e-07
grid-r039-c044,39,44,9.0,8.000000953674316,0.44999998807907104,-41.1733402793005,7.6324852216203e-07
grid-r039-c045,39,45,9.199999809265137,8.000000953674316,0.44999998807907104,-41.075860777143745,7.805737141097779e-07
grid-r039-c046,39,46,9.399999618530273,8.000000953674316,0.44999998807907104,-43.2516025842917,4.729766942546121e-07
grid-r039-c047,39,47,9.600000381469727,8.000000953674316,0.44999998807907104,-41.694514064155314,6.76937531807198e-07
grid-r039-c048,39,48,9.800000190734863,8.000000953674316,0.44999998807907104,-42.6722661662416,5.404722287494224e-07
grid-r039-c049,39,49,10.0,8.000000953674316,0.44999998807907104,-41.636041915327795,6.861132533231284e-07
grid-r039-c050,39,50,10.200000762939453,8.000000953674316,0.44999998807907104,-41.7104375786246,6.744600682395685e-07
grid-r039-c051,39,51,10.399999618530273,8.000000953674316,0.44999998807907104,-42.62888550049756,5.458979330796865e-07
grid-r039-c052,39,52,10.600000381469727,8.000000953674316,0.44999998807907104,-42.41171585745291,5.738896788898273e-07
grid-r039-c053,39,53,10.800000190734863,8.000000953674316,0.44999998807907104,-40.80036270710422,8.316943080899364e-07
grid-r039-c054,39,54,11.0,8.000000953674316,0.44999998807907104,-43.48947330521484,4.4776760432796436e-07
grid-r039-c055,39,55,11.200000762939453,8.000000953674316,0.44999998807907104,-40.87945616260197,8.166846328094834e-07
grid-r039-c056,39,56,11.399999618530273,8.000000953674316,0.44999998807907104,-41.42942778201956,7.195437774498714e-07
grid-r039-c057,39,57,11.600000381469727,8.000000953674316,0.44999998807907104,-41.801211935486286,6.605091016353981e-07
grid-r040-c000,40,0,0.19999980926513672,8.200000762939453,0.44999998807907104,-46.12531961526055,2.440439459405752e-07
grid-r040-c027,40,27,5.599999904632568,8.200000762939453,0.44999998807907104,-67.44806058757203,1.7996744094972428e-09
grid-r040-c028,40,28,5.800000190734863,8.200000762939453,0.44999998807907104,-50.43886939013444,9.038847537112815e-08
grid-r040-c029,40,29,6.0,8.200000762939453,0.44999998807907104,-46.644639727968524,2.1653895032613946e-07
grid-r040-c030,40,30,6.199999809265137,8.200000762939453,0.44999998807907104,-43.67716747851358,4.288281161279883e-07
grid-r040-c031,40,31,6.400000095367432,8.200000762939453,0.44999998807907104,-42.64933063473373,5.433340675153886e-07
grid-r040-c032,40,32,6.599999904632568,8.200000762939453,0.44999998807907104,-42.559512958817045,5.546879151552275e-07
grid-r040-c033,40,33,6.800000190734863,8.200000762939453,0.44999998807907104,-40.593750208867064,8.722178677089687e-07
grid-r040-c034,40,34,7.0,8.200000762939453,0.44999998807907104,-41.979469152974325,6.33947195183282e-07
grid-r040-c035,40,35,7.199999809265137,8.200000762939453,0.44999998807907104,-47.789648253849776,1.663547379848751e-07
grid-r040-c041,40,41,8.399999618530273,8.200000762939453,0.44999998807907104,-50.900153579519426,8.128017725539394e-08
grid-r040-c042,40,42,8.600000381469727,8.200000762939453,0.44999998807907104,-46.62902731334688,2.1731878518949088e-07
grid-r040-c043,40,43,8.800000190734863,8.200000762939453,0.44999998807907104,-43.99157532708475,3.9888018932288105e-07
grid-r040-c044,40,44,9.0,8.200000762939453,0.44999998807907104,-41.56281573810616,6.977798534535395e-07
grid-r040-c045,40,45,9.199999809265137,8.200000762939453,0.44999998807907104,-41.99199087715712,6.321220098470803e-07
grid-r040-c046,40,46,9.399999618530273,8.200000762939453,0.44999998807907104,-42.667622454383896,5.410504400060745e-07
grid-r040-c047,40,47,9.600000381469727,8.200000762939453,0.44999998807907104,-41.77401622157264,6.646582164648862e-07
grid-r040-c048,40,48,9.800000190734863,8.200000762939453,0.44999998807907104,-42.99188569106206,5.021245215175441e-07
grid-r040-c049,40,49,10.0,8.200000762939453,0.44999998807907104,-40.99401153941944,7.954242846608395e-07
grid-r040-c050,40,50,10.200000762939453,8.200000762939453,0.44999998807907104,-41.978699739324995,6.34059517778951e-07
grid-r040-c051,40,51,10.399999618530273,8.200000762939453,0.44999998807907104,-42.187467940622895,6.043008511369408e-07
grid-r040-c052,40,52,10.600000381469727,8.200000762939453,0.44999998807907104,-41.62857480290089,6.872939479762863e-07
grid-r040-c053,40,53,10.800000190734863,8.200000762939453,0.44999998807907104,-41.08773597152006,7.784422564327542e-07
grid-r040-c054,40,54,11.0,8.200000762939453,0.44999998807907104,-42.41187287088361,5.738689310419431e-07
grid-r040-c055,40,55,11.200000762939453,8.200000762939453,0.44999998807907104,-40.527488993766084,8.856275144353276e-07
grid-r040-c056,40,56,11.399999618530273,8.200000762939453,0.44999998807907104,-44.89142005492877,3.2423358220512455e-07
grid-r040-c057,40,57,11.600000381469727,8.200000762939453,0.44999998807907104,-41.73933880124017,6.699866048620606e-07
grid-r041-c000,41,0,0.19999980926513672,8.40000057220459,0.44999998807907104,-52.1526506791903,6.091649851214243e-08
grid-r041-c028,41,28,5.800000190734863,8.40000057220459,0.44999998807907104,-67.35535417200084,1.8385040156942978e-09
grid-r041-c029,41,29,6.0,8.40000057220459,0.44999998807907104,-49.68912525059602,1.0742057554580242e-07
grid-r041-c030,41,30,6.199999809265137,8.40000057220459,0.44999998807907104,-41.78027136329923,6.637015985688777e-07
grid-r041-c031,41,31,6.400000095367432,8.40000057220459,0.44999998807907104,-43.4655410633152,4.502418846641376e-07
grid-r041-c032,41,32,6.599999904632568,8.40000057220459,0.44999998807907104,-42.91157699951655,5.1149606861145e-07
grid-r041-c033,41,33,6.800000190734863,8.40000057220459,0.44999998807907104,-42.452326984790176,5.685482165063149e-07
grid-r041-c034,41,34,7.0,8.40000057220459,0.44999998807907104,-40.90691914703847,8.115365517369355e-07
grid-r041-c035,41,35,7.199999809265137,8.40000057220459,0.44999998807907104,-47.46473542494205,1.7927777662407607e-07
grid-r041-c040,41,40,8.199999809265137,8.40000057220459,0.44999998807907104,-50.918996082951594,8.092829517636346e-08
grid-r041-c041,41,41,8.399999618530273,8.40000057220459,0.44999998807907104,-50.82310098393796,8.27351200882731e-08
grid-r041-c042,41,42,8.600000381469727,8.40000057220459,0.44999998807907104,-50.99061892378516,7.960458958677918e-08
grid-r041-c043,41,43,8.800000190734863,8.40000057220459,0.44999998807907104,-44.02902331732757,3.9545554386677395e-07
grid-r041-c044,41,44,9.0,8.40000057220459,0.44999998807907104,-43.87491595315841,4.0974003923111013e-07
grid-r041-c045,41,45,9.199999809265137,8.40000057220459,0.44999998807907104,-41.46111832672532,7.143123639252735e-07
grid-r041-c046,41,46,9.399999618530273,8.40000057220459,0.44999998807907104,-42.97126638359785,5.045141620030336e-07
grid-r041-c047,41,47,9.600000381469727,8.40000057220459,0.44999998807907104,-40.673993088391114,8.562502102904546e-07
grid-r041-c048,41,48,9.800000190734863,8.40000057220459,0.44999998807907104,-43.47273825832637,4.494963548040687e-07
grid-r041-c049,41,49,10.0,8.40000057220459,0.44999998807907104,-41.07319769710286,7.810525062268425e-07
grid-r041-c050,41,50,10.200000762939453,8.40000057220459,0.44999998807907104,-43.90291283575248,4.071071373346058e-07
grid-r041-c051,41,51,10.399999618530273,8.40000057220459,0.44999998807907104,-40.03342634469256,9.923328434524592e-07
grid-r041-c052,41,52,10.600000381469727,8.40000057220459,0.44999998807907104,-44.176054996241774,3.8229137544476544e-07
grid-r041-c053,41,53,10.800000190734863,8.40000057220459,0.44999998807907104,-40.67898289901084,8.552669896744192e-07
grid-r041-c054,41,54,11.0,8.40000057220459,0.44999998807907104,-43.20827150860797,4.777193680638447e-07
grid-r041-c055,41,55,11.200000762939453,8.40000057220459,0.44999998807907104,-42.95010170225851,5.069788358014193e-07
grid-r041-c056,41,56,11.399999618530273,8.40000057220459,0.44999998807907104,-39.73963629574686,1.0617844736771076e-06
grid-r041-c057,41,57,11.600000381469727,8.40000057220459,0.44999998807907104,-40.148445244073734,9.663967830420006e-07
grid-r042-c001,42,1,0.40000009536743164,8.600000381469727,0.44999998807907104,-51.92207738036201,6.423803711186338e-08
grid-r042-c030,42,30,6.199999809265137,8.600000381469727,0.44999998807907104,-44.58668208211884,3.478017731595173e-07
grid-r042-c031,42,31,6.400000095367432,8.600000381469727,0.44999998807907104,-43.27374766171072,4.705710807684227e-07
grid-r042-c032,42,32,6.599999904632568,8.600000381469727,0.44999998807907104,-42.746926849428384,5.312602411322587e-07
grid-r042-c033,42,33,6.800000190734863,8.600000381469727,0.44999998807907104,-41.547849332853175,7.001886501711851e-07
grid-r042-c034,42,34,7.0,8.600000381469727,0.44999998807907104,-41.05300512390795,7.846924745535944e-07
grid-r042-c035,42,35,7.199999809265137,8.600000381469727,0.44999998807907104,-48.90592317307849,1.2864937559697864e-07
grid-r042-c040,42,40,8.199999809265137,8.600000381469727,0.44999998807907104,-70.03806938170486,9.912725085214902e-10
grid-r042-c041,42,41,8.399999618530273,8.600000381469727,0.44999998807907104,-50.697835348604215,8.515623761695679e-08
grid-r042-c042,42,42,8.600000381469727,8.600000381469727,0.44999998807907104,-47.84987744170937,1.6406360714427137e-07
grid-r042-c043,42,43,8.800000190734863,8.600000381469727,0.44999998807907104,-50.8062571273056,8.305662646534984e-08
grid-r042-c044,42,44,9.0,8.600000381469727,0.44999998807907104,-45.776752019696715,2.644385688199691e-07
grid-r042-c045,42,45,9.199999809265137,8.600000381469727,0.44999998807907104,-41.237962726448586,7.5197556270723e-07
grid-r042-c046,42,46,9.399999618530273,8.600000381469727,0.44999998807907104,-45.566714642776404,2.775418863620871e-07
grid-r042-c047,42,47,9.600000381469727,8.600000381469727,0.44999998807907104,-41.2397841460602,7.516602522628091e-07
grid-r042-c048,42,48,9.800000190734863,8.600000381469727,0.44999998807907104,-43.17642006765395,4.812358724848309e-07
grid-r042-c049,42,49,10.0,8.600000381469727,0.44999998807907104,-41.43082232114898,7.193127657956211e-07
grid-r042-c050,42,50,10.200000762939453,8.600000381469727,0.44999998807907104,-42.61769473893422,5.473063993122196e-07
grid-r042-c051,42,51,10.399999618530273,8.600000381469727,0.44999998807907104,-40.97371834520314,7.99149745489558e-07
grid-r042-c052,42,52,10.600000381469727,8.600000381469727,0.44999998807907104,-42.197262986493236,6.029394512552244e-07
grid-r042-c053,42,53,10.800000190734863,8.600000381469727,0.44999998807907104,-42.32064218966517,5.860514988853538e-07
grid-r042-c054,42,54,11.0,8.600000381469727,0.44999998807907104,-40.46211180869584,8.990602964331629e-07
grid-r042-c055,42,55,11.200000762939453,8.600000381469727,0.44999998807907104,-41.97620397716597,6.344239977806865e-07
grid-r042-c056,42,56,11.399999618530273,8.600000381469727,0.44999998807907104,-40.0908086234383,9.79307628767856e-07
grid-r042-c057,42,57,11.600000381469727,8.600000381469727,0.44999998807907104,-40.06873987714801,9.842966619544313e-07
grid-r043-c001,43,1,0.40000009536743164,8.800000190734863,0.44999998807907104,-74.61367438450483,3.45646816723999e-10
grid-r043-c030,43,30,6.199999809265137,8.800000190734863,0.44999998807907104,-46.18353861739904,2.407942645277217e-07
grid-r043-c031,43,31,6.400000095367432,8.800000190734863,0.44999998807907104,-41.73773847627584,6.70233532673592e-07
grid-r043-c032,43,32,6.599999904632568,8.800000190734863,0.44999998807907104,-41.05084935937831,7.850820793464663e-07
grid-r043-c033,43,33,6.800000190734863,8.800000190734863,0.44999998807907104,-41.61652568514295,6.892034321026586e-07
grid-r043-c034,43,34,7.0,8.800000190734863,0.44999998807907104,-41.63403430079161,6.864304964437906e-07
grid-r043-c035,43,35,7.199999809265137,8.800000190734863,0.44999998807907104,-47.128470487695324,1.9371040593796351e-07
grid-r043-c040,43,40,8.199999809265137,8.800000190734863,0.44999998807907104,-50.72780217235855,8.457067224298953e-08
grid-r043-c041,43,41,8.399999618530273,8.800000190734863,0.44999998807907104,-50.62367971253042,8.662276229642885e-08
grid-r043-c042,43,42,8.600000381469727,8.800000190734863,0.44999998807907104,-63.07262518546169,4.9287578463008686e-09
grid-r043-c043,43,43,8.800000190734863,8.800000190734863,0.44999998807907104,-50.65930549850373,8.591509015332122e-08
grid-r043-c044,43,44,9.0,8.800000190734863,0.44999998807907104,-49.49708952165027,1.1227706409044913e-07
grid-r043-c045,43,45,9.199999809265137,8.800000190734863,0.44999998807907104,-42.3436864485755,5.829500651088892e-07
grid-r043-c046,43,46,9.399999618530273,8.800000190734863,0.44999998807907104,-43.3623073703654,4.6107254547678167e-07
grid-r043-c047,43,47,9.600000381469727,8.800000190734863,0.44999998807907104,-42.715403100012985,5.351304821488156e-07
grid-r043-c048,43,48,9.800000190734863,8.800000190734863,0.44999998807907104,-43.49537047640078,4.471600050237612e-07
grid-r043-c049,43,49,10.0,8.800000190734863,0.44999998807907104,-41.697533597512084,6.76467038829287e-07
grid-r043-c050,43,50,10.200000762939453,8.800000190734863,0.44999998807907104,-43.06156274603131,4.941328484164842e-07
grid-r043-c051,43,51,10.399999618530273,8.800000190734863,0.44999998807907104,-41.23623067310451,7.522755254285585e-07
grid-r043-c052,43,52,10.600000381469727,8.800000190734863,0.44999998807907104,-42.705371699403344,5.363679633774154e-07
grid-r043-c053,43,53,10.800000190734863,8.800000190734863,0.44999998807907104,-42.01888796267188,6.282191975515161e-07
grid-r043-c054,43,54,11.0,8.800000190734863,0.44999998807907104,-41.74307776919217,6.694100420645555e-07
grid-r043-c055,43,55,11.200000762939453,8.800000190734863,0.44999998807907104,-40.034240413537674,9.921468517859466e-07
grid-r043-c056,43,56,11.399999618530273,8.800000190734863,0.44999998807907104,-42.82369608496885,5.219517902332882e-07
grid-r043-c057,43,57,11.600000381469727,8.800000190734863,0.44999998807907104,-41.290963932713645,7.428542403431493e-07
grid-r044-c000,44,0,0.19999980926513672,9.000000953674316,0.44999998807907104,-68.89481687146753,1.2897879431150727e-09
grid-r044-c001,44,1,0.40000009536743164,9.000000953674316,0.44999998807907104,-80.25335268833169,9.433323566732099e-11
grid-r044-c002,44,2,0.5999999046325684,9.000000953674316,0.44999998807907104,-51.48974659358835,7.096191723121592e-08
grid-r044-c030,44,30,6.199999809265137,9.000000953674316,0.44999998807907104,-49.00246953840352,1.2582097497215727e-07
grid-r044-c031,44,31,6.400000095367432,9.000000953674316,0.44999998807907104,-42.993599909500205,5.019263653593953e-07
grid-r044-c032,44,32,6.599999904632568,9.000000953674316,0.44999998807907104,-42.52220695589031,5.594732215286058e-07
grid-r044-c033,44,33,6.800000190734863,9.000000953674316,0.44999998807907104,-41.52892289424544,7.032467124190589e-07
grid-r044-c034,44,34,7.0,9.000000953674316,0.44999998807907104,-41.79696256482487,6.611556955249398e-07
grid-r044-c035,44,35,7.199999809265137,9.000000953674316,0.44999998807907104,-48.72939221865363,1.3398641840467462e-07
grid-r044-c040,44,40,8.199999809265137,9.000000953674316,0.44999998807907104,-66.42205982461098,2.2792607801136455e-09
grid-r044-c041,44,41,8.399999618530273,9.000000953674316,0.44999998807907104,-50.44840178606104,9.01902978966973e-08
grid-r044-c042,44,42,8.600000381469727,9.000000953674316,0.44999998807907104,-50.62157164063437,8.666481932095849e-08
grid-r044-c043,44,43,8.800000190734863,9.000000953674316,0.44999998807907104,-50.62558815236605,8.658470562750153e-08
grid-r044-c044,44,44,9.0,9.000000953674316,0.44999998807907104,-50.69731718347997,8.516639837807816e-08
grid-r044-c045,44,45,9.199999809265137,9.000000953674316,0.44999998807907104,-49.4178039519618,1.1434563873535808e-07
grid-r044-c046,44,46,9.399999618530273,9.000000953674316,0.44999998807907104,-41.07350050341299,7.809980502315739e-07
grid-r044-c047,44,47,9.600000381469727,9.000000953674316,0.44999998807907104,-43.94722212837267,4.0297470604855334e-07
grid-r044-c048,44,48,9.800000190734863,9.000000953674316,0.44999998807907104,-44.19585996693277,3.8055199524933414e-07
grid-r044-c049,44,49,10.0,9.000000953674316,0.44999998807907104,-41.27776451968436,7.451154147020134e-07
grid-r044-c050,44,50,10.200000762939453,9.000000953674316,0.44999998807907104,-44.016394774015225,3.9660713468947506e-07
grid-r044-c051,44,51,10.399999618530273,9.000000953674316,0.44999998807907104,-41.51432557831398,7.056144113448681e-07
grid-r044-c052,44,52,10.600000381469727,9.000000953674316,0.44999998807907104,-41.30541710469154,7.403861559396319e-07
grid-r044-c053,44,53,10.800000190734863,9.000000953674316,0.44999998807907104,-41.27185655708936,7.461297286681656e-07
grid-r044-c054,44,54,11.0,9.000000953674316,0.44999998807907104,-40.560550671809736,8.789110665929911e-07
grid-r044-c055,44,55,11.200000762939453,9.000000953674316,0.44999998807907104,-42.77619903304579,5.276914976093394e-07
grid-r044-c056,44,56,11.399999618530273,9.000000953674316,0.44999998807907104,-40.67977039170252,8.551119208277669e-07
grid-r044-c057,44,57,11.600000381469727,9.000000953674316,0.44999998807907104,-40.99117887718336,7.959432650750387e-07
grid-r045-c027,45,27,5.599999904632568,9.200000762939453,0.44999998807907104,-58.330304774889086,1.4688231964044007e-08
grid-r045-c028,45,28,5.800000190734863,9.200000762939453,0.44999998807907104,-78.12307991477294,1.5406075026813681e-10
grid-r045-c030,45,30,6.199999809265137,9.200000762939453,0.44999998807907104,-49.20030896083108,1.20217890753338e-07
grid-r045-c031,45,31,6.400000095367432,9.200000762939453,0.44999998807907104,-44.14766552690723,3.847985681204591e-07
grid-r045-c032,45,32,6.599999904632568,9.200000762939453,0.44999998807907104,-41.41605042246305,7.217635697998048e-07
grid-r045-c033,45,33,6.800000190734863,9.200000762939453,0.44999998807907104,-42.23940950957902,5.971164682705421e-07
grid-r045-c034,45,34,7.0,9.200000762939453,0.44999998807907104,-42.671213454633666,5.406032528298965e-07
grid-r045-c035,45,35,7.199999809265137,9.200000762939453,0.44999998807907104,-46.91631652244479,2.0340814899100224e-07
grid-r045-c040,45,40,8.199999809265137,9.200000762939453,0.44999998807907104,-50.54386609637018,8.822941310882015e-08
grid-r045-c041,45,41,8.399999618530273,9.200000762939453,0.44999998807907104,-63.3284894020813,4.646768747562646e-09
grid-r045-c042,45,42,8.600000381469727,9.200000762939453,0.44999998807907104,-50.44647078689407,9.023040803413096e-08
grid-r045-c043,45,43,8.800000190734863,9.200000762939453,0.44999998807907104,-50.45437775634964,9.006627976759773e-08
grid-r045-c044,45,44,9.0,9.200000762939453,0.44999998807907104,-50.52734655533557,8.856565614223655e-08
grid-r045-c045,45,45,9.199999809265137,9.200000762939453,0.44999998807907104,-50.60343448391292,8.702750875499987e-08
grid-r045-c046,45,46,9.399999618530273,9.200000762939453,0.44999998807907104,-45.30494498794013,2.9478508167812834e-07
grid-r045-c047,45,47,9.600000381469727,9.200000762939453,0.44999998807907104,-43.36441503027413,4.6084883820185496e-07
grid-r045-c048,45,48,9.800000190734863,9.200000762939453,0.44999998807907104,-43.1403950667636,4.852443566960574e-07
grid-r045-c049,45,49,10.0,9.200000762939453,0.44999998807907104,-42.3677699365888,5.797263042950362e-07
grid-r045-c050,45,50,10.200000762939453,9.200000762939453,0.44999998807907104,-42.8997125845111,5.128953262101277e-07
grid-r045-c051,45,51,10.399999618530273,9.200000762939453,0.44999998807907104,-40.536597744644695,8.837719747134543e-07
grid-r045-c052,45,52,10.600000381469727,9.200000762939453,0.44999998807907104,-42.906339667019026,5.121132744534407e-07
grid-r045-c053,45,53,10.800000190734863,9.200000762939453,0.44999998807907104,-41.07839606149586,7.801181709510274e-07
grid-r045-c054,45,54,11.0,9.200000762939453,0.44999998807907104,-40.16425016239991,9.628862471799948e-07
grid-r045-c055,45,55,11.200000762939453,9.200000762939453,0.44999998807907104,-40.96304000115715,8.011170962163305e-07
grid-r045-c056,45,56,11.399999618530273,9.200000762939453,0.44999998807907104,-39.84828074941356,1.0355520316807088e-06
grid-r045-c057,45,57,11.600000381469727,9.200000762939453,0.44999998807907104,-40.63456792741319,8.640586202091072e-07
grid-r046-c030,46,30,6.199999809265137,9.40000057220459,0.44999998807907104,-52.05349792075032,6.232326654753706e-08
grid-r046-c031,46,31,6.400000095367432,9.40000057220459,0.44999998807907104,-43.33837506910419,4.636203527752514e-07
grid-r046-c032,46,32,6.599999904632568,9.40000057220459,0.44999998807907104,-42.12996372311852,6.123555067460984e-07
grid-r046-c033,46,33,6.800000190734863,9.40000057220459,0.44999998807907104,-42.09317939853029,6.175641260597331e-07
grid-r046-c034,46,34,7.0,9.40000057220459,0.44999998807907104,-41.57707316552834,6.954928721825127e-07
grid-r046-c035,46,35,7.199999809265137,9.40000057220459,0.44999998807907104,-48.42676544561614,1.436558960676848e-07
grid-r046-c040,46,40,8.199999809265137,9.40000057220459,0.44999998807907104,-68.97728960071842,1.2655259062910318e-09
grid-r046-c041,46,41,8.399999618530273,9.40000057220459,0.44999998807907104,-50.363670940385475,9.196718764314937e-08
grid-r046-c042,46,42,8.600000381469727,9.40000057220459,0.44999998807907104,-50.261386267528664,9.415889934416555e-08
grid-r046-c043,46,43,8.800000190734863,9.40000057220459,0.44999998807907104,-63.55786223849779,4.407717746346407e-09
grid-r046-c044,46,44,9.0,9.40000057220459,0.44999998807907104,-50.44828956278921,9.01926284768706e-08
grid-r046-c045,46,45,9.199999809265137,9.40000057220459,0.44999998807907104,-50.458456159555624,8.9981739392897e-08
grid-r046-c046,46,46,9.399999618530273,9.40000057220459,0.44999998807907104,-49.174761151778924,1.2092716872302844e-07
grid-r046-c047,46,47,9.600000381469727,9.40000057220459,0.44999998807907104,-45.37664655962192,2.8995816592214396e-07
grid-r046-c048,46,48,9.800000190734863,9.40000057220459,0.44999998807907104,-45.030409424686624,3.1402126410284836e-07
grid-r046-c049,46,49,10.0,9.40000057220459,0.44999998807907104,-40.53406910878089,8.842866918712389e-07
grid-r046-c050,46,50,10.200000762939453,9.40000057220459,0.44999998807907104,-44.83181899720172,3.287139236363146e-07
grid-r046-c051,46,51,10.399999618530273,9.40000057220459,0.44999998807907104,-41.45251997010546,7.157279924285831e-07
grid-r046-c052,46,52,10.600000381469727,9.40000057220459,0.44999998807907104,-41.61323657023976,6.897255957483139e-07
grid-r046-c053,46,53,10.800000190734863,9.40000057220459,0.44999998807907104,-43.06806388359175,4.933937134410371e-07
grid-r046-c054,46,54,11.0,9.40000057220459,0.44999998807907104,-42.778315993988016,5.274343379824131e-07
grid-r046-c055,46,55,11.200000762939453,9.40000057220459,0.44999998807907104,-39.89950756704513,1.0234090268568252e-06
grid-r046-c056,46,56,11.399999618530273,9.40000057220459,0.44999998807907104,-40.5586032113084,8.793052757027908e-07
grid-r046-c057,46,57,11.600000381469727,9.40000057220459,0.44999998807907104,-40.53770181415014,8.835473295221163e-07
grid-r047-c029,47,29,6.0,9.600000381469727,0.44999998807907104,-51.86182091098718,6.513552364140196e-08
grid-r047-c030,47,30,6.199999809265137,9.600000381469727,0.44999998807907104,-48.865054071299056,1.2986573949547164e-07
grid-r047-c031,47,31,6.400000095367432,9.600000381469727,0.44999998807907104,-45.77065086047784,2.6481032477931876e-07
grid-r047-c032,47,32,6.599999904632568,9.600000381469727,0.44999998807907104,-42.99548603638055,5.017084276914829e-07
grid-r047-c033,47,33,6.800000190734863,9.600000381469727,0.44999998807907104,-41.46064729664879,7.143898415051808e-07
grid-r047-c034,47,34,7.0,9.600000381469727,0.44999998807907104,-42.33851925352772,5.836440664097609e-07
grid-r047-c035,47,35,7.199999809265137,9.600000381469727,0.44999998807907104,-46.56278822013422,2.206587623732048e-07
grid-r047-c040,47,40,8.199999809265137,9.600000381469727,0.44999998807907104,-65.75684967375393,2.656531883360458e-09
grid-r047-c041,47,41,8.399999618530273,9.600000381469727,0.44999998807907104,-50.23840203887326,9.465853878509733e-08
grid-r047-c042,47,42,8.600000381469727,9.600000381469727,0.44999998807907104,-50.24393383174305,9.453804494796714e-08
grid-r047-c043,47,43,8.800000190734863,9.600000381469727,0.44999998807907104,-50.31064113272173,9.309704296356358e-08
grid-r047-c044,47,44,9.0,9.600000381469727,0.44999998807907104,-50.31841001016352,9.293065517113064e-08
grid-r047-c045,47,45,9.199999809265137,9.600000381469727,0.44999998807907104,-50.32881458825781,9.270828371654716e-08
grid-r047-c046,47,46,9.399999618530273,9.600000381469727,0.44999998807907104,-64.0252589917104,3.95798460672836e-09
grid-r047-c047,47,47,9.600000381469727,9.600000381469727,0.44999998807907104,-49.09118026814386,1.2327697618275124e-07
grid-r047-c048,47,48,9.800000190734863,9.600000381469727,0.44999998807907104,-41.14733515612432,7.678324891458033e-07
grid-r047-c049,47,49,10.0,9.600000381469727,0.44999998807907104,-46.109123743849636,2.44955742800812e-07
grid-r047-c050,47,50,10.200000762939453,9.600000381469727,0.44999998807907104,-43.05800656434378,4.94537630402192e-07
grid-r047-c051,47,51,10.399999618530273,9.600000381469727,0.44999998807907104,-41.37955522799689,7.278543421307404e-07
grid-r047-c052,47,52,10.600000381469727,9.600000381469727,0.44999998807907104,-39.357757854043754,1.1593757562877727e-06
grid-r047-c053,47,53,10.800000190734863,9.600000381469727,0.44999998807907104,-42.75825386125278,5.298764449435112e-07
grid-r047-c054,47,54,11.0,9.600000381469727,0.44999998807907104,-41.061607375892414,7.831397397239925e-07
grid-r047-c055,47,55,11.200000762939453,9.600000381469727,0.44999998807907104,-40.202233322124656,9.545016155243502e-07
grid-r047-c056,47,56,11.399999618530273,9.600000381469727,0.44999998807907104,-41.359547500969924,7.312152661143045e-07
grid-r047-c057,47,57,11.600000381469727,9.600000381469727,0.44999998807907104,-41.26837097535115,7.467288014595397e-07
grid-r048-c028,48,28,5.800000190734863,9.800000190734863,0.44999998807907104,-81.30463651411226,7.405192431475527e-11
grid-r048-c029,48,29,6.0,9.800000190734863,0.44999998807907104,-48.69924992416496,1.3491958839040308e-07
grid-r048-c030,48,30,6.199999809265137,9.800000190734863,0.44999998807907104,-45.63611775270945,2.7314183626003796e-07
grid-r048-c031,48,31,6.400000095367432,9.800000190734863,0.44999998807907104,-48.57182181034544,1.3893696859668125e-07
grid-r048-c032,48,32,6.599999904632568,9.800000190734863,0.44999998807907104,-42.34746723142281,5.824427944389754e-07
grid-r048-c033,48,33,6.800000190734863,9.800000190734863,0.44999998807907104,-42.228087113669616,5.986752285025432e-07
grid-r048-c034,48,34,7.0,9.800000190734863,0.44999998807907104,-41.21489197753192,7.559808636870002e-07
grid-r048-c035,48,35,7.199999809265137,9.800000190734863,0.44999998807907104,-48.11391682607754,1.5438614298091125e-07
grid-r048-c040,48,40,8.199999809265137,9.800000190734863,0.44999998807907104,-68.5594113047215,1.3933456610715211e-09
grid-r048-c041,48,41,8.399999618530273,9.800000190734863,0.44999998807907104,-50.05260260589088,9.879608597884726e-08
grid-r048-c042,48,42,8.600000381469727,9.800000190734863,0.44999998807907104,-50.062339315878376,9.857483718178628e-08
grid-r048-c043,48,43,8.800000190734863,9.800000190734863,0.44999998807907104,-50.30082361595821,9.330773309557117e-08
grid-r048-c044,48,44,9.0,9.800000190734863,0.44999998807907104,-50.19125811025788,9.569168213374724e-08
grid-r048-c045,48,45,9.199999809265137,9.800000190734863,0.44999998807907104,-50.148957966170755,9.66282698300347e-08
grid-r048-c046,48,46,9.399999618530273,9.800000190734863,0.44999998807907104,-50.32188340975671,9.285636082267956e-08
grid-r048-c047,48,47,9.600000381469727,9.800000190734863,0.44999998807907104,-50.284502667705226,9.365904674041303e-08
grid-r048-c048,48,48,9.800000190734863,9.800000190734863,0.44999998807907104,-42.895584803555636,5.133830427439534e-07
grid-r048-c049,48,49,10.0,9.800000190734863,0.44999998807907104,-41.52248748203292,7.042895617814793e-07
grid-r048-c050,48,50,10.200000762939453,9.800000190734863,0.44999998807907104,-40.019302979691844,9.955651876225602e-07
grid-r048-c051,48,51,10.399999618530273,9.800000190734863,0.44999998807907104,-42.947979653128414,5.072266162642336e-07
grid-r048-c052,48,52,10.600000381469727,9.800000190734863,0.44999998807907104,-41.32897779365243,7.363804002125107e-07
grid-r048-c053,48,53,10.800000190734863,9.800000190734863,0.44999998807907104,-41.41287647898921,7.222912472570897e-07
grid-r048-c054,48,54,11.0,9.800000190734863,0.44999998807907104,-41.382001347046625,7.27444501080754e-07
grid-r048-c055,48,55,11.200000762939453,9.800000190734863,0.44999998807907104,-41.037146269635194,7.87563124049484e-07
grid-r048-c056,48,56,11.399999618530273,9.800000190734863,0.44999998807907104,-41.29974148160096,7.41354369893088e-07
grid-r048-c057,48,57,11.600000381469727,9.800000190734863,0.44999998807907104,-42.46982819252756,5.662616899826389e-07
grid-r049-c028,49,28,5.800000190734863,10.0,0.44999998807907104,-48.50417344098193,1.411180790000799e-07
grid-r049-c029,49,29,6.0,10.0,0.44999998807907104,-48.4453404910132,1.4304278295185213e-07
grid-r049-c030,49,30,6.199999809265137,10.0,0.44999998807907104,-46.65609305938739,2.1596864030470897e-07
grid-r049-c031,49,31,6.400000095367432,10.0,0.44999998807907104,-51.376454691655795,7.283741609853678e-08
grid-r049-c032,49,32,6.599999904632568,10.0,0.44999998807907104,-51.27299008131067,7.459350115368579e-08
grid-r049-c033,49,33,6.800000190734863,10.0,0.44999998807907104,-41.067849282284286,7.820149789949937e-07
grid-r049-c034,49,34,7.0,10.0,0.44999998807907104,-44.00604209747614,3.9755369130034524e-07
grid-r049-c035,49,35,7.199999809265137,10.0,0.44999998807907104,-51.141866696828274,7.687999215022501e-08
grid-r049-c041,49,41,8.399999618530273,10.0,0.44999998807907104,-49.921038451820195,1.0183478593717155e-07
grid-r049-c042,49,42,8.600000381469727,10.0,0.44999998807907104,-62.52657234425698,5.589111395920554e-09
grid-r049-c043,49,43,8.800000190734863,10.0,0.44999998807907104,-50.0603231402787,9.862061034482394e-08
grid-r049-c044,49,44,9.0,10.0,0.44999998807907104,-50.12304905199451,9.72064526649774e-08
grid-r049-c045,49,45,9.199999809265137,10.0,0.44999998807907104,-50.12735362491719,9.711015280799984e-08
grid-r049-c046,49,46,9.399999618530273,10.0,0.44999998807907104,-50.04157708588596,9.904722020337431e-08
grid-r049-c047,49,47,9.600000381469727,10.0,0.44999998807907104,-45.282236284161456,2.9633051212840655e-07
grid-r049-c048,49,48,9.800000190734863,10.0,0.44999998807907104,-45.06577015387407,3.1147484946814075e-07
grid-r049-c049,49,49,10.0,10.0,0.44999998807907104,-42.950845808986564,5.068919790574e-07
grid-r049-c050,49,50,10.200000762939453,10.0,0.44999998807907104,-42.74140063403379,5.319366778167023e-07
grid-r049-c051,49,51,10.399999618530273,10.0,0.44999998807907104,-42.713597858266056,5.353529672902368e-07
grid-r049-c052,49,52,10.600000381469727,10.0,0.44999998807907104,-40.37182646046225,9.179464655062475e-07
grid-r049-c053,49,53,10.800000190734863,10.0,0.44999998807907104,-42.60938245251054,5.48354933016526e-07
grid-r049-c054,49,54,11.0,10.0,0.44999998807907104,-42.829485317748194,5.212564815337828e-07
grid-r049-c055,49,55,11.200000762939453,10.0,0.44999998807907104,-42.773929266433115,5.279673587210709e-07
grid-r049-c056,49,56,11.399999618530273,10.0,0.44999998807907104,-42.81737281735311,5.227122983342269e-07
grid-r049-c057,49,57,11.600000381469727,10.0,0.44999998807907104,-41.1949540754259,7.594594535476062e-07
grid-r050-c027,50,27,5.599999904632568,10.200000762939453,0.44999998807907104,-78.8771009975465,1.2950600314365346e-10
grid-r050-c028,50,28,5.800000190734863,10.200000762939453,0.44999998807907104,-51.313935784705976,7.38935312938338e-08
grid-r050-c029,50,29,6.0,10.200000762939453,0.44999998807907104,-48.232732181261156,1.5021966248696117e-07
grid-r050-c030,50,30,6.199999809265137,10.200000762939453,0.44999998807907104,-51.20411718592493,7.578587712941953e-08
grid-r050-c031,50,31,6.400000095367432,10.200000762939453,0.44999998807907104,-45.21164493549176,3.0118650329313823e-07
grid-r050-c032,50,32,6.599999904632568,10.200000762939453,0.44999998807907104,-48.14794076336233,1.5318136092901113e-07
grid-r050-c033,50,33,6.800000190734863,10.200000762939453,0.44999998807907104,-44.03041783015796,3.9532858409074834e-07
grid-r050-c034,50,34,7.0,10.200000762939453,0.44999998807907104,-42.45092428729385,5.687318775926542e-07
grid-r050-c035,50,35,7.199999809265137,10.200000762939453,0.44999998807907104,-47.860168285174495,1.636753097500332e-07
grid-r050-c040,50,40,8.199999809265137,10.200000762939453,0.44999998807907104,-64.96683299440123,3.1865203808933984e-09
grid-r050-c041,50,41,8.399999618530273,10.200000762939453,0.44999998807907104,-49.92444396875713,1.0175496356623626e-07
grid-r050-c042,50,42,8.600000381469727,10.200000762939453,0.44999998807907104,-49.91520943847631,1.0197155830837801e-07
grid-r050-c043,50,43,8.800000190734863,10.200000762939453,0.44999998807907104,-49.92879371952722,1.0165310015963769e-07
grid-r050-c044,50,44,9.0,10.200000762939453,0.44999998807907104,-49.93759665388066,1.0144726303451534e-07
grid-r050-c045,50,45,9.199999809265137,10.200000762939453,0.44999998807907104,-65.95423047047085,2.5384987445420393e-09
grid-r050-c046,50,46,9.399999618530273,10.200000762939453,0.44999998807907104,-44.00992208124909,3.9719867572785006e-07
grid-r050-c047,50,47,9.600000381469727,10.200000762939453,0.44999998807907104,-45.20476531857972,3.01663988011569e-07
grid-r050-c048,50,48,9.800000190734863,10.200000762939453,0.44999998807907104,-45.24339720834385,2.989924894336582e-07
grid-r050-c049,50,49,10.0,10.200000762939453,0.44999998807907104,-45.059123935001224,3.1195187943922065e-07
grid-r050-c050,50,50,10.200000762939453,10.200000762939453,0.44999998807907104,-42.80798219555268,5.238437665866513e-07
grid-r050-c051,50,51,10.399999618530273,10.200000762939453,0.44999998807907104,-41.292541093490165,7.425845183206548e-07
grid-r050-c052,50,52,10.600000381469727,10.200000762939453,0.44999998807907104,-39.02768319960796,1.250926175089262e-06
grid-r050-c053,50,53,10.800000190734863,10.200000762939453,0.44999998807907104,-42.793024668378116,5.256510462459119e-07
grid-r050-c054,50,54,11.0,10.200000762939453,0.44999998807907104,-42.750494294886074,5.308240247359208e-07
grid-r050-c055,50,55,11.200000762939453,10.200000762939453,0.44999998807907104,-42.48529043702401,5.642492055812909e-07
grid-r050-c056,50,56,11.399999618530273,10.200000762939453,0.44999998807907104,-39.93252907234773,1.0156570624531014e-06
grid-r050-c057,50,57,11.600000381469727,10.200000762939453,0.44999998807907104,-42.70403623503458,5.365329229789495e-07
grid-r051-c027,51,27,5.599999904632568,10.40000057220459,0.44999998807907104,-48.18793014374454,1.517773569048586e-07
grid-r051-c028,51,28,5.800000190734863,10.40000057220459,0.44999998807907104,-48.14559812178122,1.5326401126003475e-07
grid-r051-c029,51,29,6.0,10.40000057220459,0.44999998807907104,-46.355685434396364,2.3143628880006872e-07
grid-r051-c030,51,30,6.199999809265137,10.40000057220459,0.44999998807907104,-46.26123163242923,2.3652488323477883e-07
grid-r051-c031,51,31,6.400000095367432,10.40000057220459,0.44999998807907104,-47.97433975384831,1.594285237160875e-07
grid-r051-c032,51,32,6.599999904632568,10.40000057220459,0.44999998807907104,-46.18805245636776,2.405441250630247e-07
grid-r051-c033,51,33,6.800000190734863,10.40000057220459,0.44999998807907104,-42.27557592444769,5.921645538364828e-07
grid-r051-c034,51,34,7.0,10.40000057220459,0.44999998807907104,-41.20807074639955,7.571691753582854e-07
grid-r051-c035,51,35,7.199999809265137,10.40000057220459,0.44999998807907104,-50.694754081440024,8.521667638206054e-08
grid-r051-c040,51,40,8.199999809265137,10.40000057220459,0.44999998807907104,-49.7921408442722,1.0490251867167899e-07
grid-r051-c041,51,41,8.399999618530273,10.40000057220459,0.44999998807907104,-63.13862335824433,4.854423529820906e-09
grid-r051-c042,51,42,8.600000381469727,10.40000057220459,0.44999998807907104,-49.92070392518117,1.0184263032897434e-07
grid-r051-c043,51,43,8.800000190734863,10.40000057220459,0.44999998807907104,-49.79909160082937,1.0473475953176603e-07
grid-r051-c044,51,44,9.0,10.40000057220459,0.44999998807907104,-65.45582731486738,2.8471953683606444e-09
grid-r051-c045,51,45,9.199999809265137,10.40000057220459,0.44999998807907104,-45.03353510257439,3.137953399345861e-07
grid-r051-c046,51,46,9.399999618530273,10.40000057220459,0.44999998807907104,-58.134922411072296,1.5364122418759507e-08
grid-r051-c047,51,47,9.600000381469727,10.40000057220459,0.44999998807907104,-45.103953477966144,3.087483548824821e-07
grid-r051-c048,51,48,9.800000190734863,10.40000057220459,0.44999998807907104,-45.14855459810764,3.055938009310921e-07
grid-r051-c049,51,49,10.0,10.40000057220459,0.44999998807907104,-45.04298124040409,3.1311355996876955e-07
grid-r051-c050,51,50,10.200000762939453,10.40000057220459,0.44999998807907104,-42.77465828735888,5.278787398310669e-07
grid-r051-c051,51,51,10.399999618530273,10.40000057220459,0.44999998807907104,-42.554802803618955,5.552898301175446e-07
grid-r051-c052,51,52,10.600000381469727,10.40000057220459,0.44999998807907104,-41.176042520559726,7.627737659277045e-07
grid-r051-c053,51,53,10.800000190734863,10.40000057220459,0.44999998807907104,-42.47775115324595,5.652295840263832e-07
grid-r051-c054,51,54,11.0,10.40000057220459,0.44999998807907104,-41.11817498083688,7.730053539489745e-07
grid-r051-c055,51,55,11.200000762939453,10.40000057220459,0.44999998807907104,-41.28226378648542,7.443438789778156e-07
grid-r051-c056,51,56,11.399999618530273,10.40000057220459,0.44999998807907104,-42.369029739634705,5.79558161462046e-07
grid-r051-c057,51,57,11.600000381469727,10.40000057220459,0.44999998807907104,-42.65082709130249,5.4314688213708e-07
grid-r052-c026,52,26,5.400000095367432,10.600000381469727,0.44999998807907104,-73.67762319823144,4.287831201210679e-10
grid-r052-c027,52,27,5.599999904632568,10.600000381469727,0.44999998807907104,-48.007861994784534,1.5820266696664476e-07
grid-r052-c028,52,28,5.800000190734863,10.600000381469727,0.44999998807907104,-50.91708158413026,8.096397863255334e-08
grid-r052-c029,52,29,6.0,10.600000381469727,0.44999998807907104,-50.89805155528373,8.131952711210033e-08
grid-r052-c030,52,30,6.199999809265137,10.600000381469727,0.44999998807907104,-47.84034767972662,1.644240086307036e-07
grid-r052-c031,52,31,6.400000095367432,10.600000381469727,0.44999998807907104,-49.76625762139864,1.05529586846842e-07
grid-r052-c032,52,32,6.599999904632568,10.600000381469727,0.44999998807907104,-50.70830210330817,8.495125314311736e-08
grid-r052-c033,52,33,6.800000190734863,10.600000381469727,0.44999998807907104,-47.671203465103744,1.709541521677238e-07
grid-r052-c034,52,34,7.0,10.600000381469727,0.44999998807907104,-43.27847069914277,4.7005960368551314e-07
grid-r052-c035,52,35,7.199999809265137,10.600000381469727,0.44999998807907104,-47.52050539582912,1.7699029797313415e-07
grid-r052-c041,52,41,8.399999618530273,10.600000381469727,0.44999998807907104,-49.65152881877083,1.0835454133939493e-07
grid-r052-c042,52,42,8.600000381469727,10.600000381469727,0.44999998807907104,-49.792288222623654,1.0489895885257283e-07
grid-r052-c043,52,43,8.800000190734863,10.600000381469727,0.44999998807907104,-56.4945482791358,2.2415331812908335e-08
grid-r052-c044,52,44,9.0,10.600000381469727,0.44999998807907104,-45.0044131466594,3.159065897762048e-07
grid-r052-c045,52,45,9.199999809265137,10.600000381469727,0.44999998807907104,-44.93612243360688,3.209133296877553e-07
grid-r052-c046,52,46,9.399999618530273,10.600000381469727,0.44999998807907104,-44.915227579142694,3.2246103387478797e-07
grid-r052-c047,52,47,9.600000381469727,10.600000381469727,0.44999998807907104,-45.043833221572825,3.1305214065469045e-07
grid-r052-c048,52,48,9.800000190734863,10.600000381469727,0.44999998807907104,-58.08147964651883,1.555435602540456e-08
grid-r052-c049,52,49,10.0,10.600000381469727,0.44999998807907104,-42.320937067076194,5.860117084921512e-07
grid-r052-c050,52,50,10.200000762939453,10.600000381469727,0.44999998807907104,-45.04018558251842,3.1331518357546884e-07
grid-r052-c051,52,51,10.399999618530273,10.600000381469727,0.44999998807907104,-44.97312594921321,3.1819064361116034e-07
grid-r052-c052,52,52,10.600000381469727,10.600000381469727,0.44999998807907104,-45.76026550447433,2.654443278515828e-07
grid-r052-c053,52,53,10.800000190734863,10.600000381469727,0.44999998807907104,-39.94831837819306,1.0119712214873289e-06
grid-r052-c054,52,54,11.0,10.600000381469727,0.44999998807907104,-40.878472955469604,8.168695444510377e-07
grid-r052-c055,52,55,11.200000762939453,10.600000381469727,0.44999998807907104,-42.344495794717155,5.828414373354462e-07
grid-r052-c056,52,56,11.399999618530273,10.600000381469727,0.44999998807907104,-45.32048484747544,2.937321710305696e-07
grid-r052-c057,52,57,11.600000381469727,10.600000381469727,0.44999998807907104,-43.157851722109626,4.832978106605879e-07
grid-r053-c026,53,26,5.400000095367432,10.800000190734863,0.44999998807907104,-47.88731181293045,1.6265552460481558e-07
grid-r053-c027,53,27,5.599999904632568,10.800000190734863,0.44999998807907104,-47.83021261162628,1.6480817066621967e-07
grid-r053-c028,53,28,5.800000190734863,10.800000190734863,0.44999998807907104,-44.78541312211203,3.322451789244951e-07
grid-r053-c029,53,29,6.0,10.800000190734863,0.44999998807907104,-47.70650832435415,1.6957005755102728e-07
grid-r053-c030,53,30,6.199999809265137,10.800000190734863,0.44999998807907104,-47.67166414426282,1.709360191171072e-07
grid-r053-c031,53,31,6.400000095367432,10.800000190734863,0.44999998807907104,-45.87260547353512,2.5866606279123516e-07
grid-r053-c032,53,32,6.599999904632568,10.800000190734863,0.44999998807907104,-45.78596008750728,2.6387849061393354e-07
grid-r053-c033,53,33,6.800000190734863,10.800000190734863,0.44999998807907104,-47.4711880796127,1.7901160731526033e-07
grid-r053-c034,53,34,7.0,10.800000190734863,0.44999998807907104,-41.90950395553823,6.442428457376081e-07
grid-r053-c035,53,35,7.199999809265137,10.800000190734863,0.44999998807907104,-50.3528693259548,9.219620977773957e-08
grid-r053-c041,53,41,8.399999618530273,10.800000190734863,0.44999998807907104,-49.51945485614253,1.1170034497354209e-07
grid-r053-c042,53,42,8.600000381469727,10.800000190734863,0.44999998807907104,-44.809858346089214,3.303803168819286e-07
grid-r053-c043,53,43,8.800000190734863,10.800000190734863,0.44999998807907104,-56.947538240781114,2.0195107808262946e-08
grid-r053-c044,53,44,9.0,10.800000190734863,0.44999998807907104,-44.828919935358925,3.289334244982456e-07
grid-r053-c045,53,45,9.199999809265137,10.800000190734863,0.44999998807907104,-44.89163857902385,3.242172681439115e-07
grid-r053-c046,53,46,9.399999618530273,10.800000190734863,0.44999998807907104,-44.87826986058457,3.252168312428694e-07
grid-r053-c047,53,47,9.600000381469727,10.800000190734863,0.44999998807907104,-44.90394963387476,3.232995027246943e-07
grid-r053-c048,53,48,9.800000190734863,10.800000190734863,0.44999998807907104,-45.04435095766482,3.1301482295020833e-07
grid-r053-c049,53,49,10.0,10.800000190734863,0.44999998807907104,-45.075058780038546,3.1080938356353727e-07
grid-r053-c050,53,50,10.200000762939453,10.800000190734863,0.44999998807907104,-45.170185109973616,3.0407554163502937e-07
grid-r053-c051,53,51,10.399999618530273,10.800000190734863,0.44999998807907104,-44.7803686563214,3.326313162688166e-07
grid-r053-c052,53,52,10.600000381469727,10.800000190734863,0.44999998807907104,-42.60371232081305,5.490713306244288e-07
grid-r053-c053,53,53,10.800000190734863,10.800000190734863,0.44999998807907104,-39.88993970750254,1.0256661653329502e-06
grid-r053-c054,53,54,11.0,10.800000190734863,0.44999998807907104,-42.33461777766067,5.841686174790084e-07
grid-r053-c055,53,55,11.200000762939453,10.800000190734863,0.44999998807907104,-45.74695180870779,2.662593203694996e-07
grid-r053-c056,53,56,11.399999618530273,10.800000190734863,0.44999998807907104,-44.07845451387358,3.9098000570447766e-07
grid-r053-c057,53,57,11.600000381469727,10.800000190734863,0.44999998807907104,-43.6502078918354,4.3149842099410307e-07
grid-r054-c026,54,26,5.400000095367432,11.0,0.44999998807907104,-50.67111970543367,8.568169107547874e-08
grid-r054-c027,54,27,5.599999904632568,11.0,0.44999998807907104,-50.592516777751015,8.724656197500735e-08
grid-r054-c028,54,28,5.800000190734863,11.0,0.44999998807907104,-50.57057367618262,8.768849824036806e-08
grid-r054-c029,54,29,6.0,11.0,0.44999998807907104,-47.52732055132097,1.7671277419140097e-07
grid-r054-c030,54,30,6.199999809265137,11.0,0.44999998807907104,-50.454602178030996,9.00616257126785e-08
grid-r054-c031,54,31,6.400000095367432,11.0,0.44999998807907104,-50.393927192104,9.13287010462227e-08
grid-r054-c032,54,32,6.599999904632568,11.0,0.44999998807907104,-47.36170534920652,1.83581732926541e-07
grid-r054-c033,54,33,6.800000190734863,11.0,0.44999998807907104,-50.19698651907197,9.55655465872951e-08
grid-r054-c034,54,34,7.0,11.0,0.44999998807907104,-50.17748050148417,9.59957375812337e-08
grid-r054-c035,54,35,7.199999809265137,11.0,0.44999998807907104,-45.4402176636582,2.8574473276421486e-07
grid-r054-c041,54,41,8.399999618530273,11.0,0.44999998807907104,-43.45521268204106,4.51313923122143e-07
grid-r054-c042,54,42,8.600000381469727,11.0,0.44999998807907104,-56.37870516312722,2.302128088160771e-08
grid-r054-c043,54,43,8.800000190734863,11.0,0.44999998807907104,-44.65657385228782,3.4224933642690303e-07
grid-r054-c044,54,44,9.0,11.0,0.44999998807907104,-57.82158068815076,1.6513606482249088e-08
grid-r054-c045,54,45,9.199999809265137,11.0,0.44999998807907104,-44.85515466452087,3.26952402929237e-07
grid-r054-c046,54,46,9.399999618530273,11.0,0.44999998807907104,-44.863938440881256,3.262917971369461e-07
grid-r054-c047,54,47,9.600000381469727,11.0,0.44999998807907104,-57.298106511981274,1.8628991682589913e-08
grid-r054-c048,54,48,9.800000190734863,11.0,0.44999998807907104,-45.004871886917726,3.158732226893335e-07
grid-r054-c049,54,49,10.0,11.0,0.44999998807907104,-45.08084057366331,3.103958761130343e-07
grid-r054-c050,54,50,10.200000762939453,11.0,0.44999998807907104,-45.06558231716461,3.1148832135841076e-07
grid-r054-c051,54,51,10.399999618530273,11.0,0.44999998807907104,-45.27228153317978,2.970105299482384e-07
grid-r054-c052,54,52,10.600000381469727,11.0,0.44999998807907104,-45.00886857149679,3.1558266755382647e-07
grid-r054-c053,54,53,10.800000190734863,11.0,0.44999998807907104,-42.45474445577636,5.682318260369357e-07
grid-r054-c054,54,54,11.0,11.0,0.44999998807907104,-42.498604736811394,5.625220182992052e-07
grid-r054-c055,54,55,11.200000762939453,11.0,0.44999998807907104,-45.28587087840329,2.9608261797875457e-07
grid-r054-c056,54,56,11.399999618530273,11.0,0.44999998807907104,-43.96347820133105,4.01469151256606e-07
grid-r054-c057,54,57,11.600000381469727,11.0,0.44999998807907104,-43.916723897497256,4.0581454641142045e-07
grid-r055-c026,55,26,5.400000095367432,11.200000762939453,0.44999998807907104,-50.53254502888528,8.845970711490736e-08
grid-r055-c027,55,27,5.599999904632568,11.200000762939453,0.44999998807907104,-50.46396626632969,8.9867647545816e-08
grid-r055-c028,55,28,5.800000190734863,11.200000762939453,0.44999998807907104,-50.31421646747455,9.302043224579393e-08
grid-r055-c029,55,29,6.0,11.200000762939453,0.44999998807907104,-50.39084172085953,9.139360912513439e-08
grid-r055-c030,55,30,6.199999809265137,11.200000762939453,0.44999998807907104,-47.351127150344254,1.8402943169348873e-07
grid-r055-c031,55,31,6.400000095367432,11.200000762939453,0.44999998807907104,-47.23602289847791,1.8897210907198314e-07
grid-r055-c032,55,32,6.599999904632568,11.200000762939453,0.44999998807907104,-47.18138158810227,1.913647054152534e-07
grid-r055-c033,55,33,6.800000190734863,11.200000762939453,0.44999998807907104,-45.39562375296549,2.8869391144326073e-07
grid-r055-c034,55,34,7.0,11.200000762939453,0.44999998807907104,-45.28321818314711,2.962635221592791e-07
grid-r055-c035,55,35,7.199999809265137,11.200000762939453,0.44999998807907104,-70.62998739828329,8.649704286156634e-10
grid-r055-c041,55,41,8.399999618530273,11.200000762939453,0.44999998807907104,-57.35734212849904,1.837662644277316e-08
grid-r055-c042,55,42,8.600000381469727,11.200000762939453,0.44999998807907104,-44.7250081934464,3.368985801444069e-07
grid-r055-c043,55,43,8.800000190734863,11.200000762939453,0.44999998807907104,-44.62620171443122,3.4465122666915704e-07
grid-r055-c044,55,44,9.0,11.200000762939453,0.44999998807907104,-44.619007599064034,3.452226167155459e-07
grid-r055-c045,55,45,9.199999809265137,11.200000762939453,0.44999998807907104,-44.81884103249743,3.2969768426482915e-07
grid-r055-c046,55,46,9.399999618530273,11.200000762939453,0.44999998807907104,-56.95738065012425,2.014939148864414e-08
grid-r055-c047,55,47,9.600000381469727,11.200000762939453,0.44999998807907104,-44.90178349137132,3.2346079592571186e-07
grid-r055-c048,55,48,9.800000190734863,11.200000762939453,0.44999998807907104,-44.91086714458754,3.227849560971663e-07
grid-r055-c049,55,49,10.0,11.200000762939453,0.44999998807907104,-44.975310901067616,3.1803060096535773e-07
grid-r055-c050,55,50,10.200000762939453,11.200000762939453,0.44999998807907104,-45.14830862084739,3.0561110975213523e-07
grid-r055-c051,55,51,10.399999618530273,11.200000762939453,0.44999998807907104,-45.09877171872317,3.09116956032085e-07
grid-r055-c052,55,52,10.600000381469727,11.200000762939453,0.44999998807907104,-45.22149313508909,3.0050429700168024e-07
grid-r055-c053,55,53,10.800000190734863,11.200000762939453,0.44999998807907104,-45.000498242638926,3.1619148899153515e-07
grid-r055-c054,55,54,11.0,11.200000762939453,0.44999998807907104,-42.477792645334624,5.652241839015915e-07
grid-r055-c055,55,55,11.200000762939453,11.200000762939453,0.44999998807907104,-43.9382144150348,4.038113843307656e-07
grid-r055-c056,55,56,11.399999618530273,11.200000762939453,0.44999998807907104,-43.94893288276529,4.0281599922309397e-07
grid-r055-c057,55,57,11.600000381469727,11.200000762939453,0.44999998807907104,-40.21863249878628,9.509041660749062e-07
grid-r056-c026,56,26,5.400000095367432,11.40000057220459,0.44999998807907104,-47.368954110088254,1.832755742725567e-07
grid-r056-c027,56,27,5.599999904632568,11.40000057220459,0.44999998807907104,-47.29173888457895,1.8656325551091868e-07
grid-r056-c028,56,28,5.800000190734863,11.40000057220459,0.44999998807907104,-47.25497949400304,1.8814905899944279e-07
grid-r056-c029,56,29,6.0,11.40000057220459,0.44999998807907104,-47.22349231219094,1.8951813274270535e-07
grid-r056-c030,56,30,6.199999809265137,11.40000057220459,0.44999998807907104,-45.415606770291504,2.87368607132521e-07
grid-r056-c031,56,31,6.400000095367432,11.40000057220459,0.44999998807907104,-47.0569572812021,1.9692654973368917e-07
grid-r056-c032,56,32,6.599999904632568,11.40000057220459,0.44999998807907104,-49.96049034669579,1.0091389412991703e-07
grid-r056-c033,56,33,6.800000190734863,11.40000057220459,0.44999998807907104,-49.918359628708075,1.0189761923129481e-07
grid-r056-c034,56,34,7.0,11.40000057220459,0.44999998807907104,-48.86705860675235,1.2980581232113764e-07
grid-r056-c035,56,35,7.199999809265137,11.40000057220459,0.44999998807907104,-49.89257666770891,1.0250435877878772e-07
grid-r056-c040,56,40,8.199999809265137,11.40000057220459,0.44999998807907104,-44.67274865415773,3.40977038604251e-07
grid-r056-c041,56,41,8.399999618530273,11.40000057220459,0.44999998807907104,-55.07305340324818,3.109529345124429e-08
grid-r056-c042,56,42,8.600000381469727,11.40000057220459,0.44999998807907104,-44.544583381526564,3.5118961250191205e-07
grid-r056-c043,56,43,8.800000190734863,11.40000057220459,0.44999998807907104,-44.46798332074998,3.5743877901950327e-07
grid-r056-c044,56,44,9.0,11.40000057220459,0.44999998807907104,-44.53137927617924,3.52258979319231e-07
grid-r056-c045,56,45,9.199999809265137,11.40000057220459,0.44999998807907104,-59.1110714835454,1.2271364369098592e-08
grid-r056-c046,56,46,9.399999618530273,11.40000057220459,0.44999998807907104,-44.742898836965395,3.355135902438633e-07
grid-r056-c047,56,47,9.600000381469727,11.40000057220459,0.44999998807907104,-44.81736021734483,3.2981012054733583e-07
grid-r056-c048,56,48,9.800000190734863,11.40000057220459,0.44999998807907104,-56.94581879746403,2.0203104966753926e-08
grid-r056-c049,56,49,10.0,11.40000057220459,0.44999998807907104,-44.871468078091496,3.2572657460150367e-07
grid-r056-c050,56,50,10.200000762939453,11.40000057220459,0.44999998807907104,-45.054337627511146,3.1229586738845683e-07
grid-r056-c051,56,51,10.399999618530273,11.40000057220459,0.44999998807907104,-45.00442525928018,3.1590570870321244e-07
grid-r056-c052,56,52,10.600000381469727,11.40000057220459,0.44999998807907104,-44.88019305342709,3.2507284686289495e-07
grid-r056-c053,56,53,10.800000190734863,11.40000057220459,0.44999998807907104,-55.40629147427096,2.879856531023961e-08
grid-r056-c054,56,54,11.0,11.40000057220459,0.44999998807907104,-43.98321798172701,3.9964851339391316e-07
grid-r056-c055,56,55,11.200000762939453,11.40000057220459,0.44999998807907104,-43.89537642815679,4.078142126218154e-07
grid-r056-c056,56,56,11.399999618530273,11.40000057220459,0.44999998807907104,-43.78286715157506,4.1851717469398864e-07
grid-r056-c057,56,57,11.600000381469727,11.40000057220459,0.44999998807907104,-42.436651763458315,5.706040155928349e-07
grid-r057-c026,57,26,5.400000095367432,11.600000381469727,0.44999998807907104,-67.16381627631895,1.921402592586219e-09
grid-r057-c027,57,27,5.599999904632568,11.600000381469727,0.44999998807907104,-47.11816885863098,1.9417043972680403e-07
grid-r057-c028,57,28,5.800000190734863,11.600000381469727,0.44999998807907104,-50.01354137239106,9.968868397436381e-08
grid-r057-c029,57,29,6.0,11.600000381469727,0.44999998807907104,-49.9749915547297,1.0057750188252612e-07
grid-r057-c030,57,30,6.199999809265137,11.600000381469727,0.44999998807907104,-49.90105636190782,1.0230441205294483e-07
grid-r057-c031,57,31,6.400000095367432,11.600000381469727,0.44999998807907104,-49.917030675746034,1.0192880495196732e-07
grid-r057-c032,57,32,6.599999904632568,11.600000381469727,0.44999998807907104,-46.875912457296664,2.0530936239993025e-07
grid-r057-c033,57,33,6.800000190734863,11.600000381469727,0.44999998807907104,-46.73610045944788,2.1202640709816478e-07
grid-r057-c034,57,34,7.0,11.600000381469727,0.44999998807907104,-49.75961376397214,1.0569115005409913e-07
grid-r057-c040,57,40,8.199999809265137,11.600000381469727,0.44999998807907104,-62.21121512827365,6.010055564331651e-09
grid-r057-c041,57,41,8.399999618530273,11.600000381469727,0.44999998807907104,-44.297760952400466,3.7172682709751825e-07
grid-r057-c042,57,42,8.600000381469727,11.600000381469727,0.44999998807907104,-44.3680551021116,3.657585523342277e-07
grid-r057-c043,57,43,8.800000190734863,11.600000381469727,0.44999998807907104,-44.57978693520468,3.483544048776821e-07
grid-r057-c044,57,44,9.0,11.600000381469727,0.44999998807907104,-55.98835885617774,2.51862850575435e-08
grid-r057-c045,57,45,9.199999809265137,11.600000381469727,0.44999998807907104,-44.59056604007827,3.4749086808005814e-07
grid-r057-c046,57,46,9.399999618530273,11.600000381469727,0.44999998807907104,-44.779097140117415,3.327287174670346e-07
grid-r057-c047,57,47,9.600000381469727,11.600000381469727,0.44999998807907104,-44.70523123856148,3.384362514680106e-07
grid-r057-c048,57,48,9.800000190734863,11.600000381469727,0.44999998807907104,-44.839577485069555,3.2812721428854275e-07
grid-r057-c049,57,49,10.0,11.600000381469727,0.44999998807907104,-44.84490064137238,3.2772527447377797e-07
grid-r057-c050,57,50,10.200000762939453,11.600000381469727,0.44999998807907104,-45.0233967349988,3.1452873372472823e-07
grid-r057-c051,57,51,10.399999618530273,11.600000381469727,0.44999998807907104,-57.25999431243979,1.8793192779753554e-08
grid-r057-c052,57,52,10.600000381469727,11.600000381469727,0.44999998807907104,-45.208663249133366,3.013933564943727e-07
grid-r057-c053,57,53,10.800000190734863,11.600000381469727,0.44999998807907104,-49.40589849989043,1.1465952809430746e-07
grid-r057-c054,57,54,11.0,11.600000381469727,0.44999998807907104,-55.34661447520645,2.919702168924232e-08
grid-r057-c055,57,55,11.200000762939453,11.600000381469727,0.44999998807907104,-41.67882059004234,6.793881084377063e-07
grid-r057-c056,57,56,11.399999618530273,11.600000381469727,0.44999998807907104,-42.210211993428366,6.01144392931019e-07
grid-r057-c057,57,57,11.600000381469727,11.600000381469727,0.44999998807907104,-42.10960835102761,6.152323521746439e-07
grid-r058-c026,58,26,5.400000095367432,11.80000114440918,0.44999998807907104,-66.52445849218616,2.2261485987939977e-09
grid-r058-c027,58,27,5.599999904632568,11.80000114440918,0.44999998807907104,-49.962048933145155,1.0087768487210269e-07
grid-r058-c028,58,28,5.800000190734863,11.80000114440918,0.44999998807907104,-46.94264393264325,2.0217879637129954e-07
grid-r058-c029,58,29,6.0,11.80000114440918,0.44999998807907104,-49.80644630520561,1.045575430680401e-07
grid-r058-c030,58,30,6.199999809265137,11.80000114440918,0.44999998807907104,-49.78955885751965,1.0496490432387873e-07
grid-r058-c031,58,31,6.400000095367432,11.80000114440918,0.44999998807907104,-49.755643932386405,1.0578780518244457e-07
grid-r058-c032,58,32,6.599999904632568,11.80000114440918,0.44999998807907104,-46.693214797237474,2.1413049466900702e-07
grid-r058-c033,58,33,6.800000190734863,11.80000114440918,0.44999998807907104,-46.641177315131046,2.167116548434933e-07
grid-r058-c034,58,34,7.0,11.80000114440918,0.44999998807907104,-49.56720432344618,1.1047895753790726e-07
grid-r058-c041,58,41,8.399999618530273,11.80000114440918,0.44999998807907104,-44.267630076612505,3.743147942714131e-07
grid-r058-c042,58,42,8.600000381469727,11.80000114440918,0.44999998807907104,-44.32287538980083,3.6958340388082433e-07
grid-r058-c043,58,43,8.800000190734863,11.80000114440918,0.44999998807907104,-58.2694320665652,1.4895558564376188e-08
grid-r058-c044,58,44,9.0,11.80000114440918,0.44999998807907104,-57.1689916079839,1.9191142897057034e-08
grid-r058-c045,58,45,9.199999809265137,11.80000114440918,0.44999998807907104,-44.482541548743555,3.5624259453470586e-07
grid-r058-c046,58,46,9.399999618530273,11.80000114440918,0.44999998807907104,-44.69935085532909,3.3889480732796073e-07
grid-r058-c047,58,47,9.600000381469727,11.80000114440918,0.44999998807907104,-44.610301794932795,3.459153390394931e-07
grid-r058-c048,58,48,9.800000190734863,11.80000114440918,0.44999998807907104,-44.67091659325635,3.411209092973877e-07
grid-r058-c049,58,49,10.0,11.80000114440918,0.44999998807907104,-44.8056184304277,3.307030169708014e-07
grid-r058-c050,58,50,10.200000762939453,11.80000114440918,0.44999998807907104,-58.175500853319775,1.522123582731183e-08
grid-r058-c051,58,51,10.399999618530273,11.80000114440918,0.44999998807907104,-59.74695954680858,1.0599955579948528e-08
grid-r058-c052,58,52,10.600000381469727,11.80000114440918,0.44999998807907104,-49.3696517746815,1.1562049451185885e-07
grid-r058-c053,58,53,10.800000190734863,11.80000114440918,0.44999998807907104,-49.256017687905725,1.1868565508166284e-07
grid-r058-c054,58,54,11.0,11.80000114440918,0.44999998807907104,-49.06649557879206,1.2397966031585383e-07
grid-r058-c055,58,55,11.200000762939453,11.80000114440918,0.44999998807907104,-54.45243091397924,3.587210883893022e-08
grid-r058-c056,58,56,11.399999618530273,11.80000114440918,0.44999998807907104,-42.160520888977345,6.080620664761227e-07
grid-r058-c057,58,57,11.600000381469727,11.80000114440918,0.44999998807907104,-42.15258046913699,6.091748332437419e-07
grid-r059-c026,59,26,5.400000095367432,12.0,0.44999998807907104,-49.879171049406324,1.0282125373350937e-07
grid-r059-c027,59,27,5.599999904632568,12.0,0.44999998807907104,-49.820080737763746,1.0422980523117076e-07
grid-r059-c028,59,28,5.800000190734863,12.0,0.44999998807907104,-49.75906927698736,1.0570440167612105e-07
grid-r059-c029,59,29,6.0,12.0,0.44999998807907104,-46.76226350047489,2.107529439854261e-07
grid-r059-c030,59,30,6.199999809265137,12.0,0.44999998807907104,-44.90433335412361,3.2327093890671676e-07
grid-r059-c031,59,31,6.400000095367432,12.0,0.44999998807907104,-49.47855337315707,1.1275729860926731e-07
grid-r059-c032,59,32,6.599999904632568,12.0,0.44999998807907104,-49.12292824725587,1.2237907753842592e-07
grid-r059-c033,59,33,6.800000190734863,12.0,0.44999998807907104,-49.39620391194909,1.1491576401567727e-07
grid-r059-c034,59,34,7.0,12.0,0.44999998807907104,-72.98755820397885,5.026251082007605e-10
grid-r059-c040,59,40,8.199999809265137,12.0,0.44999998807907104,-44.2812278763992,3.7314464407245396e-07
grid-r059-c041,59,41,8.399999618530273,12.0,0.44999998807907104,-57.704807410841084,1.696364826386798e-08
grid-r059-c042,59,42,8.600000381469727,12.0,0.44999998807907104,-55.17205462502987,3.039446738739571e-08
grid-r059-c043,59,43,8.800000190734863,12.0,0.44999998807907104,-44.48127358642586,3.5634661799122114e-07
grid-r059-c044,59,44,9.0,12.0,0.44999998807907104,-44.374523213869196,3.652142197552166e-07
grid-r059-c045,59,45,9.199999809265137,12.0,0.44999998807907104,-44.51474931666198,3.536104316026467e-07
grid-r059-c046,59,46,9.399999618530273,12.0,0.44999998807907104,-58.81037458355701,1.3151113975595763e-08
grid-r059-c047,59,47,9.600000381469727,12.0,0.44999998807907104,-44.51892197925437,3.5327084901837225e-07
grid-r059-c048,59,48,9.800000190734863,12.0,0.44999998807907104,-44.5885148036098,3.4765503187372815e-07
grid-r059-c049,59,49,10.0,12.0,0.44999998807907104,-61.919605643233496,6.427460785829453e-09
grid-r059-c050,59,50,10.200000762939453,12.0,0.44999998807907104,-44.91531868342193,3.2245426950794354e-07
grid-r059-c051,59,51,10.399999618530273,12.0,0.44999998807907104,-60.86269239954582,8.198431267203432e-09
grid-r059-c052,59,52,10.600000381469727,12.0,0.44999998807907104,-49.24674397351892,1.1893936147089335e-07
grid-r059-c053,59,53,10.800000190734863,12.0,0.44999998807907104,-49.10160199739495,1.2298150409151276e-07
grid-r059-c054,59,54,11.0,12.0,0.44999998807907104,-45.17573327411512,3.036873295059195e-07
grid-r059-c055,59,55,11.200000762939453,12.0,0.44999998807907104,-44.77902331679178,3.3273437338721124e-07
grid-r059-c056,59,56,11.399999618530273,12.0,0.44999998807907104,-52.73202981698087,5.330856822638452e-08
grid-r059-c057,59,57,11.600000381469727,12.0,0.44999998807907104,-42.053699544718384,6.232037321751704e-07
grid-r060-c026,60,26,5.400000095367432,12.200000762939453,0.44999998807907104,-49.57300426934928,1.1033151281480968e-07
grid-r060-c027,60,27,5.599999904632568,12.200000762939453,0.44999998807907104,-46.653843789340954,2.1608052236388176e-07
grid-r060-c028,60,28,5.800000190734863,12.200000762939453,0.44999998807907104,-46.61493632635482,2.18025036247127e-07
grid-r060-c029,60,29,6.0,12.200000762939453,0.44999998807907104,-46.58913348209322,2.1932424942860962e-07
grid-r060-c030,60,30,6.199999809265137,12.200000762939453,0.44999998807907104,-49.433961142285526,1.139210255018952e-07
grid-r060-c031,60,31,6.400000095367432,12.200000762939453,0.44999998807907104,-46.41014250787019,2.2855238057672977e-07
grid-r060-c032,60,32,6.599999904632568,12.200000762939453,0.44999998807907104,-49.28848137849593,1.1780178255094143e-07
grid-r060-c033,60,33,6.800000190734863,12.200000762939453,0.44999998807907104,-49.29045406730468,1.1774828578836605e-07
grid-r060-c040,60,40,8.199999809265137,12.200000762939453,0.44999998807907104,-61.13727056164201,7.69613972551042e-09
grid-r060-c041,60,41,8.399999618530273,12.200000762939453,0.44999998807907104,-57.58934630771276,1.742069066779095e-08
grid-r060-c042,60,42,8.600000381469727,12.200000762939453,0.44999998807907104,-44.24110360624395,3.7660808516193356e-07
grid-r060-c043,60,43,8.800000190734863,12.200000762939453,0.44999998807907104,-44.461705982836506,3.5795579833575175e-07
grid-r060-c044,60,44,9.0,12.200000762939453,0.44999998807907104,-44.26894337809102,3.7420161902446125e-07
grid-r060-c045,60,45,9.199999809265137,12.200000762939453,0.44999998807907104,-44.357853449931156,3.666187353701389e-07
grid-r060-c046,60,46,9.399999618530273,12.200000762939453,0.44999998807907104,-44.636401017133934,3.438427711444092e-07
grid-r060-c047,60,47,9.600000381469727,12.200000762939453,0.44999998807907104,-56.02922379791754,2.495040618555322e-08
grid-r060-c048,60,48,9.800000190734863,12.200000762939453,0.44999998807907104,-56.34677176594906,2.3191178755155306e-08
grid-r060-c049,60,49,10.0,12.200000762939453,0.44999998807907104,-44.85222376583684,3.271731259246735e-07
grid-r060-c050,60,50,10.200000762939453,12.200000762939453,0.44999998807907104,-61.5133654766241,7.0577041988428846e-09
grid-r060-c051,60,51,10.399999618530273,12.200000762939453,0.44999998807907104,-49.111985412174704,1.226878225679684e-07
grid-r060-c052,60,52,10.600000381469727,12.200000762939453,0.44999998807907104,-49.00800508234596,1.2566070495267923e-07
grid-r060-c053,60,53,10.800000190734863,12.200000762939453,0.44999998807907104,-43.59946205181643,4.3656990555973607e-07
grid-r060-c054,60,54,11.0,12.200000762939453,0.44999998807907104,-45.01751959524452,3.1495466146225226e-07
grid-r060-c055,60,55,11.200000762939453,12.200000762939453,0.44999998807907104,-44.9964515276921,3.1648625054003787e-07
grid-r060-c056,60,56,11.399999618530273,12.200000762939453,0.44999998807907104,-44.72695009109806,3.3674797350613517e-07
grid-r060-c057,60,57,11.600000381469727,12.200000762939453,0.44999998807907104,-42.03045099649566,6.265487968448724e-07
grid-r061-c026,61,26,5.400000095367432,12.40000057220459,0.44999998807907104,-46.59694924859335,2.1892989821026276e-07
grid-r061-c027,61,27,5.599999904632568,12.40000057220459,0.44999998807907104,-49.36454801461883,1.1575644975891919e-07
grid-r061-c028,61,28,5.800000190734863,12.40000057220459,0.44999998807907104,-49.358379978514066,1.1592096882395708e-07
grid-r061-c029,61,29,6.0,12.40000057220459,0.44999998807907104,-49.324270226308755,1.1683500389381152e-07
grid-r061-c030,61,30,6.199999809265137,12.40000057220459,0.44999998807907104,-49.25971362509428,1.1858469406433869e-07
grid-r061-c031,61,31,6.400000095367432,12.40000057220459,0.44999998807907104,-49.220650269480785,1.1965613566644606e-07
grid-r061-c032,61,32,6.599999904632568,12.40000057220459,0.44999998807907104,-49.180863274116106,1.207573774308912e-07
grid-r061-c033,61,33,6.800000190734863,12.40000057220459,0.44999998807907104,-49.26462525034569,1.184506572826649e-07
grid-r061-c040,61,40,8.199999809265137,12.40000057220459,0.44999998807907104,-57.81006161326974,1.655746473261388e-08
grid-r061-c041,61,41,8.399999618530273,12.40000057220459,0.44999998807907104,-44.21560284914041,3.788259448356257e-07
grid-r061-c042,61,42,8.600000381469727,12.40000057220459,0.44999998807907104,-44.107057508272916,3.884134400777839e-07
grid-r061-c043,61,43,8.800000190734863,12.40000057220459,0.44999998807907104,-58.01731320720113,1.578587571771095e-08
grid-r061-c044,61,44,9.0,12.40000057220459,0.44999998807907104,-44.269521660090675,3.7415179576782975e-07
grid-r061-c045,61,45,9.199999809265137,12.40000057220459,0.44999998807907104,-44.26333576194122,3.7468510072358185e-07
grid-r061-c046,61,46,9.399999618530273,12.40000057220459,0.44999998807907104,-58.243564865440774,1.4984543383889104e-08
grid-r061-c047,61,47,9.600000381469727,12.40000057220459,0.44999998807907104,-44.546146314836875,3.510632495817845e-07
grid-r061-c048,61,48,9.800000190734863,12.40000057220459,0.44999998807907104,-58.91554881970083,1.283645545413492e-08
grid-r061-c049,61,49,10.0,12.40000057220459,0.44999998807907104,-48.97618801409931,1.2658469472626166e-07
grid-r061-c050,61,50,10.200000762939453,12.40000057220459,0.44999998807907104,-60.176793924114875,9.601091477406953e-09
grid-r061-c051,61,51,10.399999618530273,12.40000057220459,0.44999998807907104,-48.98946587723498,1.2619827316484589e-07
grid-r061-c052,61,52,10.600000381469727,12.40000057220459,0.44999998807907104,-48.947524401400685,1.2742292199163785e-07
grid-r061-c053,61,53,10.800000190734863,12.40000057220459,0.44999998807907104,-44.86721569482627,3.260456651332788e-07
grid-r061-c054,61,54,11.0,12.40000057220459,0.44999998807907104,-44.86987943352402,3.2584574682914536e-07
grid-r061-c055,61,55,11.200000762939453,12.40000057220459,0.44999998807907104,-44.93095911123312,3.212950900888245e-07
grid-r061-c056,61,56,11.399999618530273,12.40000057220459,0.44999998807907104,-44.67941929278895,3.4045370966850896e-07
grid-r061-c057,61,57,11.600000381469727,12.40000057220459,0.44999998807907104,-54.07658429204203,3.9114841143828016e-08
grid-r062-c026,62,26,5.400000095367432,12.600000381469727,0.44999998807907104,-49.349327877728825,1.1616283757120982e-07
grid-r062-c027,62,27,5.599999904632568,12.600000381469727,0.44999998807907104,-49.27989390090244,1.180349471496811e-07
grid-r062-c028,62,28,5.800000190734863,12.600000381469727,0.44999998807907104,-49.21202664270696,1.1989396853095968e-07
grid-r062-c029,62,29,6.0,12.600000381469727,0.44999998807907104,-49.1448407218744,1.2176316488421435e-07
grid-r062-c030,62,30,6.199999809265137,12.600000381469727,0.44999998807907104,-49.10666047179188,1.2283834394111182e-07
grid-r062-c031,62,31,6.400000095367432,12.600000381469727,0.44999998807907104,-49.06774971567863,1.2394386317282624e-07
grid-r062-c032,62,32,6.599999904632568,12.600000381469727,0.44999998807907104,-49.08427497408189,1.234731428212399e-07
grid-r062-c033,62,33,6.800000190734863,12.600000381469727,0.44999998807907104,-71.16359171051565,7.649637034923273e-10
grid-r062-c040,62,40,8.199999809265137,12.600000381469727,0.44999998807907104,-60.82128374330165,8.276974661214354e-09
grid-r062-c041,62,41,8.399999618530273,12.600000381469727,0.44999998807907104,-44.21676883538123,3.787242519592837e-07
grid-r062-c042,62,42,8.600000381469727,12.600000381469727,0.44999998807907104,-44.08250277706355,3.906157246547082e-07
grid-r062-c043,62,43,8.800000190734863,12.600000381469727,0.44999998807907104,-56.09227113792218,2.459081294148291e-08
grid-r062-c044,62,44,9.0,12.600000381469727,0.44999998807907104,-56.35593704418861,2.3142288085864493e-08
grid-r062-c045,62,45,9.199999809265137,12.600000381469727,0.44999998807907104,-56.326260978164214,2.33009647132576e-08
grid-r062-c046,62,46,9.399999618530273,12.600000381469727,0.44999998807907104,-44.46466908356423,3.577116558517446e-07
grid-r062-c047,62,47,9.600000381469727,12.600000381469727,0.44999998807907104,-44.44177612218509,3.596022395413456e-07
grid-r062-c048,62,48,9.800000190734863,12.600000381469727,0.44999998807907104,-64.6404966957792,3.4351865796367065e-09
grid-r062-c049,62,49,10.0,12.600000381469727,0.44999998807907104,-48.714568048056776,1.344445479389833e-07
grid-r062-c050,62,50,10.200000762939453,12.600000381469727,0.44999998807907104,-48.71870882885938,1.3431642287287104e-07
grid-r062-c051,62,51,10.399999618530273,12.600000381469727,0.44999998807907104,-61.06906084039322,7.817968494805427e-09
grid-r062-c052,62,52,10.600000381469727,12.600000381469727,0.44999998807907104,-44.758163861700254,3.3433636303925596e-07
grid-r062-c053,62,53,10.800000190734863,12.600000381469727,0.44999998807907104,-44.71004636570257,3.380612270120764e-07
grid-r062-c054,62,54,11.0,12.600000381469727,0.44999998807907104,-44.77546125617931,3.330073923279997e-07
grid-r062-c055,62,55,11.200000762939453,12.600000381469727,0.44999998807907104,-44.8370608378047,3.28317412368051e-07
grid-r062-c056,62,56,11.399999618530273,12.600000381469727,0.44999998807907104,-60.644264309607095,8.621316105461574e-09
grid-r062-c057,62,57,11.600000381469727,12.600000381469727,0.44999998807907104,-45.05789709670893,3.1204001516016433e-07
grid-r063-c026,63,26,5.400000095367432,12.80000114440918,0.44999998807907104,-65.1527413262441,3.052993413632521e-09
grid-r063-c027,63,27,5.599999904632568,12.80000114440918,0.44999998807907104,-49.13777981362723,1.219612926206537e-07
grid-r063-c028,63,28,5.800000190734863,12.80000114440918,0.44999998807907104,-46.14035987433223,2.4320024749613367e-07
grid-r063-c029,63,29,6.0,12.80000114440918,0.44999998807907104,-48.98989088036147,1.2618592393209838e-07
grid-r063-c030,63,30,6.199999809265137,12.80000114440918,0.44999998807907104,-48.928731756209686,1.2797549686638376e-07
grid-r063-c031,63,31,6.400000095367432,12.80000114440918,0.44999998807907104,-48.943417624950996,1.275434726721869e-07
grid-r063-c032,63,32,6.599999904632568,12.80000114440918,0.44999998807907104,-48.970021901711334,1.2676454730353726e-07
grid-r063-c041,63,41,8.399999618530273,12.80000114440918,0.44999998807907104,-57.30491250466572,1.8599820350573282e-08
grid-r063-c042,63,42,8.600000381469727,12.80000114440918,0.44999998807907104,-55.98655235405046,2.5196763786539123e-08
grid-r063-c043,63,43,8.800000190734863,12.80000114440918,0.44999998807907104,-44.1548417451625,3.841632576495613e-07
grid-r063-c044,63,44,9.0,12.80000114440918,0.44999998807907104,-57.630369962982456,1.7256908790841408e-08
grid-r063-c045,63,45,9.199999809265137,12.80000114440918,0.44999998807907104,-44.140016960998864,3.854768522160157e-07
grid-r063-c046,63,46,9.399999618530273,12.80000114440918,0.44999998807907104,-44.44981632569976,3.589371146972553e-07
grid-r063-c047,63,47,9.600000381469727,12.80000114440918,0.44999998807907104,-61.88346926119698,6.481164938065831e-09
grid-r063-c048,63,48,9.800000190734863,12.80000114440918,0.44999998807907104,-48.70640231942372,1.3469757220718748e-07
grid-r063-c049,63,49,10.0,12.80000114440918,0.44999998807907104,-48.656406778944245,1.3625715666876204e-07
grid-r063-c050,63,50,10.200000762939453,12.80000114440918,0.44999998807907104,-43.319660229523734,4.656225200960762e-07
grid-r063-c051,63,51,10.399999618530273,12.80000114440918,0.44999998807907104,-58.67698119260105,1.3561317402377426e-08
grid-r063-c052,63,52,10.600000381469727,12.80000114440918,0.44999998807907104,-44.62027744030932,3.451216912253585e-07
grid-r063-c053,63,53,10.800000190734863,12.80000114440918,0.44999998807907104,-44.61426158827807,3.456000854384911e-07
grid-r063-c054,63,54,11.0,12.80000114440918,0.44999998807907104,-57.0324345478427,1.98041654186909e-08
grid-r063-c055,63,55,11.200000762939453,12.80000114440918,0.44999998807907104,-60.14955878960792,9.661490274481821e-09
grid-r063-c056,63,56,11.399999618530273,12.80000114440918,0.44999998807907104,-44.868639762443195,3.2593877108411107e-07
grid-r063-c057,63,57,11.600000381469727,12.80000114440918,0.44999998807907104,-55.89142580946077,2.575475477328837e-08
grid-r064-c026,64,26,5.400000095367432,13.0,0.44999998807907104,-64.67788832534049,3.4057374698193144e-09
grid-r064-c027,64,27,5.599999904632568,13.0,0.44999998807907104,-48.94565812766514,1.2747769062571024e-07
grid-r064-c028,64,28,5.800000190734863,13.0,0.44999998807907104,-49.02728279888875,1.2510415103861305e-07
grid-r064-c029,64,29,6.0,13.0,0.44999998807907104,-48.95060158148897,1.273326688533416e-07
grid-r064-c030,64,30,6.199999809265137,13.0,0.44999998807907104,-45.95280037797673,2.539334786888503e-07
grid-r064-c031,64,31,6.400000095367432,13.0,0.44999998807907104,-48.86415074039668,1.2989275433028524e-07
grid-r064-c032,64,32,6.599999904632568,13.0,0.44999998807907104,-69.92033638086788,1.0185124965644832e-09
grid-r064-c040,64,40,8.199999809265137,13.0,0.44999998807907104,-44.2375875993427,3.7691310694754065e-07
grid-r064-c041,64,41,8.399999618530273,13.0,0.44999998807907104,-55.45056151656516,2.850649671870542e-08
grid-r064-c042,64,42,8.600000381469727,13.0,0.44999998807907104,-44.090010430871004,3.8994105011624924e-07
grid-r064-c043,64,43,8.800000190734863,13.0,0.44999998807907104,-44.0648573022054,3.92206032984177e-07
grid-r064-c044,64,44,9.0,13.0,0.44999998807907104,-44.204228922367776,3.798193688453466e-07
grid-r064-c045,64,45,9.199999809265137,13.0,0.44999998807907104,-57.948882912495776,1.6036578287526027e-08
grid-r064-c046,64,46,9.399999618530273,13.0,0.44999998807907104,-48.64364751709314,1.366580590911326e-07
grid-r064-c047,64,47,9.600000381469727,13.0,0.44999998807907104,-48.434585919807816,1.4339744325297943e-07
grid-r064-c048,64,48,9.800000190734863,13.0,0.44999998807907104,-62.50065474680039,5.622565524276979e-09
grid-r064-c049,64,49,10.0,13.0,0.44999998807907104,-48.562288022429584,1.3924230302109208e-07
grid-r064-c050,64,50,10.200000762939453,13.0,0.44999998807907104,-59.14094331885633,1.2187248543682472e-08
grid-r064-c051,64,51,10.399999618530273,13.0,0.44999998807907104,-59.20920627235026,1.1997185467294003e-08
grid-r064-c052,64,52,10.600000381469727,13.0,0.44999998807907104,-57.655114539789196,1.715886455144755e-08
grid-r064-c053,64,53,10.800000190734863,13.0,0.44999998807907104,-56.551365165147175,2.21239915276783e-08
grid-r064-c054,64,54,11.0,13.0,0.44999998807907104,-44.80035734240735,3.311038767606078e-07
grid-r064-c055,64,55,11.200000762939453,13.0,0.44999998807907104,-44.72046302676367,3.3725135040185705e-07
grid-r064-c056,64,56,11.399999618530273,13.0,0.44999998807907104,-62.87715701865497,5.15566034309245e-09
grid-r064-c057,64,57,11.600000381469727,13.0,0.44999998807907104,-73.58635521118796,4.378894469247996e-10
grid-r065-c026,65,26,5.400000095367432,13.200000762939453,0.44999998807907104,-48.99712377394965,1.2597594434282655e-07
grid-r065-c027,65,27,5.599999904632568,13.200000762939453,0.44999998807907104,-48.874595415519934,1.2958074080415827e-07
grid-r065-c028,65,28,5.800000190734863,13.200000762939453,0.44999998807907104,-48.80204738213331,1.31763542299268e-07
grid-r065-c029,65,29,6.0,13.200000762939453,0.44999998807907104,-48.72424874721656,1.3414519628440758e-07
grid-r065-c030,65,30,6.199999809265137,13.200000762939453,0.44999998807907104,-48.7633884056705,1.3294167899857712e-07
grid-r065-c031,65,31,6.400000095367432,13.200000762939453,0.44999998807907104,-45.70335651101462,2.689455413928954e-07
grid-r065-c040,65,40,8.199999809265137,13.200000762939453,0.44999998807907104,-72.40187871572259,5.751910614471001e-10
grid-r065-c041,65,41,8.399999618530273,13.200000762939453,0.44999998807907104,-43.79673246306817,4.1718314491845376e-07
grid-r065-c042,65,42,8.600000381469727,13.200000762939453,0.44999998807907104,-59.37379775785912,1.1551017031763422e-08
grid-r065-c043,65,43,8.800000190734863,13.200000762939453,0.44999998807907104,-43.8727131742263,4.099479156138841e-07
grid-r065-c044,65,44,9.0,13.200000762939453,0.44999998807907104,-44.21042552079743,3.792778215938597e-07
grid-r065-c045,65,45,9.199999809265137,13.200000762939453,0.44999998807907104,-60.38340203963173,9.155030511465156e-09
grid-r065-c046,65,46,9.399999618530273,13.200000762939453,0.44999998807907104,-48.35669830014682,1.4599237374568474e-07
grid-r065-c047,65,47,9.600000381469727,13.200000762939453,0.44999998807907104,-60.404909870053544,9.109803578155606e-09
grid-r065-c048,65,48,9.800000190734863,13.200000762939453,0.44999998807907104,-62.61669000703532,5.4743303223858675e-09
grid-r065-c049,65,49,10.0,13.200000762939453,0.44999998807907104,-57.250529864914085,1.883419287196375e-08
grid-r065-c050,65,50,10.200000762939453,13.200000762939453,0.44999998807907104,-44.37033803710858,3.655663363133499e-07
grid-r065-c051,65,51,10.399999618530273,13.200000762939453,0.44999998807907104,-44.583339526241886,3.480695625057706e-07
grid-r065-c052,65,52,10.600000381469727,13.200000762939453,0.44999998807907104,-56.19070827834713,2.403970711384318e-08
grid-r065-c053,65,53,10.800000190734863,13.200000762939453,0.44999998807907104,-44.5741757802311,3.488047752853163e-07
grid-r065-c054,65,54,11.0,13.200000762939453,0.44999998807907104,-44.69999193840724,3.388447851193632e-07
grid-r065-c055,65,55,11.200000762939453,13.200000762939453,0.44999998807907104,-44.82358783423193,3.2933752436292707e-07
grid-r065-c056,65,56,11.399999618530273,13.200000762939453,0.44999998807907104,-71.18827720343319,7.606279495142587e-10
grid-r065-c057,65,57,11.600000381469727,13.200000762939453,0.44999998807907104,-68.20092512380809,1.5132388675453967e-09
grid-r066-c026,66,26,5.400000095367432,13.40000057220459,0.44999998807907104,-48.7633679791212,1.3294230427618459e-07
grid-r066-c027,66,27,5.599999904632568,13.40000057220459,0.44999998807907104,-48.77129279558676,1.3269993814901682e-07
grid-r066-c028,66,28,5.800000190734863,13.40000057220459,0.44999998807907104,-48.69092253024134,1.351785385850235e-07
grid-r066-c029,66,29,6.0,13.40000057220459,0.44999998807907104,-48.65305447048834,1.363623738370734e-07
grid-r066-c030,66,30,6.199999809265137,13.40000057220459,0.44999998807907104,-48.65656757729187,1.3625211181533814e-07
grid-r066-c031,66,31,6.400000095367432,13.40000057220459,0.44999998807907104,-65.85565044404939,2.5967787919967122e-09
grid-r066-c040,66,40,8.199999809265137,13.40000057220459,0.44999998807907104,-75.43867016781309,2.858465686372824e-10
grid-r066-c041,66,41,8.399999618530273,13.40000057220459,0.44999998807907104,-43.7911277771895,4.1772187842070707e-07
grid-r066-c042,66,42,8.600000381469727,13.40000057220459,0.44999998807907104,-57.153792116363334,1.9258425965062997e-08
grid-r066-c043,66,43,8.800000190734863,13.40000057220459,0.44999998807907104,-55.48427546090879,2.8286059716720047e-08
grid-r066-c044,66,44,9.0,13.40000057220459,0.44999998807907104,-68.53907472194791,1.399885540820378e-09
grid-r066-c045,66,45,9.199999809265137,13.40000057220459,0.44999998807907104,-61.67015246356081,6.807454600021856e-09
grid-r066-c046,66,46,9.399999618530273,13.40000057220459,0.44999998807907104,-60.01115927650174,9.974337800144895e-09
grid-r066-c047,66,47,9.600000381469727,13.40000057220459,0.44999998807907104,-48.49159227684292,1.4152747951357014e-07
grid-r066-c048,66,48,9.800000190734863,13.40000057220459,0.44999998807907104,-62.32863747629422,5.8497358068621e-09
grid-r066-c049,66,49,10.0,13.40000057220459,0.44999998807907104,-44.28520020988867,3.728034982941608e-07
grid-r066-c050,66,50,10.200000762939453,13.40000057220459,0.44999998807907104,-44.35145817353303,3.6715900364470144e-07
grid-r066-c051,66,51,10.399999618530273,13.40000057220459,0.44999998807907104,-44.48808751631242,3.557879608706571e-07
grid-r066-c052,66,52,10.600000381469727,13.40000057220459,0.44999998807907104,-44.392075633078676,3.637411509771482e-07
grid-r066-c053,66,53,10.800000190734863,13.40000057220459,0.44999998807907104,-58.86615479943485,1.2983282893230808e-08
grid-r066-c054,66,54,11.0,13.40000057220459,0.44999998807907104,-44.53142447888216,3.522553129187145e-07
grid-r066-c055,66,55,11.200000762939453,13.40000057220459,0.44999998807907104,-70.58188209799619,8.746046664676044e-10
grid-r066-c056,66,56,11.399999618530273,13.40000057220459,0.44999998807907104,-72.21353211640448,6.006850017392651e-10
grid-r066-c057,66,57,11.600000381469727,13.40000057220459,0.44999998807907104,-71.77386786764555,6.646809214139182e-10
grid-r067-c026,67,26,5.400000095367432,13.600000381469727,0.44999998807907104,-48.70817495653361,1.3464260462114908e-07
grid-r067-c027,67,27,5.599999904632568,13.600000381469727,0.44999998807907104,-48.5312469437434,1.4024109873389534e-07
grid-r067-c028,67,28,5.800000190734863,13.600000381469727,0.44999998807907104,-48.492935603458335,1.4148371008104732e-07
grid-r067-c029,67,29,6.0,13.600000381469727,0.44999998807907104,-47.83110208685726,1.6477441988627106e-07
grid-r067-c030,67,30,6.199999809265137,13.600000381469727,0.44999998807907104,-45.45246709255372,2.849399152182741e-07
grid-r067-c031,67,31,6.400000095367432,13.600000381469727,0.44999998807907104,-68.60159941668938,1.3798759912475589e-09
grid-r067-c040,67,40,8.199999809265137,13.600000381469727,0.44999998807907104,-69.39769151118897,1.1487640838581115e-09
grid-r067-c041,67,41,8.399999618530273,13.600000381469727,0.44999998807907104,-55.2449623331765,2.9888475694406225e-08
grid-r067-c042,67,42,8.600000381469727,13.600000381469727,0.44999998807907104,-43.94614743059337,4.0307443782694463e-07
grid-r067-c043,67,43,8.800000190734863,13.600000381469727,0.44999998807907104,-59.3851473926282,1.152086959166354e-08
grid-r067-c044,67,44,9.0,13.600000381469727,0.44999998807907104,-48.31599159563035,1.4736720288510696e-07
grid-r067-c045,67,45,9.199999809265137,13.600000381469727,0.44999998807907104,-61.73063734854621,6.713303246641544e-09
grid-r067-c046,67,46,9.399999618530273,13.600000381469727,0.44999998807907104,-48.263219264587335,1.4916882662419084e-07
grid-r067-c047,67,47,9.600000381469727,13.600000381469727,0.44999998807907104,-48.21917740269727,1.506892459701703e-07
grid-r067-c048,67,48,9.800000190734863,13.600000381469727,0.44999998807907104,-58.117712779101495,1.542512606533819e-08
grid-r067-c049,67,49,10.0,13.600000381469727,0.44999998807907104,-44.19251909906873,3.80844852543305e-07
grid-r067-c050,67,50,10.200000762939453,13.600000381469727,0.44999998807907104,-44.33496060045445,3.685563854105567e-07
grid-r067-c051,67,51,10.399999618530273,13.600000381469727,0.44999998807907104,-44.30216291714123,3.713502394475654e-07
grid-r067-c052,67,52,10.600000381469727,13.600000381469727,0.44999998807907104,-44.36170814848782,3.6629347732741735e-07
grid-r067-c053,67,53,10.800000190734863,13.600000381469727,0.44999998807907104,-58.55125626014561,1.395964499550928e-08
grid-r067-c054,67,54,11.0,13.600000381469727,0.44999998807907104,-61.31222236674307,7.392269019135256e-09
grid-r067-c055,67,55,11.200000762939453,13.600000381469727,0.44999998807907104,-70.61968987840805,8.670237860997076e-10
grid-r067-c056,67,56,11.399999618530273,13.600000381469727,0.44999998807907104,-71.15828963500437,7.658981782121543e-10
grid-r067-c057,67,57,11.600000381469727,13.600000381469727,0.44999998807907104,-72.60226966436807,5.49253753590051e-10
grid-r068-c026,68,26,5.400000095367432,13.80000114440918,0.44999998807907104,-48.56421829325936,1.391804289596621e-07
grid-r068-c027,68,27,5.599999904632568,13.80000114440918,0.44999998807907104,-48.476544483399124,1.4201870612851053e-07
grid-r068-c028,68,28,5.800000190734863,13.80000114440918,0.44999998807907104,-48.3886479291168,1.4492229638563003e-07
grid-r068-c029,68,29,6.0,13.80000114440918,0.44999998807907104,-48.39790880507843,1.446135939886517e-07
grid-r068-c030,68,30,6.199999809265137,13.80000114440918,0.44999998807907104,-63.21926980824048,4.7651109724711205e-09
grid-r068-c040,68,40,8.199999809265137,13.80000114440918,0.44999998807907104,-44.006506295319596,3.975112008447468e-07
grid-r068-c041,68,41,8.399999618530273,13.80000114440918,0.44999998807907104,-53.77990859524482,4.188023794426954e-08
grid-r068-c042,68,42,8.600000381469727,13.80000114440918,0.44999998807907104,-44.05374502512319,3.932108540993795e-07
grid-r068-c043,68,43,8.800000190734863,13.80000114440918,0.44999998807907104,-61.892268636556395,6.46804654280686e-09
grid-r068-c044,68,44,9.0,13.80000114440918,0.44999998807907104,-48.005139077794695,1.583018871542663e-07
grid-r068-c045,68,45,9.199999809265137,13.80000114440918,0.44999998807907104,-48.317717382549404,1.4730865416368033e-07
grid-r068-c046,68,46,9.399999618530273,13.80000114440918,0.44999998807907104,-60.003224005168846,9.992579208528696e-09
grid-r068-c047,68,47,9.600000381469727,13.80000114440918,0.44999998807907104,-44.021656411707795,3.9612692148693895e-07
grid-r068-c048,68,48,9.800000190734863,13.80000114440918,0.44999998807907104,-44.266678494519425,3.7439681932482927e-07
grid-r068-c049,68,49,10.0,13.80000114440918,0.44999998807907104,-55.0800841792086,3.104499413097983e-08
grid-r068-c050,68,50,10.200000762939453,13.80000114440918,0.44999998807907104,-44.22562659798761,3.7795260254824825e-07
grid-r068-c051,68,51,10.399999618530273,13.80000114440918,0.44999998807907104,-44.12252102010302,3.870329123856209e-07
grid-r068-c052,68,52,10.600000381469727,13.80000114440918,0.44999998807907104,-44.34646229043901,3.675816060422221e-07
grid-r068-c053,68,53,10.800000190734863,13.80000114440918,0.44999998807907104,-61.10998389265842,7.744646701723923e-09
grid-r068-c054,68,54,11.0,13.80000114440918,0.44999998807907104,-70.58705134310401,8.735642764712281e-10
grid-r068-c055,68,55,11.200000762939453,13.80000114440918,0.44999998807907104,-71.07449091026645,7.808199642411751e-10
grid-r068-c056,68,56,11.399999618530273,13.80000114440918,0.44999998807907104,-71.86580000618336,6.507587246851188e-10
grid-r068-c057,68,57,11.600000381469727,13.80000114440918,0.44999998807907104,-68.04844002221542,1.567313945294302e-09
grid-r069-c026,69,26,5.400000095367432,14.0,0.44999998807907104,-62.64349093068029,5.4406514848892584e-09
grid-r069-c027,69,27,5.599999904632568,14.0,0.44999998807907104,-48.31447707061612,1.4741860354661185e-07
grid-r069-c028,69,28,5.800000190734863,14.0,0.44999998807907104,-48.27837321063318,1.486492351432389e-07
grid-r069-c029,69,29,6.0,14.0,0.44999998807907104,-48.29293488918246,1.4815165627624083e-07
grid-r069-c030,69,30,6.199999809265137,14.0,0.44999998807907104,-67.53426463025868,1.7643044802895247e-09
grid-r069-c040,69,40,8.199999809265137,14.0,0.44999998807907104,-43.79187130136933,4.176503693997802e-07
grid-r069-c041,69,41,8.399999618530273,14.0,0.44999998807907104,-58.80179006703156,1.3177134938757717e-08
grid-r069-c042,69,42,8.600000381469727,14.0,0.44999998807907104,-48.144055310945134,1.533184672553034e-07
grid-r069-c043,69,43,8.800000190734863,14.0,0.44999998807907104,-60.897698091553394,8.132614581768394e-09
grid-r069-c044,69,44,9.0,14.0,0.44999998807907104,-48.07959890812509,1.5561093391625036e-07
grid-r069-c045,69,45,9.199999809265137,14.0,0.44999998807907104,-61.454645403698024,7.153778014412637e-09
grid-r069-c046,69,46,9.399999618530273,14.0,0.44999998807907104,-56.72282039883288,2.126757436826665e-08
grid-r069-c047,69,47,9.600000381469727,14.0,0.44999998807907104,-55.846296134104236,2.6023780463901858e-08
grid-r069-c048,69,48,9.800000190734863,14.0,0.44999998807907104,-57.801821542288124,1.6588909801384943e-08
grid-r069-c049,69,49,10.0,14.0,0.44999998807907104,-55.87373979270345,2.5859851149334645e-08
grid-r069-c050,69,50,10.200000762939453,14.0,0.44999998807907104,-60.50870382211839,8.894665448622163e-09
grid-r069-c051,69,51,10.399999618530273,14.0,0.44999998807907104,-54.98356900622667,3.1742644068799564e-08
grid-r069-c052,69,52,10.600000381469727,14.0,0.44999998807907104,-69.41121295740048,1.1451930514994046e-09
grid-r069-c053,69,53,10.800000190734863,14.0,0.44999998807907104,-71.34483097113431,7.336972696059263e-10
grid-r069-c054,69,54,11.0,14.0,0.44999998807907104,-70.485697330394,8.941909435122852e-10
grid-r069-c055,69,55,11.200000762939453,14.0,0.44999998807907104,-71.04954061584807,7.853186989592587e-10
grid-r069-c056,69,56,11.399999618530273,14.0,0.44999998807907104,-72.27032329081624,5.928811885880236e-10
grid-r069-c057,69,57,11.600000381469727,14.0,0.44999998807907104,-70.85721395843741,8.208779767038266e-10
grid-r070-c025,70,25,5.199999809265137,14.200000762939453,0.44999998807907104,-67.07743056304237,1.960003936929411e-09
grid-r070-c026,70,26,5.400000095367432,14.200000762939453,0.44999998807907104,-48.193692226882916,1.5157611699123663e-07
grid-r070-c027,70,27,5.599999904632568,14.200000762939453,0.44999998807907104,-48.051430754087534,1.5662349994727265e-07
grid-r070-c028,70,28,5.800000190734863,14.200000762939453,0.44999998807907104,-48.068262323019766,1.5601766278905416e-07
grid-r070-c029,70,29,6.0,14.200000762939453,0.44999998807907104,-48.036040588193316,1.5717951384885964e-07
grid-r070-c030,70,30,6.199999809265137,14.200000762939453,0.44999998807907104,-48.26524209172737,1.4909936396634293e-07
grid-r070-c039,70,39,8.0,14.200000762939453,0.44999998807907104,-59.21144300522809,1.1991008186384988e-08
grid-r070-c040,70,40,8.199999809265137,14.200000762939453,0.44999998807907104,-59.27054870347364,1.1828920953860234e-08
grid-r070-c041,70,41,8.399999618530273,14.200000762939453,0.44999998807907104,-59.960857463335785,1.0090536406437423e-08
grid-r070-c042,70,42,8.600000381469727,14.200000762939453,0.44999998807907104,-60.84921252565874,8.223917546956727e-09
grid-r070-c043,70,43,8.800000190734863,14.200000762939453,0.44999998807907104,-64.07434640695043,3.913500190577679e-09
grid-r070-c044,70,44,9.0,14.200000762939453,0.44999998807907104,-58.154354648435586,1.5295530175762906e-08
grid-r070-c045,70,45,9.199999809265137,14.200000762939453,0.44999998807907104,-42.584138673520286,5.515515795195824e-07
grid-r070-c046,70,46,9.399999618530273,14.200000762939453,0.44999998807907104,-57.298047707478915,1.8629243925261108e-08
grid-r070-c047,70,47,9.600000381469727,14.200000762939453,0.44999998807907104,-44.10408623484244,3.8867926832608646e-07
grid-r070-c048,70,48,9.800000190734863,14.200000762939453,0.44999998807907104,-43.862808463679045,4.108839277705556e-07
grid-r070-c049,70,49,10.0,14.200000762939453,0.44999998807907104,-44.11881766449112,3.873630873840739e-07
grid-r070-c050,70,50,10.200000762939453,14.200000762939453,0.44999998807907104,-55.81293196795474,2.6224475035974137e-08
grid-r070-c051,70,51,10.399999618530273,14.200000762939453,0.44999998807907104,-44.18405717472305,3.815876254975592e-07
grid-r070-c052,70,52,10.600000381469727,14.200000762939453,0.44999998807907104,-69.75445240339599,1.0581683307364642e-09
grid-r070-c053,70,53,10.800000190734863,14.200000762939453,0.44999998807907104,-70.07652535492329,9.825337210500606e-10
grid-r070-c054,70,54,11.0,14.200000762939453,0.44999998807907104,-70.32389259140446,9.281341251110575e-10
grid-r070-c055,70,55,11.200000762939453,14.200000762939453,0.44999998807907104,-71.54946905365948,6.999275603547517e-10
grid-r070-c056,70,56,11.399999618530273,14.200000762939453,0.44999998807907104,-70.97357625473818,7.991758921299663e-10
grid-r070-c057,70,57,11.600000381469727,14.200000762939453,0.44999998807907104,-72.47815806239522,5.651766277203762e-10
grid-r071-c025,71,25,5.199999809265137,14.40000057220459,0.44999998807907104,-63.668636780721954,4.296712763363075e-09
grid-r071-c026,71,26,5.400000095367432,14.40000057220459,0.44999998807907104,-60.68154548015697,8.547624830157474e-09
grid-r071-c027,71,27,5.599999904632568,14.40000057220459,0.44999998807907104,-48.064881062952395,1.5613917980772385e-07
grid-r071-c028,71,28,5.800000190734863,14.40000057220459,0.44999998807907104,-48.02561326656928,1.5755735205402743e-07
grid-r071-c029,71,29,6.0,14.40000057220459,0.44999998807907104,-48.04654496122819,1.5679979981086944e-07
grid-r071-c030,71,30,6.199999809265137,14.40000057220459,0.44999998807907104,-48.11511306407445,1.5434362410360336e-07
grid-r071-c035,71,35,7.199999809265137,14.40000057220459,0.44999998807907104,-57.46676036426204,1.7919420614020964e-08
grid-r071-c038,71,38,7.800000190734863,14.40000057220459,0.44999998807907104,-59.03684476054137,1.2482900935140151e-08
grid-r071-c039,71,39,8.0,14.40000057220459,0.44999998807907104,-58.880946930467886,1.2939136873058033e-08
grid-r071-c040,71,40,8.199999809265137,14.40000057220459,0.44999998807907104,-48.07058616680824,1.5593420243931178e-07
grid-r071-c041,71,41,8.399999618530273,14.40000057220459,0.44999998807907104,-58.76588075936071,1.3286540756496379e-08
grid-r071-c042,71,42,8.600000381469727,14.40000057220459,0.44999998807907104,-48.03880770769837,1.5707939837739104e-07
grid-r071-c043,71,43,8.800000190734863,14.40000057220459,0.44999998807907104,-47.93138544740863,1.610131903362344e-07
grid-r071-c044,71,44,9.0,14.40000057220459,0.44999998807907104,-57.34195790738664,1.844183827870438e-08
grid-r071-c045,71,45,9.199999809265137,14.40000057220459,0.44999998807907104,-43.84092021701583,4.1295999153589946e-07
grid-r071-c046,71,46,9.399999618530273,14.40000057220459,0.44999998807907104,-43.9023916703131,4.0715599425311666e-07
grid-r071-c047,71,47,9.600000381469727,14.40000057220459,0.44999998807907104,-57.072279889013004,1.9623298541660006e-08
grid-r071-c048,71,48,9.800000190734863,14.40000057220459,0.44999998807907104,-43.85107137149329,4.119958703086013e-07
grid-r071-c049,71,49,10.0,14.40000057220459,0.44999998807907104,-44.02062949314653,3.9622059944122157e-07
grid-r071-c050,71,50,10.200000762939453,14.40000057220459,0.44999998807907104,-43.9909889568257,3.9893404846225167e-07
grid-r071-c051,71,51,10.399999618530273,14.40000057220459,0.44999998807907104,-69.64273962930703,1.085740497508425e-09
grid-r071-c052,71,52,10.600000381469727,14.40000057220459,0.44999998807907104,-69.07155353239553,1.2383535308302385e-09
grid-r071-c053,71,53,10.800000190734863,14.40000057220459,0.44999998807907104,-70.3847117378161,9.152270052936728e-10
grid-r071-c054,71,54,11.0,14.40000057220459,0.44999998807907104,-69.8211963129148,1.0420303508951179e-09
grid-r071-c055,71,55,11.200000762939453,14.40000057220459,0.44999998807907104,-71.14088471900038,7.689737735461222e-10
grid-r071-c056,71,56,11.399999618530273,14.40000057220459,0.44999998807907104,-71.48361178304108,7.106222832398146e-10
grid-r071-c057,71,57,11.600000381469727,14.40000057220459,0.44999998807907104,-71.85183085913899,6.528552698448209e-10
grid-r072-c024,72,24,5.0,14.600000381469727,0.44999998807907104,-66.27404179439141,2.3582824582035755e-09
grid-r072-c025,72,25,5.199999809265137,14.600000381469727,0.44999998807907104,-48.12308092566573,1.5406071440793312e-07
grid-r072-c026,72,26,5.400000095367432,14.600000381469727,0.44999998807907104,-48.08529400382477,1.554070081510872e-07
grid-r072-c027,72,27,5.599999904632568,14.600000381469727,0.44999998807907104,-47.85277835894507,1.6395405566527188e-07
grid-r072-c028,72,28,5.800000190734863,14.600000381469727,0.44999998807907104,-47.87800366671641,1.630045147749115e-07
grid-r072-c029,72,29,6.0,14.600000381469727,0.44999998807907104,-66.3743413991697,2.3044424146689835e-09
grid-r072-c038,72,38,7.800000190734863,14.600000381469727,0.44999998807907104,-43.39298289216967,4.578273262723087e-07
grid-r072-c039,72,39,8.0,14.600000381469727,0.44999998807907104,-62.5014111727544,5.62158630756926e-09
grid-r072-c040,72,40,8.199999809265137,14.600000381469727,0.44999998807907104,-47.76028250766686,1.6748339248806587e-07
grid-r072-c041,72,41,8.399999618530273,14.600000381469727,0.44999998807907104,-47.67319961290724,1.7087559456285817e-07
grid-r072-c042,72,42,8.600000381469727,14.600000381469727,0.44999998807907104,-60.60509797422384,8.699418074797904e-09
grid-r072-c043,72,43,8.800000190734863,14.600000381469727,0.44999998807907104,-58.172876253273,1.5230437355739923e-08
grid-r072-c044,72,44,9.0,14.600000381469727,0.44999998807907104,-59.76239076043136,1.0562358987442622e-08
grid-r072-c045,72,45,9.199999809265137,14.600000381469727,0.44999998807907104,-59.65025520326145,1.0838632213960864e-08
grid-r072-c046,72,46,9.399999618530273,14.600000381469727,0.44999998807907104,-53.83231384227793,4.1377916204510257e-08
grid-r072-c047,72,47,9.600000381469727,14.600000381469727,0.44999998807907104,-59.48707949422848,1.1253614928818934e-08
grid-r072-c048,72,48,9.800000190734863,14.600000381469727,0.44999998807907104,-55.2679035503711,2.973100876602075e-08
grid-r072-c049,72,49,10.0,14.600000381469727,0.44999998807907104,-43.69818134025277,4.2675819145188143e-07
grid-r072-c050,72,50,10.200000762939453,14.600000381469727,0.44999998807907104,-44.084556303618115,3.9043106880853884e-07
grid-r072-c051,72,51,10.399999618530273,14.600000381469727,0.44999998807907104,-68.76534152884105,1.3288190547910972e-09
grid-r072-c052,72,52,10.600000381469727,14.600000381469727,0.44999998807907104,-68.84001456276624,1.3061665082858553e-09
grid-r072-c053,72,53,10.800000190734863,14.600000381469727,0.44999998807907104,-70.4134945914856,9.09181396835379e-10
grid-r072-c054,72,54,11.0,14.600000381469727,0.44999998807907104,-69.60054469042959,1.0963406849029411e-09
grid-r072-c055,72,55,11.200000762939453,14.600000381469727,0.44999998807907104,-73.06113881480202,4.941810849423689e-10
grid-r072-c056,72,56,11.399999618530273,14.600000381469727,0.44999998807907104,-75.80752840683738,2.625712425263771e-10
grid-r072-c057,72,57,11.600000381469727,14.600000381469727,0.44999998807907104,-79.13871801710378,1.2193494824952467e-10
grid-r073-c024,73,24,5.0,14.80000114440918,0.44999998807907104,-65.96361530675824,2.5330191277816994e-09
grid-r073-c025,73,25,5.199999809265137,14.80000114440918,0.44999998807907104,-47.90429388771953,1.6202073993554222e-07
grid-r073-c026,73,26,5.400000095367432,14.80000114440918,0.44999998807907104,-47.92167572691835,1.6137357761181192e-07
grid-r073-c027,73,27,5.599999904632568,14.80000114440918,0.44999998807907104,-61.30337377734139,7.4073458478096654e-09
grid-r073-c028,73,28,5.800000190734863,14.80000114440918,0.44999998807907104,-47.726999940556354,1.687718480525291e-07
grid-r073-c036,73,36,7.400000095367432,14.80000114440918,0.44999998807907104,-73.62918799323981,4.335919401299293e-10
grid-r073-c037,73,37,7.599999904632568,14.80000114440918,0.44999998807907104,-53.87599071783771,4.096386518881445e-08
grid-r073-c038,73,38,7.800000190734863,14.80000114440918,0.44999998807907104,-61.042226512289744,7.866423956670587e-09
grid-r073-c039,73,39,8.0,14.80000114440918,0.44999998807907104,-62.907604407402204,5.119641599549141e-09
grid-r073-c040,73,40,8.199999809265137,14.80000114440918,0.44999998807907104,-63.235311110214894,4.747542803329452e-09
grid-r073-c041,73,41,8.399999618530273,14.80000114440918,0.44999998807907104,-58.57780997814592,1.3874553062009909e-08
grid-r073-c042,73,42,8.600000381469727,14.80000114440918,0.44999998807907104,-63.431324720203364,4.538031728174019e-09
grid-r073-c043,73,43,8.800000190734863,14.80000114440918,0.44999998807907104,-43.6653421399413,4.299973568322457e-07
grid-r073-c044,73,44,9.0,14.80000114440918,0.44999998807907104,-56.536637396972594,2.2199145632839645e-08
grid-r073-c045,73,45,9.199999809265137,14.80000114440918,0.44999998807907104,-43.7216662036093,4.244566866873356e-07
grid-r073-c046,73,46,9.399999618530273,14.80000114440918,0.44999998807907104,-43.782444830141394,4.18557874581893e-07
grid-r073-c047,73,47,9.600000381469727,14.80000114440918,0.44999998807907104,-56.553095406854865,2.2115179021398035e-08
grid-r073-c048,73,48,9.800000190734863,14.80000114440918,0.44999998807907104,-43.64164573020685,4.323499638303474e-07
grid-r073-c049,73,49,10.0,14.80000114440918,0.44999998807907104,-59.5070311478641,1.1202033967094849e-08
grid-r073-c050,73,50,10.200000762939453,14.80000114440918,0.44999998807907104,-67.98796718885191,1.5892904769998495e-09
grid-r073-c051,73,51,10.399999618530273,14.80000114440918,0.44999998807907104,-68.40021517034177,1.4453681584924993e-09
grid-r073-c052,73,52,10.600000381469727,14.80000114440918,0.44999998807907104,-69.01937067042735,1.253322778893562e-09
grid-r073-c053,73,53,10.800000190734863,14.80000114440918,0.44999998807907104,-70.44831776802239,9.01920427232028e-10
grid-r073-c054,73,54,11.0,14.80000114440918,0.44999998807907104,-78.01419358669675,1.579721908839815e-10
grid-r074-c024,74,24,5.0,15.0,0.44999998807907104,-47.853141627514205,1.639403421904717e-07
grid-r074-c025,74,25,5.199999809265137,15.0,0.44999998807907104,-47.89026518911032,1.625449499442766e-07
grid-r074-c026,74,26,5.400000095367432,15.0,0.44999998807907104,-47.71614797774912,1.691940951786819e-07
grid-r074-c027,74,27,5.599999904632568,15.0,0.44999998807907104,-47.75000994336227,1.6788001744316716e-07
grid-r074-c028,74,28,5.800000190734863,15.0,0.44999998807907104,-62.80073337112114,5.247188461510177e-09
grid-r074-c036,74,36,7.400000095367432,15.0,0.44999998807907104,-43.217720979555935,4.766810661749332e-07
grid-r074-c037,74,37,7.599999904632568,15.0,0.44999998807907104,-60.78143338344945,8.353272740180273e-09
grid-r074-c038,74,38,7.800000190734863,15.0,0.44999998807907104,-47.73820317418179,1.6833703853080806e-07
grid-r074-c039,74,39,8.0,15.0,0.44999998807907104,-60.01776256871139,9.959183699947971e-09
grid-r074-c040,74,40,8.199999809265137,15.0,0.44999998807907104,-47.75673865407518,1.6762011512128083e-07
grid-r074-c041,74,41,8.399999618530273,15.0,0.44999998807907104,-47.64081583710488,1.721545146438075e-07
grid-r074-c042,74,42,8.600000381469727,15.0,0.44999998807907104,-59.17510304578781,1.209176492267261e-08
grid-r074-c043,74,43,8.800000190734863,15.0,0.44999998807907104,-43.453593322787974,4.514822364853899e-07
grid-r074-c044,74,44,9.0,15.0,0.44999998807907104,-56.181677595586194,2.4089747086009083e-08
grid-r074-c045,74,45,9.199999809265137,15.0,0.44999998807907104,-43.732588876885536,4.2339050310147286e-07
grid-r074-c046,74,46,9.399999618530273,15.0,0.44999998807907104,-43.4718911847272,4.495840357776615e-07
grid-r074-c047,74,47,9.600000381469727,15.0,0.44999998807907104,-43.74672837295242,4.2201429550914327e-07
grid-r074-c048,74,48,9.800000190734863,15.0,0.44999998807907104,-59.17161104767732,1.2101491364546746e-08
grid-r074-c049,74,49,10.0,15.0,0.44999998807907104,-44.03559270951604,3.948578068957431e-07
grid-r074-c050,74,50,10.200000762939453,15.0,0.44999998807907104,-44.08673036367878,3.902356695562048e-07
grid-r074-c051,74,51,10.399999618530273,15.0,0.44999998807907104,-68.26560261535838,1.4908698720006441e-09
grid-r074-c052,74,52,10.600000381469727,15.0,0.44999998807907104,-69.6887066137754,1.074309308179977e-09
grid-r074-c053,74,53,10.800000190734863,15.0,0.44999998807907104,-84.65628219366492,3.4227232159622645e-11
grid-r075-c023,75,23,4.800000190734863,15.200000762939453,0.44999998807907104,-65.49954027542833,2.8186812883745915e-09
grid-r075-c024,75,24,5.0,15.200000762939453,0.44999998807907104,-47.700250514919276,1.6981456951725704e-07
grid-r075-c025,75,25,5.199999809265137,15.200000762939453,0.44999998807907104,-47.668516542194155,1.7105995198107848e-07
grid-r075-c026,75,26,5.400000095367432,15.200000762939453,0.44999998807907104,-47.63094150328284,1.7254637896257918e-07
grid-r075-c027,75,27,5.599999904632568,15.200000762939453,0.44999998807907104,-47.52652049299057,1.767453312595535e-07
grid-r075-c035,75,35,7.199999809265137,15.200000762939453,0.44999998807907104,-57.95653086240411,1.6008362635488993e-08
grid-r075-c036,75,36,7.400000095367432,15.200000762939453,0.44999998807907104,-67.5001236355861,1.778228786442071e-09
grid-r075-c037,75,37,7.599999904632568,15.200000762939453,0.44999998807907104,-57.722320534430835,1.689537931781615e-08
grid-r075-c038,75,38,7.800000190734863,15.200000762939453,0.44999998807907104,-62.82264512375008,5.220781140735653e-09
grid-r075-c039,75,39,8.0,15.200000762939453,0.44999998807907104,-62.84655495953031,5.192117402685881e-09
grid-r075-c040,75,40,8.199999809265137,15.200000762939453,0.44999998807907104,-59.92043797367873,1.0184886711783747e-08
grid-r075-c041,75,41,8.399999618530273,15.200000762939453,0.44999998807907104,-57.4884133035587,1.7830300791388254e-08
grid-r075-c042,75,42,8.600000381469727,15.200000762939453,0.44999998807907104,-56.01555619679935,2.5029050831903987e-08
grid-r075-c043,75,43,8.800000190734863,15.200000762939453,0.44999998807907104,-55.95217671160522,2.539699472947632e-08
grid-r075-c044,75,44,9.0,15.200000762939453,0.44999998807907104,-58.58011198198243,1.3867200721051631e-08
grid-r075-c045,75,45,9.199999809265137,15.200000762939453,0.44999998807907104,-55.8896232428737,2.576544666510472e-08
grid-r075-c046,75,46,9.399999618530273,15.200000762939453,0.44999998807907104,-54.3714733688621,3.654707825262449e-08
grid-r075-c047,75,47,9.600000381469727,15.200000762939453,0.44999998807907104,-43.75504883365789,4.212065505271312e-07
grid-r075-c048,75,48,9.800000190734863,15.200000762939453,0.44999998807907104,-59.37894075737192,1.1537346189527398e-08
grid-r075-c049,75,49,10.0,15.200000762939453,0.44999998807907104,-68.8078658494763,1.3158713008110112e-09
grid-r075-c050,75,50,10.200000762939453,15.200000762939453,0.44999998807907104,-67.93078534302063,1.6103544053791552e-09
grid-r075-c051,75,51,10.399999618530273,15.200000762939453,0.44999998807907104,-72.07384437217294,6.203196845078196e-10
grid-r076-c023,76,23,4.800000190734863,15.40000057220459,0.44999998807907104,-47.71810906008355,1.6911771183458768e-07
grid-r076-c024,76,24,5.0,15.40000057220459,0.44999998807907104,-60.39352960566603,9.133706235786576e-09
grid-r076-c025,76,25,5.199999809265137,15.40000057220459,0.44999998807907104,-47.51254205963461,1.7731512969021423e-07
grid-r076-c026,76,26,5.400000095367432,15.40000057220459,0.44999998807907104,-47.480208912467006,1.7864016399471438e-07
grid-r076-c027,76,27,5.599999904632568,15.40000057220459,0.44999998807907104,-60.391400388339406,9.138185319557124e-09
grid-r076-c034,76,34,7.0,15.40000057220459,0.44999998807907104,-54.87481169928775,3.254758951243275e-08
grid-r076-c035,76,35,7.199999809265137,15.40000057220459,0.44999998807907104,-57.49045598189346,1.7821916387106285e-08
grid-r076-c036,76,36,7.400000095367432,15.40000057220459,0.44999998807907104,-47.582122386166034,1.7449691824822366e-07
grid-r076-c037,76,37,7.599999904632568,15.40000057220459,0.44999998807907104,-59.5354628598553,1.1128937771331948e-08
grid-r076-c038,76,38,7.800000190734863,15.40000057220459,0.44999998807907104,-47.47219284138491,1.7897019688462024e-07
grid-r076-c039,76,39,8.0,15.40000057220459,0.44999998807907104,-47.61352403542213,1.7323976919669803e-07
grid-r076-c040,76,40,8.199999809265137,15.40000057220459,0.44999998807907104,-54.91476022127284,3.224957367820025e-08
grid-r076-c041,76,41,8.399999618530273,15.40000057220459,0.44999998807907104,-43.5165110041963,4.4498861484498775e-07
grid-r076-c042,76,42,8.600000381469727,15.40000057220459,0.44999998807907104,-58.726621776260245,1.3407191801206864e-08
grid-r076-c043,76,43,8.800000190734863,15.40000057220459,0.44999998807907104,-43.32585061676384,4.649592995065177e-07
grid-r076-c044,76,44,9.0,15.40000057220459,0.44999998807907104,-43.50025885325643,4.4665696918855247e-07
grid-r076-c045,76,45,9.199999809265137,15.40000057220459,0.44999998807907104,-58.58845730476918,1.384057934927796e-08
grid-r076-c046,76,46,9.399999618530273,15.40000057220459,0.44999998807907104,-43.465208805947846,4.5027633177596726e-07
grid-r076-c047,76,47,9.600000381469727,15.40000057220459,0.44999998807907104,-68.57982235684065,1.3868125536831144e-09
grid-r076-c048,76,48,9.800000190734863,15.40000057220459,0.44999998807907104,-68.8313748529569,1.3087675387879472e-09
grid-r076-c049,76,49,10.0,15.40000057220459,0.44999998807907104,-67.58660492716415,1.7431690535474331e-09
grid-r076-c050,76,50,10.200000762939453,15.40000057220459,0.44999998807907104,-72.95788533069936,5.06071018424592e-10
grid-r077-c022,77,22,4.599999904632568,15.600000381469727,0.44999998807907104,-64.74982849940615,3.349786670270305e-09
grid-r077-c023,77,23,4.800000190734863,15.600000381469727,0.44999998807907104,-47.56676356773811,1.7511511885004438e-07
grid-r077-c024,77,24,5.0,15.600000381469727,0.44999998807907104,-47.530795932471506,1.7657141881954885e-07
grid-r077-c025,77,25,5.199999809265137,15.600000381469727,0.44999998807907104,-60.11546838676034,9.737627593153775e-09
grid-r077-c026,77,26,5.400000095367432,15.600000381469727,0.44999998807907104,-60.08057374430618,9.816182533484152e-09
grid-r077-c027,77,27,5.599999904632568,15.600000381469727,0.44999998807907104,-47.48158656761245,1.7858350531696487e-07
grid-r077-c033,77,33,6.800000190734863,15.600000381469727,0.44999998807907104,-43.22115205375014,4.763046206335275e-07
grid-r077-c034,77,34,7.0,15.600000381469727,0.44999998807907104,-66.71446363822007,2.130853715698322e-09
grid-r077-c035,77,35,7.199999809265137,15.600000381469727,0.44999998807907104,-61.58803375981782,6.937398211448453e-09
grid-r077-c036,77,36,7.400000095367432,15.600000381469727,0.44999998807907104,-47.31545676468231,1.8554716518792702e-07
grid-r077-c037,77,37,7.599999904632568,15.600000381469727,0.44999998807907104,-47.33000468449191,1.8492666242764244e-07
grid-r077-c038,77,38,7.800000190734863,15.600000381469727,0.44999998807907104,-62.460752221265636,5.674463121607687e-09
grid-r077-c039,77,39,8.0,15.600000381469727,0.44999998807907104,-42.027175233257694,6.270215635595378e-07
grid-r077-c040,77,40,8.199999809265137,15.600000381469727,0.44999998807907104,-55.51863829396294,2.8063134038802673e-08
grid-r077-c041,77,41,8.399999618530273,15.600000381469727,0.44999998807907104,-43.283113969769175,4.695573068147496e-07
grid-r077-c042,77,42,8.600000381469727,15.600000381469727,0.44999998807907104,-43.33662596353613,4.6380711182791856e-07
grid-r077-c043,77,43,8.800000190734863,15.600000381469727,0.44999998807907104,-58.29613894306664,1.48042396119763e-08
grid-r077-c044,77,44,9.0,15.600000381469727,0.44999998807907104,-43.28635456188766,4.6920706608943874e-07
grid-r077-c045,77,45,9.199999809265137,15.600000381469727,0.44999998807907104,-43.46588349045032,4.5020638594905904e-07
grid-r077-c046,77,46,9.399999618530273,15.600000381469727,0.44999998807907104,-58.80237263384272,1.3175367463702514e-08
grid-r077-c047,77,47,9.600000381469727,15.600000381469727,0.44999998807907104,-68.21389775656137,1.508725477883388e-09
grid-r077-c048,77,48,9.800000190734863,15.600000381469727,0.44999998807907104,-68.19129723758837,1.5165972921948878e-09
grid-r077-c049,77,49,10.0,15.600000381469727,0.44999998807907104,-74.20212497468682,3.800034176215661e-10
grid-r078-c022,78,22,4.599999904632568,15.80000114440918,0.44999998807907104,-64.45783349036317,3.5827512068209444e-09
grid-r078-c023,78,23,4.800000190734863,15.80000114440918,0.44999998807907104,-47.32684267205808,1.8506135290863313e-07
grid-r078-c024,78,24,5.0,15.80000114440918,0.44999998807907104,-47.46107067446019,1.7942912222679297e-07
grid-r078-c025,78,25,5.199999809265137,15.80000114440918,0.44999998807907104,-47.26173805914658,1.878564859225662e-07
grid-r078-c026,78,26,5.400000095367432,15.80000114440918,0.44999998807907104,-61.57153309886695,6.963806420401397e-09
grid-r078-c027,78,27,5.599999904632568,15.80000114440918,0.44999998807907104,-64.66335631419554,3.4171525609139053e-09
grid-r078-c032,78,32,6.599999904632568,15.80000114440918,0.44999998807907104,-61.93911580706272,6.39865094242964e-09
grid-r078-c033,78,33,6.800000190734863,15.80000114440918,0.44999998807907104,-59.58033480073213,1.1014543943588251e-08
grid-r078-c034,78,34,7.0,15.80000114440918,0.44999998807907104,-61.640924801292485,6.853422718222646e-09
grid-r078-c035,78,35,7.199999809265137,15.80000114440918,0.44999998807907104,-62.12778104197797,6.126633422809391e-09
grid-r078-c036,78,36,7.400000095367432,15.80000114440918,0.44999998807907104,-59.15226103496087,1.2155529915958141e-08
grid-r078-c037,78,37,7.599999904632568,15.80000114440918,0.44999998807907104,-59.246552505739345,1.1894460527628326e-08
grid-r078-c038,78,38,7.800000190734863,15.80000114440918,0.44999998807907104,-62.34049513622834,5.833785898801125e-09
grid-r078-c039,78,39,8.0,15.80000114440918,0.44999998807907104,-58.24322714452089,1.498570867397575e-08
grid-r078-c040,78,40,8.199999809265137,15.80000114440918,0.44999998807907104,-53.42350219912069,4.546213006051403e-08
grid-r078-c041,78,41,8.399999618530273,15.80000114440918,0.44999998807907104,-57.87683218156337,1.630484902648277e-08
grid-r078-c042,78,42,8.600000381469727,15.80000114440918,0.44999998807907104,-58.30613592730148,1.4770201062219712e-08
grid-r078-c043,78,43,8.800000190734863,15.80000114440918,0.44999998807907104,-55.50210501731216,2.8170171972874414e-08
grid-r078-c044,78,44,9.0,15.80000114440918,0.44999998807907104,-53.94434708856585,4.0324156458382276e-08
grid-r078-c045,78,45,9.199999809265137,15.80000114440918,0.44999998807907104,-58.46984419731908,1.4223798139312294e-08
grid-r078-c046,78,46,9.399999618530273,15.80000114440918,0.44999998807907104,-58.474683785065295,1.4207956589018522e-08
grid-r078-c047,78,47,9.600000381469727,15.80000114440918,0.44999998807907104,-68.18875236031525,1.5174862477707052e-09
grid-r078-c048,78,48,9.800000190734863,15.80000114440918,0.44999998807907104,-72.5961719949319,5.50025469614468e-10
grid-r079-c022,79,22,4.599999904632568,16.0,0.44999998807907104,-47.335579340522756,1.8468944062988157e-07
grid-r079-c023,79,23,4.800000190734863,16.0,0.44999998807907104,-64.18491671164837,3.8151211079195946e-09
grid-r079-c024,79,24,5.0,16.0,0.44999998807907104,-47.1361751150677,1.9336705747718952e-07
grid-r079-c025,79,25,5.199999809265137,16.0,0.44999998807907104,-64.20920236717981,3.7938465702325175e-09
grid-r079-c026,79,26,5.400000095367432,16.0,0.44999998807907104,-47.273444651212316,1.8735079265752574e-07
grid-r079-c031,79,31,6.400000095367432,16.0,0.44999998807907104,-42.94020377869401,5.081355993752368e-07
grid-r079-c032,79,32,6.599999904632568,16.0,0.44999998807907104,-61.06501002217975,7.825263992344844e-09
grid-r079-c033,79,33,6.800000190734863,16.0,0.44999998807907104,-47.25842738538245,1.8799974554895016e-07
grid-r079-c034,79,34,7.0,16.0,0.44999998807907104,-61.86636781451058,6.506736482947417e-09
grid-r079-c035,79,35,7.199999809265137,16.0,0.44999998807907104,-47.16355185001393,1.9215195834476617e-07
grid-r079-c036,79,36,7.400000095367432,16.0,0.44999998807907104,-59.03273690430464,1.2494713708122163e-08
grid-r079-c037,79,37,7.599999904632568,16.0,0.44999998807907104,-47.32100710434199,1.853101849746963e-07
grid-r079-c038,79,38,7.800000190734863,16.0,0.44999998807907104,-58.0859740448096,1.553826756151011e-08
grid-r079-c039,79,39,8.0,16.0,0.44999998807907104,-43.23497631407961,4.747908803892642e-07
grid-r079-c040,79,40,8.199999809265137,16.0,0.44999998807907104,-53.425273140232704,4.5443595553251726e-08
grid-r079-c041,79,41,8.399999618530273,16.0,0.44999998807907104,-43.15709223104687,4.833823368244339e-07
grid-r079-c042,79,42,8.600000381469727,16.0,0.44999998807907104,-43.341706466524656,4.632648540336959e-07
grid-r079-c043,79,43,8.800000190734863,16.0,0.44999998807907104,-57.93632559153586,1.608301403166479e-08
grid-r079-c044,79,44,9.0,16.0,0.44999998807907104,-43.177108551014214,4.811595886167197e-07
grid-r079-c045,79,45,9.199999809265137,16.0,0.44999998807907104,-69.4368091356969,1.1384634346356393e-09
grid-r079-c046,79,46,9.399999618530273,16.0,0.44999998807907104,-68.62815113885658,1.371465496724511e-09
grid-r079-c047,79,47,9.600000381469727,16.0,0.44999998807907104,-70.72315322383561,8.466125023254278e-10
grid-r080-c021,80,21,4.400000095367432,16.200000762939453,0.44999998807907104,-64.02136102311803,3.96153865267479e-09
grid-r080-c022,80,22,4.599999904632568,16.200000762939453,0.44999998807907104,-47.46004647377845,1.7947144215213484e-07
grid-r080-c023,80,23,4.800000190734863,16.200000762939453,0.44999998807907104,-47.332513112176514,1.848198820653124e-07
grid-r080-c024,80,24,5.0,16.200000762939453,0.44999998807907104,-64.05234259114899,3.9333785117889875e-09
grid-r080-c025,80,25,5.199999809265137,16.200000762939453,0.44999998807907104,-61.053659865351136,7.84574183398945e-09
grid-r080-c026,80,26,5.400000095367432,16.200000762939453,0.44999998807907104,-63.92685017110473,4.0486942687323335e-09
grid-r080-c030,80,30,6.199999809265137,16.200000762939453,0.44999998807907104,-61.119609128934826,7.727501305510032e-09
grid-r080-c031,80,31,6.400000095367432,16.200000762939453,0.44999998807907104,-61.560462132866576,6.981581091025646e-09
grid-r080-c032,80,32,6.599999904632568,16.200000762939453,0.44999998807907104,-58.438863098352,1.4325628683309333e-08
grid-r080-c033,80,33,6.800000190734863,16.200000762939453,0.44999998807907104,-61.7246495017273,6.722565615291387e-09
grid-r080-c034,80,34,7.0,16.200000762939453,0.44999998807907104,-61.747501709359014,6.687284948014849e-09
grid-r080-c035,80,35,7.199999809265137,16.200000762939453,0.44999998807907104,-58.77139592975621,1.3269678689198372e-08
grid-r080-c036,80,36,7.400000095367432,16.200000762939453,0.44999998807907104,-58.91337376982965,1.284288586589355e-08
grid-r080-c037,80,37,7.599999904632568,16.200000762939453,0.44999998807907104,-57.83256178273908,1.6471904729087328e-08
grid-r080-c038,80,38,7.800000190734863,16.200000762939453,0.44999998807907104,-54.8399569702117,3.280985438891548e-08
grid-r080-c039,80,39,8.0,16.200000762939453,0.44999998807907104,-54.77667201418386,3.32914567025e-08
grid-r080-c040,80,40,8.199999809265137,16.200000762939453,0.44999998807907104,-54.74963931058025,3.349932597984662e-08
grid-r080-c041,80,41,8.399999618530273,16.200000762939453,0.44999998807907104,-58.09530370309682,1.550492356727773e-08
grid-r080-c042,80,42,8.600000381469727,16.200000762939453,0.44999998807907104,-55.23341627395561,2.996804226995664e-08
grid-r080-c043,80,43,8.800000190734863,16.200000762939453,0.44999998807907104,-55.191291282999714,3.026013573048658e-08
grid-r080-c044,80,44,9.0,16.200000762939453,0.44999998807907104,-58.11856508993161,1.5422099153283853e-08
grid-r080-c045,80,45,9.199999809265137,16.200000762939453,0.44999998807907104,-68.05473483535904,1.5650438722758508e-09
grid-r080-c046,80,46,9.399999618530273,16.200000762939453,0.44999998807907104,-71.96330945208621,6.363104487761007e-10
