grid_id,row,column,x,y,z,raw_sionna_rssi_dbm,plain_idw_rssi_dbm,residual_idw_rssi_dbm
grid-r000-c000,0,0,0.19999980926513672,0.20000028610229492,0.44999998807907104,-37.363946785299504,-27.480001182350048,-33.363946785299504
grid-r000-c001,0,1,0.40000009536743164,0.20000028610229492,0.44999998807907104,-36.08037109387795,-27.431991755194883,-32.08037109387795
grid-r000-c002,0,2,0.5999999046325684,0.20000028610229492,0.44999998807907104,-37.28191449968478,-27.3868512489015,-33.28191449968478
grid-r000-c003,0,3,0.7999997138977051,0.20000028610229492,0.44999998807907104,-36.33410208661267,-27.34497312405193,-32.33410208661267
grid-r000-c004,0,4,1.0,0.20000028610229492,0.44999998807907104,-37.104162486252584,-27.30677387010025,-33.104162486252584
grid-r000-c005,0,5,1.1999998092651367,0.20000028610229492,0.44999998807907104,-36.22008274402276,-27.272690654773726,-32.22008274402276
grid-r000-c006,0,6,1.4000000953674316,0.20000028610229492,0.44999998807907104,-36.48074328895822,-27.24317691299824,-32.48074328895822
grid-r000-c007,0,7,1.5999999046325684,0.20000028610229492,0.44999998807907104,-35.161904127238344,-27.218697765085086,-31.161904127238344
grid-r000-c008,0,8,1.799999713897705,0.20000028610229492,0.44999998807907104,-34.061040015117435,-27.199722626461327,-30.061040015117435
grid-r000-c009,0,9,2.0,0.20000028610229492,0.44999998807907104,-32.099807980194896,-27.186716768900734,-28.099807980194896
grid-r000-c010,0,10,2.200000047683716,0.20000028610229492,0.44999998807907104,-30.76396748903032,-27.18013065628332,-26.76396748903032
grid-r000-c011,0,11,2.3999998569488525,0.20000028610229492,0.44999998807907104,-28.86852401929852,-27.18038703306488,-24.86852401929852
grid-r000-c012,0,12,2.5999999046325684,0.20000028610229492,0.44999998807907104,-27.677764170246206,-27.187866279387407,-23.677764170246206
grid-r000-c013,0,13,2.799999952316284,0.20000028610229492,0.44999998807907104,-26.4824701384548,-27.20288985262163,-22.4824701384548
grid-r000-c014,0,14,3.0,0.20000028610229492,0.44999998807907104,-25.915197394105498,-27.225702375490474,-21.915197394105498
grid-r000-c015,0,15,3.200000047683716,0.20000028610229492,0.44999998807907104,-25.737928599484896,-27.256453038017955,-21.737928599484896
grid-r000-c016,0,16,3.3999998569488525,0.20000028610229492,0.44999998807907104,-26.376317835775424,-27.295177186504727,-22.376317835775424
grid-r000-c017,0,17,3.5999999046325684,0.20000028610229492,0.44999998807907104,-27.000073872127004,-27.341779607166707,-23.000073872127004
grid-r000-c018,0,18,3.799999952316284,0.20000028610229492,0.44999998807907104,-28.29429238431254,-27.396020224030174,-24.29429238431254
grid-r000-c019,0,19,4.0,0.20000028610229492,0.44999998807907104,-29.947265530910975,-27.457504712207946,-25.947265530910975
grid-r000-c020,0,20,4.199999809265137,0.20000028610229492,0.44999998807907104,-31.558132734218333,-27.525680852472956,-27.558132734218333
grid-r000-c021,0,21,4.400000095367432,0.20000028610229492,0.44999998807907104,-32.988875890253794,-27.59984287701887,-28.988875890253794
grid-r000-c022,0,22,4.599999904632568,0.20000028610229492,0.44999998807907104,-34.99487163632981,-27.679142882382262,-30.994871636329812
grid-r000-c023,0,23,4.800000190734863,0.20000028610229492,0.44999998807907104,-36.271498759814364,-27.762613353290757,-32.271498759814364
grid-r000-c024,0,24,5.0,0.20000028610229492,0.44999998807907104,-35.67542894487872,-27.849195280664333,-31.675428944878718
grid-r000-c025,0,25,5.199999809265137,0.20000028610229492,0.44999998807907104,-36.84712752554968,-27.93777631195782,-32.84712752554968
grid-r000-c026,0,26,5.400000095367432,0.20000028610229492,0.44999998807907104,-37.3688242635264,-28.027232007099084,-33.3688242635264
grid-r000-c027,0,27,5.599999904632568,0.20000028610229492,0.44999998807907104,-36.995189913392295,-28.11646926223951,-32.995189913392295
grid-r000-c028,0,28,5.800000190734863,0.20000028610229492,0.44999998807907104,-36.2265853783061,-28.204470947811313,-32.2265853783061
grid-r000-c029,0,29,6.0,0.20000028610229492,0.44999998807907104,-37.1710558916459,-28.290333207599087,-33.1710558916459
grid-r000-c030,0,30,6.199999809265137,0.20000028610229492,0.44999998807907104,-37.37937711706138,-28.373298908358215,-33.37937711706138
grid-r000-c031,0,31,6.400000095367432,0.20000028610229492,0.44999998807907104,-37.11956876585016,-28.452779783504024,-33.11956876585016
grid-r000-c032,0,32,6.599999904632568,0.20000028610229492,0.44999998807907104,-37.112632274226016,-28.528368304043973,-33.112632274226016
grid-r000-c033,0,33,6.800000190734863,0.20000028610229492,0.44999998807907104,-36.697947777691844,-28.599840791898135,-32.697947777691844
grid-r000-c034,0,34,7.0,0.20000028610229492,0.44999998807907104,-37.39259120888991,-28.667147943050818,-33.39259120888991
grid-r000-c035,0,35,7.199999809265137,0.20000028610229492,0.44999998807907104,-37.45807634059545,-28.73039968338305,-33.45807634059545
grid-r000-c036,0,36,7.400000095367432,0.20000028610229492,0.44999998807907104,-37.958725445812576,-28.78984196442929,-33.958725445812576
grid-r000-c037,0,37,7.599999904632568,0.20000028610229492,0.44999998807907104,-37.53892583886963,-28.84582969999064,-33.53892583886963
grid-r000-c038,0,38,7.800000190734863,0.20000028610229492,0.44999998807907104,-37.41155630183079,-28.898799245792798,-33.41155630183079
grid-r000-c039,0,39,8.0,0.20000028610229492,0.44999998807907104,-37.73528213697044,-28.949239000593398,-33.73528213697044
grid-r000-c040,0,40,8.199999809265137,0.20000028610229492,0.44999998807907104,-37.50991838249217,-28.99766375104988,-33.50991838249217
grid-r000-c041,0,41,8.399999618530273,0.20000028610229492,0.44999998807907104,-38.013931324623435,-29.04459053943056,-34.013931324623435
grid-r000-c042,0,42,8.600000381469727,0.20000028610229492,0.44999998807907104,-38.24105210979092,-29.09051905792521,-34.24105210979092
grid-r000-c043,0,43,8.800000190734863,0.20000028610229492,0.44999998807907104,-38.3014586352822,-29.13591483536087,-34.3014586352822
grid-r000-c044,0,44,9.0,0.20000028610229492,0.44999998807907104,-38.54703054225165,-29.18119863745779,-34.54703054225165
grid-r000-c045,0,45,9.199999809265137,0.20000028610229492,0.44999998807907104,-38.422487283280205,-29.226737490463602,-34.422487283280205
grid-r000-c046,0,46,9.399999618530273,0.20000028610229492,0.44999998807907104,-38.282563287117554,-29.272840232523365,-34.282563287117554
grid-r000-c047,0,47,9.600000381469727,0.20000028610229492,0.44999998807907104,-38.14690816971044,-29.319756019945107,-34.14690816971044
grid-r000-c048,0,48,9.800000190734863,0.20000028610229492,0.44999998807907104,-38.76534004840796,-29.36767413984764,-34.76534004840796
grid-r000-c049,0,49,10.0,0.20000028610229492,0.44999998807907104,-38.687055555282235,-29.416727976299775,-34.687055555282235
grid-r000-c050,0,50,10.200000762939453,0.20000028610229492,0.44999998807907104,-39.66501114683737,-29.466998415390446,-35.66501114683737
grid-r000-c051,0,51,10.399999618530273,0.20000028610229492,0.44999998807907104,-38.906960952932025,-29.51851789400641,-34.906960952932025
grid-r000-c052,0,52,10.600000381469727,0.20000028610229492,0.44999998807907104,-38.78615818982432,-29.571278729744247,-34.78615818982432
grid-r000-c053,0,53,10.800000190734863,0.20000028610229492,0.44999998807907104,-39.92423787635676,-29.625235619561828,-35.92423787635676
grid-r000-c054,0,54,11.0,0.20000028610229492,0.44999998807907104,-39.387481971666745,-29.680314331422853,-35.387481971666745
grid-r000-c055,0,55,11.200000762939453,0.20000028610229492,0.44999998807907104,-39.58190681758015,-29.736416527847744,-35.58190681758015
grid-r000-c056,0,56,11.399999618530273,0.20000028610229492,0.44999998807907104,-38.83121905641494,-29.79342414021733,-34.83121905641494
grid-r000-c057,0,57,11.600000381469727,0.20000028610229492,0.44999998807907104,-40.20285305656873,-29.851207389261134,-36.20285305656873
grid-r001-c000,1,0,0.19999980926513672,0.40000057220458984,0.44999998807907104,-37.11426297503153,-27.41000262413139,-33.11426297503153
grid-r001-c001,1,1,0.40000009536743164,0.40000057220458984,0.44999998807907104,-37.33719192467334,-27.358317369539062,-33.33719192467334
grid-r001-c002,1,2,0.5999999046325684,0.40000057220458984,0.44999998807907104,-37.46917801258902,-27.309480316801565,-33.46917801258902
grid-r001-c003,1,3,0.7999997138977051,0.40000057220458984,0.44999998807907104,-37.41082427462178,-27.26391443249246,-33.41082427462178
grid-r001-c004,1,4,1.0,0.40000057220458984,0.44999998807907104,-36.7348296672673,-27.222071235413058,-32.7348296672673
grid-r001-c005,1,5,1.1999998092651367,0.40000057220458984,0.44999998807907104,-36.394301631236026,-27.184428919138238,-32.394301631236026
grid-r001-c006,1,6,1.4000000953674316,0.40000057220458984,0.44999998807907104,-36.25345296003953,-27.151488222857488,-32.25345296003953
grid-r001-c007,1,7,1.5999999046325684,0.40000057220458984,0.44999998807907104,-35.679723428378445,-27.12376809401047,-31.679723428378445
grid-r001-c008,1,8,1.799999713897705,0.40000057220458984,0.44999998807907104,-34.10827996428891,-27.10179817861669,-30.10827996428891
grid-r001-c009,1,9,2.0,0.40000057220458984,0.44999998807907104,-32.68599842385978,-27.08611002377863,-28.68599842385978
grid-r001-c010,1,10,2.200000047683716,0.40000057220458984,0.44999998807907104,-30.51209346361265,-27.077225621781004,-26.51209346361265
grid-r001-c011,1,11,2.3999998569488525,0.40000057220458984,0.44999998807907104,-28.847860423497238,-27.07564314638087,-24.847860423497238
grid-r001-c012,1,12,2.5999999046325684,0.40000057220458984,0.44999998807907104,-27.622470444096308,-27.08182038249597,-23.622470444096308
grid-r001-c013,1,13,2.799999952316284,0.40000057220458984,0.44999998807907104,-26.348582407435785,-27.096155563028155,-22.348582407435785
grid-r001-c014,1,14,3.0,0.40000057220458984,0.44999998807907104,-25.45109204445656,-27.118966122549264,-21.45109204445656
grid-r001-c015,1,15,3.200000047683716,0.40000057220458984,0.44999998807907104,-25.599162104770734,-27.15046609917173,-21.599162104770734
grid-r001-c016,1,16,3.3999998569488525,0.40000057220458984,0.44999998807907104,-25.94450099820775,-27.19074316007672,-21.94450099820775
grid-r001-c017,1,17,3.5999999046325684,0.40000057220458984,0.44999998807907104,-26.96629391126094,-27.239736998978497,-22.96629391126094
grid-r001-c018,1,18,3.799999952316284,0.40000057220458984,0.44999998807907104,-28.097792754337235,-27.297220136751854,-24.097792754337235
grid-r001-c019,1,19,4.0,0.40000057220458984,0.44999998807907104,-29.99789533090813,-27.36278411584534,-25.99789533090813
grid-r001-c020,1,20,4.199999809265137,0.40000057220458984,0.44999998807907104,-31.696756351321113,-27.43583241797814,-27.696756351321113
grid-r001-c021,1,21,4.400000095367432,0.40000057220458984,0.44999998807907104,-33.07526302900452,-27.515582970308998,-29.075263029004518
grid-r001-c022,1,22,4.599999904632568,0.40000057220458984,0.44999998807907104,-35.131427681475174,-27.601079686026555,-31.131427681475174
grid-r001-c023,1,23,4.800000190734863,0.40000057220458984,0.44999998807907104,-35.84491769388565,-27.691217719495995,-31.844917693885648
grid-r001-c024,1,24,5.0,0.40000057220458984,0.44999998807907104,-37.22951329533068,-27.784776654244446,-33.22951329533068
grid-r001-c025,1,25,5.199999809265137,0.40000057220458984,0.44999998807907104,-37.59717361655512,-27.88046632036565,-33.59717361655512
grid-r001-c026,1,26,5.400000095367432,0.40000057220458984,0.44999998807907104,-37.744868731977675,-27.976977419181864,-33.744868731977675
grid-r001-c027,1,27,5.599999904632568,0.40000057220458984,0.44999998807907104,-37.30900185685456,-28.073035357920688,-33.30900185685456
grid-r001-c028,1,28,5.800000190734863,0.40000057220458984,0.44999998807907104,-37.334061689443,-28.16745551250484,-33.334061689443
grid-r001-c029,1,29,6.0,0.40000057220458984,0.44999998807907104,-37.21350687037487,-28.259189902651237,-33.21350687037487
grid-r001-c030,1,30,6.199999809265137,0.40000057220458984,0.44999998807907104,-37.76105553364077,-28.347368314903505,-33.76105553364077
grid-r001-c031,1,31,6.400000095367432,0.40000057220458984,0.44999998807907104,-37.443093496429626,-28.431325338044584,-33.443093496429626
grid-r001-c032,1,32,6.599999904632568,0.40000057220458984,0.44999998807907104,-37.51223013615994,-28.510614203168256,-33.51223013615994
grid-r001-c033,1,33,6.800000190734863,0.40000057220458984,0.44999998807907104,-37.48311220772094,-28.58500905299632,-33.48311220772094
grid-r001-c034,1,34,7.0,0.40000057220458984,0.44999998807907104,-37.54461824729546,-28.654491943850836,-33.54461824729546
grid-r001-c035,1,35,7.199999809265137,0.40000057220458984,0.44999998807907104,-37.57182715405656,-28.71923237653642,-33.57182715405656
grid-r001-c036,1,36,7.400000095367432,0.40000057220458984,0.44999998807907104,-37.75828984379231,-28.779557485820614,-33.75828984379231
grid-r001-c037,1,37,7.599999904632568,0.40000057220458984,0.44999998807907104,-37.62863777552239,-28.8359179314881,-33.62863777552239
grid-r001-c038,1,38,7.800000190734863,0.40000057220458984,0.44999998807907104,-37.95214103349772,-28.888853517507386,-33.95214103349772
grid-r001-c039,1,39,8.0,0.40000057220458984,0.44999998807907104,-38.30958813673021,-28.938957582767358,-34.30958813673021
grid-r001-c040,1,40,8.199999809265137,0.40000057220458984,0.44999998807907104,-37.778800383101874,-28.98684614226205,-33.778800383101874
grid-r001-c041,1,41,8.399999618530273,0.40000057220458984,0.44999998807907104,-37.9090052242994,-29.03312970823777,-33.9090052242994
grid-r001-c042,1,42,8.600000381469727,0.40000057220458984,0.44999998807907104,-38.48003652072155,-29.07839082028854,-34.48003652072155
grid-r001-c043,1,43,8.800000190734863,0.40000057220458984,0.44999998807907104,-38.542901915564876,-29.123165491370397,-34.542901915564876
grid-r001-c044,1,44,9.0,0.40000057220458984,0.44999998807907104,-38.207064404288566,-29.167931800273728,-34.207064404288566
grid-r001-c045,1,45,9.199999809265137,0.40000057220458984,0.44999998807907104,-38.17865607978775,-29.213100929654185,-34.17865607978775
grid-r001-c046,1,46,9.399999618530273,0.40000057220458984,0.44999998807907104,-39.12585887183127,-29.259013321206258,-35.12585887183127
grid-r001-c047,1,47,9.600000381469727,0.40000057220458984,0.44999998807907104,-38.84844470129525,-29.305938220757657,-34.84844470129525
grid-r001-c048,1,48,9.800000190734863,0.40000057220458984,0.44999998807907104,-38.982944338659024,-29.354074805206718,-34.982944338659024
grid-r001-c049,1,49,10.0,0.40000057220458984,0.44999998807907104,-38.949098137384944,-29.403557612543995,-34.949098137384944
grid-r001-c050,1,50,10.200000762939453,0.40000057220458984,0.44999998807907104,-38.77519308802889,-29.454461460680523,-34.77519308802889
grid-r001-c051,1,51,10.399999618530273,0.40000057220458984,0.44999998807907104,-38.81533582471639,-29.50680695582974,-34.81533582471639
grid-r001-c052,1,52,10.600000381469727,0.40000057220458984,0.44999998807907104,-39.28569022801115,-29.56057025254403,-35.28569022801115
grid-r001-c053,1,53,10.800000190734863,0.40000057220458984,0.44999998807907104,-39.10072788122406,-29.6156867631223,-35.10072788122406
grid-r001-c054,1,54,11.0,0.40000057220458984,0.44999998807907104,-38.89438345457603,-29.672061014961702,-34.89438345457603
grid-r001-c055,1,55,11.200000762939453,0.40000057220458984,0.44999998807907104,-40.88586954438719,-29.72957242243813,-36.88586954438719
grid-r001-c056,1,56,11.399999618530273,0.40000057220458984,0.44999998807907104,-39.8900046943525,-29.78808043688704,-35.8900046943525
grid-r001-c057,1,57,11.600000381469727,0.40000057220458984,0.44999998807907104,-38.93488651970696,-29.847433298748776,-34.93488651970696
grid-r002-c000,2,0,0.19999980926513672,0.6000003814697266,0.44999998807907104,-36.92123364706838,-27.34008720317837,-32.92123364706838
grid-r002-c001,2,1,0.40000009536743164,0.6000003814697266,0.44999998807907104,-37.34309361501786,-27.284494710550717,-33.34309361501786
grid-r002-c002,2,2,0.5999999046325684,0.6000003814697266,0.44999998807907104,-36.90442780043811,-27.231705632864088,-32.90442780043811
grid-r002-c003,2,3,0.7999997138977051,0.6000003814697266,0.44999998807907104,-37.32076525251465,-27.18217224062129,-33.32076525251465
grid-r002-c004,2,4,1.0,0.6000003814697266,0.44999998807907104,-36.9846801836858,-27.13638149165206,-32.9846801836858
grid-r002-c005,2,5,1.1999998092651367,0.6000003814697266,0.44999998807907104,-36.08394428638085,-27.094853806771546,-32.08394428638085
grid-r002-c006,2,6,1.4000000953674316,0.6000003814697266,0.44999998807907104,-35.721084444066136,-27.05813941646315,-31.721084444066136
grid-r002-c007,2,7,1.5999999046325684,0.6000003814697266,0.44999998807907104,-35.47145361488358,-27.02681448858869,-31.47145361488358
grid-r002-c008,2,8,1.799999713897705,0.6000003814697266,0.44999998807907104,-33.48862731619499,-27.001473712242802,-29.488627316194993
grid-r002-c009,2,9,2.0,0.6000003814697266,0.44999998807907104,-32.16557378909538,-26.98272134931999,-28.165573789095383
grid-r002-c010,2,10,2.200000047683716,0.6000003814697266,0.44999998807907104,-30.965485525673685,-26.971159156999384,-26.965485525673685
grid-r002-c011,2,11,2.3999998569488525,0.6000003814697266,0.44999998807907104,-29.19388144907864,-26.967370865438298,-25.19388144907864
grid-r002-c012,2,12,2.5999999046325684,0.6000003814697266,0.44999998807907104,-27.758792211872382,-26.971903669465433,-23.758792211872382
grid-r002-c013,2,13,2.799999952316284,0.6000003814697266,0.44999998807907104,-26.613381878165463,-26.985246294181934,-22.613381878165463
grid-r002-c014,2,14,3.0,0.6000003814697266,0.44999998807907104,-25.851326787098053,-27.007804042251095,-21.851326787098053
grid-r002-c015,2,15,3.200000047683716,0.6000003814697266,0.44999998807907104,13.724557452015317,-27.039871585380617,17.72455745201532
grid-r002-c016,2,16,3.3999998569488525,0.6000003814697266,0.44999998807907104,-25.990327366265973,-27.08160455314408,-21.990327366265973
grid-r002-c017,2,17,3.5999999046325684,0.6000003814697266,0.44999998807907104,-27.00956048981603,-27.13299191552976,-23.00956048981603
grid-r002-c018,2,18,3.799999952316284,0.6000003814697266,0.44999998807907104,-28.45114711921667,-27.193830552958286,-24.45114711921667
grid-r002-c019,2,19,4.0,0.6000003814697266,0.44999998807907104,-30.133443259967116,-27.263705591837972,-26.133443259967116
grid-r002-c020,2,20,4.199999809265137,0.6000003814697266,0.44999998807907104,-31.3678160162683,-27.34197849312751,-27.3678160162683
grid-r002-c021,2,21,4.400000095367432,0.6000003814697266,0.44999998807907104,-33.123502578107676,-27.427786571961647,-29.123502578107676
grid-r002-c022,2,22,4.599999904632568,0.6000003814697266,0.44999998807907104,-34.91495083290577,-27.520053966140317,-30.914950832905767
grid-r002-c023,2,23,4.800000190734863,0.6000003814697266,0.44999998807907104,-35.52124607409879,-27.61751958511289,-31.52124607409879
grid-r002-c024,2,24,5.0,0.6000003814697266,0.44999998807907104,-36.909300455758995,-27.718776087015993,-32.909300455758995
grid-r002-c025,2,25,5.199999809265137,0.6000003814697266,0.44999998807907104,-36.59266407237831,-27.82232490082629,-32.59266407237831
grid-r002-c026,2,26,5.400000095367432,0.6000003814697266,0.44999998807907104,-37.225866377826726,-27.92663843007044,-33.225866377826726
grid-r002-c027,2,27,5.599999904632568,0.6000003814697266,0.44999998807907104,-37.680144816027095,-28.030226956448775,-33.680144816027095
grid-r002-c028,2,28,5.800000190734863,0.6000003814697266,0.44999998807907104,-37.482823754359565,-28.131707318921617,-33.482823754359565
grid-r002-c029,2,29,6.0,0.6000003814697266,0.44999998807907104,-35.32667515295302,-28.229861478907996,-31.326675152953023
grid-r002-c030,2,30,6.199999809265137,0.6000003814697266,0.44999998807907104,-37.618003787357196,-28.32368727245717,-33.618003787357196
grid-r002-c031,2,31,6.400000095367432,0.6000003814697266,0.44999998807907104,-37.395388253485244,-28.412431464107126,-33.395388253485244
grid-r002-c032,2,32,6.599999904632568,0.6000003814697266,0.44999998807907104,-36.889922648548456,-28.495605785783958,-32.889922648548456
grid-r002-c033,2,33,6.800000190734863,0.6000003814697266,0.44999998807907104,-36.730348309055536,-28.572987751080124,-32.730348309055536
grid-r002-c034,2,34,7.0,0.6000003814697266,0.44999998807907104,-37.28522615513532,-28.644602844766887,-33.28522615513532
grid-r002-c035,2,35,7.199999809265137,0.6000003814697266,0.44999998807907104,-37.715143954507894,-28.71069701558884,-33.715143954507894
grid-r002-c036,2,36,7.400000095367432,0.6000003814697266,0.44999998807907104,-37.89019532641135,-28.771698377996582,-33.89019532641135
grid-r002-c037,2,37,7.599999904632568,0.6000003814697266,0.44999998807907104,-37.51239274287964,-28.828174248057223,-33.51239274287964
grid-r002-c038,2,38,7.800000190734863,0.6000003814697266,0.44999998807907104,-37.92980652305684,-28.880788328465787,-33.92980652305684
grid-r002-c039,2,39,8.0,0.6000003814697266,0.44999998807907104,-37.99351293877265,-28.93025766918436,-33.99351293877265
grid-r002-c040,2,40,8.199999809265137,0.6000003814697266,0.44999998807907104,-37.993130972461955,-28.977315758103856,-33.993130972461955
grid-r002-c041,2,41,8.399999618530273,0.6000003814697266,0.44999998807907104,-38.616650901170615,-29.02267982202672,-34.616650901170615
grid-r002-c042,2,42,8.600000381469727,0.6000003814697266,0.44999998807907104,-38.23765302604973,-29.067025329250193,-34.23765302604973
grid-r002-c043,2,43,8.800000190734863,0.6000003814697266,0.44999998807907104,-38.61797385703419,-29.11096578411615,-34.61797385703419
grid-r002-c044,2,44,9.0,0.6000003814697266,0.44999998807907104,-38.751445533373776,-29.155040763216785,-34.751445533373776
grid-r002-c045,2,45,9.199999809265137,0.6000003814697266,0.44999998807907104,-39.085682954909075,-29.199707339217234,-35.085682954909075
grid-r002-c046,2,46,9.399999618530273,0.6000003814697266,0.44999998807907104,-38.7089816817931,-29.245337257771148,-34.7089816817931
grid-r002-c047,2,47,9.600000381469727,0.6000003814697266,0.44999998807907104,-39.03725999993411,-29.29221795103246,-35.03725999993411
grid-r002-c048,2,48,9.800000190734863,0.6000003814697266,0.44999998807907104,-38.7981868337109,-29.340555390340203,-34.7981868337109
grid-r002-c049,2,49,10.0,0.6000003814697266,0.44999998807907104,-39.40119695183493,-29.390481351198204,-35.40119695183493
grid-r002-c050,2,50,10.200000762939453,0.6000003814697266,0.44999998807907104,-39.21973102983144,-29.442060171433884,-35.21973102983144
grid-r002-c051,2,51,10.399999618530273,0.6000003814697266,0.44999998807907104,-39.632334979949235,-29.49529598915879,-35.632334979949235
grid-r002-c052,2,52,10.600000381469727,0.6000003814697266,0.44999998807907104,-39.201154059644594,-29.550144155289797,-35.201154059644594
grid-r002-c053,2,53,10.800000190734863,0.6000003814697266,0.44999998807907104,-38.82990457799607,-29.606516319747552,-34.82990457799607
grid-r002-c054,2,54,11.0,0.6000003814697266,0.44999998807907104,-39.28627331306555,-29.664291584095373,-35.28627331306555
grid-r002-c055,2,55,11.200000762939453,0.6000003814697266,0.44999998807907104,-40.11266780458477,-29.723323307659104,-36.11266780458477
grid-r002-c056,2,56,11.399999618530273,0.6000003814697266,0.44999998807907104,-39.79645336064688,-29.783445085044608,-35.79645336064688
grid-r002-c057,2,57,11.600000381469727,0.6000003814697266,0.44999998807907104,-39.446821151701315,-29.84448026280229,-35.446821151701315
grid-r003-c000,3,0,0.19999980926513672,0.8000001907348633,0.44999998807907104,-36.86033172112886,-27.270586441519765,-32.86033172112886
grid-r003-c001,3,1,0.40000009536743164,0.8000001907348633,0.44999998807907104,-36.98205388638645,-27.21086083922427,-32.98205388638645
grid-r003-c002,3,2,0.5999999046325684,0.8000001907348633,0.44999998807907104,-37.021529047313244,-27.1538671793058,-33.021529047313244
grid-r003-c003,3,3,0.7999997138977051,0.8000001907348633,0.44999998807907104,-37.36687999274891,-27.100086259191148,-33.36687999274891
grid-r003-c004,3,4,1.0,0.8000001907348633,0.44999998807907104,-36.59123996023736,-27.050040270434014,-32.59123996023736
grid-r003-c005,3,5,1.1999998092651367,0.8000001907348633,0.44999998807907104,-37.264234374898784,-27.004292427974235,-33.264234374898784
grid-r003-c006,3,6,1.4000000953674316,0.8000001907348633,0.44999998807907104,-36.01914631350137,-26.963444017370083,-32.01914631350137
grid-r003-c007,3,7,1.5999999046325684,0.8000001907348633,0.44999998807907104,-35.69164765969251,-26.928131251728534,-31.691647659692507
grid-r003-c008,3,8,1.799999713897705,0.8000001907348633,0.44999998807907104,-34.15660870858595,-26.899018219192968,-30.15660870858595
grid-r003-c009,3,9,2.0,0.8000001907348633,0.44999998807907104,-33.17033322800633,-26.87678806328425,-29.170333228006328
grid-r003-c010,3,10,2.200000047683716,0.8000001907348633,0.44999998807907104,-31.3545587581007,-26.862130539051467,-27.3545587581007
grid-r003-c011,3,11,2.3999998569488525,0.8000001907348633,0.44999998807907104,-29.761424380641216,-26.855725419367154,-25.761424380641216
grid-r003-c012,3,12,2.5999999046325684,0.8000001907348633,0.44999998807907104,-28.26144629162981,-26.858222130745013,-24.26144629162981
grid-r003-c013,3,13,2.799999952316284,0.8000001907348633,0.44999998807907104,-27.222203455629312,-26.870214964495997,-23.222203455629312
grid-r003-c014,3,14,3.0,0.8000001907348633,0.44999998807907104,-26.45782110176296,-26.892214099356185,-22.45782110176296
grid-r003-c015,3,15,3.200000047683716,0.8000001907348633,0.44999998807907104,-26.378283110850973,-26.924613175910697,-22.378283110850973
grid-r003-c016,3,16,3.3999998569488525,0.8000001907348633,0.44999998807907104,-26.816034047223887,-26.967654506268804,-22.816034047223887
grid-r003-c017,3,17,3.5999999046325684,0.8000001907348633,0.44999998807907104,-27.75291830447334,-27.021394151273494,-23.75291830447334
grid-r003-c018,3,18,3.799999952316284,0.8000001907348633,0.44999998807907104,-28.86092446100581,-27.085668663303963,-24.86092446100581
grid-r003-c019,3,19,4.0,0.8000001907348633,0.44999998807907104,-30.673735517440726,-27.16006776345882,-26.673735517440726
grid-r003-c020,3,20,4.199999809265137,0.8000001907348633,0.44999998807907104,-32.097990748561344,-27.243915783021116,-28.097990748561344
grid-r003-c021,3,21,4.400000095367432,0.8000001907348633,0.44999998807907104,-34.211841826219114,-27.33626661147,-30.211841826219114
grid-r003-c022,3,22,4.599999904632568,0.8000001907348633,0.44999998807907104,-35.13218540645666,-27.435913017290545,-31.132185406456657
grid-r003-c023,3,23,4.800000190734863,0.8000001907348633,0.44999998807907104,-35.88747880694725,-27.54141702398631,-31.88747880694725
grid-r003-c024,3,24,5.0,0.8000001907348633,0.44999998807907104,-34.51682669534225,-27.651155383778125,-30.516826695342253
grid-r003-c025,3,25,5.199999809265137,0.8000001907348633,0.44999998807907104,-37.38210243133042,-27.763385591317707,-33.38210243133042
grid-r003-c026,3,26,5.400000095367432,0.8000001907348633,0.44999998807907104,-37.557074696854,-27.876322374222934,-33.557074696854
grid-r003-c027,3,27,5.599999904632568,0.8000001907348633,0.44999998807907104,-37.50170651258186,-27.988221004227338,-33.50170651258186
grid-r003-c028,3,28,5.800000190734863,0.8000001907348633,0.44999998807907104,-37.368443636121086,-28.097462938095397,-33.368443636121086
grid-r003-c029,3,29,6.0,0.8000001907348633,0.44999998807907104,-37.153306731668124,-28.20262947737999,-33.153306731668124
grid-r003-c030,3,30,6.199999809265137,0.8000001907348633,0.44999998807907104,-37.29724002953389,-28.30256461611981,-33.29724002953389
grid-r003-c031,3,31,6.400000095367432,0.8000001907348633,0.44999998807907104,-37.59729088138404,-28.39641548732154,-33.59729088138404
grid-r003-c032,3,32,6.599999904632568,0.8000001907348633,0.44999998807907104,-37.07563911734042,-28.483650795770284,-33.07563911734042
grid-r003-c033,3,33,6.800000190734863,0.8000001907348633,0.44999998807907104,-37.33155196679178,-28.564059285323847,-33.33155196679178
grid-r003-c034,3,34,7.0,0.8000001907348633,0.44999998807907104,-37.38651967194813,-28.637725376229,-33.38651967194813
grid-r003-c035,3,35,7.199999809265137,0.8000001907348633,0.44999998807907104,-37.64150054954544,-28.704992386473922,-33.64150054954544
grid-r003-c036,3,36,7.400000095367432,0.8000001907348633,0.44999998807907104,-37.70521456146139,-28.766413363504615,-33.70521456146139
grid-r003-c037,3,37,7.599999904632568,0.8000001907348633,0.44999998807907104,-37.61586630919229,-28.8226970410329,-33.61586630919229
grid-r003-c038,3,38,7.800000190734863,0.8000001907348633,0.44999998807907104,-37.961861127902864,-28.874654723164678,-33.961861127902864
grid-r003-c039,3,39,8.0,0.8000001907348633,0.44999998807907104,-38.100262702049214,-28.92314843399263,-34.100262702049214
grid-r003-c040,3,40,8.199999809265137,0.8000001907348633,0.44999998807907104,-38.31111191762656,-28.969047063731534,-34.31111191762656
grid-r003-c041,3,41,8.399999618530273,0.8000001907348633,0.44999998807907104,-37.55061334534773,-29.013188719097144,-33.55061334534773
grid-r003-c042,3,42,8.600000381469727,0.8000001907348633,0.44999998807907104,-38.27173167523513,-29.05635213604979,-34.27173167523513
grid-r003-c043,3,43,8.800000190734863,0.8000001907348633,0.44999998807907104,-38.65622714478867,-29.099235043770207,-34.65622714478867
grid-r003-c044,3,44,9.0,0.8000001907348633,0.44999998807907104,-38.7987578014533,-29.142442034637675,-34.7987578014533
grid-r003-c045,3,45,9.199999809265137,0.8000001907348633,0.44999998807907104,-38.80470294469439,-29.18647687675068,-34.80470294469439
grid-r003-c046,3,46,9.399999618530273,0.8000001907348633,0.44999998807907104,-38.62937572247384,-29.231741244414227,-34.62937572247384
grid-r003-c047,3,47,9.600000381469727,0.8000001907348633,0.44999998807907104,-38.77557928767616,-29.27853772251699,-34.77557928767616
grid-r003-c048,3,48,9.800000190734863,0.8000001907348633,0.44999998807907104,-38.654090584519864,-29.32707486723243,-34.654090584519864
grid-r003-c049,3,49,10.0,0.8000001907348633,0.44999998807907104,-38.507018674597774,-29.377476728519415,-34.507018674597774
grid-r003-c050,3,50,10.200000762939453,0.8000001907348633,0.44999998807907104,-38.79758037970011,-29.429791806972563,-34.79758037970011
grid-r003-c051,3,51,10.399999618530273,0.8000001907348633,0.44999998807907104,-37.95920438757293,-29.484002310858745,-33.95920438757293
grid-r003-c052,3,52,10.600000381469727,0.8000001907348633,0.44999998807907104,-39.15283142800833,-29.54003745355801,-35.15283142800833
grid-r003-c053,3,53,10.800000190734863,0.8000001907348633,0.44999998807907104,-40.65522332028724,-29.59778008209442,-36.65522332028724
grid-r003-c054,3,54,11.0,0.8000001907348633,0.44999998807907104,-39.33552728860281,-29.657079250618438,-35.33552728860281
grid-r003-c055,3,55,11.200000762939453,0.8000001907348633,0.44999998807907104,-37.99999811562618,-29.717758137155492,-33.99999811562618
grid-r003-c056,3,56,11.399999618530273,0.8000001907348633,0.44999998807907104,-39.523931379445976,-29.77962088857002,-35.523931379445976
grid-r003-c057,3,57,11.600000381469727,0.8000001907348633,0.44999998807907104,-39.78006547351312,-29.84246292224271,-35.78006547351312
grid-r004-c000,4,0,0.19999980926513672,1.0000004768371582,0.44999998807907104,-36.91729047044642,-27.20188175395304,-32.91729047044642
grid-r004-c001,4,1,0.40000009536743164,1.0000004768371582,0.44999998807907104,-36.728317166558256,-27.13780834466095,-32.728317166558256
grid-r004-c002,4,2,0.5999999046325684,1.0000004768371582,0.44999998807907104,-37.52400003328554,-27.07636645930599,-33.52400003328554
grid-r004-c003,4,3,0.7999997138977051,1.0000004768371582,0.44999998807907104,-37.219159720347136,-27.0180640099295,-33.219159720347136
grid-r004-c004,4,4,1.0,1.0000004768371582,0.44999998807907104,-37.025385854796596,-26.96345751095944,-33.025385854796596
grid-r004-c005,4,5,1.1999998092651367,1.0000004768371582,0.44999998807907104,-37.29796985485558,-26.91315277756513,-33.29796985485558
grid-r004-c006,4,6,1.4000000953674316,1.0000004768371582,0.44999998807907104,-36.862645653468384,-26.867802924352887,-32.862645653468384
grid-r004-c007,4,7,1.5999999046325684,1.0000004768371582,0.44999998807907104,-35.963695979952995,-26.82810625613881,-31.963695979952995
grid-r004-c008,4,8,1.799999713897705,1.0000004768371582,0.44999998807907104,-34.9761719133513,-26.79479990663171,-30.9761719133513
grid-r004-c009,4,9,2.0,1.0000004768371582,0.44999998807907104,-33.447945933664364,-26.7686515039636,-29.447945933664364
grid-r004-c010,4,10,2.200000047683716,1.0000004768371582,0.44999998807907104,-32.37401077411434,-26.75044671225931,-28.37401077411434
grid-r004-c011,4,11,2.3999998569488525,1.0000004768371582,0.44999998807907104,-30.384776622811984,-26.74097186668719,-26.384776622811984
grid-r004-c012,4,12,2.5999999046325684,1.0000004768371582,0.44999998807907104,-29.479680116129558,-26.740991958489484,-25.479680116129558
grid-r004-c013,4,13,2.799999952316284,1.0000004768371582,0.44999998807907104,-28.05628760284531,-26.751223028776128,-24.05628760284531
grid-r004-c014,4,14,3.0,1.0000004768371582,0.44999998807907104,-27.668768843725935,-26.77229894539754,-23.668768843725935
grid-r004-c015,4,15,3.200000047683716,1.0000004768371582,0.44999998807907104,-27.42598015257925,-26.804733202168965,-23.42598015257925
grid-r004-c016,4,16,3.3999998569488525,1.0000004768371582,0.44999998807907104,-27.830758124845318,-26.8488767760973,-23.830758124845318
grid-r004-c017,4,17,3.5999999046325684,1.0000004768371582,0.44999998807907104,-28.745756113661763,-26.90487446832635,-24.745756113661763
grid-r004-c018,4,18,3.799999952316284,1.0000004768371582,0.44999998807907104,-30.120479915823033,-26.972621952757425,-26.120479915823033
grid-r004-c019,4,19,4.0,1.0000004768371582,0.44999998807907104,-31.465195302899687,-27.05172859118411,-27.465195302899687
grid-r004-c020,4,20,4.199999809265137,1.0000004768371582,0.44999998807907104,-33.042789415368404,-27.141489899062908,-29.042789415368404
grid-r004-c021,4,21,4.400000095367432,1.0000004768371582,0.44999998807907104,-34.80619252228786,-27.240875780422964,-30.80619252228786
grid-r004-c022,4,22,4.599999904632568,1.0000004768371582,0.44999998807907104,-35.944040780814504,-27.348536617060763,-31.944040780814504
grid-r004-c023,4,23,4.800000190734863,1.0000004768371582,0.44999998807907104,-36.32982848926979,-27.46283545696232,-32.32982848926979
grid-r004-c024,4,24,5.0,1.0000004768371582,0.44999998807907104,-36.842870113299256,-27.581900609360343,-32.842870113299256
grid-r004-c025,4,25,5.199999809265137,1.0000004768371582,0.44999998807907104,-37.44499762534992,-27.703704686937062,-33.44499762534992
grid-r004-c026,4,26,5.400000095367432,1.0000004768371582,0.44999998807907104,-37.89150771786968,-27.826158671555188,-33.89150771786968
grid-r004-c027,4,27,5.599999904632568,1.0000004768371582,0.44999998807907104,-37.73205332425157,-27.947215803745504,-33.73205332425157
grid-r004-c028,4,28,5.800000190734863,1.0000004768371582,0.44999998807907104,-36.87913866270012,-28.0649786706656,-32.87913866270012
grid-r004-c029,4,29,6.0,1.0000004768371582,0.44999998807907104,-37.192916808314116,-28.177792029100335,-33.192916808314116
grid-r004-c030,4,30,6.199999809265137,1.0000004768371582,0.44999998807907104,-36.93172620953711,-28.2843208448576,-32.93172620953711
grid-r004-c031,4,31,6.400000095367432,1.0000004768371582,0.44999998807907104,-37.50038264634611,-28.383599791972813,-33.50038264634611
grid-r004-c032,4,32,6.599999904632568,1.0000004768371582,0.44999998807907104,-37.57972258862959,-28.475054195567928,-33.57972258862959
grid-r004-c033,4,33,6.800000190734863,1.0000004768371582,0.44999998807907104,-37.53748191746907,-28.558494871733807,-33.53748191746907
grid-r004-c034,4,34,7.0,1.0000004768371582,0.44999998807907104,-37.747490087772945,-28.634084887030816,-33.747490087772945
grid-r004-c035,4,35,7.199999809265137,1.0000004768371582,0.44999998807907104,-37.759430923240664,-28.702290621438905,-33.759430923240664
grid-r004-c036,4,36,7.400000095367432,1.0000004768371582,0.44999998807907104,-37.68027273578967,-28.763818744371747,-33.68027273578967
grid-r004-c037,4,37,7.599999904632568,1.0000004768371582,0.44999998807907104,-37.72679508989674,-28.819548395135755,-33.72679508989674
grid-r004-c038,4,38,7.800000190734863,1.0000004768371582,0.44999998807907104,-37.822422979336245,-28.87046559142245,-33.822422979336245
grid-r004-c039,4,39,8.0,1.0000004768371582,0.44999998807907104,-38.13750334708296,-28.917601046099154,-34.13750334708296
grid-r004-c040,4,40,8.199999809265137,1.0000004768371582,0.44999998807907104,-38.1206083959068,-28.961978470058966,-34.1206083959068
grid-r004-c041,4,41,8.399999618530273,1.0000004768371582,0.44999998807907104,-38.44098227733337,-29.004571636205508,-34.44098227733337
grid-r004-c042,4,42,8.600000381469727,1.0000004768371582,0.44999998807907104,-38.3034181765895,-29.046272791149292,-34.3034181765895
grid-r004-c043,4,43,8.800000190734863,1.0000004768371582,0.44999998807907104,-38.459041803175225,-29.087869983309567,-34.459041803175225
grid-r004-c044,4,44,9.0,1.0000004768371582,0.44999998807907104,-38.35647881858071,-29.13003532677121,-34.35647881858071
grid-r004-c045,4,45,9.199999809265137,1.0000004768371582,0.44999998807907104,-38.77450866424659,-29.173318857185542,-34.77450866424659
grid-r004-c046,4,46,9.399999618530273,1.0000004768371582,0.44999998807907104,-38.88005646630937,-29.21814947230454,-34.88005646630937
grid-r004-c047,4,47,9.600000381469727,1.0000004768371582,0.44999998807907104,-38.844182959755315,-29.26484054587664,-34.844182959755315
grid-r004-c048,4,48,9.800000190734863,1.0000004768371582,0.44999998807907104,-38.85503443839162,-29.31359774754174,-34.85503443839162
grid-r004-c049,4,49,10.0,1.0000004768371582,0.44999998807907104,-39.393566017319436,-29.364531292142775,-35.393566017319436
grid-r004-c050,4,50,10.200000762939453,1.0000004768371582,0.44999998807907104,-39.460011307186534,-29.417667481839384,-35.460011307186534
grid-r004-c051,4,51,10.399999618530273,1.0000004768371582,0.44999998807907104,-39.31284258572567,-29.472960284210078,-35.31284258572567
grid-r004-c052,4,52,10.600000381469727,1.0000004768371582,0.44999998807907104,-39.198249580049776,-29.530306750522787,-35.198249580049776
grid-r004-c053,4,53,10.800000190734863,1.0000004768371582,0.44999998807907104,-38.926133655638004,-29.58955534522577,-34.926133655638004
grid-r004-c054,4,54,11.0,1.0000004768371582,0.44999998807907104,-39.09472281490125,-29.650520056495495,-35.09472281490125
grid-r004-c055,4,55,11.200000762939453,1.0000004768371582,0.44999998807907104,-39.64526757422912,-29.712989485728357,-35.64526757422912
grid-r004-c056,4,56,11.399999618530273,1.0000004768371582,0.44999998807907104,-39.21610795225459,-29.77673458396971,-35.21610795225459
grid-r004-c057,4,57,11.600000381469727,1.0000004768371582,0.44999998807907104,-39.76986149885609,-29.841519743494732,-35.76986149885609
grid-r005-c000,5,0,0.19999980926513672,1.200000286102295,0.44999998807907104,-37.160528850433835,-27.13440732356865,-33.160528850433835
grid-r005-c001,5,1,0.40000009536743164,1.200000286102295,0.44999998807907104,-37.39988822109521,-27.065789186716643,-33.39988822109521
grid-r005-c002,5,2,0.5999999046325684,1.200000286102295,0.44999998807907104,-36.88830409022921,-26.999671508920233,-32.88830409022921
grid-r005-c003,5,3,0.7999997138977051,1.200000286102295,0.44999998807907104,-35.91242347854272,-26.936587235568243,-31.91242347854272
grid-r005-c004,5,4,1.0,1.200000286102295,0.44999998807907104,-36.87698959735628,-26.87712552205115,-32.87698959735628
grid-r005-c005,5,5,1.1999998092651367,1.200000286102295,0.44999998807907104,-37.29127484934831,-26.821933723623378,-33.29127484934831
grid-r005-c006,5,6,1.4000000953674316,1.200000286102295,0.44999998807907104,-36.88256801249235,-26.77171661472034,-32.88256801249235
grid-r005-c007,5,7,1.5999999046325684,1.200000286102295,0.44999998807907104,-36.55347165215151,-26.727235651308355,-32.55347165215151
grid-r005-c008,5,8,1.799999713897705,1.200000286102295,0.44999998807907104,-35.704688051941375,-26.689303681040656,-31.704688051941375
grid-r005-c009,5,9,2.0,1.200000286102295,0.44999998807907104,-34.624620234556645,-26.658777526403032,-30.624620234556645
grid-r005-c010,5,10,2.200000047683716,1.200000286102295,0.44999998807907104,-33.62429092873782,-26.636545965870422,-29.62429092873782
grid-r005-c011,5,11,2.3999998569488525,1.200000286102295,0.44999998807907104,-32.12134723903163,-26.62351202607599,-28.12134723903163
grid-r005-c012,5,12,2.5999999046325684,1.200000286102295,0.44999998807907104,-30.509139074130275,-26.620569670732202,-26.509139074130275
grid-r005-c013,5,13,2.799999952316284,1.200000286102295,0.44999998807907104,-29.86864748136901,-26.628573573780493,-25.86864748136901
grid-r005-c014,5,14,3.0,1.200000286102295,0.44999998807907104,-29.277268693890818,-26.648301577834847,-25.277268693890818
grid-r005-c015,5,15,3.200000047683716,1.200000286102295,0.44999998807907104,-29.297302320463068,-26.680410267556237,-25.297302320463068
grid-r005-c016,5,16,3.3999998569488525,1.200000286102295,0.44999998807907104,-29.603340025685654,-26.725384528738072,-25.603340025685654
grid-r005-c017,5,17,3.5999999046325684,1.200000286102295,0.44999998807907104,-30.38353298493667,-26.783483626991764,-26.38353298493667
grid-r005-c018,5,18,3.799999952316284,1.200000286102295,0.44999998807907104,-31.562474768279145,-26.854686442086596,-27.562474768279145
grid-r005-c019,5,19,4.0,1.200000286102295,0.44999998807907104,-32.780285169723115,-26.93864178737006,-28.780285169723115
grid-r005-c020,5,20,4.199999809265137,1.200000286102295,0.44999998807907104,-33.53289754162661,-27.03462898300297,-29.53289754162661
grid-r005-c021,5,21,4.400000095367432,1.200000286102295,0.44999998807907104,-34.47048194094222,-27.14153655317038,-30.47048194094222
grid-r005-c022,5,22,4.599999904632568,1.200000286102295,0.44999998807907104,-34.58666071735298,-27.257862834629684,-30.586660717352977
grid-r005-c023,5,23,4.800000190734863,1.200000286102295,0.44999998807907104,-36.90810297812901,-27.381748861728013,-32.90810297812901
grid-r005-c024,5,24,5.0,1.200000286102295,0.44999998807907104,-37.49765481623019,-27.511038517635438,-33.49765481623019
grid-r005-c025,5,25,5.199999809265137,1.200000286102295,0.44999998807907104,-37.51195950970728,-27.643372868060904,-33.51195950970728
grid-r005-c026,5,26,5.400000095367432,1.200000286102295,0.44999998807907104,-37.56558313642113,-27.77630574820874,-33.56558313642113
grid-r005-c027,5,27,5.599999904632568,1.200000286102295,0.44999998807907104,-37.61247970233662,-27.907433398983198,-33.61247970233662
grid-r005-c028,5,28,5.800000190734863,1.200000286102295,0.44999998807907104,-37.305971255667664,-28.034528638486425,-33.305971255667664
grid-r005-c029,5,29,6.0,1.200000286102295,0.44999998807907104,-37.41093144592347,-28.15565798069221,-33.41093144592347
grid-r005-c030,5,30,6.199999809265137,1.200000286102295,0.44999998807907104,-37.42853358681282,-28.269278724511828,-33.42853358681282
grid-r005-c031,5,31,6.400000095367432,1.200000286102295,0.44999998807907104,-37.03906028038965,-28.37429948427543,-33.03906028038965
grid-r005-c032,5,32,6.599999904632568,1.200000286102295,0.44999998807907104,-37.65595220675814,-28.47010361275013,-33.65595220675814
grid-r005-c033,5,33,6.800000190734863,1.200000286102295,0.44999998807907104,-37.891559067171336,-28.556538606459256,-33.891559067171336
grid-r005-c034,5,34,7.0,1.200000286102295,0.44999998807907104,-37.70744540770808,-28.633870911229575,-33.70744540770808
grid-r005-c035,5,35,7.199999809265137,1.200000286102295,0.44999998807907104,-37.51951916795032,-28.702721137675635,-33.51951916795032
grid-r005-c036,5,36,7.400000095367432,1.200000286102295,0.44999998807907104,-37.772694663970896,-28.763983490416532,-33.772694663970896
grid-r005-c037,5,37,7.599999904632568,1.200000286102295,0.44999998807907104,-37.96739313837254,-28.818740957130064,-33.96739313837254
grid-r005-c038,5,38,7.800000190734863,1.200000286102295,0.44999998807907104,-38.07228253077609,-28.868184766477118,-34.07228253077609
grid-r005-c039,5,39,8.0,1.200000286102295,0.44999998807907104,-38.13741138553617,-28.913540254698113,-34.13741138553617
grid-r005-c040,5,40,8.199999809265137,1.200000286102295,0.44999998807907104,-38.339494733309785,-28.95600648564511,-34.339494733309785
grid-r005-c041,5,41,8.399999618530273,1.200000286102295,0.44999998807907104,-38.222395559656874,-28.996707853932296,-34.222395559656874
grid-r005-c042,5,42,8.600000381469727,1.200000286102295,0.44999998807907104,-38.64458119792285,-29.03665979375359,-34.64458119792285
grid-r005-c043,5,43,8.800000190734863,1.200000286102295,0.44999998807907104,-38.290866314336725,-29.076745683498263,-34.290866314336725
grid-r005-c044,5,44,9.0,1.200000286102295,0.44999998807907104,-38.650918474878715,-29.117706262407122,-34.650918474878715
grid-r005-c045,5,45,9.199999809265137,1.200000286102295,0.44999998807907104,-39.249169288041124,-29.160135850924977,-35.249169288041124
grid-r005-c046,5,46,9.399999618530273,1.200000286102295,0.44999998807907104,-39.32285883911092,-29.204486286469955,-35.32285883911092
grid-r005-c047,5,47,9.600000381469727,1.200000286102295,0.44999998807907104,-39.87567290608466,-29.251075858463206,-35.87567290608466
grid-r005-c048,5,48,9.800000190734863,1.200000286102295,0.44999998807907104,-39.778804970097774,-29.300100499820665,-35.778804970097774
grid-r005-c049,5,49,10.0,1.200000286102295,0.44999998807907104,-38.059911582905414,-29.351649269739134,-34.059911582905414
grid-r005-c050,5,50,10.200000762939453,1.200000286102295,0.44999998807907104,-38.88554215512699,-29.405718884838578,-34.88554215512699
grid-r005-c051,5,51,10.399999618530273,1.200000286102295,0.44999998807907104,-39.059152384647824,-29.462227923432437,-35.059152384647824
grid-r005-c052,5,52,10.600000381469727,1.200000286102295,0.44999998807907104,-39.150471842130166,-29.52103459592179,-35.150471842130166
grid-r005-c053,5,53,10.800000190734863,1.200000286102295,0.44999998807907104,-39.6108417945318,-29.581946919712145,-35.6108417945318
grid-r005-c054,5,54,11.0,1.200000286102295,0.44999998807907104,-39.577454046243474,-29.644738468016136,-35.577454046243474
grid-r005-c055,5,55,11.200000762939453,1.200000286102295,0.44999998807907104,-39.249131906942,-29.709158675095853,-35.249131906942
grid-r005-c056,5,56,11.399999618530273,1.200000286102295,0.44999998807907104,-39.41622075026118,-29.774941468456745,-35.41622075026118
grid-r005-c057,5,57,11.600000381469727,1.200000286102295,0.44999998807907104,-39.901818114637265,-29.841817136565425,-35.901818114637265
grid-r006-c000,6,0,0.19999980926513672,1.4000005722045898,0.44999998807907104,-36.28953791249124,-27.068650341927306,-32.28953791249124
grid-r006-c001,6,1,0.40000009536743164,1.4000005722045898,0.44999998807907104,-36.827108934046116,-26.995315742110666,-32.827108934046116
grid-r006-c002,6,2,0.5999999046325684,1.4000005722045898,0.44999998807907104,-37.926929145409545,-26.924318970937644,-33.926929145409545
grid-r006-c003,6,3,0.7999997138977051,1.4000005722045898,0.44999998807907104,-37.36817347286235,-26.8562152618017,-33.36817347286235
grid-r006-c004,6,4,1.0,1.4000005722045898,0.44999998807907104,-37.90018676898498,-26.79162393244286,-33.90018676898498
grid-r006-c005,6,5,1.1999998092651367,1.4000005722045898,0.44999998807907104,-37.83715407920951,-26.731231885147462,-33.83715407920951
grid-r006-c006,6,6,1.4000000953674316,1.4000005722045898,0.44999998807907104,-36.841596327544515,-26.67579432262713,-32.841596327544515
grid-r006-c007,6,7,1.5999999046325684,1.4000005722045898,0.44999998807907104,-36.95329686135185,-26.62613574053758,-32.95329686135185
grid-r006-c008,6,8,1.799999713897705,1.4000005722045898,0.44999998807907104,-36.05112909261198,-26.583146131147792,-32.05112909261198
grid-r006-c009,6,9,2.0,1.4000005722045898,0.44999998807907104,-35.721509167919876,-26.547774984313687,-31.721509167919876
grid-r006-c010,6,10,2.200000047683716,1.4000005722045898,0.44999998807907104,-33.625196415138035,-26.52102026241137,-29.625196415138035
grid-r006-c011,6,11,2.3999998569488525,1.4000005722045898,0.44999998807907104,-33.71894198736841,-26.503910913316055,-29.71894198736841
grid-r006-c012,6,12,2.5999999046325684,1.4000005722045898,0.44999998807907104,-32.68627335842375,-26.497482787579575,-28.686273358423747
grid-r006-c013,6,13,2.799999952316284,1.4000005722045898,0.44999998807907104,-31.693685801431698,-26.50274618375114,-27.693685801431698
grid-r006-c014,6,14,3.0,1.4000005722045898,0.44999998807907104,-31.188273697701845,-26.52064411860086,-27.188273697701845
grid-r006-c015,6,15,3.200000047683716,1.4000005722045898,0.44999998807907104,-31.04332760390644,-26.55200140186798,-27.04332760390644
grid-r006-c016,6,16,3.3999998569488525,1.4000005722045898,0.44999998807907104,-31.350393189120986,-26.597465058455366,-27.350393189120986
grid-r006-c017,6,17,3.5999999046325684,1.4000005722045898,0.44999998807907104,-31.747739489536535,-26.657438598803086,-27.747739489536535
grid-r006-c018,6,18,3.799999952316284,1.4000005722045898,0.44999998807907104,-33.24823317072935,-26.732013117706583,-29.24823317072935
grid-r006-c019,6,19,4.0,1.4000005722045898,0.44999998807907104,-33.72176356604818,-26.82090206211596,-29.721763566048182
grid-r006-c020,6,20,4.199999809265137,1.4000005722045898,0.44999998807907104,-35.52643681411709,-26.923386353197337,-31.52643681411709
grid-r006-c021,6,21,4.400000095367432,1.4000005722045898,0.44999998807907104,-35.35766461780114,-27.03827991824071,-31.35766461780114
grid-r006-c022,6,22,4.599999904632568,1.4000005722045898,0.44999998807907104,-36.735289232949874,-27.163921733434446,-32.735289232949874
grid-r006-c023,6,23,4.800000190734863,1.4000005722045898,0.44999998807907104,-37.24397801516006,-27.298207602283117,-33.24397801516006
grid-r006-c024,6,24,5.0,1.4000005722045898,0.44999998807907104,-37.75780927737917,-27.438657959625147,-33.75780927737917
grid-r006-c025,6,25,5.199999809265137,1.4000005722045898,0.44999998807907104,-35.037105428456094,-27.582529925233626,-31.037105428456094
grid-r006-c026,6,26,5.400000095367432,1.4000005722045898,0.44999998807907104,-36.75912796150339,-27.726959072552766,-32.75912796150339
grid-r006-c027,6,27,5.599999904632568,1.4000005722045898,0.44999998807907104,-36.01097022187362,-27.869121142880118,-32.01097022187362
grid-r006-c028,6,28,5.800000190734863,1.4000005722045898,0.44999998807907104,-37.490440866007695,-28.006400313502795,-33.490440866007695
grid-r006-c029,6,29,6.0,1.4000005722045898,0.44999998807907104,-37.9088835043313,-28.13653702244331,-33.9088835043313
grid-r006-c030,6,30,6.199999809265137,1.4000005722045898,0.44999998807907104,-37.43698054812113,-28.25774886126951,-33.43698054812113
grid-r006-c031,6,31,6.400000095367432,1.4000005722045898,0.44999998807907104,-37.47988776429115,-28.368804450918148,-33.47988776429115
grid-r006-c032,6,32,6.599999904632568,1.4000005722045898,0.44999998807907104,-36.631542285959114,-28.46904907267019,-32.631542285959114
grid-r006-c033,6,33,6.800000190734863,1.4000005722045898,0.44999998807907104,-37.831359862736264,-28.558386135338086,-33.831359862736264
grid-r006-c034,6,34,7.0,1.4000005722045898,0.44999998807907104,-35.755840876558324,-28.637216014682533,-31.755840876558324
grid-r006-c035,6,35,7.199999809265137,1.4000005722045898,0.44999998807907104,-37.86916859947996,-28.706350779293228,-33.86916859947996
grid-r006-c036,6,36,7.400000095367432,1.4000005722045898,0.44999998807907104,-37.804885942362475,-28.766911591255653,-33.804885942362475
grid-r006-c037,6,37,7.599999904632568,1.4000005722045898,0.44999998807907104,-38.0898281123826,-28.820223156680612,-34.0898281123826
grid-r006-c038,6,38,7.800000190734863,1.4000005722045898,0.44999998807907104,-37.802616994006286,-28.867715501080383,-33.802616994006286
grid-r006-c039,6,39,8.0,1.4000005722045898,0.44999998807907104,-38.54490887734856,-28.91083624990497,-34.54490887734856
grid-r006-c040,6,40,8.199999809265137,1.4000005722045898,0.44999998807907104,-38.42191460509746,-28.950980872940715,-34.42191460509746
grid-r006-c041,6,41,8.399999618530273,1.4000005722045898,0.44999998807907104,-38.39685165008453,-28.98943889307286,-34.39685165008453
grid-r006-c042,6,42,8.600000381469727,1.4000005722045898,0.44999998807907104,-39.016353635494674,-29.027357461129775,-35.016353635494674
grid-r006-c043,6,43,8.800000190734863,1.4000005722045898,0.44999998807907104,-36.543665294727404,-29.065718706663446,-32.543665294727404
grid-r006-c044,6,44,9.0,1.4000005722045898,0.44999998807907104,-38.9833119568011,-29.10533128531992,-34.9833119568011
grid-r006-c045,6,45,9.199999809265137,1.4000005722045898,0.44999998807907104,-39.39855537879864,-29.14682995528099,-35.39855537879864
grid-r006-c046,6,46,9.399999618530273,1.4000005722045898,0.44999998807907104,-38.98427978905378,-29.190683416079292,-34.98427978905378
grid-r006-c047,6,47,9.600000381469727,1.4000005722045898,0.44999998807907104,-39.49577619425198,-29.23720735731011,-35.49577619425198
grid-r006-c048,6,48,9.800000190734863,1.4000005722045898,0.44999998807907104,-39.517970481789646,-29.28657968076758,-35.517970481789646
grid-r006-c049,6,49,10.0,1.4000005722045898,0.44999998807907104,-39.6058718209288,-29.338859746460276,-35.6058718209288
grid-r006-c050,6,50,10.200000762939453,1.4000005722045898,0.44999998807907104,-38.27845259476307,-29.394006300477248,-34.27845259476307
grid-r006-c051,6,51,10.399999618530273,1.4000005722045898,0.44999998807907104,-39.60430071341897,-29.451894602397733,-35.60430071341897
grid-r006-c052,6,52,10.600000381469727,1.4000005722045898,0.44999998807907104,-40.38780149312734,-29.512336765497164,-36.38780149312734
grid-r006-c053,6,53,10.800000190734863,1.4000005722045898,0.44999998807907104,-40.20360534056611,-29.575093899939922,-36.20360534056611
grid-r006-c054,6,54,11.0,1.4000005722045898,0.44999998807907104,-38.57541605416124,-29.639893580454668,-34.57541605416124
grid-r006-c055,6,55,11.200000762939453,1.4000005722045898,0.44999998807907104,-38.61422222203599,-29.706441386793493,-34.61422222203599
grid-r006-c056,6,56,11.399999618530273,1.4000005722045898,0.44999998807907104,-40.716433562488675,-29.774430412940415,-36.716433562488675
grid-r006-c057,6,57,11.600000381469727,1.4000005722045898,0.44999998807907104,-39.04940426924601,-29.843553875958317,-35.04940426924601
grid-r007-c000,7,0,0.19999980926513672,1.6000003814697266,0.44999998807907104,-37.04384447119071,-27.00515235541543,-33.04384447119071
grid-r007-c001,7,1,0.40000009536743164,1.6000003814697266,0.44999998807907104,-36.93390253901758,-26.926962993378766,-32.93390253901758
grid-r007-c002,7,2,0.5999999046325684,1.6000003814697266,0.44999998807907104,-37.25169192834568,-26.85091736340766,-33.25169192834568
grid-r007-c003,7,3,0.7999997138977051,1.6000003814697266,0.44999998807907104,-37.26016355698671,-26.777589630827855,-33.26016355698671
grid-r007-c004,7,4,1.0,1.6000003814697266,0.44999998807907104,-37.303468686655165,-26.707626027957655,-33.303468686655165
grid-r007-c005,7,5,1.1999998092651367,1.6000003814697266,0.44999998807907104,-37.516528452111174,-26.64175006749509,-33.516528452111174
grid-r007-c006,7,6,1.4000000953674316,1.6000003814697266,0.44999998807907104,-37.870725022748076,-26.580765023026913,-33.870725022748076
grid-r007-c007,7,7,1.5999999046325684,1.6000003814697266,0.44999998807907104,-36.76896956447659,-26.52555701392309,-32.76896956447659
grid-r007-c008,7,8,1.799999713897705,1.6000003814697266,0.44999998807907104,-37.0751430966022,-26.47709314840471,-33.0751430966022
grid-r007-c009,7,9,2.0,1.6000003814697266,0.44999998807907104,-36.576635216100286,-26.436417492867854,-32.576635216100286
grid-r007-c010,7,10,2.200000047683716,1.6000003814697266,0.44999998807907104,-35.980926261676835,-26.404641681056184,-31.980926261676835
grid-r007-c011,7,11,2.3999998569488525,1.6000003814697266,0.44999998807907104,-34.816685558304584,-26.38292834129907,-30.816685558304584
grid-r007-c012,7,12,2.5999999046325684,1.6000003814697266,0.44999998807907104,-34.24856853101937,-26.372466943428297,-30.248568531019373
grid-r007-c013,7,13,2.799999952316284,1.6000003814697266,0.44999998807907104,-33.152516236370964,-26.374439731364088,-29.152516236370964
grid-r007-c014,7,14,3.0,1.6000003814697266,0.44999998807907104,-32.868715239078426,-26.389976188132888,-28.868715239078426
grid-r007-c015,7,15,3.200000047683716,1.6000003814697266,0.44999998807907104,-32.92091257242099,-26.42009559232644,-28.92091257242099
grid-r007-c016,7,16,3.3999998569488525,1.6000003814697266,0.44999998807907104,-33.35351374694034,-26.465637668594233,-29.353513746940337
grid-r007-c017,7,17,3.5999999046325684,1.6000003814697266,0.44999998807907104,-32.92877499241516,-26.527183590750344,-28.928774992415157
grid-r007-c018,7,18,3.799999952316284,1.6000003814697266,0.44999998807907104,-34.40105067959892,-26.60497051961215,-30.401050679598917
grid-r007-c019,7,19,4.0,1.6000003814697266,0.44999998807907104,-35.50207685387313,-26.698807400652985,-31.502076853873128
grid-r007-c020,7,20,4.199999809265137,1.6000003814697266,0.44999998807907104,-35.85418396316402,-26.808000429522583,-31.85418396316402
grid-r007-c021,7,21,4.400000095367432,1.6000003814697266,0.44999998807907104,-37.234637189744646,-26.931300901518316,-33.234637189744646
grid-r007-c022,7,22,4.599999904632568,1.6000003814697266,0.44999998807907104,-37.19345078533755,-27.066884604806734,-33.19345078533755
grid-r007-c023,7,23,4.800000190734863,1.6000003814697266,0.44999998807907104,-36.71822808987541,-27.212379795822887,-32.71822808987541
grid-r007-c024,7,24,5.0,1.6000003814697266,0.44999998807907104,-38.13428713624904,-27.36494222497537,-34.13428713624904
grid-r007-c025,7,25,5.199999809265137,1.6000003814697266,0.44999998807907104,-37.40621895215882,-27.521387393629713,-33.40621895215882
grid-r007-c026,7,26,5.400000095367432,1.6000003814697266,0.44999998807907104,-37.94560535237051,-27.678363893909758,-33.94560535237051
grid-r007-c027,7,27,5.599999904632568,1.6000003814697266,0.44999998807907104,-37.50187816985408,-27.832554832587793,-33.50187816985408
grid-r007-c028,7,28,5.800000190734863,1.6000003814697266,0.44999998807907104,-37.546954164015396,-27.98088879557894,-33.546954164015396
grid-r007-c029,7,29,6.0,1.6000003814697266,0.44999998807907104,-37.568054170449805,-28.120726268859528,-33.568054170449805
grid-r007-c030,7,30,6.199999809265137,1.6000003814697266,0.44999998807907104,-38.01309789492173,-28.250010098816407,-34.01309789492173
grid-r007-c031,7,31,6.400000095367432,1.6000003814697266,0.44999998807907104,-37.3590599956846,-28.367355349007433,-33.3590599956846
grid-r007-c032,7,32,6.599999904632568,1.6000003814697266,0.44999998807907104,-37.6822464190089,-28.472076494023405,-33.6822464190089
grid-r007-c033,7,33,6.800000190734863,1.6000003814697266,0.44999998807907104,-37.47860230388121,-28.564157554694507,-33.47860230388121
grid-r007-c034,7,34,7.0,1.6000003814697266,0.44999998807907104,-37.853547018408726,-28.644169835432283,-33.853547018408726
grid-r007-c035,7,35,7.199999809265137,1.6000003814697266,0.44999998807907104,-37.683396941808994,-28.71316043777805,-33.683396941808994
grid-r007-c036,7,36,7.400000095367432,1.6000003814697266,0.44999998807907104,-38.107957420139584,-28.772522318824457,-34.107957420139584
grid-r007-c037,7,37,7.599999904632568,1.6000003814697266,0.44999998807907104,-38.03598632393151,-28.823863762866623,-34.03598632393151
grid-r007-c038,7,38,7.800000190734863,1.6000003814697266,0.44999998807907104,-38.54402745127263,-28.86888957843686,-34.54402745127263
grid-r007-c039,7,39,8.0,1.6000003814697266,0.44999998807907104,-38.51281780673559,-28.9092982533993,-34.51281780673559
grid-r007-c040,7,40,8.199999809265137,1.6000003814697266,0.44999998807907104,-38.64042525883426,-28.946702386827482,-34.64042525883426
grid-r007-c041,7,41,8.399999618530273,1.6000003814697266,0.44999998807907104,-38.960431367349585,-28.982569896226718,-34.960431367349585
grid-r007-c042,7,42,8.600000381469727,1.6000003814697266,0.44999998807907104,-38.3505634217972,-29.018186353404573,-34.3505634217972
grid-r007-c043,7,43,8.800000190734863,1.6000003814697266,0.44999998807907104,-38.85371083708624,-29.0546339344703,-34.85371083708624
grid-r007-c044,7,44,9.0,1.6000003814697266,0.44999998807907104,-38.968844047923966,-29.09278629872142,-34.968844047923966
grid-r007-c045,7,45,9.199999809265137,1.6000003814697266,0.44999998807907104,-39.2387880537452,-29.13331267139469,-35.2387880537452
grid-r007-c046,7,46,9.399999618530273,1.6000003814697266,0.44999998807907104,-39.14751340937572,-29.176690596038828,-35.14751340937572
grid-r007-c047,7,47,9.600000381469727,1.6000003814697266,0.44999998807907104,-38.75178666009304,-29.223223947631084,-34.75178666009304
grid-r007-c048,7,48,9.800000190734863,1.6000003814697266,0.44999998807907104,-39.410344133847715,-29.273062868913232,-35.410344133847715
grid-r007-c049,7,49,10.0,1.6000003814697266,0.44999998807907104,-39.72869919861282,-29.326227313434238,-35.72869919861282
grid-r007-c050,7,50,10.200000762939453,1.6000003814697266,0.44999998807907104,-39.496712234622386,-29.382628765888327,-35.496712234622386
grid-r007-c051,7,51,10.399999618530273,1.6000003814697266,0.44999998807907104,-39.670970117904936,-29.44209056922185,-35.670970117904936
grid-r007-c052,7,52,10.600000381469727,1.6000003814697266,0.44999998807907104,-38.96990680884173,-29.50437102965994,-34.96990680884173
grid-r007-c053,7,53,10.800000190734863,1.6000003814697266,0.44999998807907104,-39.397355311933,-29.56917762252316,-35.397355311933
grid-r007-c054,7,54,11.0,1.6000003814697266,0.44999998807907104,-38.838875828519164,-29.63618623404452,-34.838875828519164
grid-r007-c055,7,55,11.200000762939453,1.6000003814697266,0.44999998807907104,-39.5098023032529,-29.705053929428548,-35.5098023032529
grid-r007-c056,7,56,11.399999618530273,1.6000003814697266,0.44999998807907104,-40.25343808642003,-29.775429294808898,-36.25343808642003
grid-r007-c057,7,57,11.600000381469727,1.6000003814697266,0.44999998807907104,-40.123412741366195,-29.84696572911571,-36.123412741366195
grid-r008-c000,8,0,0.19999980926513672,1.8000001907348633,0.44999998807907104,-36.930268785827785,-26.94450659892686,-32.930268785827785
grid-r008-c001,8,1,0.40000009536743164,1.8000001907348633,0.44999998807907104,-36.99456953567376,-26.861366336077197,-32.99456953567376
grid-r008-c002,8,2,0.5999999046325684,1.8000001907348633,0.44999998807907104,-37.4988598800574,-26.780145585861003,-33.4988598800574
grid-r008-c003,8,3,0.7999997138977051,1.8000001907348633,0.44999998807907104,-37.868189922738374,-26.701433590168538,-33.868189922738374
grid-r008-c004,8,4,1.0,1.8000001907348633,0.44999998807907104,-36.95960032285817,-26.625899573737552,-32.95960032285817
grid-r008-c005,8,5,1.1999998092651367,1.8000001907348633,0.44999998807907104,-37.50490328412649,-26.554299844368458,-33.50490328412649
grid-r008-c006,8,6,1.4000000953674316,1.8000001907348633,0.44999998807907104,-37.860712355044896,-26.487482281428168,-33.860712355044896
grid-r008-c007,8,7,1.5999999046325684,1.8000001907348633,0.44999998807907104,-36.81615416232334,-26.42639185750142,-32.81615416232334
grid-r008-c008,8,8,1.799999713897705,1.8000001907348633,0.44999998807907104,-37.687157306502776,-26.37207116593025,-33.687157306502776
grid-r008-c009,8,9,2.0,1.8000001907348633,0.44999998807907104,-36.53444874712906,-26.325658931846192,-32.53444874712906
grid-r008-c010,8,10,2.200000047683716,1.8000001907348633,0.44999998807907104,-36.7927782878757,-26.288382954951878,-32.7927782878757
grid-r008-c011,8,11,2.3999998569488525,1.8000001907348633,0.44999998807907104,-36.32318732476169,-26.26154525163077,-32.32318732476169
grid-r008-c012,8,12,2.5999999046325684,1.8000001907348633,0.44999998807907104,-35.20357674069985,-26.24649869808332,-31.20357674069985
grid-r008-c013,8,13,2.799999952316284,1.8000001907348633,0.44999998807907104,-35.01647269438915,-26.244612193894117,-31.01647269438915
grid-r008-c014,8,14,3.0,1.8000001907348633,0.44999998807907104,-34.78239791677826,-26.257221991328873,-30.782397916778258
grid-r008-c015,8,15,3.200000047683716,1.8000001907348633,0.44999998807907104,-35.085849281612944,-26.285568034663505,-31.085849281612944
grid-r008-c016,8,16,3.3999998569488525,1.8000001907348633,0.44999998807907104,-34.40908295160301,-26.330714512337664,-30.40908295160301
grid-r008-c017,8,17,3.5999999046325684,1.8000001907348633,0.44999998807907104,-34.76207927034709,-26.393456355430693,-30.762079270347087
grid-r008-c018,8,18,3.799999952316284,1.8000001907348633,0.44999998807907104,-35.84880831892087,-26.474214831390718,-31.848808318920867
grid-r008-c019,8,19,4.0,1.8000001907348633,0.44999998807907104,-36.88041484258456,-26.5729307189765,-32.88041484258456
grid-r008-c020,8,20,4.199999809265137,1.8000001907348633,0.44999998807907104,-37.60307201484686,-26.68896533849354,-33.60307201484686
grid-r008-c021,8,21,4.400000095367432,1.8000001907348633,0.44999998807907104,-36.26744809226247,-26.821025297584903,-32.26744809226247
grid-r008-c022,8,22,4.599999904632568,1.8000001907348633,0.44999998807907104,-37.95386926936849,-26.96712403823134,-33.95386926936849
grid-r008-c023,8,23,4.800000190734863,1.8000001907348633,0.44999998807907104,-37.64142396308741,-27.12460222549826,-33.64142396308741
grid-r008-c024,8,24,5.0,1.8000001907348633,0.44999998807907104,-37.91892236435186,-27.29020881991038,-33.91892236435186
grid-r008-c025,8,25,5.199999809265137,1.8000001907348633,0.44999998807907104,-38.16922864721454,-27.46025590943405,-34.16922864721454
grid-r008-c026,8,26,5.400000095367432,1.8000001907348633,0.44999998807907104,-37.94036341508768,-27.63082968171917,-33.94036341508768
grid-r008-c027,8,27,5.599999904632568,1.8000001907348633,0.44999998807907104,-37.39106298404663,-27.79804055625911,-33.39106298404663
grid-r008-c028,8,28,5.800000190734863,1.8000001907348633,0.44999998807907104,-37.98638149876905,-27.958287175590623,-33.98638149876905
grid-r008-c029,8,29,6.0,1.8000001907348633,0.44999998807907104,-37.878427970310575,-28.108490932647207,-33.878427970310575
grid-r008-c030,8,30,6.199999809265137,1.8000001907348633,0.44999998807907104,-37.77671546196068,-28.246282826537925,-33.77671546196068
grid-r008-c031,8,31,6.400000095367432,1.8000001907348633,0.44999998807907104,-37.999417158481236,-28.37011219127766,-33.999417158481236
grid-r008-c032,8,32,6.599999904632568,1.8000001907348633,0.44999998807907104,-37.460004933058855,-28.47927427018048,-33.460004933058855
grid-r008-c033,8,33,6.800000190734863,1.8000001907348633,0.44999998807907104,-37.25180048825195,-28.573864538275554,-33.25180048825195
grid-r008-c034,8,34,7.0,1.8000001907348633,0.44999998807907104,-38.06279501869244,-28.654668924365687,-34.06279501869244
grid-r008-c035,8,35,7.199999809265137,1.8000001907348633,0.44999998807907104,-38.122467808244984,-28.723019246953548,-34.122467808244984
grid-r008-c036,8,36,7.400000095367432,1.8000001907348633,0.44999998807907104,-37.75032773038086,-28.780629825242855,-33.75032773038086
grid-r008-c037,8,37,7.599999904632568,1.8000001907348633,0.44999998807907104,-38.128924905028285,-28.82943735655778,-34.128924905028285
grid-r008-c038,8,38,7.800000190734863,1.8000001907348633,0.44999998807907104,-37.5893674402015,-28.871458630908773,-33.5893674402015
grid-r008-c039,8,39,8.0,1.8000001907348633,0.44999998807907104,-38.64741707466979,-28.908671269727304,-34.64741707466979
grid-r008-c040,8,40,8.199999809265137,1.8000001907348633,0.44999998807907104,-38.41587758382364,-28.94292428556593,-34.41587758382364
grid-r008-c041,8,41,8.399999618530273,1.8000001907348633,0.44999998807907104,-38.446186662645104,-28.975875084560435,-34.446186662645104
grid-r008-c042,8,42,8.600000381469727,1.8000001907348633,0.44999998807907104,-38.596136057670805,-29.00895181945388,-34.596136057670805
grid-r008-c043,8,43,8.800000190734863,1.8000001907348633,0.44999998807907104,-38.95530562775196,-29.04333537579571,-34.95530562775196
grid-r008-c044,8,44,9.0,1.8000001907348633,0.44999998807907104,-38.85156586684313,-29.07995898474752,-34.85156586684313
grid-r008-c045,8,45,9.199999809265137,1.8000001907348633,0.44999998807907104,-39.031620103440616,-29.11951808727365,-35.031620103440616
grid-r008-c046,8,46,9.399999618530273,1.8000001907348633,0.44999998807907104,-38.981883460148694,-29.162489076848722,-34.981883460148694
grid-r008-c047,8,47,9.600000381469727,1.8000001907348633,0.44999998807907104,-39.432553844121486,-29.209153151762827,-35.432553844121486
grid-r008-c048,8,48,9.800000190734863,1.8000001907348633,0.44999998807907104,-38.750493779647414,-29.25962164471763,-34.750493779647414
grid-r008-c049,8,49,10.0,1.8000001907348633,0.44999998807907104,-39.890451926529934,-29.313864378268928,-35.890451926529934
grid-r008-c050,8,50,10.200000762939453,1.8000001907348633,0.44999998807907104,-39.79825061846845,-29.371735544547114,-35.79825061846845
grid-r008-c051,8,51,10.399999618530273,1.8000001907348633,0.44999998807907104,-39.92455375122052,-29.432997476434124,-35.92455375122052
grid-r008-c052,8,52,10.600000381469727,1.8000001907348633,0.44999998807907104,-38.88398239987528,-29.497346681911008,-34.88398239987528
grid-r008-c053,8,53,10.800000190734863,1.8000001907348633,0.44999998807907104,-39.75283132244344,-29.564430173129647,-35.75283132244344
grid-r008-c054,8,54,11.0,1.8000001907348633,0.44999998807907104,-38.9343031673874,-29.63386650909413,-34.9343031673874
grid-r008-c055,8,55,11.200000762939453,1.8000001907348633,0.44999998807907104,-40.68803034280823,-29.705259754578808,-36.68803034280823
grid-r008-c056,8,56,11.399999618530273,1.8000001907348633,0.44999998807907104,-39.4234523362652,-29.778210583878504,-35.4234523362652
grid-r008-c057,8,57,11.600000381469727,1.8000001907348633,0.44999998807907104,-39.474530675826934,-29.85233017362923,-35.474530675826934
grid-r009-c000,9,0,0.19999980926513672,2.000000476837158,0.44999998807907104,-37.59807036126128,-26.887355022247416,-33.59807036126128
grid-r009-c001,9,1,0.40000009536743164,2.000000476837158,0.44999998807907104,-37.0400211924271,-26.799218894731144,-33.0400211924271
grid-r009-c002,9,2,0.5999999046325684,2.000000476837158,0.44999998807907104,-36.57588644922663,-26.712750724669235,-32.57588644922663
grid-r009-c003,9,3,0.7999997138977051,2.000000476837158,0.44999998807907104,-37.8778724386063,-26.628550649371224,-33.8778724386063
grid-r009-c004,9,4,1.0,2.000000476837158,0.44999998807907104,-37.563722330561156,-26.547306459342806,-33.563722330561156
grid-r009-c005,9,5,1.1999998092651367,2.000000476837158,0.44999998807907104,-37.629152310810554,-26.469802717110213,-33.629152310810554
grid-r009-c006,9,6,1.4000000953674316,2.000000476837158,0.44999998807907104,-38.392407024698855,-26.39692745496168,-34.392407024698855
grid-r009-c007,9,7,1.5999999046325684,2.000000476837158,0.44999998807907104,-37.65547995380039,-26.329680435899956,-33.65547995380039
grid-r009-c008,9,8,1.799999713897705,2.000000476837158,0.44999998807907104,-37.281726500250954,-26.26917647988804,-33.281726500250954
grid-r009-c009,9,9,2.0,2.000000476837158,0.44999998807907104,-37.467051627560515,-26.216647075979708,-33.467051627560515
grid-r009-c010,9,10,2.200000047683716,2.000000476837158,0.44999998807907104,-37.473354710254014,-26.173436375297282,-33.473354710254014
grid-r009-c011,9,11,2.3999998569488525,2.000000476837158,0.44999998807907104,-37.255369791655816,-26.140988913233144,-33.255369791655816
grid-r009-c012,9,12,2.5999999046325684,2.000000476837158,0.44999998807907104,-37.02691141065992,-26.120828042526497,-33.02691141065992
grid-r009-c013,9,13,2.799999952316284,2.000000476837158,0.44999998807907104,-36.636326946151655,-26.114521376615837,-32.636326946151655
grid-r009-c014,9,14,3.0,2.000000476837158,0.44999998807907104,-36.29334763035632,-26.123629942404683,-32.29334763035632
grid-r009-c015,9,15,3.200000047683716,2.000000476837158,0.44999998807907104,-36.32668082856047,-26.149638967194395,-32.32668082856047
grid-r009-c016,9,16,3.3999998569488525,2.000000476837158,0.44999998807907104,-35.839179959186055,-26.193868407422272,-31.839179959186055
grid-r009-c017,9,17,3.5999999046325684,2.000000476837158,0.44999998807907104,-36.79859629695482,-26.257364074350917,-32.79859629695482
grid-r009-c018,9,18,3.799999952316284,2.000000476837158,0.44999998807907104,-36.8625411236187,-26.340772134743847,-32.8625411236187
grid-r009-c019,9,19,4.0,2.000000476837158,0.44999998807907104,-36.5927244531582,-26.444205985887503,-32.5927244531582
grid-r009-c020,9,20,4.199999809265137,2.000000476837158,0.44999998807907104,-36.57122706562815,-26.567117681885296,-32.57122706562815
grid-r009-c021,9,21,4.400000095367432,2.000000476837158,0.44999998807907104,-37.8984578483351,-26.708193358351995,-33.8984578483351
grid-r009-c022,9,22,4.599999904632568,2.000000476837158,0.44999998807907104,-37.26823899512769,-26.86529061888737,-33.26823899512769
grid-r009-c023,9,23,4.800000190734863,2.000000476837158,0.44999998807907104,-38.41720489206561,-27.035446341764192,-34.41720489206561
grid-r009-c024,9,24,5.0,2.000000476837158,0.44999998807907104,-38.43349854416387,-27.214961674466178,-34.43349854416387
grid-r009-c025,9,25,5.199999809265137,2.000000476837158,0.44999998807907104,-37.99908107988522,-27.39958148050629,-33.99908107988522
grid-r009-c026,9,26,5.400000095367432,2.000000476837158,0.44999998807907104,-37.648315551313644,-27.584749515707866,-33.648315551313644
grid-r009-c027,9,27,5.599999904632568,2.000000476837158,0.44999998807907104,-38.09936122412,-27.76591756218224,-34.09936122412
grid-r009-c028,9,28,5.800000190734863,2.000000476837158,0.44999998807907104,-37.93749193399496,-27.938874500169835,-33.93749193399496
grid-r009-c029,9,29,6.0,2.000000476837158,0.44999998807907104,-36.1259161797787,-28.10004006816613,-32.1259161797787
grid-r009-c030,9,30,6.199999809265137,2.000000476837158,0.44999998807907104,-37.75140552652232,-28.246695938792982,-33.75140552652232
grid-r009-c031,9,31,6.400000095367432,2.000000476837158,0.44999998807907104,-37.50241985136215,-28.377116320279963,-33.50241985136215
grid-r009-c032,9,32,6.599999904632568,2.000000476837158,0.44999998807907104,-37.39195688832303,-28.4905940053325,-33.39195688832303
grid-r009-c033,9,33,6.800000190734863,2.000000476837158,0.44999998807907104,-38.166353324771535,-28.587373158468516,-34.166353324771535
grid-r009-c034,9,34,7.0,2.000000476837158,0.44999998807907104,-38.061016894849196,-28.66850427637511,-34.061016894849196
grid-r009-c035,9,35,7.199999809265137,2.000000476837158,0.44999998807907104,-37.82900965681377,-28.735658605827446,-33.82900965681377
grid-r009-c036,9,36,7.400000095367432,2.000000476837158,0.44999998807907104,-37.30587381218096,-28.790924582482877,-33.30587381218096
grid-r009-c037,9,37,7.599999904632568,2.000000476837158,0.44999998807907104,-38.16603870909094,-28.836613349151932,-34.16603870909094
grid-r009-c038,9,38,7.800000190734863,2.000000476837158,0.44999998807907104,-38.36581607244974,-28.875090299153243,-34.36581607244974
grid-r009-c039,9,39,8.0,2.000000476837158,0.44999998807907104,-38.60196460675455,-28.908638534747226,-34.60196460675455
grid-r009-c040,9,40,8.199999809265137,2.000000476837158,0.44999998807907104,-38.62612768810892,-28.939359986287435,-34.62612768810892
grid-r009-c041,9,41,8.399999618530273,2.000000476837158,0.44999998807907104,-38.63978954071,-28.96910945874741,-34.63978954071
grid-r009-c042,9,42,8.600000381469727,2.000000476837158,0.44999998807907104,-39.224893753272234,-28.99945861504181,-35.224893753272234
grid-r009-c043,9,43,8.800000190734863,2.000000476837158,0.44999998807907104,-38.338814337985724,-29.031682680292157,-34.338814337985724
grid-r009-c044,9,44,9.0,2.000000476837158,0.44999998807907104,-39.13004585217099,-29.0667663373558,-35.13004585217099
grid-r009-c045,9,45,9.199999809265137,2.000000476837158,0.44999998807907104,-39.058467034154496,-29.105420712869847,-35.058467034154496
grid-r009-c046,9,46,9.399999618530273,2.000000476837158,0.44999998807907104,-39.38604062537629,-29.148109199342827,-35.38604062537629
grid-r009-c047,9,47,9.600000381469727,2.000000476837158,0.44999998807907104,-38.86231234625726,-29.19507800099146,-34.86231234625726
grid-r009-c048,9,48,9.800000190734863,2.000000476837158,0.44999998807907104,-38.88542717852749,-29.246387497277194,-34.88542717852749
grid-r009-c049,9,49,10.0,2.000000476837158,0.44999998807907104,-39.5035427721609,-29.30194588407617,-35.5035427721609
grid-r009-c050,9,50,10.200000762939453,2.000000476837158,0.44999998807907104,-40.15193305086507,-29.361539535124823,-36.15193305086507
grid-r009-c051,9,51,10.399999618530273,2.000000476837158,0.44999998807907104,-39.96610387757747,-29.424860420036957,-35.96610387757747
grid-r009-c052,9,52,10.600000381469727,2.000000476837158,0.44999998807907104,-39.66378267995789,-29.491535196789137,-35.66378267995789
grid-r009-c053,9,53,10.800000190734863,2.000000476837158,0.44999998807907104,-38.86429841573643,-29.56114368849852,-34.86429841573643
grid-r009-c054,9,54,11.0,2.000000476837158,0.44999998807907104,-39.402010000701864,-29.633241724223293,-35.402010000701864
grid-r009-c055,9,55,11.200000762939453,2.000000476837158,0.44999998807907104,-39.66001535538648,-29.707376222811007,-35.66001535538648
grid-r009-c056,9,56,11.399999618530273,2.000000476837158,0.44999998807907104,-39.417687693441266,-29.783096961192363,-35.417687693441266
grid-r009-c057,9,57,11.600000381469727,2.000000476837158,0.44999998807907104,-39.1652128312971,-29.859970962420842,-35.1652128312971
grid-r010-c000,10,0,0.19999980926513672,2.200000286102295,0.44999998807907104,-37.16339023107648,-26.834383030898966,-33.16339023107648
grid-r010-c001,10,1,0.40000009536743164,2.200000286102295,0.44999998807907104,-37.583084303913516,-26.741266172412974,-33.583084303913516
grid-r010-c002,10,2,0.5999999046325684,2.200000286102295,0.44999998807907104,-37.16894679453141,-26.64954275661606,-33.16894679453141
grid-r010-c003,10,3,0.7999997138977051,2.200000286102295,0.44999998807907104,-36.918500684209825,-26.559819543219696,-32.918500684209825
grid-r010-c004,10,4,1.0,2.200000286102295,0.44999998807907104,-38.024093145317394,-26.472798203892552,-34.024093145317394
grid-r010-c005,10,5,1.1999998092651367,2.200000286102295,0.44999998807907104,-37.81590480089722,-26.38928653923686,-33.81590480089722
grid-r010-c006,10,6,1.4000000953674316,2.200000286102295,0.44999998807907104,-38.13220587248025,-26.310207529003495,-34.13220587248025
grid-r010-c007,10,7,1.5999999046325684,2.200000286102295,0.44999998807907104,-38.164783386395655,-26.23661056900598,-34.164783386395655
grid-r010-c008,10,8,1.799999713897705,2.200000286102295,0.44999998807907104,-37.34731184092393,-26.169677946797343,-33.34731184092393
grid-r010-c009,10,9,2.0,2.200000286102295,0.44999998807907104,-37.875843261766775,-26.110730056740845,-33.875843261766775
grid-r010-c010,10,10,2.200000047683716,2.200000286102295,0.44999998807907104,-37.73233655504288,-26.061225122657113,-33.73233655504288
grid-r010-c011,10,11,2.3999998569488525,2.200000286102295,0.44999998807907104,-37.24724802213798,-26.02275036719647,-33.24724802213798
grid-r010-c012,10,12,2.5999999046325684,2.200000286102295,0.44999998807907104,-37.000127917338574,-25.997003288913277,-33.000127917338574
grid-r010-c013,10,13,2.799999952316284,2.200000286102295,0.44999998807907104,-37.57735767953683,-25.98575857753897,-33.57735767953683
grid-r010-c014,10,14,3.0,2.200000286102295,0.44999998807907104,-37.185715570074215,-25.99081629740138,-33.185715570074215
grid-r010-c015,10,15,3.200000047683716,2.200000286102295,0.44999998807907104,-37.339832015311174,-26.013928147042087,-33.339832015311174
grid-r010-c016,10,16,3.3999998569488525,2.200000286102295,0.44999998807907104,-37.65560657356464,-26.05669849756726,-33.65560657356464
grid-r010-c017,10,17,3.5999999046325684,2.200000286102295,0.44999998807907104,-38.24975417263292,-26.12045978084043,-34.24975417263292
grid-r010-c018,10,18,3.799999952316284,2.200000286102295,0.44999998807907104,-37.074695467635664,-26.20612420012684,-33.074695467635664
grid-r010-c019,10,19,4.0,2.200000286102295,0.44999998807907104,-37.68231069892897,-26.314020891259883,-33.68231069892897
grid-r010-c020,10,20,4.199999809265137,2.200000286102295,0.44999998807907104,-38.354326525572844,-26.443732504117595,-34.354326525572844
grid-r010-c021,10,21,4.400000095367432,2.200000286102295,0.44999998807907104,-37.84828139024623,-26.593954577903986,-33.84828139024623
grid-r010-c022,10,22,4.599999904632568,2.200000286102295,0.44999998807907104,-37.205049409416134,-26.762401519906106,-33.205049409416134
grid-r010-c023,10,23,4.800000190734863,2.200000286102295,0.44999998807907104,-38.69057519415957,-26.945795656004577,-34.69057519415957
grid-r010-c024,10,24,5.0,2.200000286102295,0.44999998807907104,-38.294185974593056,-27.139952949016354,-34.294185974593056
grid-r010-c025,10,25,5.199999809265137,2.200000286102295,0.44999998807907104,-38.07563001475236,-27.339988522609744,-34.07563001475236
grid-r010-c026,10,26,5.400000095367432,2.200000286102295,0.44999998807907104,-37.696582655308106,-27.540622824160177,-33.696582655308106
grid-r010-c027,10,27,5.599999904632568,2.200000286102295,0.44999998807907104,-37.99379974663526,-27.736561050429074,-33.99379974663526
grid-r010-c028,10,28,5.800000190734863,2.200000286102295,0.44999998807907104,-37.86467811404713,-27.922900796431275,-33.86467811404713
grid-r010-c029,10,29,6.0,2.200000286102295,0.44999998807907104,-38.33173781330625,-28.09549751944335,-34.33173781330625
grid-r010-c030,10,30,6.199999809265137,2.200000286102295,0.44999998807907104,-38.012032200430504,-28.25124837992789,-34.012032200430504
grid-r010-c031,10,31,6.400000095367432,2.200000286102295,0.44999998807907104,-37.554993421127236,-28.388247571914665,-33.554993421127236
grid-r010-c032,10,32,6.599999904632568,2.200000286102295,0.44999998807907104,-37.92651409011847,-28.505808040375896,-33.92651409011847
grid-r010-c033,10,33,6.800000190734863,2.200000286102295,0.44999998807907104,-37.9333174212683,-28.604365734430417,-33.9333174212683
grid-r010-c034,10,34,7.0,2.200000286102295,0.44999998807907104,-37.779215770174176,-28.68529036181924,-33.779215770174176
grid-r010-c035,10,35,7.199999809265137,2.200000286102295,0.44999998807907104,-38.36955816253785,-28.750650053089434,-34.36955816253785
grid-r010-c036,10,36,7.400000095367432,2.200000286102295,0.44999998807907104,-38.01785750111645,-28.8029606406,-34.01785750111645
grid-r010-c037,10,37,7.599999904632568,2.200000286102295,0.44999998807907104,-38.28865006625922,-28.8449522551314,-34.28865006625922
grid-r010-c038,10,38,7.800000190734863,2.200000286102295,0.44999998807907104,-38.628794908045556,-28.879372507736747,-34.628794908045556
grid-r010-c039,10,39,8.0,2.200000286102295,0.44999998807907104,-38.5146025810058,-28.90883241010905,-34.5146025810058
grid-r010-c040,10,40,8.199999809265137,2.200000286102295,0.44999998807907104,-38.64002706674636,-28.93569905168814,-34.64002706674636
grid-r010-c041,10,41,8.399999618530273,2.200000286102295,0.44999998807907104,-38.81507272949175,-28.96202838148032,-34.81507272949175
grid-r010-c042,10,42,8.600000381469727,2.200000286102295,0.44999998807907104,-38.64669789892951,-28.98953272744778,-34.64669789892951
grid-r010-c043,10,43,8.800000190734863,2.200000286102295,0.44999998807907104,-39.06367705928979,-29.019574053980534,-35.06367705928979
grid-r010-c044,10,44,9.0,2.200000286102295,0.44999998807907104,-38.39516203372636,-29.053177740178132,-34.39516203372636
grid-r010-c045,10,45,9.199999809265137,2.200000286102295,0.44999998807907104,-39.419657924022886,-29.091058006831666,-35.419657924022886
grid-r010-c046,10,46,9.399999618530273,2.200000286102295,0.44999998807907104,-39.185989080117054,-29.133651849637626,-35.185989080117054
grid-r010-c047,10,47,9.600000381469727,2.200000286102295,0.44999998807907104,-38.613347426253235,-29.181157060946393,-34.613347426253235
grid-r010-c048,10,48,9.800000190734863,2.200000286102295,0.44999998807907104,-39.55134757577689,-29.23357019448253,-35.55134757577689
grid-r010-c049,10,49,10.0,2.200000286102295,0.44999998807907104,-39.61316812196823,-29.290725902110253,-35.61316812196823
grid-r010-c050,10,50,10.200000762939453,2.200000286102295,0.44999998807907104,-39.77668368283584,-29.35233204299733,-35.77668368283584
grid-r010-c051,10,51,10.399999618530273,2.200000286102295,0.44999998807907104,-39.87830301567992,-29.418000904683808,-35.87830301567992
grid-r010-c052,10,52,10.600000381469727,2.200000286102295,0.44999998807907104,-39.055999237303844,-29.48728144577458,-35.055999237303844
grid-r010-c053,10,53,10.800000190734863,2.200000286102295,0.44999998807907104,-39.52875658174476,-29.559679909979646,-35.52875658174476
grid-r010-c054,10,54,11.0,2.200000286102295,0.44999998807907104,-39.81028793237158,-29.634684434740432,-35.81028793237158
grid-r010-c055,10,55,11.200000762939453,2.200000286102295,0.44999998807907104,-39.97786015972143,-29.711781167128734,-35.97786015972143
grid-r010-c056,10,56,11.399999618530273,2.200000286102295,0.44999998807907104,-39.693026836180856,-29.790466575260556,-35.693026836180856
grid-r010-c057,10,57,11.600000381469727,2.200000286102295,0.44999998807907104,-39.72533629872118,-29.870262203623014,-35.72533629872118
grid-r011-c000,11,0,0.19999980926513672,2.40000057220459,0.44999998807907104,-37.82043269174905,-26.786310589902993,-33.82043269174905
grid-r011-c001,11,1,0.40000009536743164,2.40000057220459,0.44999998807907104,-37.534831729528115,-26.688296476503986,-33.534831729528115
grid-r011-c002,11,2,0.5999999046325684,2.40000057220459,0.44999998807907104,-37.63442244104455,-26.591384350783205,-33.63442244104455
grid-r011-c003,11,3,0.7999997138977051,2.40000057220459,0.44999998807907104,-38.08530988909829,-26.49618351415157,-34.08530988909829
grid-r011-c004,11,4,1.0,2.40000057220459,0.44999998807907104,-37.61863290943478,-26.40340489151819,-33.61863290943478
grid-r011-c005,11,5,1.1999998092651367,2.40000057220459,0.44999998807907104,-38.06532489352266,-26.313874367312227,-34.06532489352266
grid-r011-c006,11,6,1.4000000953674316,2.40000057220459,0.44999998807907104,-37.49704380844585,-26.228544261405915,-33.49704380844585
grid-r011-c007,11,7,1.5999999046325684,2.40000057220459,0.44999998807907104,-38.12643084549664,-26.148507691858956,-34.12643084549664
grid-r011-c008,11,8,1.799999713897705,2.40000057220459,0.44999998807907104,-38.57424359850479,-26.075008455849876,-34.57424359850479
grid-r011-c009,11,9,2.0,2.40000057220459,0.44999998807907104,-35.88297782901992,-26.009450246181,-31.88297782901992
grid-r011-c010,11,10,2.200000047683716,2.40000057220459,0.44999998807907104,-38.562425427220965,-25.953400683636172,-34.562425427220965
grid-r011-c011,11,11,2.3999998569488525,2.40000057220459,0.44999998807907104,-38.80526539502124,-25.908586723277107,-34.80526539502124
grid-r011-c012,11,12,2.5999999046325684,2.40000057220459,0.44999998807907104,-36.6970831805053,-25.87687979517655,-32.6970831805053
grid-r011-c013,11,13,2.799999952316284,2.40000057220459,0.44999998807907104,-37.706808821292995,-25.860265423790814,-33.706808821292995
grid-r011-c014,11,14,3.0,2.40000057220459,0.44999998807907104,-38.09366278375662,-25.86079180008088,-34.09366278375662
grid-r011-c015,11,15,3.200000047683716,2.40000057220459,0.44999998807907104,-38.352942940692174,-25.880492830189052,-34.352942940692174
grid-r011-c016,11,16,3.3999998569488525,2.40000057220459,0.44999998807907104,-37.21749046158381,-25.921280664387417,-33.21749046158381
grid-r011-c017,11,17,3.5999999046325684,2.40000057220459,0.44999998807907104,-37.40200476880887,-25.984805570107806,-33.40200476880887
grid-r011-c018,11,18,3.799999952316284,2.40000057220459,0.44999998807907104,-38.5642839215869,-26.072283813904175,-34.5642839215869
grid-r011-c019,11,19,4.0,2.40000057220459,0.44999998807907104,-38.48326098752072,-26.18430229959013,-34.48326098752072
grid-r011-c020,11,20,4.199999809265137,2.40000057220459,0.44999998807907104,-38.316993557636195,-26.32061544642311,-34.316993557636195
grid-r011-c021,11,21,4.400000095367432,2.40000057220459,0.44999998807907104,-37.98363709703334,-26.479961781280824,-33.98363709703334
grid-r011-c022,11,22,4.599999904632568,2.40000057220459,0.44999998807907104,-38.77109783567651,-26.659930788906816,-34.77109783567651
grid-r011-c023,11,23,4.800000190734863,2.40000057220459,0.44999998807907104,-38.27509448575094,-26.856926156197304,-34.27509448575094
grid-r011-c024,11,24,5.0,2.40000057220459,0.44999998807907104,-38.26452646272779,-27.066248005376913,-34.26452646272779
grid-r011-c025,11,25,5.199999809265137,2.40000057220459,0.44999998807907104,-38.095248613674705,-27.282325168342492,-34.095248613674705
grid-r011-c026,11,26,5.400000095367432,2.40000057220459,0.44999998807907104,-38.39207662285897,-27.49907887584193,-34.39207662285897
grid-r011-c027,11,27,5.599999904632568,2.40000057220459,0.44999998807907104,-37.0885692194113,-27.710384136459197,-33.0885692194113
grid-r011-c028,11,28,5.800000190734863,2.40000057220459,0.44999998807907104,-37.64104879500843,-27.91057019284921,-33.64104879500843
grid-r011-c029,11,29,6.0,2.40000057220459,0.44999998807907104,-37.99644505769354,-28.094870811546,-33.99644505769354
grid-r011-c030,11,30,6.199999809265137,2.40000057220459,0.44999998807907104,-37.330392438002875,-28.259769564465863,-33.330392438002875
grid-r011-c031,11,31,6.400000095367432,2.40000057220459,0.44999998807907104,-37.616971425760866,-28.40318221603967,-33.616971425760866
grid-r011-c032,11,32,6.599999904632568,2.40000057220459,0.44999998807907104,-37.78849698298389,-28.524470298152796,-33.78849698298389
grid-r011-c033,11,33,6.800000190734863,2.40000057220459,0.44999998807907104,-38.22532267585429,-28.624308748486627,-34.22532267585429
grid-r011-c034,11,34,7.0,2.40000057220459,0.44999998807907104,-37.97178129925119,-28.70444276159472,-33.97178129925119
grid-r011-c035,11,35,7.199999809265137,2.40000057220459,0.44999998807907104,-37.876563252112774,-28.76739374828134,-33.876563252112774
grid-r011-c036,11,36,7.400000095367432,2.40000057220459,0.44999998807907104,-38.9028481376273,-28.81615478737584,-34.9028481376273
grid-r011-c037,11,37,7.599999904632568,2.40000057220459,0.44999998807907104,-38.30779133783297,-28.853914416233636,-34.30779133783297
grid-r011-c038,11,38,7.800000190734863,2.40000057220459,0.44999998807907104,-38.85248392696976,-28.883830069755362,-34.85248392696976
grid-r011-c039,11,39,8.0,2.40000057220459,0.44999998807907104,-38.66465938623633,-28.908856947784226,-34.66465938623633
grid-r011-c040,11,40,8.199999809265137,2.40000057220459,0.44999998807907104,-39.17979841138472,-28.93163381217823,-35.17979841138472
grid-r011-c041,11,41,8.399999618530273,2.40000057220459,0.44999998807907104,-39.0181711862014,-28.95441653996857,-35.0181711862014
grid-r011-c042,11,42,8.600000381469727,2.40000057220459,0.44999998807907104,-38.959203466441316,-28.97905123458749,-34.959203466441316
grid-r011-c043,11,43,8.800000190734863,2.40000057220459,0.44999998807907104,-38.658763183519646,-29.00697587340469,-34.658763183519646
grid-r011-c044,11,44,9.0,2.40000057220459,0.44999998807907104,-39.61623823431061,-29.039243484833566,-35.61623823431061
grid-r011-c045,11,45,9.199999809265137,2.40000057220459,0.44999998807907104,-39.56868064473308,-29.076557204659327,-35.56868064473308
grid-r011-c046,11,46,9.399999618530273,2.40000057220459,0.44999998807907104,-39.852923301445806,-29.119313215559075,-35.852923301445806
grid-r011-c047,11,47,9.600000381469727,2.40000057220459,0.44999998807907104,-38.65690513730306,-29.167646902662334,-34.65690513730306
grid-r011-c048,11,48,9.800000190734863,2.40000057220459,0.44999998807907104,-38.33721178828871,-29.221477882283946,-34.33721178828871
grid-r011-c049,11,49,10.0,2.40000057220459,0.44999998807907104,-39.72390485439412,-29.280555365569125,-35.72390485439412
grid-r011-c050,11,50,10.200000762939453,2.40000057220459,0.44999998807907104,-39.079484140869276,-29.344498220170404,-35.079484140869276
grid-r011-c051,11,51,10.399999618530273,2.40000057220459,0.44999998807907104,-39.492101691793295,-29.412830105510515,-35.492101691793295
grid-r011-c052,11,52,10.600000381469727,2.40000057220459,0.44999998807907104,-39.30224136070934,-29.485014925234807,-35.30224136070934
grid-r011-c053,11,53,10.800000190734863,2.40000057220459,0.44999998807907104,-40.79067771890421,-29.560479538879548,-36.79067771890421
grid-r011-c054,11,54,11.0,2.40000057220459,0.44999998807907104,-38.958385317631084,-29.638640085493478,-34.958385317631084
grid-r011-c055,11,55,11.200000762939453,2.40000057220459,0.44999998807907104,-39.36023580803668,-29.718919016339363,-35.36023580803668
grid-r011-c056,11,56,11.399999618530273,2.40000057220459,0.44999998807907104,-39.66455545842394,-29.800757807579515,-35.66455545842394
grid-r011-c057,11,57,11.600000381469727,2.40000057220459,0.44999998807907104,-39.08525497323649,-29.88363193526648,-35.08525497323649
grid-r012-c000,12,0,0.19999980926513672,2.6000003814697266,0.44999998807907104,-37.6958878242917,-26.74388287115303,-33.6958878242917
grid-r012-c001,12,1,0.40000009536743164,2.6000003814697266,0.44999998807907104,-35.790243118033594,-26.64113053680877,-31.790243118033594
grid-r012-c002,12,2,0.5999999046325684,2.6000003814697266,0.44999998807907104,-37.166438107480815,-26.539179409010742,-33.166438107480815
grid-r012-c003,12,3,0.7999997138977051,2.6000003814697266,0.44999998807907104,-37.91039594165668,-26.438637756739727,-33.91039594165668
grid-r012-c004,12,4,1.0,2.6000003814697266,0.44999998807907104,-38.005232101473176,-26.34022154779666,-34.005232101473176
grid-r012-c005,12,5,1.1999998092651367,2.6000003814697266,0.44999998807907104,-38.03534776853339,-26.244769864772177,-34.03534776853339
grid-r012-c006,12,6,1.4000000953674316,2.6000003814697266,0.44999998807907104,-38.495361534944465,-26.15325880366812,-34.495361534944465
grid-r012-c007,12,7,1.5999999046325684,2.6000003814697266,0.44999998807907104,-37.31758053932388,-26.066819010715697,-33.31758053932388
grid-r012-c008,12,8,1.799999713897705,2.6000003814697266,0.44999998807907104,-37.2026426810707,-25.986749103562968,-33.2026426810707
grid-r012-c009,12,9,2.0,2.6000003814697266,0.44999998807907104,-38.597695149577184,-25.914529141999278,-34.597695149577184
grid-r012-c010,12,10,2.200000047683716,2.6000003814697266,0.44999998807907104,-37.542637420584974,-25.851829387358816,-33.542637420584974
grid-r012-c011,12,11,2.3999998569488525,2.6000003814697266,0.44999998807907104,-37.78993867930203,-25.80051057037199,-33.78993867930203
grid-r012-c012,12,12,2.5999999046325684,2.6000003814697266,0.44999998807907104,-38.11045558960237,-25.762613765678104,-34.11045558960237
grid-r012-c013,12,13,2.799999952316284,2.6000003814697266,0.44999998807907104,-38.29191705455122,-25.740333847484663,-34.29191705455122
grid-r012-c014,12,14,3.0,2.6000003814697266,0.44999998807907104,-38.58257714053627,-25.7359698056072,-34.58257714053627
grid-r012-c015,12,15,3.200000047683716,2.6000003814697266,0.44999998807907104,-37.911242245427616,-25.75184604504964,-33.911242245427616
grid-r012-c016,12,16,3.3999998569488525,2.6000003814697266,0.44999998807907104,-38.96375465781763,-25.790197733370423,-34.96375465781763
grid-r012-c017,12,17,3.5999999046325684,2.6000003814697266,0.44999998807907104,-38.49497013866422,-25.853015962192902,-34.49497013866422
grid-r012-c018,12,18,3.799999952316284,2.6000003814697266,0.44999998807907104,-35.059378682899464,-25.941851566028973,-31.059378682899464
grid-r012-c019,12,19,4.0,2.6000003814697266,0.44999998807907104,-38.772540522996394,-26.057585379918553,-34.772540522996394
grid-r012-c020,12,20,4.199999809265137,2.6000003814697266,0.44999998807907104,-36.051468010072185,-26.200181501131674,-32.051468010072185
grid-r012-c021,12,21,4.400000095367432,2.6000003814697266,0.44999998807907104,-38.914216886946335,-26.368455096591948,-34.914216886946335
grid-r012-c022,12,22,4.599999904632568,2.6000003814697266,0.44999998807907104,-38.3868443505192,-26.559892729064487,-34.3868443505192
grid-r012-c023,12,23,4.800000190734863,2.6000003814697266,0.44999998807907104,-37.59964167268716,-26.770582554062692,-33.59964167268716
grid-r012-c024,12,24,5.0,2.6000003814697266,0.44999998807907104,-37.748513377686365,-26.995288226380854,-33.748513377686365
grid-r012-c025,12,25,5.199999809265137,2.6000003814697266,0.44999998807907104,-37.35418460519709,-27.227707724026622,-33.35418460519709
grid-r012-c026,12,26,5.400000095367432,2.6000003814697266,0.44999998807907104,-38.19561749998965,-27.46090026112453,-34.19561749998965
grid-r012-c027,12,27,5.599999904632568,2.6000003814697266,0.44999998807907104,-38.251490143588796,-27.687840612258142,-34.251490143588796
grid-r012-c028,12,28,5.800000190734863,2.6000003814697266,0.44999998807907104,-38.24026250566918,-27.90202604430192,-34.24026250566918
grid-r012-c029,12,29,6.0,2.6000003814697266,0.44999998807907104,-37.27709984375822,-28.098023923987366,-33.27709984375822
grid-r012-c030,12,30,6.199999809265137,2.6000003814697266,0.44999998807907104,-38.24916984118603,-28.271886243959685,-34.24916984118603
grid-r012-c031,12,31,6.400000095367432,2.6000003814697266,0.44999998807907104,-38.2292726856037,-28.421360355700788,-34.2292726856037
grid-r012-c032,12,32,6.599999904632568,2.6000003814697266,0.44999998807907104,-38.22338197814982,-28.545889644490547,-34.22338197814982
grid-r012-c033,12,33,6.800000190734863,2.6000003814697266,0.44999998807907104,-38.38388769372922,-28.646435949897377,-34.38388769372922
grid-r012-c034,12,34,7.0,2.6000003814697266,0.44999998807907104,-38.355219634886346,-28.72517293546821,-34.355219634886346
grid-r012-c035,12,35,7.199999809265137,2.6000003814697266,0.44999998807907104,-38.43806952345902,-28.785125125186667,-34.43806952345902
grid-r012-c036,12,36,7.400000095367432,2.6000003814697266,0.44999998807907104,-38.40576038482662,-28.829803998309547,-34.40576038482662
grid-r012-c037,12,37,7.599999904632568,2.6000003814697266,0.44999998807907104,-38.785806513091885,-28.86288633112337,-34.785806513091885
grid-r012-c038,12,38,7.800000190734863,2.6000003814697266,0.44999998807907104,-38.640992104745095,-28.887957603329955,-34.640992104745095
grid-r012-c039,12,39,8.0,2.6000003814697266,0.44999998807907104,-39.111561671432504,-28.908325080821456,-35.111561671432504
grid-r012-c040,12,40,8.199999809265137,2.6000003814697266,0.44999998807907104,-38.8442877685685,-28.92689873613997,-34.8442877685685
grid-r012-c041,12,41,8.399999618530273,2.6000003814697266,0.44999998807907104,-38.82236900289069,-28.946127746093865,-34.82236900289069
grid-r012-c042,12,42,8.600000381469727,2.6000003814697266,0.44999998807907104,-39.476231451917755,-28.967981172551372,-35.476231451917755
grid-r012-c043,12,43,8.800000190734863,2.6000003814697266,0.44999998807907104,-39.54279423782755,-28.99395963014785,-35.54279423782755
grid-r012-c044,12,44,9.0,2.6000003814697266,0.44999998807907104,-38.55886919568395,-29.02512912732376,-34.55886919568395
grid-r012-c045,12,45,9.199999809265137,2.6000003814697266,0.44999998807907104,-39.566657290673454,-29.062166687457673,-35.566657290673454
grid-r012-c046,12,46,9.399999618530273,2.6000003814697266,0.44999998807907104,-39.392460051617974,-29.10541297347436,-35.392460051617974
grid-r012-c047,12,47,9.600000381469727,2.6000003814697266,0.44999998807907104,-39.245326948691,-29.154927064415034,-35.245326948691
grid-r012-c048,12,48,9.800000190734863,2.6000003814697266,0.44999998807907104,-39.82295639188167,-29.21053888499441,-35.82295639188167
grid-r012-c049,12,49,10.0,2.6000003814697266,0.44999998807907104,-39.01141827233313,-29.27190084341827,-35.01141827233313
grid-r012-c050,12,50,10.200000762939453,2.6000003814697266,0.44999998807907104,-38.410295399477576,-29.338532993267822,-34.410295399477576
grid-r012-c051,12,51,10.399999618530273,2.6000003814697266,0.44999998807907104,-39.561064563687026,-29.40986215792844,-35.561064563687026
grid-r012-c052,12,52,10.600000381469727,2.6000003814697266,0.44999998807907104,-40.18530556812445,-29.485260629596045,-36.18530556812445
grid-r012-c053,12,53,10.800000190734863,2.6000003814697266,0.44999998807907104,-39.96164663216248,-29.564070919749458,-35.96164663216248
grid-r012-c054,12,54,11.0,2.6000003814697266,0.44999998807907104,-40.33940451094777,-29.64563373011684,-36.33940451094777
grid-r012-c055,12,55,11.200000762939453,2.6000003814697266,0.44999998807907104,-37.44775264802701,-29.729305771070187,-33.44775264802701
grid-r012-c056,12,56,11.399999618530273,2.6000003814697266,0.44999998807907104,-39.34856298378472,-29.814472718277848,-35.34856298378472
grid-r012-c057,12,57,11.600000381469727,2.6000003814697266,0.44999998807907104,-39.57951784345713,-29.900564243222302,-35.57951784345713
grid-r013-c000,13,0,0.19999980926513672,2.8000001907348633,0.44999998807907104,-37.475128049251374,-26.70785676839312,-33.475128049251374
grid-r013-c001,13,1,0.40000009536743164,2.8000001907348633,0.44999998807907104,-37.7139782832507,-26.600606256859983,-33.7139782832507
grid-r013-c002,13,2,0.5999999046325684,2.8000001907348633,0.44999998807907104,-37.92755011768294,-26.493855861870372,-33.92755011768294
grid-r013-c003,13,3,0.7999997138977051,2.8000001907348633,0.44999998807907104,-37.69146291906423,-26.388210067630684,-33.69146291906423
grid-r013-c004,13,4,1.0,2.8000001907348633,0.44999998807907104,-37.94958538040257,-26.284386465627293,-33.94958538040257
grid-r013-c005,13,5,1.1999998092651367,2.8000001907348633,0.44999998807907104,-37.71741931488194,-26.183233155540503,-33.71741931488194
grid-r013-c006,13,6,1.4000000953674316,2.8000001907348633,0.44999998807907104,-38.00105213600326,-26.08574498788739,-34.00105213600326
grid-r013-c007,13,7,1.5999999046325684,2.8000001907348633,0.44999998807907104,-38.17162588020582,-25.993084215020442,-34.17162588020582
grid-r013-c008,13,8,1.799999713897705,2.8000001907348633,0.44999998807907104,-37.17456920957272,-25.906597450114532,-33.17456920957272
grid-r013-c009,13,9,2.0,2.8000001907348633,0.44999998807907104,-37.426615913441765,-25.82783346627052,-33.426615913441765
grid-r013-c010,13,10,2.200000047683716,2.8000001907348633,0.44999998807907104,-37.8934892081028,-25.75855688200929,-33.8934892081028
grid-r013-c011,13,11,2.3999998569488525,2.8000001907348633,0.44999998807907104,-38.04927435724569,-25.700753665215142,-34.04927435724569
grid-r013-c012,13,12,2.5999999046325684,2.8000001907348633,0.44999998807907104,-38.25691672024547,-25.656626340317608,-34.25691672024547
grid-r013-c013,13,13,2.799999952316284,2.8000001907348633,0.44999998807907104,-38.40695630379643,-25.628572150448687,-34.40695630379643
grid-r013-c014,13,14,3.0,2.8000001907348633,0.44999998807907104,-38.685869355851025,-25.619136272123384,-34.685869355851025
grid-r013-c015,13,15,3.200000047683716,2.8000001907348633,0.44999998807907104,-37.60532011664892,-25.63093275598281,-33.60532011664892
grid-r013-c016,13,16,3.3999998569488525,2.8000001907348633,0.44999998807907104,-38.60358163659352,-25.66652416729365,-34.60358163659352
grid-r013-c017,13,17,3.5999999046325684,2.8000001907348633,0.44999998807907104,-37.753600480408764,-25.728253298456405,-33.753600480408764
grid-r013-c018,13,18,3.799999952316284,2.8000001907348633,0.44999998807907104,-38.430835391674556,-25.818023530163174,-34.430835391674556
grid-r013-c019,13,19,4.0,2.8000001907348633,0.44999998807907104,-38.55934080573584,-25.93703408780288,-34.55934080573584
grid-r013-c020,13,20,4.199999809265137,2.8000001907348633,0.44999998807907104,-38.631349199343376,-26.085487320054018,-34.631349199343376
grid-r013-c021,13,21,4.400000095367432,2.8000001907348633,0.44999998807907104,-37.00057139062908,-26.262303373466747,-33.00057139062908
grid-r013-c022,13,22,4.599999904632568,2.8000001907348633,0.44999998807907104,-38.04009001787161,-26.464888062517083,-34.04009001787161
grid-r013-c023,13,23,4.800000190734863,2.8000001907348633,0.44999998807907104,-38.010175124053674,-26.689023713165536,-34.010175124053674
grid-r013-c024,13,24,5.0,2.8000001907348633,0.44999998807907104,-38.489364230488974,-26.928930064982115,-34.489364230488974
grid-r013-c025,13,25,5.199999809265137,2.8000001907348633,0.44999998807907104,-37.936613175812525,-27.17754871414778,-33.936613175812525
grid-r013-c026,13,26,5.400000095367432,2.8000001907348633,0.44999998807907104,-38.29709517878178,-27.42703741109568,-34.29709517878178
grid-r013-c027,13,27,5.599999904632568,2.8000001907348633,0.44999998807907104,-37.90452031253447,-27.669426165734567,-33.90452031253447
grid-r013-c028,13,28,5.800000190734863,2.8000001907348633,0.44999998807907104,-37.78696766992232,-27.89734178710211,-33.78696766992232
grid-r013-c029,13,29,6.0,2.8000001907348633,0.44999998807907104,-38.19931812764174,-28.10466271005574,-34.19931812764174
grid-r013-c030,13,30,6.199999809265137,2.8000001907348633,0.44999998807907104,-37.45899157262478,-28.287008250329,-33.45899157262478
grid-r013-c031,13,31,6.400000095367432,2.8000001907348633,0.44999998807907104,-38.29143262972933,-28.441977346425272,-34.29143262972933
grid-r013-c032,13,32,6.599999904632568,2.8000001907348633,0.44999998807907104,-38.06208741072821,-28.56913096042373,-34.06208741072821
grid-r013-c033,13,33,6.800000190734863,2.8000001907348633,0.44999998807907104,-38.440696085980115,-28.66976118904311,-34.440696085980115
grid-r013-c034,13,34,7.0,2.8000001907348633,0.44999998807907104,-38.051188895018285,-28.74651305630711,-34.051188895018285
grid-r013-c035,13,35,7.199999809265137,2.8000001907348633,0.44999998807907104,-37.79018415366909,-28.8029504531211,-33.79018415366909
grid-r013-c036,13,36,7.400000095367432,2.8000001907348633,0.44999998807907104,-38.57964300615946,-28.84312947683325,-34.57964300615946
grid-r013-c037,13,37,7.599999904632568,2.8000001907348633,0.44999998807907104,-38.54998408766011,-28.871230494164834,-34.54998408766011
grid-r013-c038,13,38,7.800000190734863,2.8000001907348633,0.44999998807907104,-38.43303592833354,-28.891272496801317,-34.43303592833354
grid-r013-c039,13,39,8.0,2.8000001907348633,0.44999998807907104,-39.39725002103038,-28.906912344574305,-35.39725002103038
grid-r013-c040,13,40,8.199999809265137,2.8000001907348633,0.44999998807907104,-38.59515020842029,-28.921322990047177,-34.59515020842029
grid-r013-c041,13,41,8.399999618530273,2.8000001907348633,0.44999998807907104,-39.092562445148545,-28.93713491200974,-35.092562445148545
grid-r013-c042,13,42,8.600000381469727,2.8000001907348633,0.44999998807907104,-39.27311599742767,-28.956425964896276,-35.27311599742767
grid-r013-c043,13,43,8.800000190734863,2.8000001907348633,0.44999998807907104,-39.537577007590016,-28.980744243264436,-35.537577007590016
grid-r013-c044,13,44,9.0,2.8000001907348633,0.44999998807907104,-39.65302240956848,-29.011153420685655,-35.65302240956848
grid-r013-c045,13,45,9.199999809265137,2.8000001907348633,0.44999998807907104,-38.79616976586001,-29.04828949877598,-34.79616976586001
grid-r013-c046,13,46,9.399999618530273,2.8000001907348633,0.44999998807907104,-39.82290188074329,-29.092423510502332,-35.82290188074329
grid-r013-c047,13,47,9.600000381469727,2.8000001907348633,0.44999998807907104,-39.5497279638475,-29.143525202141316,-35.5497279638475
grid-r013-c048,13,48,9.800000190734863,2.8000001907348633,0.44999998807907104,-39.81775058570916,-29.201323066878434,-35.81775058570916
grid-r013-c049,13,49,10.0,2.8000001907348633,0.44999998807907104,-39.66019843903564,-29.265362426698832,-35.66019843903564
grid-r013-c050,13,50,10.200000762939453,2.8000001907348633,0.44999998807907104,-39.33551118844925,-29.335055798903287,-35.33551118844925
grid-r013-c051,13,51,10.399999618530273,2.8000001907348633,0.44999998807907104,-39.75867763890956,-29.409726064640008,-35.75867763890956
grid-r013-c052,13,52,10.600000381469727,2.8000001907348633,0.44999998807907104,-39.95659852565561,-29.488648443114773,-35.95659852565561
grid-r013-c053,13,53,10.800000190734863,2.8000001907348633,0.44999998807907104,-39.89613274839286,-29.571077216305373,-35.89613274839286
grid-r013-c054,13,54,11.0,2.8000001907348633,0.44999998807907104,-38.53597295450491,-29.656275274344612,-34.53597295450491
grid-r013-c055,13,55,11.200000762939453,2.8000001907348633,0.44999998807907104,-41.095186681894546,-29.743532580282963,-37.095186681894546
grid-r013-c056,13,56,11.399999618530273,2.8000001907348633,0.44999998807907104,-41.0945138981551,-29.83217920347831,-37.0945138981551
grid-r013-c057,13,57,11.600000381469727,2.8000001907348633,0.44999998807907104,-39.93472593785555,-29.92160022833717,-35.93472593785555
grid-r014-c000,14,0,0.19999980926513672,3.000000476837158,0.44999998807907104,-37.34665568918019,-26.67898661266062,-33.34665568918019
grid-r014-c001,14,1,0.40000009536743164,3.000000476837158,0.44999998807907104,-37.743704747355444,-26.567562242564783,-33.743704747355444
grid-r014-c002,14,2,0.5999999046325684,3.000000476837158,0.44999998807907104,-37.41130003746689,-26.456346682037147,-33.41130003746689
grid-r014-c003,14,3,0.7999997138977051,3.000000476837158,0.44999998807907104,-37.77931199879185,-26.345938979439783,-33.77931199879185
grid-r014-c004,14,4,1.0,3.000000476837158,0.44999998807907104,-37.828318467988645,-26.237056063253906,-33.828318467988645
grid-r014-c005,14,5,1.1999998092651367,3.000000476837158,0.44999998807907104,-37.90245093022071,-26.130551985589854,-33.90245093022071
grid-r014-c006,14,6,1.4000000953674316,3.000000476837158,0.44999998807907104,-38.12192117886071,-26.027436361370135,-34.12192117886071
grid-r014-c007,14,7,1.5999999046325684,3.000000476837158,0.44999998807907104,-37.46286391675462,-25.92889796768646,-33.46286391675462
grid-r014-c008,14,8,1.799999713897705,3.000000476837158,0.44999998807907104,-38.40840340920444,-25.83632509518631,-34.40840340920444
grid-r014-c009,14,9,2.0,3.000000476837158,0.44999998807907104,-38.03716536964987,-25.75132755190099,-34.03716536964987
grid-r014-c010,14,10,2.200000047683716,3.000000476837158,0.44999998807907104,-38.80056629892117,-25.67575521544389,-34.80056629892117
grid-r014-c011,14,11,2.3999998569488525,3.000000476837158,0.44999998807907104,-38.317251268708986,-25.61170882765249,-34.317251268708986
grid-r014-c012,14,12,2.5999999046325684,3.000000476837158,0.44999998807907104,-37.889805027227666,-25.56154075173556,-33.889805027227666
grid-r014-c013,14,13,2.799999952316284,3.000000476837158,0.44999998807907104,-38.85137939774785,-25.52783828886131,-34.85137939774785
grid-r014-c014,14,14,3.0,3.000000476837158,0.44999998807907104,-37.88682077783244,-25.513380531986872,-33.88682077783244
grid-r014-c015,14,15,3.200000047683716,3.000000476837158,0.44999998807907104,-38.561979010503705,-25.521060006501852,-34.561979010503705
grid-r014-c016,14,16,3.3999998569488525,3.000000476837158,0.44999998807907104,-38.935001267762885,-25.55375794824776,-34.935001267762885
grid-r014-c017,14,17,3.5999999046325684,3.000000476837158,0.44999998807907104,-38.757722700861414,-25.614164053608484,-34.757722700861414
grid-r014-c018,14,18,3.799999952316284,3.000000476837158,0.44999998807907104,-37.89691488096301,-25.704534729815,-33.89691488096301
grid-r014-c019,14,19,4.0,3.000000476837158,0.44999998807907104,-38.501306644008295,-25.826394128288715,-34.501306644008295
grid-r014-c020,14,20,4.199999809265137,3.000000476837158,0.44999998807907104,-36.10230524579764,-25.980195163732947,-32.10230524579764
grid-r014-c021,14,21,4.400000095367432,3.000000476837158,0.44999998807907104,-38.07831836173412,-26.16497935194251,-34.07831836173412
grid-r014-c022,14,22,4.599999904632568,3.000000476837158,0.44999998807907104,-38.60239761680734,-26.378089128262626,-34.60239761680734
grid-r014-c023,14,23,4.800000190734863,3.000000476837158,0.44999998807907104,-38.0139932054227,-26.61501547366089,-34.0139932054227
grid-r014-c024,14,24,5.0,3.000000476837158,0.44999998807907104,-38.06298055178236,-26.869442513587916,-34.06298055178236
grid-r014-c025,14,25,5.199999809265137,3.000000476837158,0.44999998807907104,-38.09979090101007,-27.133556350238084,-34.09979090101007
grid-r014-c026,14,26,5.400000095367432,3.000000476837158,0.44999998807907104,-38.404774409881874,-27.398608663699083,-34.404774409881874
grid-r014-c027,14,27,5.599999904632568,3.000000476837158,0.44999998807907104,-38.02356126379416,-27.65567942574878,-34.02356126379416
grid-r014-c028,14,28,5.800000190734863,3.000000476837158,0.44999998807907104,-38.38768422425052,-27.896525066437576,-34.38768422425052
grid-r014-c029,14,29,6.0,3.000000476837158,0.44999998807907104,-38.39411091967288,-28.11434527289091,-34.39411091967288
grid-r014-c030,14,30,6.199999809265137,3.000000476837158,0.44999998807907104,-37.80534344877203,-28.304348349398115,-33.80534344877203
grid-r014-c031,14,31,6.400000095367432,3.000000476837158,0.44999998807907104,-37.834591712117636,-28.464015454659375,-33.834591712117636
grid-r014-c032,14,32,6.599999904632568,3.000000476837158,0.44999998807907104,-38.167638242062544,-28.593059420363716,-34.167638242062544
grid-r014-c033,14,33,6.800000190734863,3.000000476837158,0.44999998807907104,-38.13216251673201,-28.693134491311667,-34.13216251673201
grid-r014-c034,14,34,7.0,3.000000476837158,0.44999998807907104,-38.161063885321916,-28.767381710122834,-34.161063885321916
grid-r014-c035,14,35,7.199999809265137,3.000000476837158,0.44999998807907104,-38.0726274900924,-28.819919177557964,-34.0726274900924
grid-r014-c036,14,36,7.400000095367432,3.000000476837158,0.44999998807907104,-39.24752316321984,-28.855352400016216,-35.24752316321984
grid-r014-c037,14,37,7.599999904632568,3.000000476837158,0.44999998807907104,-38.50661257360684,-28.87836152091659,-34.50661257360684
grid-r014-c038,14,38,7.800000190734863,3.000000476837158,0.44999998807907104,-39.141474951092796,-28.893388890390433,-35.141474951092796
grid-r014-c039,14,39,8.0,3.000000476837158,0.44999998807907104,-38.861087182357075,-28.904426818039127,-34.861087182357075
grid-r014-c040,14,40,8.199999809265137,3.000000476837158,0.44999998807907104,-39.42994509508693,-28.91489506892785,-35.42994509508693
grid-r014-c041,14,41,8.399999618530273,3.000000476837158,0.44999998807907104,-38.702216397451686,-28.927588646650836,-34.702216397451686
grid-r014-c042,14,42,8.600000381469727,3.000000476837158,0.44999998807907104,-38.823721120308264,-28.944677696859614,-34.823721120308264
grid-r014-c043,14,43,8.800000190734863,3.000000476837158,0.44999998807907104,-39.570614148039496,-28.967742040874636,-35.570614148039496
grid-r014-c044,14,44,9.0,3.000000476837158,0.44999998807907104,-39.41722657609081,-28.99782824790698,-35.41722657609081
grid-r014-c045,14,45,9.199999809265137,3.000000476837158,0.44999998807907104,-39.641976366891456,-29.03551760390593,-35.641976366891456
grid-r014-c046,14,46,9.399999618530273,3.000000476837158,0.44999998807907104,-38.72349070048229,-29.080998954680815,-34.72349070048229
grid-r014-c047,14,47,9.600000381469727,3.000000476837158,0.44999998807907104,-39.580993033328284,-29.13414136173544,-35.580993033328284
grid-r014-c048,14,48,9.800000190734863,3.000000476837158,0.44999998807907104,-39.75965948646865,-29.19456181733738,-35.75965948646865
grid-r014-c049,14,49,10.0,3.000000476837158,0.44999998807907104,-39.43496734671362,-29.261689880793238,-35.43496734671362
grid-r014-c050,14,50,10.200000762939453,3.000000476837158,0.44999998807907104,-39.29078607226831,-29.33482333248202,-35.29078607226831
grid-r014-c051,14,51,10.399999618530273,3.000000476837158,0.44999998807907104,-38.99526535261089,-29.413175442558618,-34.99526535261089
grid-r014-c052,14,52,10.600000381469727,3.000000476837158,0.44999998807907104,-39.52099390407569,-29.495920258160428,-35.52099390407569
grid-r014-c053,14,53,10.800000190734863,3.000000476837158,0.44999998807907104,-39.97900781308422,-29.582221247058904,-35.97900781308422
grid-r014-c054,14,54,11.0,3.000000476837158,0.44999998807907104,-39.959260021256135,-29.6712623490347,-35.959260021256135
grid-r014-c055,14,55,11.200000762939453,3.000000476837158,0.44999998807907104,-40.467718593328584,-29.762266947039713,-36.467718593328584
grid-r014-c056,14,56,11.399999618530273,3.000000476837158,0.44999998807907104,-39.47868949958226,-29.85451080537103,-35.47868949958226
grid-r014-c057,14,57,11.600000381469727,3.000000476837158,0.44999998807907104,-40.07669320133096,-29.94733666907182,-36.07669320133096
grid-r015-c000,15,0,0.19999980926513672,3.200000286102295,0.44999998807907104,-37.298195929480045,-26.658008005544048,-33.298195929480045
grid-r015-c001,15,1,0.40000009536743164,3.200000286102295,0.44999998807907104,-37.690282119572416,-26.542818963369793,-33.690282119572416
grid-r015-c002,15,2,0.5999999046325684,3.200000286102295,0.44999998807907104,-37.85740102479651,-26.42756790636077,-33.85740102479651
grid-r015-c003,15,3,0.7999997138977051,3.200000286102295,0.44999998807907104,-37.771434235695445,-26.31284810151291,-33.771434235695445
grid-r015-c004,15,4,1.0,3.200000286102295,0.44999998807907104,-37.85090723551448,-26.19937491938803,-33.85090723551448
grid-r015-c005,15,5,1.1999998092651367,3.200000286102295,0.44999998807907104,-37.40106781342068,-26.08800674148225,-33.40106781342068
grid-r015-c006,15,6,1.4000000953674316,3.200000286102295,0.44999998807907104,-37.58228034479881,-25.979765390750142,-33.58228034479881
grid-r015-c007,15,7,1.5999999046325684,3.200000286102295,0.44999998807907104,-38.014491721801036,-25.87586241689278,-34.014491721801036
grid-r015-c008,15,8,1.799999713897705,3.200000286102295,0.44999998807907104,-38.11575953755623,-25.777722556870085,-34.11575953755623
grid-r015-c009,15,9,2.0,3.200000286102295,0.44999998807907104,-38.165031574298695,-25.687009618018386,-34.165031574298695
grid-r015-c010,15,10,2.200000047683716,3.200000286102295,0.44999998807907104,-37.86909393662752,-25.605649559476426,-33.86909393662752
grid-r015-c011,15,11,2.3999998569488525,3.200000286102295,0.44999998807907104,-38.123681789404024,-25.53584626795861,-34.123681789404024
grid-r015-c012,15,12,2.5999999046325684,3.200000286102295,0.44999998807907104,-37.859095881266505,-25.480087619808504,-33.859095881266505
grid-r015-c013,15,13,2.799999952316284,3.200000286102295,0.44999998807907104,-38.64061119058097,-25.441133847442835,-34.64061119058097
grid-r015-c014,15,14,3.0,3.200000286102295,0.44999998807907104,-36.80008722962442,-25.421978168626264,-32.80008722962442
grid-r015-c015,15,15,3.200000047683716,3.200000286102295,0.44999998807907104,-38.2567501457995,-25.425769601616224,-34.2567501457995
grid-r015-c016,15,16,3.3999998569488525,3.200000286102295,0.44999998807907104,-38.44213102540223,-25.455684795429207,-34.44213102540223
grid-r015-c017,15,17,3.5999999046325684,3.200000286102295,0.44999998807907104,-37.57719686159814,-25.51473722928333,-33.57719686159814
grid-r015-c018,15,18,3.799999952316284,3.200000286102295,0.44999998807907104,-38.7914255470252,-25.605515230057225,-34.7914255470252
grid-r015-c019,15,19,4.0,3.200000286102295,0.44999998807907104,-38.080765893512314,-25.729850972505126,-34.080765893512314
grid-r015-c020,15,20,4.199999809265137,3.200000286102295,0.44999998807907104,-37.82151308020098,-25.888437442161823,-33.82151308020098
grid-r015-c021,15,21,4.400000095367432,3.200000286102295,0.44999998807907104,-37.91811124749394,-26.080435262155504,-33.91811124749394
grid-r015-c022,15,22,4.599999904632568,3.200000286102295,0.44999998807907104,-38.602164644876346,-26.303130575579072,-34.602164644876346
grid-r015-c023,15,23,4.800000190734863,3.200000286102295,0.44999998807907104,-38.38956993391751,-26.55173967285566,-34.38956993391751
grid-r015-c024,15,24,5.0,3.200000286102295,0.44999998807907104,-38.27395622659555,-26.81943681106857,-34.27395622659555
grid-r015-c025,15,25,5.199999809265137,3.200000286102295,0.44999998807907104,-38.34838502858829,-27.097686553883666,-34.34838502858829
grid-r015-c026,15,26,5.400000095367432,3.200000286102295,0.44999998807907104,-38.50495390537125,-27.376875726800375,-34.50495390537125
grid-r015-c027,15,27,5.599999904632568,3.200000286102295,0.44999998807907104,-38.434347145488125,-27.64718159300231,-34.434347145488125
grid-r015-c028,15,28,5.800000190734863,3.200000286102295,0.44999998807907104,-38.383875442345136,-27.89954173345951,-34.383875442345136
grid-r015-c029,15,29,6.0,3.200000286102295,0.44999998807907104,-38.24919986420602,-28.126529658063713,-34.24919986420602
grid-r015-c030,15,30,6.199999809265137,3.200000286102295,0.44999998807907104,-38.31732298816452,-28.322991733800922,-34.31732298816452
grid-r015-c031,15,31,6.400000095367432,3.200000286102295,0.44999998807907104,-38.64720120096613,-28.486331885974124,-34.64720120096613
grid-r015-c032,15,32,6.599999904632568,3.200000286102295,0.44999998807907104,-38.65742412131431,-28.616442610514806,-34.65742412131431
grid-r015-c033,15,33,6.800000190734863,3.200000286102295,0.44999998807907104,-37.837501564031236,-28.71535312798047,-33.837501564031236
grid-r015-c034,15,34,7.0,3.200000286102295,0.44999998807907104,-38.49778506667225,-28.786698713120014,-34.49778506667225
grid-r015-c035,15,35,7.199999809265137,3.200000286102295,0.44999998807907104,-38.9149452242893,-28.835137782827754,-34.9149452242893
grid-r015-c036,15,36,7.400000095367432,3.200000286102295,0.44999998807907104,-38.611026734380694,-28.865803025733044,-34.611026734380694
grid-r015-c037,15,37,7.599999904632568,3.200000286102295,0.44999998807907104,-39.04107890394398,-28.883847767938985,-35.04107890394398
grid-r015-c038,15,38,7.800000190734863,3.200000286102295,0.44999998807907104,-38.99360342935174,-28.894110122222024,-34.99360342935174
grid-r015-c039,15,39,8.0,3.200000286102295,0.44999998807907104,-39.39704976048088,-28.900891603823606,-35.39704976048088
grid-r015-c040,15,40,8.199999809265137,3.200000286102295,0.44999998807907104,-37.72274072840074,-28.90783520320889,-33.72274072840074
grid-r015-c041,15,41,8.399999618530273,3.200000286102295,0.44999998807907104,-39.727028319103674,-28.917879955067153,-35.727028319103674
grid-r015-c042,15,42,8.600000381469727,3.200000286102295,0.44999998807907104,-39.19571544529707,-28.933270761420907,-35.19571544529707
grid-r015-c043,15,43,8.800000190734863,3.200000286102295,0.44999998807907104,-39.202416571857775,-28.9556041537715,-35.202416571857775
grid-r015-c044,15,44,9.0,3.200000286102295,0.44999998807907104,-39.42686451903328,-28.985896610623882,-35.42686451903328
grid-r015-c045,15,45,9.199999809265137,3.200000286102295,0.44999998807907104,-38.99700903838901,-29.024663304588927,-34.99700903838901
grid-r015-c046,15,46,9.399999618530273,3.200000286102295,0.44999998807907104,-39.762676015509435,-29.072000794394416,-35.762676015509435
grid-r015-c047,15,47,9.600000381469727,3.200000286102295,0.44999998807907104,-39.37674938629753,-29.127668513593765,-35.37674938629753
grid-r015-c048,15,48,9.800000190734863,3.200000286102295,0.44999998807907104,-39.48978135271802,-29.191164139173274,-35.48978135271802
grid-r015-c049,15,49,10.0,3.200000286102295,0.44999998807907104,-39.786839315630615,-29.261794857835557,-35.786839315630615
grid-r015-c050,15,50,10.200000762939453,3.200000286102295,0.44999998807907104,-40.17734748471327,-29.338738394214417,-36.17734748471327
grid-r015-c051,15,51,10.399999618530273,3.200000286102295,0.44999998807907104,-40.22327557631697,-29.421094459191234,-36.22327557631697
grid-r015-c052,15,52,10.600000381469727,3.200000286102295,0.44999998807907104,-40.01049023467361,-29.507933413681634,-36.01049023467361
grid-r015-c053,15,53,10.800000190734863,3.200000286102295,0.44999998807907104,-39.60265222521733,-29.598326799095915,-35.60265222521733
grid-r015-c054,15,54,11.0,3.200000286102295,0.44999998807907104,-38.90433066572827,-29.69137983885922,-34.90433066572827
grid-r015-c055,15,55,11.200000762939453,3.200000286102295,0.44999998807907104,-39.28795305231242,-29.78625078147078,-35.28795305231242
grid-r015-c056,15,56,11.399999618530273,3.200000286102295,0.44999998807907104,-40.48579601269856,-29.88216357073621,-36.48579601269856
grid-r015-c057,15,57,11.600000381469727,3.200000286102295,0.44999998807907104,-40.46567407830746,-29.97842193991913,-36.46567407830746
grid-r016-c000,16,0,0.19999980926513672,3.40000057220459,0.44999998807907104,-38.01805363724355,-26.64562008203981,-34.01805363724355
grid-r016-c001,16,1,0.40000009536743164,3.40000057220459,0.44999998807907104,-37.36144797554463,-26.52715789778477,-33.36144797554463
grid-r016-c002,16,2,0.5999999046325684,3.40000057220459,0.44999998807907104,-37.78761403935937,-26.408394075332886,-33.78761403935937
grid-r016-c003,16,3,0.7999997138977051,3.40000057220459,0.44999998807907104,-38.023779584194074,-26.289917152562918,-34.023779584194074
grid-r016-c004,16,4,1.0,3.40000057220459,0.44999998807907104,-36.92548007367479,-26.172441568285464,-32.92548007367479
grid-r016-c005,16,5,1.1999998092651367,3.40000057220459,0.44999998807907104,-37.81767046335658,-26.05683002886382,-33.81767046335658
grid-r016-c006,16,6,1.4000000953674316,3.40000057220459,0.44999998807907104,-37.9002601415811,-25.944115679240017,-33.9002601415811
grid-r016-c007,16,7,1.5999999046325684,3.40000057220459,0.44999998807907104,-37.25385367294932,-25.835530728229713,-33.25385367294932
grid-r016-c008,16,8,1.799999713897705,3.40000057220459,0.44999998807907104,-38.19330079312305,-25.732532609611454,-34.19330079312305
grid-r016-c009,16,9,2.0,3.40000057220459,0.44999998807907104,-38.02685697057483,-25.63683322684072,-34.02685697057483
grid-r016-c010,16,10,2.200000047683716,3.40000057220459,0.44999998807907104,-37.613315205711416,-25.55042595001856,-33.613315205711416
grid-r016-c011,16,11,2.3999998569488525,3.40000057220459,0.44999998807907104,-38.40715816470923,-25.475605686509777,-34.40715816470923
grid-r016-c012,16,12,2.5999999046325684,3.40000057220459,0.44999998807907104,-38.93568170488943,-25.41497950379365,-34.93568170488943
grid-r016-c013,16,13,2.799999952316284,3.40000057220459,0.44999998807907104,-38.27150948173093,-25.371459315448327,-34.27150948173093
grid-r016-c014,16,14,3.0,3.40000057220459,0.44999998807907104,-37.91864840820711,-25.348225695212466,-33.91864840820711
grid-r016-c015,16,15,3.200000047683716,3.40000057220459,0.44999998807907104,-38.47943080808385,-25.34865157495099,-34.47943080808385
grid-r016-c016,16,16,3.3999998569488525,3.40000057220459,0.44999998807907104,-38.33683270458704,-25.376170872368135,-34.33683270458704
grid-r016-c017,16,17,3.5999999046325684,3.40000057220459,0.44999998807907104,-37.961718154763666,-25.43407820449225,-33.961718154763666
grid-r016-c018,16,18,3.799999952316284,3.40000057220459,0.44999998807907104,-38.43678198512134,-25.525248838402412,-34.43678198512134
grid-r016-c019,16,19,4.0,3.40000057220459,0.44999998807907104,-38.09641137165447,-25.65177915422993,-34.09641137165447
grid-r016-c020,16,20,4.199999809265137,3.40000057220459,0.44999998807907104,-38.205510058444716,-25.814564407894242,-34.205510058444716
grid-r016-c021,16,21,4.400000095367432,3.40000057220459,0.44999998807907104,-37.87458825701569,-26.012858487093666,-33.87458825701569
grid-r016-c022,16,22,4.599999904632568,3.40000057220459,0.44999998807907104,-37.98200711016218,-26.243883719697102,-33.98200711016218
grid-r016-c023,16,23,4.800000190734863,3.40000057220459,0.44999998807907104,-36.86842412045508,-26.502598141100805,-32.86842412045508
grid-r016-c024,16,24,5.0,3.40000057220459,0.44999998807907104,-37.579772643060224,-26.781710128858496,-33.579772643060224
grid-r016-c025,16,25,5.199999809265137,3.40000057220459,0.44999998807907104,-38.09741769043026,-27.072034331278182,-34.09741769043026
grid-r016-c026,16,26,5.400000095367432,3.40000057220459,0.44999998807907104,-38.571557425599046,-27.363187677834855,-34.571557425599046
grid-r016-c027,16,27,5.599999904632568,3.40000057220459,0.44999998807907104,-38.149293755245296,-27.644554242642705,-34.149293755245296
grid-r016-c028,16,28,5.800000190734863,3.40000057220459,0.44999998807907104,-38.10580893012719,-27.906364628714833,-34.10580893012719
grid-r016-c029,16,29,6.0,3.40000057220459,0.44999998807907104,-38.53516099631,-28.14066709884716,-34.53516099631
grid-r016-c030,16,30,6.199999809265137,3.40000057220459,0.44999998807907104,-38.176216681692566,-28.342024358307416,-34.176216681692566
grid-r016-c031,16,31,6.400000095367432,3.40000057220459,0.44999998807907104,-38.524106837271084,-28.50781123224977,-34.524106837271084
grid-r016-c032,16,32,6.599999904632568,3.40000057220459,0.44999998807907104,-37.46052270736888,-28.638115897775258,-33.46052270736888
grid-r016-c033,16,33,6.800000190734863,3.40000057220459,0.44999998807907104,-38.740808131977744,-28.73532975451654,-34.740808131977744
grid-r016-c034,16,34,7.0,3.40000057220459,0.44999998807907104,-38.97016348375675,-28.80354778067777,-34.97016348375675
grid-r016-c035,16,35,7.199999809265137,3.40000057220459,0.44999998807907104,-39.333113355772355,-28.847921073080006,-35.333113355772355
grid-r016-c036,16,36,7.400000095367432,3.40000057220459,0.44999998807907104,-38.61530573473942,-28.874056964219125,-34.61530573473942
grid-r016-c037,16,37,7.599999904632568,3.40000057220459,0.44999998807907104,-38.863166936473746,-28.887530947496224,-34.863166936473746
grid-r016-c038,16,38,7.800000190734863,3.40000057220459,0.44999998807907104,-38.8724879033943,-28.893531540605963,-34.8724879033943
grid-r016-c039,16,39,8.0,3.40000057220459,0.44999998807907104,-39.396458916753254,-28.896631702550653,-35.396458916753254
grid-r016-c040,16,40,8.199999809265137,3.40000057220459,0.44999998807907104,-39.1677642812319,-28.900667740591523,-35.1677642812319
grid-r016-c041,16,41,8.399999618530273,3.40000057220459,0.44999998807907104,-39.64993940212927,-28.90869982500944,-35.64993940212927
grid-r016-c042,16,42,8.600000381469727,3.40000057220459,0.44999998807907104,-40.27125046342241,-28.923030375124792,-36.27125046342241
grid-r016-c043,16,43,8.800000190734863,3.40000057220459,0.44999998807907104,-39.9509982360881,-28.945259577569782,-35.9509982360881
grid-r016-c044,16,44,9.0,3.40000057220459,0.44999998807907104,-39.82874937297246,-28.976363679886482,-35.82874937297246
grid-r016-c045,16,45,9.199999809265137,3.40000057220459,0.44999998807907104,-39.13932805753227,-29.016783524607987,-35.13932805753227
grid-r016-c046,16,46,9.399999618530273,3.40000057220459,0.44999998807907104,-40.14938643061121,-29.066516455368102,-36.14938643061121
grid-r016-c047,16,47,9.600000381469727,3.40000057220459,0.44999998807907104,-39.321237759678894,-29.12520630887272,-35.321237759678894
grid-r016-c048,16,48,9.800000190734863,3.40000057220459,0.44999998807907104,-39.5534466686084,-29.19222632987867,-35.5534466686084
grid-r016-c049,16,49,10.0,3.40000057220459,0.44999998807907104,-39.75839881972563,-29.266757133363377,-35.75839881972563
grid-r016-c050,16,50,10.200000762939453,3.40000057220459,0.44999998807907104,-39.84711802648809,-29.34785321997345,-35.84711802648809
grid-r016-c051,16,51,10.399999618530273,3.40000057220459,0.44999998807907104,-39.26461024455883,-29.434498724916555,-35.26461024455883
grid-r016-c052,16,52,10.600000381469727,3.40000057220459,0.44999998807907104,-39.807109226612226,-29.525659559761323,-35.807109226612226
grid-r016-c053,16,53,10.800000190734863,3.40000057220459,0.44999998807907104,-39.94666765538803,-29.62031583065855,-35.94666765538803
grid-r016-c054,16,54,11.0,3.40000057220459,0.44999998807907104,-40.330317425365564,-29.71749575111178,-36.330317425365564
grid-r016-c055,16,55,11.200000762939453,3.40000057220459,0.44999998807907104,-40.99582845614498,-29.816295231230765,-36.99582845614498
grid-r016-c056,16,56,11.399999618530273,3.40000057220459,0.44999998807907104,-40.578366536559,-29.915890108434493,-36.578366536559
grid-r016-c057,16,57,11.600000381469727,3.40000057220459,0.44999998807907104,-40.70427843963101,-30.015549532643746,-36.70427843963101
grid-r017-c000,17,0,0.19999980926513672,3.6000003814697266,0.44999998807907104,-35.31171015255189,-26.642468358490515,-31.31171015255189
grid-r017-c001,17,1,0.40000009536743164,3.6000003814697266,0.44999998807907104,-38.265031405586676,-26.52130122736508,-34.265031405586676
grid-r017-c002,17,2,0.5999999046325684,3.6000003814697266,0.44999998807907104,-37.84689959232211,-26.399634121670378,-33.84689959232211
grid-r017-c003,17,3,0.7999997138977051,3.6000003814697266,0.44999998807907104,-37.758595713261236,-26.278053253640238,-33.758595713261236
grid-r017-c004,17,4,1.0,3.6000003814697266,0.44999998807907104,-38.06161879057829,-26.157274240707046,-34.06161879057829
grid-r017-c005,17,5,1.1999998092651367,3.6000003814697266,0.44999998807907104,-37.924192962330714,-26.038165708027385,-33.924192962330714
grid-r017-c006,17,6,1.4000000953674316,3.6000003814697266,0.44999998807907104,-37.335535230816006,-25.921772912965956,-33.335535230816006
grid-r017-c007,17,7,1.5999999046325684,3.6000003814697266,0.44999998807907104,-37.96525186591328,-25.80934829364023,-33.96525186591328
grid-r017-c008,17,8,1.799999713897705,3.6000003814697266,0.44999998807907104,-38.30171242068734,-25.702379812277563,-34.30171242068734
grid-r017-c009,17,9,2.0,3.6000003814697266,0.44999998807907104,-37.41324851586575,-25.60262287022743,-33.41324851586575
grid-r017-c010,17,10,2.200000047683716,3.6000003814697266,0.44999998807907104,-36.838646912483846,-25.512130351089358,-32.838646912483846
grid-r017-c011,17,11,2.3999998569488525,3.6000003814697266,0.44999998807907104,-34.59236351495647,-25.433275942882343,-30.592363514956467
grid-r017-c012,17,12,2.5999999046325684,3.6000003814697266,0.44999998807907104,-37.67076369929147,-25.368768093241744,-33.67076369929147
grid-r017-c013,17,13,2.799999952316284,3.6000003814697266,0.44999998807907104,-38.6167395883771,-25.32164566147424,-34.6167395883771
grid-r017-c014,17,14,3.0,3.6000003814697266,0.44999998807907104,-38.352590186931295,-25.295243580443376,-34.352590186931295
grid-r017-c015,17,15,3.200000047683716,3.6000003814697266,0.44999998807907104,-38.0464697836008,-25.293116327281492,-34.0464697836008
grid-r017-c016,17,16,3.3999998569488525,3.6000003814697266,0.44999998807907104,-38.11647306550736,-25.318902830344793,-34.11647306550736
grid-r017-c017,17,17,3.5999999046325684,3.6000003814697266,0.44999998807907104,-37.367499619410694,-25.376117278439935,-33.367499619410694
grid-r017-c018,17,18,3.799999952316284,3.6000003814697266,0.44999998807907104,-38.22906940204678,-25.46785329868109,-34.22906940204678
grid-r017-c019,17,19,4.0,3.6000003814697266,0.44999998807907104,-38.6489755165806,-25.59640054358348,-34.6489755165806
grid-r017-c020,17,20,4.199999809265137,3.6000003814697266,0.44999998807907104,-38.719819280735315,-25.762790712880122,-34.719819280735315
grid-r017-c021,17,21,4.400000095367432,3.6000003814697266,0.44999998807907104,-38.280629082259196,-25.966320415016508,-34.280629082259196
grid-r017-c022,17,22,4.599999904632568,3.6000003814697266,0.44999998807907104,-38.225430627200055,-26.204124846809886,-34.225430627200055
grid-r017-c023,17,23,4.800000190734863,3.6000003814697266,0.44999998807907104,-38.557710053385804,-26.470919260207452,-34.557710053385804
grid-r017-c024,17,24,5.0,3.6000003814697266,0.44999998807907104,-38.45166863440434,-26.759008559162606,-34.45166863440434
grid-r017-c025,17,25,5.199999809265137,3.6000003814697266,0.44999998807907104,-38.37340227199831,-27.058668051952292,-34.37340227199831
grid-r017-c026,17,26,5.400000095367432,3.6000003814697266,0.44999998807907104,-38.423388683382555,-27.358895551033108,-34.423388683382555
grid-r017-c027,17,27,5.599999904632568,3.6000003814697266,0.44999998807907104,-38.8590023491559,-27.648455707467377,-34.8590023491559
grid-r017-c028,17,28,5.800000190734863,3.6000003814697266,0.44999998807907104,-37.53436798692897,-27.91704539314521,-33.53436798692897
grid-r017-c029,17,29,6.0,3.6000003814697266,0.44999998807907104,-38.22581159548999,-28.156336208652764,-34.22581159548999
grid-r017-c030,17,30,6.199999809265137,3.6000003814697266,0.44999998807907104,-38.56549307924972,-28.36071215514932,-34.56549307924972
grid-r017-c031,17,31,6.400000095367432,3.6000003814697266,0.44999998807907104,-38.45515403791991,-28.52757093267139,-34.45515403791991
grid-r017-c032,17,32,6.599999904632568,3.6000003814697266,0.44999998807907104,-38.31879148654735,-28.657196622425648,-34.31879148654735
grid-r017-c033,17,33,6.800000190734863,3.6000003814697266,0.44999998807907104,-37.91806050040047,-28.75230100038846,-33.91806050040047
grid-r017-c034,17,34,7.0,3.6000003814697266,0.44999998807907104,-38.134034915821786,-28.81736928430884,-34.134034915821786
grid-r017-c035,17,35,7.199999809265137,3.6000003814697266,0.44999998807907104,-38.72510319201592,-28.857962994570308,-34.72510319201592
grid-r017-c036,17,36,7.400000095367432,3.6000003814697266,0.44999998807907104,-39.39396407933397,-28.880081493032243,-35.39396407933397
grid-r017-c037,17,37,7.599999904632568,3.6000003814697266,0.44999998807907104,-39.16467713980508,-28.889647994297366,-35.16467713980508
grid-r017-c038,17,38,7.800000190734863,3.6000003814697266,0.44999998807907104,-39.197391707349794,-28.892139682674795,-35.197391707349794
grid-r017-c039,17,39,8.0,3.6000003814697266,0.44999998807907104,-38.85505340409238,-28.8923531668511,-34.85505340409238
grid-r017-c040,17,40,8.199999809265137,3.6000003814697266,0.44999998807907104,-39.58812143343252,-28.894283247129252,-35.58812143343252
grid-r017-c041,17,41,8.399999618530273,3.6000003814697266,0.44999998807907104,-39.26696553709732,-28.901087166098886,-35.26696553709732
grid-r017-c042,17,42,8.600000381469727,3.6000003814697266,0.44999998807907104,-38.930216490554834,-28.915108948659682,-34.930216490554834
grid-r017-c043,17,43,8.800000190734863,3.6000003814697266,0.44999998807907104,-39.63620413226377,-28.93794217940403,-35.63620413226377
grid-r017-c044,17,44,9.0,3.6000003814697266,0.44999998807907104,-40.34951761770391,-28.97051624539606,-36.34951761770391
grid-r017-c045,17,45,9.199999809265137,3.6000003814697266,0.44999998807907104,-40.19618391895247,-29.013193146253922,-36.19618391895247
grid-r017-c046,17,46,9.399999618530273,3.6000003814697266,0.44999998807907104,-39.86831322976633,-29.065867664568426,-35.86831322976633
grid-r017-c047,17,47,9.600000381469727,3.6000003814697266,0.44999998807907104,-40.02519819138979,-29.12806536839459,-36.02519819138979
grid-r017-c048,17,48,9.800000190734863,3.6000003814697266,0.44999998807907104,-39.801803969432456,-29.199032907878472,-35.801803969432456
grid-r017-c049,17,49,10.0,3.6000003814697266,0.44999998807907104,-39.96709309251159,-29.277822745408766,-35.96709309251159
grid-r017-c050,17,50,10.200000762939453,3.6000003814697266,0.44999998807907104,-39.909880873584626,-29.36336531022003,-35.909880873584626
grid-r017-c051,17,51,10.399999618530273,3.6000003814697266,0.44999998807907104,-38.89311592006385,-29.454529218697303,-34.89311592006385
grid-r017-c052,17,52,10.600000381469727,3.6000003814697266,0.44999998807907104,-39.552674700910146,-29.550177036840125,-35.552674700910146
grid-r017-c053,17,53,10.800000190734863,3.6000003814697266,0.44999998807907104,-38.92040433500946,-29.649199623314384,-34.92040433500946
grid-r017-c054,17,54,11.0,3.6000003814697266,0.44999998807907104,-39.60603820676943,-29.750551430464608,-35.60603820676943
grid-r017-c055,17,55,11.200000762939453,3.6000003814697266,0.44999998807907104,-40.24551755157982,-29.85327022241739,-36.24551755157982
grid-r017-c056,17,56,11.399999618530273,3.6000003814697266,0.44999998807907104,-39.09314861621347,-29.956488695252265,-35.09314861621347
grid-r017-c057,17,57,11.600000381469727,3.6000003814697266,0.44999998807907104,-39.563623802723924,-30.059446940870398,-35.563623802723924
grid-r018-c000,18,0,0.19999980926513672,3.8000006675720215,0.44999998807907104,-38.066455941554615,-26.649127574048634,-34.066455941554615
grid-r018-c001,18,1,0.40000009536743164,3.8000006675720215,0.44999998807907104,-37.37918350086492,-26.5258914327513,-33.37918350086492
grid-r018-c002,18,2,0.5999999046325684,3.8000006675720215,0.44999998807907104,-38.10253475911221,-26.402007045651832,-34.10253475911221
grid-r018-c003,18,3,0.7999997138977051,3.8000006675720215,0.44999998807907104,-38.21776946645543,-26.278061857743413,-34.21776946645543
grid-r018-c004,18,4,1.0,3.8000006675720215,0.44999998807907104,-37.82946791455163,-26.154776040706786,-33.82946791455163
grid-r018-c005,18,5,1.1999998092651367,3.8000006675720215,0.44999998807907104,-38.04550069912497,-26.033027091059278,-34.04550069912497
grid-r018-c006,18,6,1.4000000953674316,3.8000006675720215,0.44999998807907104,-37.901084679054485,-25.913874589115494,-33.901084679054485
grid-r018-c007,18,7,1.5999999046325684,3.8000006675720215,0.44999998807907104,-37.64557046618152,-25.79859219222391,-33.64557046618152
grid-r018-c008,18,8,1.799999713897705,3.8000006675720215,0.44999998807907104,-38.301139754909656,-25.688697546902333,-34.301139754909656
grid-r018-c009,18,9,2.0,3.8000006675720215,0.44999998807907104,-38.03756379797843,-25.585986032745026,-34.03756379797843
grid-r018-c010,18,10,2.200000047683716,3.8000006675720215,0.44999998807907104,-38.492904806967545,-25.49256276164129,-34.492904806967545
grid-r018-c011,18,11,2.3999998569488525,3.8000006675720215,0.44999998807907104,-38.32724441417489,-25.410867800383194,-34.32724441417489
grid-r018-c012,18,12,2.5999999046325684,3.8000006675720215,0.44999998807907104,-38.03944299963955,-25.343691812283186,-34.03944299963955
grid-r018-c013,18,13,2.799999952316284,3.8000006675720215,0.44999998807907104,-38.08017910897809,-25.29417278485516,-34.08017910897809
grid-r018-c014,18,14,3.0,3.8000006675720215,0.44999998807907104,-38.19694435567978,-25.26576155997015,-34.19694435567978
grid-r018-c015,18,15,3.200000047683716,3.8000006675720215,0.44999998807907104,-37.65290548121691,-25.2621432642786,-33.65290548121691
grid-r018-c016,18,16,3.3999998569488525,3.8000006675720215,0.44999998807907104,-35.83637109773608,-25.287097326507222,-31.836371097736077
grid-r018-c017,18,17,3.5999999046325684,3.8000006675720215,0.44999998807907104,-38.51953152454997,-25.344279566087717,-34.51953152454997
grid-r018-c018,18,18,3.799999952316284,3.8000006675720215,0.44999998807907104,-38.400766809634845,-25.436913041171238,-34.400766809634845
grid-r018-c019,18,19,4.0,3.8000006675720215,0.44999998807907104,-38.56322192875553,-25.567386497549204,-34.56322192875553
grid-r018-c020,18,20,4.199999809265137,3.8000006675720215,0.44999998807907104,-38.2609597619241,-25.73677846585105,-34.2609597619241
grid-r018-c021,18,21,4.400000095367432,3.8000006675720215,0.44999998807907104,-37.26780286197702,-25.944357202844824,-33.26780286197702
grid-r018-c022,18,22,4.599999904632568,3.8000006675720215,0.44999998807907104,-38.49166580014178,-26.187135139758997,-34.49166580014178
grid-r018-c023,18,23,4.800000190734863,3.8000006675720215,0.44999998807907104,-38.053261959417306,-26.4596012622273,-34.053261959417306
grid-r018-c024,18,24,5.0,3.8000006675720215,0.44999998807907104,-37.70917275672228,-26.75373759713866,-33.70917275672228
grid-r018-c025,18,25,5.199999809265137,3.8000006675720215,0.44999998807907104,-38.525581561721566,-27.059426610345206,-34.525581561721566
grid-r018-c026,18,26,5.400000095367432,3.8000006675720215,0.44999998807907104,-38.37229837115362,-27.365247637804515,-34.37229837115362
grid-r018-c027,18,27,5.599999904632568,3.8000006675720215,0.44999998807907104,-38.295984822658795,-27.659575535986217,-34.295984822658795
grid-r018-c028,18,28,5.800000190734863,3.8000006675720215,0.44999998807907104,-38.43002427882517,-27.93179841512998,-34.43002427882517
grid-r018-c029,18,29,6.0,3.8000006675720215,0.44999998807907104,-38.44264738852494,-28.17339810390979,-34.44264738852494
grid-r018-c030,18,30,6.199999809265137,3.8000006675720215,0.44999998807907104,-38.323655724233284,-28.378704059179174,-34.323655724233284
grid-r018-c031,18,31,6.400000095367432,3.8000006675720215,0.44999998807907104,-38.311435212621056,-28.54518814776696,-34.311435212621056
grid-r018-c032,18,32,6.599999904632568,3.8000006675720215,0.44999998807907104,-38.8915151913819,-28.67331353800741,-34.8915151913819
grid-r018-c033,18,33,6.800000190734863,3.8000006675720215,0.44999998807907104,-37.84237257772234,-28.766043181367024,-33.84237257772234
grid-r018-c034,18,34,7.0,3.8000006675720215,0.44999998807907104,-39.143324155494675,-28.82815168174318,-35.143324155494675
grid-r018-c035,18,35,7.199999809265137,3.8000006675720215,0.44999998807907104,-38.94941677134465,-28.865498542432224,-34.94941677134465
grid-r018-c036,18,36,7.400000095367432,3.8000006675720215,0.44999998807907104,-39.468489054625955,-28.884366899829836,-35.468489054625955
grid-r018-c037,18,37,7.599999904632568,3.8000006675720215,0.44999998807907104,-38.88290800702377,-28.890933666188534,-34.88290800702377
grid-r018-c038,18,38,7.800000190734863,3.8000006675720215,0.44999998807907104,-39.39655430571754,-28.890889579192322,-35.39655430571754
grid-r018-c039,18,39,8.0,3.8000006675720215,0.44999998807907104,-39.53048715074715,-28.889199209492055,-35.53048715074715
grid-r018-c040,18,40,8.199999809265137,3.8000006675720215,0.44999998807907104,-38.910517097227924,-28.88997750748864,-34.910517097227924
grid-r018-c041,18,41,8.399999618530273,3.8000006675720215,0.44999998807907104,-37.87468964890135,-28.89645439289597,-33.87468964890135
grid-r018-c042,18,42,8.600000381469727,3.8000006675720215,0.44999998807907104,-40.049457117690935,-28.91100136788884,-36.049457117690935
grid-r018-c043,18,43,8.800000190734863,3.8000006675720215,0.44999998807907104,-39.20065498991637,-28.935198180976606,-35.20065498991637
grid-r018-c044,18,44,9.0,3.8000006675720215,0.44999998807907104,-39.06565746561755,-28.969924340849033,-35.06565746561755
grid-r018-c045,18,45,9.199999809265137,3.8000006675720215,0.44999998807907104,-40.03559421547571,-29.015462241964265,-36.03559421547571
grid-r018-c046,18,46,9.399999618530273,3.8000006675720215,0.44999998807907104,-39.39519070045478,-29.07160437469709,-35.39519070045478
grid-r018-c047,18,47,9.600000381469727,3.8000006675720215,0.44999998807907104,-40.06573876257421,-29.13775870258689,-36.06573876257421
grid-r018-c048,18,48,9.800000190734863,3.8000006675720215,0.44999998807907104,-39.83142577458625,-29.213046126373772,-35.83142577458625
grid-r018-c049,18,49,10.0,3.8000006675720215,0.44999998807907104,-39.68534312058778,-29.29639205980716,-35.68534312058778
grid-r018-c050,18,50,10.200000762939453,3.8000006675720215,0.44999998807907104,-39.782344318342794,-29.386604410529706,-35.782344318342794
grid-r018-c051,18,51,10.399999618530273,3.8000006675720215,0.44999998807907104,-41.46705187294339,-29.482438486656033,-37.46705187294339
grid-r018-c052,18,52,10.600000381469727,3.8000006675720215,0.44999998807907104,-40.00093672853144,-29.58265655550936,-36.00093672853144
grid-r018-c053,18,53,10.800000190734863,3.8000006675720215,0.44999998807907104,-42.24733398266519,-29.686064178924607,-38.24733398266519
grid-r018-c054,18,54,11.0,3.8000006675720215,0.44999998807907104,-40.492183535822186,-29.79154688793205,-36.492183535822186
grid-r018-c055,18,55,11.200000762939453,3.8000006675720215,0.44999998807907104,-40.02067048788007,-29.89808991612024,-36.02067048788007
grid-r018-c056,18,56,11.399999618530273,3.8000006675720215,0.44999998807907104,-41.2155010416139,-30.0047890358702,-37.2155010416139
grid-r018-c057,18,57,11.600000381469727,3.8000006675720215,0.44999998807907104,-41.32665047621995,-30.11086187796133,-37.32665047621995
grid-r019-c000,19,0,0.19999980926513672,4.000000476837158,0.44999998807907104,-37.68590551833684,-26.666086321640783,-33.68590551833684
grid-r019-c001,19,1,0.40000009536743164,4.000000476837158,0.44999998807907104,-38.46299578100779,-26.54147306766901,-34.46299578100779
grid-r019-c002,19,2,0.5999999046325684,4.000000476837158,0.44999998807907104,-37.715537249530335,-26.416120218100247,-33.715537249530335
grid-r019-c003,19,3,0.7999997138977051,4.000000476837158,0.44999998807907104,-37.701119507879746,-26.29062082763563,-33.701119507879746
grid-r019-c004,19,4,1.0,4.000000476837158,0.44999998807907104,-35.41240433234697,-26.165703872663588,-31.412404332346973
grid-r019-c005,19,5,1.1999998092651367,4.000000476837158,0.44999998807907104,-36.85331932052408,-26.0422595840017,-32.85331932052408
grid-r019-c006,19,6,1.4000000953674316,4.000000476837158,0.44999998807907104,-37.83227152772408,-25.921364987947438,-33.83227152772408
grid-r019-c007,19,7,1.5999999046325684,4.000000476837158,0.44999998807907104,-38.02740430378527,-25.804316808250352,-34.02740430378527
grid-r019-c008,19,8,1.799999713897705,4.000000476837158,0.44999998807907104,-37.833445705698914,-25.69266225047476,-33.833445705698914
grid-r019-c009,19,9,2.0,4.000000476837158,0.44999998807907104,-37.79975272559068,-25.588233609382854,-33.79975272559068
grid-r019-c010,19,10,2.200000047683716,4.000000476837158,0.44999998807907104,-37.105733720286416,-25.49318095991178,-33.105733720286416
grid-r019-c011,19,11,2.3999998569488525,4.000000476837158,0.44999998807907104,-38.58057833782351,-25.40999769604879,-34.58057833782351
grid-r019-c012,19,12,2.5999999046325684,4.000000476837158,0.44999998807907104,-38.42602768473205,-25.341535910020117,-34.42602768473205
grid-r019-c013,19,13,2.799999952316284,4.000000476837158,0.44999998807907104,-38.185575103734436,-25.291001933637684,-34.185575103734436
grid-r019-c014,19,14,3.0,4.000000476837158,0.44999998807907104,-37.6123591774285,-25.261919338630083,-33.6123591774285
grid-r019-c015,19,15,3.200000047683716,4.000000476837158,0.44999998807907104,-38.47513514338728,-25.2580460947722,-34.47513514338728
grid-r019-c016,19,16,3.3999998569488525,4.000000476837158,0.44999998807907104,-38.35498264891956,-25.283228204683585,-34.35498264891956
grid-r019-c017,19,17,3.5999999046325684,4.000000476837158,0.44999998807907104,-38.0413623280219,-25.34117317940803,-34.0413623280219
grid-r019-c018,19,18,3.799999952316284,4.000000476837158,0.44999998807907104,-38.728318920114575,-25.435130376424308,-34.728318920114575
grid-r019-c019,19,19,4.0,4.000000476837158,0.44999998807907104,-38.291571221684286,-25.567478114442192,-34.291571221684286
grid-r019-c020,19,20,4.199999809265137,4.000000476837158,0.44999998807907104,-37.948671230273156,-25.739237593455588,-33.948671230273156
grid-r019-c021,19,21,4.400000095367432,4.000000476837158,0.44999998807907104,-37.861759357155364,-25.949566678564725,-33.861759357155364
grid-r019-c022,19,22,4.599999904632568,4.000000476837158,0.44999998807907104,-38.373376809869235,-26.19531531394121,-34.373376809869235
grid-r019-c023,19,23,4.800000190734863,4.000000476837158,0.44999998807907104,-38.687263200867434,-26.47076856028781,-34.687263200867434
grid-r019-c024,19,24,5.0,4.000000476837158,0.44999998807907104,-38.404356216181924,-26.767683569699763,-34.404356216181924
grid-r019-c025,19,25,5.199999809265137,4.000000476837158,0.44999998807907104,-38.79664802826241,-27.075724692573935,-34.79664802826241
grid-r019-c026,19,26,5.400000095367432,4.000000476837158,0.44999998807907104,-38.51932156369329,-27.38328885661946,-34.51932156369329
grid-r019-c027,19,27,5.599999904632568,4.000000476837158,0.44999998807907104,-38.27146537601443,-27.678627468369623,-34.27146537601443
grid-r019-c028,19,28,5.800000190734863,4.000000476837158,0.44999998807907104,-37.31655116044315,-27.951076238329808,-33.31655116044315
grid-r019-c029,19,29,6.0,4.000000476837158,0.44999998807907104,-38.45155318224626,-28.192134867161,-34.45155318224626
grid-r019-c030,19,30,6.199999809265137,4.000000476837158,0.44999998807907104,-38.9622925321537,-28.39620997835082,-34.9622925321537
grid-r019-c031,19,31,6.400000095367432,4.000000476837158,0.44999998807907104,-38.50648234926122,-28.560893818824702,-34.50648234926122
grid-r019-c032,19,32,6.599999904632568,4.000000476837158,0.44999998807907104,-38.89686869671362,-28.686797087148218,-34.89686869671362
grid-r019-c033,19,33,6.800000190734863,4.000000476837158,0.44999998807907104,-39.01426769733138,-28.77704438082585,-35.01426769733138
grid-r019-c034,19,34,7.0,4.000000476837158,0.44999998807907104,-38.901606502265864,-28.83657685901578,-34.901606502265864
grid-r019-c035,19,35,7.199999809265137,4.000000476837158,0.44999998807907104,-39.00714410161635,-28.87141897833421,-35.00714410161635
grid-r019-c036,19,36,7.400000095367432,4.000000476837158,0.44999998807907104,-37.580609797009075,-28.888012065372905,-33.580609797009075
grid-r019-c037,19,37,7.599999904632568,4.000000476837158,0.44999998807907104,-39.524946975732874,-28.89267945449739,-35.524946975732874
grid-r019-c038,19,38,7.800000190734863,4.000000476837158,0.44999998807907104,-39.17189803114554,-28.891241199244558,-35.17189803114554
grid-r019-c039,19,39,8.0,4.000000476837158,0.44999998807907104,-39.89984963200827,-28.888768715671254,-35.89984963200827
grid-r019-c040,19,40,8.199999809265137,4.000000476837158,0.44999998807907104,-39.439109266495876,-28.889456368434942,-35.439109266495876
grid-r019-c041,19,41,8.399999618530273,4.000000476837158,0.44999998807907104,-39.33476979866883,-28.896582272320188,-35.33476979866883
grid-r019-c042,19,42,8.600000381469727,4.000000476837158,0.44999998807907104,-40.392378879583966,-28.91253280823398,-36.392378879583966
grid-r019-c043,19,43,8.800000190734863,4.000000476837158,0.44999998807907104,-39.26695219142792,-28.938869205925297,-35.26695219142792
grid-r019-c044,19,44,9.0,4.000000476837158,0.44999998807907104,-40.23221776636393,-28.976421179070446,-36.23221776636393
grid-r019-c045,19,45,9.199999809265137,4.000000476837158,0.44999998807907104,-39.30389910728109,-29.025394057725947,-35.30389910728109
grid-r019-c046,19,46,9.399999618530273,4.000000476837158,0.44999998807907104,-40.1739646094442,-29.085481582592354,-36.1739646094442
grid-r019-c047,19,47,9.600000381469727,4.000000476837158,0.44999998807907104,-38.65536739522862,-29.155977886215705,-34.65536739522862
grid-r019-c048,19,48,9.800000190734863,4.000000476837158,0.44999998807907104,-40.016378443791886,-29.235881849310605,-36.016378443791886
grid-r019-c049,19,49,10.0,4.000000476837158,0.44999998807907104,-40.30298810450341,-29.323995583590936,-36.30298810450341
grid-r019-c050,19,50,10.200000762939453,4.000000476837158,0.44999998807907104,-40.60562047110118,-29.419008437776935,-36.60562047110118
grid-r019-c051,19,51,10.399999618530273,4.000000476837158,0.44999998807907104,-40.463398701315654,-29.519566826637384,-36.463398701315654
grid-r019-c052,19,52,10.600000381469727,4.000000476837158,0.44999998807907104,-40.09685276113732,-29.62433777305999,-36.09685276113732
grid-r019-c053,19,53,10.800000190734863,4.000000476837158,0.44999998807907104,-40.263287963269335,-29.732047317873377,-36.263287963269335
grid-r019-c054,19,54,11.0,4.000000476837158,0.44999998807907104,-39.64163810882894,-29.841518548086015,-35.64163810882894
grid-r019-c055,19,55,11.200000762939453,4.000000476837158,0.44999998807907104,-40.567381686521514,-29.95169122714971,-36.567381686521514
grid-r019-c056,19,56,11.399999618530273,4.000000476837158,0.44999998807907104,-41.582707450729124,-30.061631666592334,-37.582707450729124
grid-r019-c057,19,57,11.600000381469727,4.000000476837158,0.44999998807907104,-39.905407981539184,-30.170542665615855,-35.905407981539184
grid-r020-c000,20,0,0.19999980926513672,4.200000762939453,0.44999998807907104,-37.49602426615787,-26.693734114123977,-33.49602426615787
grid-r020-c001,20,1,0.40000009536743164,4.200000762939453,0.44999998807907104,-37.93236712256317,-26.568477383127313,-33.93236712256317
grid-r020-c002,20,2,0.5999999046325684,4.200000762939453,0.44999998807907104,-38.070015477346466,-26.44245106265726,-34.070015477346466
grid-r020-c003,20,3,0.7999997138977051,4.200000762939453,0.44999998807907104,-38.34508069771527,-26.316258566807758,-34.34508069771527
grid-r020-c004,20,4,1.0,4.200000762939453,0.44999998807907104,-38.24494163821434,-26.190642278749667,-34.24494163821434
grid-r020-c005,20,5,1.1999998092651367,4.200000762939453,0.44999998807907104,-38.46262877625746,-26.06650932869956,-34.46262877625746
grid-r020-c006,20,6,1.4000000953674316,4.200000762939453,0.44999998807907104,-37.803129934660504,-25.944957526188418,-33.803129934660504
grid-r020-c007,20,7,1.5999999046325684,4.200000762939453,0.44999998807907104,-38.30495951085893,-25.827308579418606,-34.30495951085893
grid-r020-c008,20,8,1.799999713897705,4.200000762939453,0.44999998807907104,-38.526528532014204,-25.71513898406775,-34.526528532014204
grid-r020-c009,20,9,2.0,4.200000762939453,0.44999998807907104,-38.05290781308982,-25.61031443496919,-34.05290781308982
grid-r020-c010,20,10,2.200000047683716,4.200000762939453,0.44999998807907104,-38.53960077958653,-25.515021828260675,-34.53960077958653
grid-r020-c011,20,11,2.3999998569488525,4.200000762939453,0.44999998807907104,-38.1362427431927,-25.431793397148404,-34.1362427431927
grid-r020-c012,20,12,2.5999999046325684,4.200000762939453,0.44999998807907104,-38.28989142548009,-25.3635197319184,-34.28989142548009
grid-r020-c013,20,13,2.799999952316284,4.200000762939453,0.44999998807907104,-38.316708049050455,-25.313441731414787,-34.316708049050455
grid-r020-c014,20,14,3.0,4.200000762939453,0.44999998807907104,-38.58081051072875,-25.28510857535999,-34.58081051072875
grid-r020-c015,20,15,3.200000047683716,4.200000762939453,0.44999998807907104,-38.175646053172905,-25.282288370651457,-34.175646053172905
grid-r020-c016,20,16,3.3999998569488525,4.200000762939453,0.44999998807907104,-38.38776631308079,-25.30881406832354,-34.38776631308079
grid-r020-c017,20,17,3.5999999046325684,4.200000762939453,0.44999998807907104,-37.66822690852435,-25.368348839321897,-33.66822690852435
grid-r020-c018,20,18,3.799999952316284,4.200000762939453,0.44999998807907104,-38.68722962656746,-25.46405944601833,-34.68722962656746
grid-r020-c019,20,19,4.0,4.200000762939453,0.44999998807907104,-38.059475726985106,-25.59819988599419,-34.059475726985106
grid-r020-c020,20,20,4.199999809265137,4.200000762939453,0.44999998807907104,-38.68699972257424,-25.771628180126015,-34.68699972257424
grid-r020-c021,20,21,4.400000095367432,4.200000762939453,0.44999998807907104,-38.36878418696422,-25.983312040578113,-34.36878418696422
grid-r020-c022,20,22,4.599999904632568,4.200000762939453,0.44999998807907104,-38.27513165842704,-26.22990629305685,-34.27513165842704
grid-r020-c023,20,23,4.800000190734863,4.200000762939453,0.44999998807907104,-38.48740367922971,-26.505526250484568,-34.48740367922971
grid-r020-c024,20,24,5.0,4.200000762939453,0.44999998807907104,-38.055866436829795,-26.801817487067943,-34.055866436829795
grid-r020-c025,20,25,5.199999809265137,4.200000762939453,0.44999998807907104,-38.58715305986057,-27.108417287426057,-34.58715305986057
grid-r020-c026,20,26,5.400000095367432,4.200000762939453,0.44999998807907104,-37.74367538009031,-27.41379062056286,-33.74367538009031
grid-r020-c027,20,27,5.599999904632568,4.200000762939453,0.44999998807907104,-38.44648633582259,-27.706341648299865,-34.44648633582259
grid-r020-c028,20,28,5.800000190734863,4.200000762939453,0.44999998807907104,-38.27945980310404,-27.975614029063554,-34.27945980310404
grid-r020-c029,20,29,6.0,4.200000762939453,0.44999998807907104,-38.57549501159515,-28.213331273092866,-34.57549501159515
grid-r020-c030,20,30,6.199999809265137,4.200000762939453,0.44999998807907104,-38.7130095727899,-28.414102857470454,-34.7130095727899
grid-r020-c031,20,31,6.400000095367432,4.200000762939453,0.44999998807907104,-38.691516827898596,-28.575679119828777,-34.691516827898596
grid-r020-c032,20,32,6.599999904632568,4.200000762939453,0.44999998807907104,-38.89036589238671,-28.698777370893172,-34.89036589238671
grid-r020-c033,20,33,6.800000190734863,4.200000762939453,0.44999998807907104,-38.68821908248421,-28.786585171899738,-34.68821908248421
grid-r020-c034,20,34,7.0,4.200000762939453,0.44999998807907104,-39.96614845844412,-28.84407898713858,-35.96614845844412
grid-r020-c035,20,35,7.199999809265137,4.200000762939453,0.44999998807907104,-39.29826190420363,-28.87730771400994,-35.29826190420363
grid-r020-c036,20,36,7.400000095367432,4.200000762939453,0.44999998807907104,-39.09406308886585,-28.892738821106466,-35.09406308886585
grid-r020-c037,20,37,7.599999904632568,4.200000762939453,0.44999998807907104,-39.57080468315973,-28.896729426333255,-35.57080468315973
grid-r020-c038,20,38,7.800000190734863,4.200000762939453,0.44999998807907104,-39.42209495606899,-28.89514049918129,-35.42209495606899
grid-r020-c039,20,39,8.0,4.200000762939453,0.44999998807907104,-40.37371398670112,-28.893086295693738,-36.37371398670112
grid-r020-c040,20,40,8.199999809265137,4.200000762939453,0.44999998807907104,-39.5581281853942,-28.894798254515237,-35.5581281853942
grid-r020-c041,20,41,8.399999618530273,4.200000762939453,0.44999998807907104,-40.51852754384011,-28.903577803530993,-36.51852754384011
grid-r020-c042,20,42,8.600000381469727,4.200000762939453,0.44999998807907104,-39.32916009892608,-28.921814247850634,-35.32916009892608
grid-r020-c043,20,43,8.800000190734863,4.200000762939453,0.44999998807907104,-39.93161962885565,-28.951047088013112,-35.93161962885565
grid-r020-c044,20,44,9.0,4.200000762939453,0.44999998807907104,-39.72930037162697,-28.99205839154121,-35.72930037162697
grid-r020-c045,20,45,9.199999809265137,4.200000762939453,0.44999998807907104,-38.931852012532175,-29.04498140213409,-34.931852012532175
grid-r020-c046,20,46,9.399999618530273,4.200000762939453,0.44999998807907104,-39.23118879321919,-29.10941727793775,-35.23118879321919
grid-r020-c047,20,47,9.600000381469727,4.200000762939453,0.44999998807907104,-39.3721148420488,-29.184552767781952,-35.3721148420488
grid-r020-c048,20,48,9.800000190734863,4.200000762939453,0.44999998807907104,-40.60031250978348,-29.269271094257657,-36.60031250978348
grid-r020-c049,20,49,10.0,4.200000762939453,0.44999998807907104,-39.06935318838596,-29.36225734651313,-35.06935318838596
grid-r020-c050,20,50,10.200000762939453,4.200000762939453,0.44999998807907104,-39.47566255635006,-29.46208867919442,-35.47566255635006
grid-r020-c051,20,51,10.399999618530273,4.200000762939453,0.44999998807907104,-39.42179716729225,-29.567309282326548,-35.42179716729225
grid-r020-c052,20,52,10.600000381469727,4.200000762939453,0.44999998807907104,-40.08241226298856,-29.67649807100137,-36.08241226298856
grid-r020-c053,20,53,10.800000190734863,4.200000762939453,0.44999998807907104,-40.791971259733515,-29.788309242057743,-36.791971259733515
grid-r020-c054,20,54,11.0,4.200000762939453,0.44999998807907104,-40.910653566352394,-29.90151161049685,-36.910653566352394
grid-r020-c055,20,55,11.200000762939453,4.200000762939453,0.44999998807907104,-40.00091401185113,-30.015008001895165,-36.00091401185113
grid-r020-c056,20,56,11.399999618530273,4.200000762939453,0.44999998807907104,-39.41098601659483,-30.12784396565853,-35.41098601659483
grid-r020-c057,20,57,11.600000381469727,4.200000762939453,0.44999998807907104,-41.932826522567304,-30.239216084426705,-37.932826522567304
grid-r021-c000,21,0,0.19999980926513672,4.40000057220459,0.44999998807907104,-38.335853165480216,-26.732351076158707,-34.335853165480216
grid-r021-c001,21,1,0.40000009536743164,4.40000057220459,0.44999998807907104,-37.09825630593671,-26.607210341518662,-33.09825630593671
grid-r021-c002,21,2,0.5999999046325684,4.40000057220459,0.44999998807907104,-38.14481537472031,-26.481333074264914,-34.14481537472031
grid-r021-c003,21,3,0.7999997138977051,4.40000057220459,0.44999998807907104,-38.20085394493451,-26.355337663436362,-34.20085394493451
grid-r021-c004,21,4,1.0,4.40000057220459,0.44999998807907104,-38.1724682552329,-26.229984258438265,-34.1724682552329
grid-r021-c005,21,5,1.1999998092651367,4.40000057220459,0.44999998807907104,-38.20068918066694,-26.10620066667235,-34.20068918066694
grid-r021-c006,21,6,1.4000000953674316,4.40000057220459,0.44999998807907104,-38.478058960411765,-25.985108243155985,-34.478058960411765
grid-r021-c007,21,7,1.5999999046325684,4.40000057220459,0.44999998807907104,-38.063067157675746,-25.868054784776707,-34.063067157675746
grid-r021-c008,21,8,1.799999713897705,4.40000057220459,0.44999998807907104,-37.08200176516475,-25.75664470097198,-33.08200176516475
grid-r021-c009,21,9,2.0,4.40000057220459,0.44999998807907104,-38.50375098850727,-25.65277211550355,-34.50375098850727
grid-r021-c010,21,10,2.200000047683716,4.40000057220459,0.44999998807907104,-38.00344683136933,-25.558650754826356,-34.00344683136933
grid-r021-c011,21,11,2.3999998569488525,4.40000057220459,0.44999998807907104,-38.58041596660285,-25.47683494498695,-34.58041596660285
grid-r021-c012,21,12,2.5999999046325684,4.40000057220459,0.44999998807907104,-38.486645004951,-25.410228212731145,-34.486645004951
grid-r021-c013,21,13,2.799999952316284,4.40000057220459,0.44999998807907104,-38.366390551943745,-25.362069371500535,-34.366390551943745
grid-r021-c014,21,14,3.0,4.40000057220459,0.44999998807907104,-38.14502119453571,-25.335883233363752,-34.14502119453571
grid-r021-c015,21,15,3.200000047683716,4.40000057220459,0.44999998807907104,-38.241656099082924,-25.335382957311335,-34.241656099082924
grid-r021-c016,21,16,3.3999998569488525,4.40000057220459,0.44999998807907104,-38.41569040119594,-25.364307590578445,-34.41569040119594
grid-r021-c017,21,17,3.5999999046325684,4.40000057220459,0.44999998807907104,-38.597501036793965,-25.426180751473368,-34.597501036793965
grid-r021-c018,21,18,3.799999952316284,4.40000057220459,0.44999998807907104,-38.301856350316505,-25.523981593215705,-34.301856350316505
grid-r021-c019,21,19,4.0,4.40000057220459,0.44999998807907104,-38.22665601384267,-25.659733745651963,-34.22665601384267
grid-r021-c020,21,20,4.199999809265137,4.40000057220459,0.44999998807907104,-38.71064896706987,-25.83403843110517,-34.71064896706987
grid-r021-c021,21,21,4.400000095367432,4.40000057220459,0.44999998807907104,-37.97638768072417,-26.04560950041303,-33.97638768072417
grid-r021-c022,21,22,4.599999904632568,4.40000057220459,0.44999998807907104,-38.95435975373602,-26.29089197709492,-34.95435975373602
grid-r021-c023,21,23,4.800000190734863,4.40000057220459,0.44999998807907104,-38.35574334874253,-26.563882105583613,-34.35574334874253
grid-r021-c024,21,24,5.0,4.40000057220459,0.44999998807907104,-38.92850365508743,-26.856238090004346,-34.92850365508743
grid-r021-c025,21,25,5.199999809265137,4.40000057220459,0.44999998807907104,-38.2879862445261,-27.157762840238718,-34.2879862445261
grid-r021-c026,21,26,5.400000095367432,4.40000057220459,0.44999998807907104,-38.924075948598365,-27.457230520377852,-34.924075948598365
grid-r021-c027,21,27,5.599999904632568,4.40000057220459,0.44999998807907104,-39.01826295015689,-27.743455397528354,-35.01826295015689
grid-r021-c028,21,28,5.800000190734863,4.40000057220459,0.44999998807907104,-37.31090150954233,-28.006425269407654,-33.31090150954233
grid-r021-c029,21,29,6.0,4.40000057220459,0.44999998807907104,-39.11501839740385,-28.238269585287377,-35.11501839740385
grid-r021-c030,21,30,6.199999809265137,4.40000057220459,0.44999998807907104,-38.60175348527833,-28.433907883272784,-34.60175348527833
grid-r021-c031,21,31,6.400000095367432,4.40000057220459,0.44999998807907104,-39.328395258752806,-28.591275827349488,-35.328395258752806
grid-r021-c032,21,32,6.599999904632568,4.40000057220459,0.44999998807907104,-38.21804395813686,-28.71115388042364,-34.21804395813686
grid-r021-c033,21,33,6.800000190734863,4.40000057220459,0.44999998807907104,-40.10868079758591,-28.79669715198126,-36.10868079758591
grid-r021-c034,21,34,7.0,4.40000057220459,0.44999998807907104,-39.52796906003323,-28.852792292590824,-35.52796906003323
grid-r021-c035,21,35,7.199999809265137,4.40000057220459,0.44999998807907104,-37.61770680492696,-28.88537849852541,-33.61770680492696
grid-r021-c036,21,36,7.400000095367432,4.40000057220459,0.44999998807907104,-38.96193757430752,-28.900822255121017,-34.96193757430752
grid-r021-c037,21,37,7.599999904632568,4.40000057220459,0.44999998807907104,-38.694916516779585,-28.905404657531104,-34.694916516779585
grid-r021-c038,21,38,7.800000190734863,4.40000057220459,0.44999998807907104,-40.12038631089239,-28.904940093047763,-36.12038631089239
grid-r021-c039,21,39,8.0,4.40000057220459,0.44999998807907104,-39.184196912030636,-28.904521222545778,-35.184196912030636
grid-r021-c040,21,40,8.199999809265137,4.40000057220459,0.44999998807907104,-39.17484087147631,-28.90837317493281,-35.17484087147631
grid-r021-c041,21,41,8.399999618530273,4.40000057220459,0.44999998807907104,-39.75424807256146,-28.919794771194127,-35.75424807256146
grid-r021-c042,21,42,8.600000381469727,4.40000057220459,0.44999998807907104,-40.12618306258059,-28.94116567510853,-36.12618306258059
grid-r021-c043,21,43,8.800000190734863,4.40000057220459,0.44999998807907104,-40.07378049710742,-28.974000475736695,-36.07378049710742
grid-r021-c044,21,44,9.0,4.40000057220459,0.44999998807907104,-39.84340930962805,-29.019036449728674,-35.84340930962805
grid-r021-c045,21,45,9.199999809265137,4.40000057220459,0.44999998807907104,-39.51756309954413,-29.07634104485865,-35.51756309954413
grid-r021-c046,21,46,9.399999618530273,4.40000057220459,0.44999998807907104,-40.22499977879246,-29.145430792669487,-36.22499977879246
grid-r021-c047,21,47,9.600000381469727,4.40000057220459,0.44999998807907104,-39.902226979851285,-29.22539362661801,-35.902226979851285
grid-r021-c048,21,48,9.800000190734863,4.40000057220459,0.44999998807907104,-39.973071391642556,-29.315005795674544,-35.973071391642556
grid-r021-c049,21,49,10.0,4.40000057220459,0.44999998807907104,-40.05013883912127,-29.41284405507196,-36.05013883912127
grid-r021-c050,21,50,10.200000762939453,4.40000057220459,0.44999998807907104,-39.91701880814176,-29.517382136924557,-35.91701880814176
grid-r021-c051,21,51,10.399999618530273,4.40000057220459,0.44999998807907104,-40.65642774322818,-29.627071008603977,-36.65642774322818
grid-r021-c052,21,52,10.600000381469727,4.40000057220459,0.44999998807907104,-39.8657255426098,-29.74041080654071,-35.8657255426098
grid-r021-c053,21,53,10.800000190734863,4.40000057220459,0.44999998807907104,-40.08448742884423,-29.85599356949283,-36.08448742884423
grid-r021-c054,21,54,11.0,4.40000057220459,0.44999998807907104,-41.55562277046037,-29.972543788363247,-37.55562277046037
grid-r021-c055,21,55,11.200000762939453,4.40000057220459,0.44999998807907104,-40.17174866119007,-30.08893739602972,-36.17174866119007
grid-r021-c056,21,56,11.399999618530273,4.40000057220459,0.44999998807907104,-43.36913828400615,-30.20420910954648,-39.36913828400615
grid-r021-c057,21,57,11.600000381469727,4.40000057220459,0.44999998807907104,-39.69117694258179,-30.31755884469202,-35.69117694258179
grid-r022-c000,22,0,0.19999980926513672,4.600000381469727,0.44999998807907104,-32.51318702049187,-26.78210198686093,-28.51318702049187
grid-r022-c001,22,1,0.40000009536743164,4.600000381469727,0.44999998807907104,-38.722198857282315,-26.657845776537627,-34.722198857282315
grid-r022-c002,22,2,0.5999999046325684,4.600000381469727,0.44999998807907104,-37.6428101861789,-26.532947991129095,-33.6428101861789
grid-r022-c003,22,3,0.7999997138977051,4.600000381469727,0.44999998807907104,-37.593197856266414,-26.40804596762218,-33.593197856266414
grid-r022-c004,22,4,1.0,4.600000381469727,0.44999998807907104,-38.0542264686724,-26.283921149417722,-34.0542264686724
grid-r022-c005,22,5,1.1999998092651367,4.600000381469727,0.44999998807907104,-37.84138009679598,-26.16152473798221,-33.84138009679598
grid-r022-c006,22,6,1.4000000953674316,4.600000381469727,0.44999998807907104,-38.0801645117797,-26.042003064044476,-34.0801645117797
grid-r022-c007,22,7,1.5999999046325684,4.600000381469727,0.44999998807907104,-38.41481047669692,-25.92672947511545,-34.41481047669692
grid-r022-c008,22,8,1.799999713897705,4.600000381469727,0.44999998807907104,-38.39062233528033,-25.81733293733619,-34.39062233528033
grid-r022-c009,22,9,2.0,4.600000381469727,0.44999998807907104,-38.642258207411984,-25.71572870975636,-34.642258207411984
grid-r022-c010,22,10,2.200000047683716,4.600000381469727,0.44999998807907104,-37.11596900804529,-25.624144736730877,-33.11596900804529
grid-r022-c011,22,11,2.3999998569488525,4.600000381469727,0.44999998807907104,-38.275659411991626,-25.545137888746506,-34.275659411991626
grid-r022-c012,22,12,2.5999999046325684,4.600000381469727,0.44999998807907104,-38.423373572658065,-25.481596320434907,-34.423373572658065
grid-r022-c013,22,13,2.799999952316284,4.600000381469727,0.44999998807907104,-37.93719776662898,-25.436717817489093,-33.93719776662898
grid-r022-c014,22,14,3.0,4.600000381469727,0.44999998807907104,-36.17796324140599,-25.413951632512568,-32.17796324140599
grid-r022-c015,22,15,3.200000047683716,4.600000381469727,0.44999998807907104,-38.140772783911515,-25.41689161349252,-34.140772783911515
grid-r022-c016,22,16,3.3999998569488525,4.600000381469727,0.44999998807907104,-38.376758468447,-25.449105806054263,-34.376758468447
grid-r022-c017,22,17,3.5999999046325684,4.600000381469727,0.44999998807907104,-38.56391925348962,-25.51389105977318,-34.56391925348962
grid-r022-c018,22,18,3.799999952316284,4.600000381469727,0.44999998807907104,-38.370073770579396,-25.613947208471274,-34.370073770579396
grid-r022-c019,22,19,4.0,4.600000381469727,0.44999998807907104,-38.527774360330646,-25.750980553060124,-34.527774360330646
grid-r022-c020,22,20,4.199999809265137,4.600000381469727,0.44999998807907104,-38.71408790683547,-25.92526606579954,-34.71408790683547
grid-r022-c021,22,21,4.400000095367432,4.600000381469727,0.44999998807907104,-38.56248074495791,-26.13522684104051,-34.56248074495791
grid-r022-c022,22,22,4.599999904632568,4.600000381469727,0.44999998807907104,-38.68174043575579,-26.377108474072024,-34.68174043575579
grid-r022-c023,22,23,4.800000190734863,4.600000381469727,0.44999998807907104,-38.710963420212174,-26.64485624475372,-34.710963420212174
grid-r022-c024,22,24,5.0,4.600000381469727,0.44999998807907104,-38.65812368812427,-26.930269056562103,-34.65812368812427
grid-r022-c025,22,25,5.199999809265137,4.600000381469727,0.44999998807907104,-38.548767574666314,-27.223494579562107,-34.548767574666314
grid-r022-c026,22,26,5.400000095367432,4.600000381469727,0.44999998807907104,-38.86768549324127,-27.513826562793483,-34.86768549324127
grid-r022-c027,22,27,5.599999904632568,4.600000381469727,0.44999998807907104,-38.6509836170316,-27.790703789692166,-34.6509836170316
grid-r022-c028,22,28,5.800000190734863,4.600000381469727,0.44999998807907104,-38.6011566753329,-28.04474796749448,-34.6011566753329
grid-r022-c029,22,29,6.0,4.600000381469727,0.44999998807907104,-38.44532021253296,-28.26863622865649,-34.44532021253296
grid-r022-c030,22,30,6.199999809265137,4.600000381469727,0.44999998807907104,-38.71819000454403,-28.457678264100608,-34.71819000454403
grid-r022-c031,22,31,6.400000095367432,4.600000381469727,0.44999998807907104,-38.31378467692368,-28.610011359102522,-34.31378467692368
grid-r022-c032,22,32,6.599999904632568,4.600000381469727,0.44999998807907104,-39.06885309796298,-28.72643935948685,-35.06885309796298
grid-r022-c033,22,33,6.800000190734863,4.600000381469727,0.44999998807907104,-39.04590145451796,-28.810003274422304,-35.04590145451796
grid-r022-c034,22,34,7.0,4.600000381469727,0.44999998807907104,-39.37551385087801,-28.865393131654855,-35.37551385087801
grid-r022-c035,22,35,7.199999809265137,4.600000381469727,0.44999998807907104,-39.71089152426732,-28.898322360370276,-35.71089152426732
grid-r022-c036,22,36,7.400000095367432,4.600000381469727,0.44999998807907104,-39.68032527559274,-28.91494406770238,-35.68032527559274
grid-r022-c037,22,37,7.599999904632568,4.600000381469727,0.44999998807907104,-38.73945646365706,-28.921363588025628,-34.73945646365706
grid-r022-c038,22,38,7.800000190734863,4.600000381469727,0.44999998807907104,-39.68169929400091,-28.923266728716865,-35.68169929400091
grid-r022-c039,22,39,8.0,4.600000381469727,0.44999998807907104,-36.621379084252126,-28.92566199168616,-32.621379084252126
grid-r022-c040,22,40,8.199999809265137,4.600000381469727,0.44999998807907104,-39.735408663710544,-28.932724312599266,-35.735408663710544
grid-r022-c041,22,41,8.399999618530273,4.600000381469727,0.44999998807907104,-39.77271550246616,-28.947722321072266,-35.77271550246616
grid-r022-c042,22,42,8.600000381469727,4.600000381469727,0.44999998807907104,-39.97137052433971,-28.973011594742324,-35.97137052433971
grid-r022-c043,22,43,8.800000190734863,4.600000381469727,0.44999998807907104,-40.593768323118965,-29.01007716389648,-36.593768323118965
grid-r022-c044,22,44,9.0,4.600000381469727,0.44999998807907104,-39.58522639550263,-29.059613645099972,-35.58522639550263
grid-r022-c045,22,45,9.199999809265137,4.600000381469727,0.44999998807907104,-39.874645772102284,-29.12162909405265,-35.874645772102284
grid-r022-c046,22,46,9.399999618530273,4.600000381469727,0.44999998807907104,-39.47789786949538,-29.195564266049757,-35.47789786949538
grid-r022-c047,22,47,9.600000381469727,4.600000381469727,0.44999998807907104,-40.28455953576571,-29.280418382544983,-36.28455953576571
grid-r022-c048,22,48,9.800000190734863,4.600000381469727,0.44999998807907104,-39.046783038122214,-29.374871409730194,-35.046783038122214
grid-r022-c049,22,49,10.0,4.600000381469727,0.44999998807907104,-40.36400132358875,-29.477402759523603,-36.36400132358875
grid-r022-c050,22,50,10.200000762939453,4.600000381469727,0.44999998807907104,-40.67153188356266,-29.58639395567694,-36.67153188356266
grid-r022-c051,22,51,10.399999618530273,4.600000381469727,0.44999998807907104,-39.80834584839509,-29.700214196057736,-35.80834584839509
grid-r022-c052,22,52,10.600000381469727,4.600000381469727,0.44999998807907104,-40.55033812436502,-29.817296507054728,-36.55033812436502
grid-r022-c053,22,53,10.800000190734863,4.600000381469727,0.44999998807907104,-40.0497727439072,-29.936182602244024,-36.0497727439072
grid-r022-c054,22,54,11.0,4.600000381469727,0.44999998807907104,-39.54111028883923,-30.055564474627925,-35.54111028883923
grid-r022-c055,22,55,11.200000762939453,4.600000381469727,0.44999998807907104,-42.850392020124524,-30.174302774791055,-38.850392020124524
grid-r022-c056,22,56,11.399999618530273,4.600000381469727,0.44999998807907104,-40.862684514079376,-30.291432545615113,-36.862684514079376
grid-r022-c057,22,57,11.600000381469727,4.600000381469727,0.44999998807907104,-40.70761968423665,-30.406167465036493,-36.70761968423665
grid-r023-c000,23,0,0.19999980926513672,4.800000190734863,0.44999998807907104,-38.180780189020425,-26.843033607192233,-34.180780189020425
grid-r023-c001,23,1,0.40000009536743164,4.800000190734863,0.44999998807907104,-38.756897878723024,-26.72042275697447,-34.756897878723024
grid-r023-c002,23,2,0.5999999046325684,4.800000190734863,0.44999998807907104,-38.14907193497997,-26.59732331762968,-34.14907193497997
grid-r023-c003,23,3,0.7999997138977051,4.800000190734863,0.44999998807907104,-37.193741085278916,-26.47439445487203,-33.193741085278916
grid-r023-c004,23,4,1.0,4.800000190734863,0.44999998807907104,-38.519001024304416,-26.352441094484714,-34.519001024304416
grid-r023-c005,23,5,1.1999998092651367,4.800000190734863,0.44999998807907104,-38.47025942623795,-26.23243892601307,-34.47025942623795
grid-r023-c006,23,6,1.4000000953674316,4.800000190734863,0.44999998807907104,-38.878180630277996,-26.115558748546082,-34.878180630277996
grid-r023-c007,23,7,1.5999999046325684,4.800000190734863,0.44999998807907104,-37.83382887356504,-26.00319665430823,-33.83382887356504
grid-r023-c008,23,8,1.799999713897705,4.800000190734863,0.44999998807907104,-38.36280020053718,-25.897000222776736,-34.36280020053718
grid-r023-c009,23,9,2.0,4.800000190734863,0.44999998807907104,-38.42612218535797,-25.798895711929877,-34.42612218535797
grid-r023-c010,23,10,2.200000047683716,4.800000190734863,0.44999998807907104,-36.25470879251964,-25.711109714064808,-32.25470879251964
grid-r023-c011,23,11,2.3999998569488525,4.800000190734863,0.44999998807907104,-37.579892549805294,-25.636179281680487,-33.579892549805294
grid-r023-c012,23,12,2.5999999046325684,4.800000190734863,0.44999998807907104,-38.61888838293158,-25.57694664205596,-34.61888838293158
grid-r023-c013,23,13,2.799999952316284,4.800000190734863,0.44999998807907104,-38.603268061840595,-25.536528569892898,-34.603268061840595
grid-r023-c014,23,14,3.0,4.800000190734863,0.44999998807907104,-38.62336177314201,-25.51824861714351,-34.62336177314201
grid-r023-c015,23,15,3.200000047683716,4.800000190734863,0.44999998807907104,-38.55118396474313,-25.525521229935443,-34.55118396474313
grid-r023-c016,23,16,3.3999998569488525,4.800000190734863,0.44999998807907104,-38.33535506538534,-25.561675135443405,-34.33535506538534
grid-r023-c017,23,17,3.5999999046325684,4.800000190734863,0.44999998807907104,-38.56061841404081,-25.629707711580505,-34.56061841404081
grid-r023-c018,23,18,3.799999952316284,4.800000190734863,0.44999998807907104,-38.39521321422575,-25.731968778699144,-34.39521321422575
grid-r023-c019,23,19,4.0,4.800000190734863,0.44999998807907104,-38.745422265687154,-25.869787615643816,-34.745422265687154
grid-r023-c020,23,20,4.199999809265137,4.800000190734863,0.44999998807907104,-39.13689767787052,-26.04307511456321,-35.13689767787052
grid-r023-c021,23,21,4.400000095367432,4.800000190734863,0.44999998807907104,-38.35516452857896,-26.24995869512725,-34.35516452857896
grid-r023-c022,23,22,4.599999904632568,4.800000190734863,0.44999998807907104,-38.92097735069839,-26.48652123116003,-34.92097735069839
grid-r023-c023,23,23,4.800000190734863,4.800000190734863,0.44999998807907104,-38.645236773368154,-26.74673881617744,-34.645236773368154
grid-r023-c024,23,24,5.0,4.800000190734863,0.44999998807907104,-38.17578035012582,-27.02267403055204,-34.17578035012582
grid-r023-c025,23,25,5.199999809265137,4.800000190734863,0.44999998807907104,-37.94444690202116,-27.304971769077756,-33.94444690202116
grid-r023-c026,23,26,5.400000095367432,4.800000190734863,0.44999998807907104,-38.50059273115056,-27.58360978889525,-34.50059273115056
grid-r023-c027,23,27,5.599999904632568,4.800000190734863,0.44999998807907104,-38.73308981517316,-27.848808085727217,-34.73308981517316
grid-r023-c028,23,28,5.800000190734863,4.800000190734863,0.44999998807907104,-38.345188631633334,-28.091953514665345,-34.345188631633334
grid-r023-c029,23,29,6.0,4.800000190734863,0.44999998807907104,-38.83116322542514,-28.306364230814353,-34.83116322542514
grid-r023-c030,23,30,6.199999809265137,4.800000190734863,0.44999998807907104,-38.98516302162581,-28.487789597854423,-34.98516302162581
grid-r023-c031,23,31,6.400000095367432,4.800000190734863,0.44999998807907104,-38.481857298401096,-28.634574647276615,-34.481857298401096
grid-r023-c032,23,32,6.599999904632568,4.800000190734863,0.44999998807907104,-39.2954361790176,-28.747514670250624,-35.2954361790176
grid-r023-c033,23,33,6.800000190734863,4.800000190734863,0.44999998807907104,-39.47215105750083,-28.829475091708847,-35.47215105750083
grid-r023-c034,23,34,7.0,4.800000190734863,0.44999998807907104,-40.0226607657708,-28.884868303494514,-36.0226607657708
grid-r023-c035,23,35,7.199999809265137,4.800000190734863,0.44999998807907104,-39.857993222644055,-28.91909148478633,-35.857993222644055
grid-r023-c036,23,36,7.400000095367432,4.800000190734863,0.44999998807907104,-40.343544237351125,-28.937993378455303,-36.343544237351125
grid-r023-c037,23,37,7.599999904632568,4.800000190734863,0.44999998807907104,-38.446843692045185,-28.94741918174912,-34.446843692045185
grid-r023-c038,23,38,7.800000190734863,4.800000190734863,0.44999998807907104,-39.50520384378123,-28.952853286538705,-35.50520384378123
grid-r023-c039,23,39,8.0,4.800000190734863,0.44999998807907104,-40.295135830159325,-28.95916140541397,-36.295135830159325
grid-r023-c040,23,40,8.199999809265137,4.800000190734863,0.44999998807907104,-39.98667578382946,-28.970424593984223,-35.98667578382946
grid-r023-c041,23,41,8.399999618530273,4.800000190734863,0.44999998807907104,-39.72144946705424,-28.989851722333547,-35.72144946705424
grid-r023-c042,23,42,8.600000381469727,4.800000190734863,0.44999998807907104,-40.67167135010224,-29.01975700280031,-36.67167135010224
grid-r023-c043,23,43,8.800000190734863,4.800000190734863,0.44999998807907104,-40.30692712305064,-29.061588549900534,-36.30692712305064
grid-r023-c044,23,44,9.0,4.800000190734863,0.44999998807907104,-39.02423847459721,-29.115998463402207,-35.02423847459721
grid-r023-c045,23,45,9.199999809265137,4.800000190734863,0.44999998807907104,-39.71040235951925,-29.182940825655017,-35.71040235951925
grid-r023-c046,23,46,9.399999618530273,4.800000190734863,0.44999998807907104,-40.06181211545615,-29.261789522585385,-36.06181211545615
grid-r023-c047,23,47,9.600000381469727,4.800000190734863,0.44999998807907104,-40.02361032710405,-29.351466150536304,-36.02361032710405
grid-r023-c048,23,48,9.800000190734863,4.800000190734863,0.44999998807907104,-41.401606080508955,-29.45056680103307,-37.401606080508955
grid-r023-c049,23,49,10.0,4.800000190734863,0.44999998807907104,-39.763909400213805,-29.557486755089883,-35.763909400213805
grid-r023-c050,23,50,10.200000762939453,4.800000190734863,0.44999998807907104,-40.589504784414586,-29.67052904882091,-36.589504784414586
grid-r023-c051,23,51,10.399999618530273,4.800000190734863,0.44999998807907104,-40.36602403411,-29.787995158959035,-36.36602403411
grid-r023-c052,23,52,10.600000381469727,4.800000190734863,0.44999998807907104,-40.285278127531264,-29.908265179231517,-36.285278127531264
grid-r023-c053,23,53,10.800000190734863,4.800000190734863,0.44999998807907104,-41.44795771572635,-30.029844631073008,-37.44795771572635
grid-r023-c054,23,54,11.0,4.800000190734863,0.44999998807907104,-40.77589559276427,-30.1514068234259,-36.77589559276427
grid-r023-c055,23,55,11.200000762939453,4.800000190734863,0.44999998807907104,-39.65124187208812,-30.27181035166844,-35.65124187208812
grid-r023-c056,23,56,11.399999618530273,4.800000190734863,0.44999998807907104,-41.161925767119186,-30.390102961304013,-37.161925767119186
grid-r023-c057,23,57,11.600000381469727,4.800000190734863,0.44999998807907104,-41.43623176829269,-30.505523334477836,-37.43623176829269
grid-r024-c000,24,0,0.19999980926513672,5.000000476837158,0.44999998807907104,-38.04062392765708,-26.915076430514233,-34.04062392765708
grid-r024-c001,24,1,0.40000009536743164,5.000000476837158,0.44999998807907104,-37.915533372763846,-26.794848243064177,-33.915533372763846
grid-r024-c002,24,2,0.5999999046325684,5.000000476837158,0.44999998807907104,-38.73481988177535,-26.674336219349215,-34.73481988177535
grid-r024-c003,24,3,0.7999997138977051,5.000000476837158,0.44999998807907104,-37.757314034344034,-26.554222803525413,-33.757314034344034
grid-r024-c004,24,4,1.0,5.000000476837158,0.44999998807907104,-38.196745839321274,-26.43533689051368,-34.196745839321274
grid-r024-c005,24,5,1.1999998092651367,5.000000476837158,0.44999998807907104,-38.843148250371115,-26.318677756567357,-34.843148250371115
grid-r024-c006,24,6,1.4000000953674316,5.000000476837158,0.44999998807907104,-38.28416841034346,-26.2054378631664,-34.28416841034346
grid-r024-c007,24,7,1.5999999046325684,5.000000476837158,0.44999998807907104,-38.98259432947452,-26.09703065950312,-34.98259432947452
grid-r024-c008,24,8,1.799999713897705,5.000000476837158,0.44999998807907104,-37.40010012792243,-25.995113593564863,-33.40010012792243
grid-r024-c009,24,9,2.0,5.000000476837158,0.44999998807907104,-38.32432602798444,-25.90161090119092,-34.32432602798444
grid-r024-c010,24,10,2.200000047683716,5.000000476837158,0.44999998807907104,-38.48872862767843,-25.818729526431373,-34.48872862767843
grid-r024-c011,24,11,2.3999998569488525,5.000000476837158,0.44999998807907104,-38.20895565445661,-25.7489621582517,-34.20895565445661
grid-r024-c012,24,12,2.5999999046325684,5.000000476837158,0.44999998807907104,-39.102785094240495,-25.695073474050698,-35.102785094240495
grid-r024-c013,24,13,2.799999952316284,5.000000476837158,0.44999998807907104,-38.244065317289106,-25.660060097492018,-34.244065317289106
grid-r024-c014,24,14,3.0,5.000000476837158,0.44999998807907104,-38.48290480022871,-25.647073509935968,-34.48290480022871
grid-r024-c015,24,15,3.200000047683716,5.000000476837158,0.44999998807907104,-38.65289235390829,-25.659296551164367,-34.65289235390829
grid-r024-c016,24,16,3.3999998569488525,5.000000476837158,0.44999998807907104,-38.48253158349978,-25.69976351223239,-34.48253158349978
grid-r024-c017,24,17,3.5999999046325684,5.000000476837158,0.44999998807907104,-38.54383960634043,-25.77111901582166,-34.54383960634043
grid-r024-c018,24,18,3.799999952316284,5.000000476837158,0.44999998807907104,-38.72099897581719,-25.875317982733,-34.72099897581719
grid-r024-c019,24,19,4.0,5.000000476837158,0.44999998807907104,-39.05371429865546,-26.01328403948393,-35.05371429865546
grid-r024-c020,24,20,4.199999809265137,5.000000476837158,0.44999998807907104,-38.89702878724778,-26.18455955304659,-34.89702878724778
grid-r024-c021,24,21,4.400000095367432,5.000000476837158,0.44999998807907104,-38.865562889452576,-26.387002149695064,-34.865562889452576
grid-r024-c022,24,22,4.599999904632568,5.000000476837158,0.44999998807907104,-38.65461901184764,-26.616590492281166,-34.65461901184764
grid-r024-c023,24,23,4.800000190734863,5.000000476837158,0.44999998807907104,-38.97853222439981,-26.867419477129005,-34.97853222439981
grid-r024-c024,24,24,5.0,5.000000476837158,0.44999998807907104,-38.719381389459706,-27.13192415136832,-34.719381389459706
grid-r024-c025,24,25,5.199999809265137,5.000000476837158,0.44999998807907104,-38.790707914029,-27.40136355002569,-34.790707914029
grid-r024-c026,24,26,5.400000095367432,5.000000476837158,0.44999998807907104,-38.862610996732975,-27.666510957936314,-34.862610996732975
grid-r024-c027,24,27,5.599999904632568,5.000000476837158,0.44999998807907104,-38.7177033988878,-27.91846251149394,-34.7177033988878
grid-r024-c028,24,28,5.800000190734863,5.000000476837158,0.44999998807907104,-39.09110477281099,-28.149441646233385,-35.09110477281099
grid-r024-c029,24,29,6.0,5.000000476837158,0.44999998807907104,-38.973306352166674,-28.353453094785326,-34.973306352166674
grid-r024-c030,24,30,6.199999809265137,5.000000476837158,0.44999998807907104,-39.051175784762684,-28.526706301456297,-35.051175784762684
grid-r024-c031,24,31,6.400000095367432,5.000000476837158,0.44999998807907104,-39.434334479722494,-28.66775160188997,-35.434334479722494
grid-r024-c032,24,32,6.599999904632568,5.000000476837158,0.44999998807907104,-39.46296583810377,-28.777353212208485,-35.46296583810377
grid-r024-c033,24,33,6.800000190734863,5.000000476837158,0.44999998807907104,-39.56196434396577,-28.85816142020124,-35.56196434396577
grid-r024-c034,24,34,7.0,5.000000476837158,0.44999998807907104,-39.0871416092481,-28.914257954257305,-35.0871416092481
grid-r024-c035,24,35,7.199999809265137,5.000000476837158,0.44999998807907104,-39.805030719431976,-28.95066150790461,-35.805030719431976
grid-r024-c036,24,36,7.400000095367432,5.000000476837158,0.44999998807907104,-39.492802340599354,-28.972849826016084,-35.492802340599354
grid-r024-c037,24,37,7.599999904632568,5.000000476837158,0.44999998807907104,-39.993299758111796,-28.98634182243137,-35.993299758111796
grid-r024-c038,24,38,7.800000190734863,5.000000476837158,0.44999998807907104,-39.792564048322525,-28.99635922306322,-35.792564048322525
grid-r024-c039,24,39,8.0,5.000000476837158,0.44999998807907104,-40.1537209730772,-29.007571967667815,-36.1537209730772
grid-r024-c040,24,40,8.199999809265137,5.000000476837158,0.44999998807907104,-39.7951636009907,-29.02392464341315,-35.7951636009907
grid-r024-c041,24,41,8.399999618530273,5.000000476837158,0.44999998807907104,-39.553557151840224,-29.04853495746074,-35.553557151840224
grid-r024-c042,24,42,8.600000381469727,5.000000476837158,0.44999998807907104,-38.52875347621215,-29.08365521095172,-34.52875347621215
grid-r024-c043,24,43,8.800000190734863,5.000000476837158,0.44999998807907104,-40.370272294919765,-29.130685748793393,-36.370272294919765
grid-r024-c044,24,44,9.0,5.000000476837158,0.44999998807907104,-39.071137246899724,-29.19023339037519,-35.071137246899724
grid-r024-c045,24,45,9.199999809265137,5.000000476837158,0.44999998807907104,-38.756492942454045,-29.26220180705606,-34.756492942454045
grid-r024-c046,24,46,9.399999618530273,5.000000476837158,0.44999998807907104,-40.72713083782462,-29.345906273569234,-36.72713083782462
grid-r024-c047,24,47,9.600000381469727,5.000000476837158,0.44999998807907104,-39.59848467519515,-29.440202346611528,-35.59848467519515
grid-r024-c048,24,48,9.800000190734863,5.000000476837158,0.44999998807907104,-39.520042006277606,-29.543616105042535,-35.520042006277606
grid-r024-c049,24,49,10.0,5.000000476837158,0.44999998807907104,-41.08052153842229,-29.654474056208247,-37.08052153842229
grid-r024-c050,24,50,10.200000762939453,5.000000476837158,0.44999998807907104,-40.66566307820513,-29.771017031094484,-36.66566307820513
grid-r024-c051,24,51,10.399999618530273,5.000000476837158,0.44999998807907104,-41.52412261677509,-29.89149555765938,-37.52412261677509
grid-r024-c052,24,52,10.600000381469727,5.000000476837158,0.44999998807907104,-40.98589297818961,-30.014253632766987,-36.98589297818961
grid-r024-c053,24,53,10.800000190734863,5.000000476837158,0.44999998807907104,-40.37496848735918,-30.13777714868931,-36.37496848735918
grid-r024-c054,24,54,11.0,5.000000476837158,0.44999998807907104,-40.68059325471964,-30.260736615271917,-36.68059325471964
grid-r024-c055,24,55,11.200000762939453,5.000000476837158,0.44999998807907104,-40.77039851500616,-30.382003440757806,-36.77039851500616
grid-r024-c056,24,56,11.399999618530273,5.000000476837158,0.44999998807907104,-40.05681237210793,-30.500651632197144,-36.05681237210793
grid-r024-c057,24,57,11.600000381469727,5.000000476837158,0.44999998807907104,-40.07360975409976,-30.615956840794233,-36.07360975409976
grid-r025-c000,25,0,0.19999980926513672,5.200000762939453,0.44999998807907104,-37.61505511872343,-26.998049403223078,-33.61505511872343
grid-r025-c001,25,1,0.40000009536743164,5.200000762939453,0.44999998807907104,-38.486061713935456,-26.880903464169684,-34.486061713935456
grid-r025-c002,25,2,0.5999999046325684,5.200000762939453,0.44999998807907104,-38.16705125736909,-26.763722057731442,-34.16705125736909
grid-r025-c003,25,3,0.7999997138977051,5.200000762939453,0.44999998807907104,-37.80099938013513,-26.647210732160925,-33.80099938013513
grid-r025-c004,25,4,1.0,5.200000762939453,0.44999998807907104,-38.53872818876451,-26.532220960105327,-34.53872818876451
grid-r025-c005,25,5,1.1999998092651367,5.200000762939453,0.44999998807907104,-38.40877852396041,-26.41977256961408,-34.40877852396041
grid-r025-c006,25,6,1.4000000953674316,5.200000762939453,0.44999998807907104,-38.25508970821999,-26.311074511209167,-34.25508970821999
grid-r025-c007,25,7,1.5999999046325684,5.200000762939453,0.44999998807907104,-37.92883584619217,-26.207549665973108,-33.92883584619217
grid-r025-c008,25,8,1.799999713897705,5.200000762939453,0.44999998807907104,-38.56053582771772,-26.110854019089302,-34.56053582771772
grid-r025-c009,25,9,2.0,5.200000762939453,0.44999998807907104,-38.723418205796925,-26.022894336703015,-34.723418205796925
grid-r025-c010,25,10,2.200000047683716,5.200000762939453,0.44999998807907104,-38.6239587652808,-25.94583767954699,-34.6239587652808
grid-r025-c011,25,11,2.3999998569488525,5.200000762939453,0.44999998807907104,-38.85257377234539,-25.882106852128807,-34.85257377234539
grid-r025-c012,25,12,2.5999999046325684,5.200000762939453,0.44999998807907104,-38.65101582656819,-25.834358002302245,-34.65101582656819
grid-r025-c013,25,13,2.799999952316284,5.200000762939453,0.44999998807907104,-38.58435910139886,-25.805431563951544,-34.58435910139886
grid-r025-c014,25,14,3.0,5.200000762939453,0.44999998807907104,-38.84211756931375,-25.79826712294129,-34.84211756931375
grid-r025-c015,25,15,3.200000047683716,5.200000762939453,0.44999998807907104,-38.854844406642464,-25.815774722024763,-34.854844406642464
grid-r025-c016,25,16,3.3999998569488525,5.200000762939453,0.44999998807907104,-38.88186250457457,-25.86065543296679,-34.88186250457457
grid-r025-c017,25,17,3.5999999046325684,5.200000762939453,0.44999998807907104,-38.4955081867027,-25.935169841318476,-34.4955081867027
grid-r025-c018,25,18,3.799999952316284,5.200000762939453,0.44999998807907104,-38.97394798568813,-26.040860170974142,-34.97394798568813
grid-r025-c019,25,19,4.0,5.200000762939453,0.44999998807907104,-38.81839716944213,-26.178246000212706,-34.81839716944213
grid-r025-c020,25,20,4.199999809265137,5.200000762939453,0.44999998807907104,-38.56832960515955,-26.346526556527742,-34.56832960515955
grid-r025-c021,25,21,4.400000095367432,5.200000762939453,0.44999998807907104,-38.85387389511581,-26.543339984272794,-34.85387389511581
grid-r025-c022,25,22,4.599999904632568,5.200000762939453,0.44999998807907104,-37.99861547179505,-26.764632595252767,-33.99861547179505
grid-r025-c023,25,23,4.800000190734863,5.200000762939453,0.44999998807907104,-38.39116294885267,-27.004703360754473,-34.39116294885267
grid-r025-c024,25,24,5.0,5.200000762939453,0.44999998807907104,-39.14406722002484,-27.25644714166954,-35.14406722002484
grid-r025-c025,25,25,5.199999809265137,5.200000762939453,0.44999998807907104,-39.514296145175784,-27.511814858429663,-35.514296145175784
grid-r025-c026,25,26,5.400000095367432,5.200000762939453,0.44999998807907104,-38.86693118640213,-27.762434899093456,-34.86693118640213
grid-r025-c027,25,27,5.599999904632568,5.200000762939453,0.44999998807907104,-39.61295358892527,-28.000317696599016,-35.61295358892527
grid-r025-c028,25,28,5.800000190734863,5.200000762939453,0.44999998807907104,-38.66839890686137,-28.218542071575843,-34.66839890686137
grid-r025-c029,25,29,6.0,5.200000762939453,0.44999998807907104,-39.403020286164214,-28.411804099219257,-35.403020286164214
grid-r025-c030,25,30,6.199999809265137,5.200000762939453,0.44999998807907104,-39.08972766388396,-28.576769505503005,-35.08972766388396
grid-r025-c031,25,31,6.400000095367432,5.200000762939453,0.44999998807907104,-39.49795195226423,-28.712184935093664,-35.49795195226423
grid-r025-c032,25,32,6.599999904632568,5.200000762939453,0.44999998807907104,-39.3783515296166,-28.818769906671434,-35.3783515296166
grid-r025-c033,25,33,6.800000190734863,5.200000762939453,0.44999998807907104,-39.30456835677304,-28.898939985537634,-35.30456835677304
grid-r025-c034,25,34,7.0,5.200000762939453,0.44999998807907104,-39.51810171826474,-28.956419011420063,-35.51810171826474
grid-r025-c035,25,35,7.199999809265137,5.200000762939453,0.44999998807907104,-40.1503063539586,-28.995811697098226,-36.1503063539586
grid-r025-c036,25,36,7.400000095367432,5.200000762939453,0.44999998807907104,-40.09904798679827,-29.022182054710875,-36.09904798679827
grid-r025-c037,25,37,7.599999904632568,5.200000762939453,0.44999998807907104,-40.21376980015191,-29.04067530899973,-36.21376980015191
grid-r025-c038,25,38,7.800000190734863,5.200000762939453,0.44999998807907104,-39.81881691480092,-29.056201959149927,-35.81881691480092
grid-r025-c039,25,39,8.0,5.200000762939453,0.44999998807907104,-39.965818766813015,-29.07319009111766,-35.965818766813015
grid-r025-c040,25,40,8.199999809265137,5.200000762939453,0.44999998807907104,-39.573883028311904,-29.09540737712403,-35.573883028311904
grid-r025-c041,25,41,8.399999618530273,5.200000762939453,0.44999998807907104,-39.82799854858156,-29.125847746574475,-35.82799854858156
grid-r025-c042,25,42,8.600000381469727,5.200000762939453,0.44999998807907104,-39.692926548252416,-29.1666779350603,-35.692926548252416
grid-r025-c043,25,43,8.800000190734863,5.200000762939453,0.44999998807907104,-38.87679010529524,-29.219235937299693,-34.87679010529524
grid-r025-c044,25,44,9.0,5.200000762939453,0.44999998807907104,-41.133383366035744,-29.284077146803888,-37.133383366035744
grid-r025-c045,25,45,9.199999809265137,5.200000762939453,0.44999998807907104,-40.02450845668997,-29.361055964825997,-36.02450845668997
grid-r025-c046,25,46,9.399999618530273,5.200000762939453,0.44999998807907104,-40.836646386069724,-29.44943613699939,-36.836646386069724
grid-r025-c047,25,47,9.600000381469727,5.200000762939453,0.44999998807907104,-40.51186620415778,-29.548018855817862,-36.51186620415778
grid-r025-c048,25,48,9.800000190734863,5.200000762939453,0.44999998807907104,-39.709814880351814,-29.65527524515456,-35.709814880351814
grid-r025-c049,25,49,10.0,5.200000762939453,0.44999998807907104,-37.67153423934607,-29.769480424441834,-33.67153423934607
grid-r025-c050,25,50,10.200000762939453,5.200000762939453,0.44999998807907104,-41.38368355639554,-29.888831854948013,-37.38368355639554
grid-r025-c051,25,51,10.399999618530273,5.200000762939453,0.44999998807907104,-40.17849815993917,-30.011548665197516,-36.17849815993917
grid-r025-c052,25,52,10.600000381469727,5.200000762939453,0.44999998807907104,-42.28350741903523,-30.13595832026634,-38.28350741903523
grid-r025-c053,25,53,10.800000190734863,5.200000762939453,0.44999998807907104,-40.59459656477167,-30.26054612888289,-36.59459656477167
grid-r025-c054,25,54,11.0,5.200000762939453,0.44999998807907104,-40.43007915843786,-30.383997769743033,-36.43007915843786
grid-r025-c055,25,55,11.200000762939453,5.200000762939453,0.44999998807907104,-41.31351836449827,-30.505213933553318,-37.31351836449827
grid-r025-c056,25,56,11.399999618530273,5.200000762939453,0.44999998807907104,-41.324323400635436,-30.62330953940499,-37.324323400635436
grid-r025-c057,25,57,11.600000381469727,5.200000762939453,0.44999998807907104,-41.72593809352062,-30.737609762276797,-37.72593809352062
grid-r026-c000,26,0,0.19999980926513672,5.40000057220459,0.44999998807907104,-38.13469875288769,-27.091668604282603,-34.13469875288769
grid-r026-c001,26,1,0.40000009536743164,5.40000057220459,0.44999998807907104,-38.218581527305815,-26.978254881515586,-34.218581527305815
grid-r026-c002,26,2,0.5999999046325684,5.40000057220459,0.44999998807907104,-38.67641870812042,-26.865088247679527,-34.67641870812042
grid-r026-c003,26,3,0.7999997138977051,5.40000057220459,0.44999998807907104,-38.70428920732102,-26.752895523821817,-34.70428920732102
grid-r026-c004,26,4,1.0,5.40000057220459,0.44999998807907104,-38.221887025153485,-26.642547512028287,-34.221887025153485
grid-r026-c005,26,5,1.1999998092651367,5.40000057220459,0.44999998807907104,-37.74545745161692,-26.53507952683995,-33.74545745161692
grid-r026-c006,26,6,1.4000000953674316,5.40000057220459,0.44999998807907104,-38.81773899751518,-26.43170968773778,-34.81773899751518
grid-r026-c007,26,7,1.5999999046325684,5.40000057220459,0.44999998807907104,-38.77750856561347,-26.33386022865061,-34.77750856561347
grid-r026-c008,26,8,1.799999713897705,5.40000057220459,0.44999998807907104,-38.7655492415086,-26.24317235308955,-34.7655492415086
grid-r026-c009,26,9,2.0,5.40000057220459,0.44999998807907104,-37.479624948987606,-26.161518356118528,-33.479624948987606
grid-r026-c010,26,10,2.200000047683716,5.40000057220459,0.44999998807907104,-38.33916732185816,-26.091004442899226,-34.33916732185816
grid-r026-c011,26,11,2.3999998569488525,5.40000057220459,0.44999998807907104,-38.43638687663427,-26.033958605962354,-34.43638687663427
grid-r026-c012,26,12,2.5999999046325684,5.40000057220459,0.44999998807907104,-38.64391777248046,-25.9929000612339,-34.64391777248046
grid-r026-c013,26,13,2.799999952316284,5.40000057220459,0.44999998807907104,-38.29529987218361,-25.970482341983207,-34.29529987218361
grid-r026-c014,26,14,3.0,5.40000057220459,0.44999998807907104,-38.87364505140675,-25.96940219236073,-34.87364505140675
grid-r026-c015,26,15,3.200000047683716,5.40000057220459,0.44999998807907104,-38.874029819999514,-25.992268786941516,-34.874029819999514
grid-r026-c016,26,16,3.3999998569488525,5.40000057220459,0.44999998807907104,-38.774877301303796,-26.04142890290278,-34.774877301303796
grid-r026-c017,26,17,3.5999999046325684,5.40000057220459,0.44999998807907104,-39.048731957016614,-26.118749803039087,-35.048731957016614
grid-r026-c018,26,18,3.799999952316284,5.40000057220459,0.44999998807907104,-38.85716176836813,-26.22536823844753,-34.85716176836813
grid-r026-c019,26,19,4.0,5.40000057220459,0.44999998807907104,-38.379794592244856,-26.361426934538745,-34.379794592244856
grid-r026-c020,26,20,4.199999809265137,5.40000057220459,0.44999998807907104,-38.8567523082135,-26.525829915604394,-34.8567523082135
grid-r026-c021,26,21,4.400000095367432,5.40000057220459,0.44999998807907104,-39.038488410437935,-26.716061337607247,-35.038488410437935
grid-r026-c022,26,22,4.599999904632568,5.40000057220459,0.44999998807907104,-38.733111206244814,-26.928110669948957,-34.733111206244814
grid-r026-c023,26,23,4.800000190734863,5.40000057220459,0.44999998807907104,-38.85980312571304,-27.156555521648386,-34.85980312571304
grid-r026-c024,26,24,5.0,5.40000057220459,0.44999998807907104,-38.957405373577494,-27.394812408057618,-34.957405373577494
grid-r026-c025,26,25,5.199999809265137,5.40000057220459,0.44999998807907104,-39.15448308846372,-27.635564048661482,-35.15448308846372
grid-r026-c026,26,26,5.400000095367432,5.40000057220459,0.44999998807907104,-39.27509733413329,-27.871308347918536,-35.27509733413329
grid-r026-c027,26,27,5.599999904632568,5.40000057220459,0.44999998807907104,-39.03844013783072,-28.094962077335087,-35.03844013783072
grid-r026-c028,26,28,5.800000190734863,5.40000057220459,0.44999998807907104,-39.439498506375244,-28.30043746861759,-35.439498506375244
grid-r026-c029,26,29,6.0,5.40000057220459,0.44999998807907104,-39.15728279729683,-28.48309610573111,-35.15728279729683
grid-r026-c030,26,30,6.199999809265137,5.40000057220459,0.44999998807907104,-39.36713995598038,-28.640038469796984,-35.36713995598038
grid-r026-c031,26,31,6.400000095367432,5.40000057220459,0.44999998807907104,-39.68003034267213,-28.770194028272726,-35.68003034267213
grid-r026-c032,26,32,6.599999904632568,5.40000057220459,0.44999998807907104,-39.20230686294004,-28.874231128998268,-35.20230686294004
grid-r026-c033,26,33,6.800000190734863,5.40000057220459,0.44999998807907104,-40.10020942561966,-28.954326875899408,-36.10020942561966
grid-r026-c034,26,34,7.0,5.40000057220459,0.44999998807907104,-40.35190193710872,-29.013840945969235,-36.35190193710872
grid-r026-c035,26,35,7.199999809265137,5.40000057220459,0.44999998807907104,-38.81867964981359,-29.056951064927773,-34.81867964981359
grid-r026-c036,26,36,7.400000095367432,5.40000057220459,0.44999998807907104,-39.822560609166885,-29.08828578258581,-35.822560609166885
grid-r026-c037,26,37,7.599999904632568,5.40000057220459,0.44999998807907104,-39.97056962545414,-29.112586610331903,-35.97056962545414
grid-r026-c038,26,38,7.800000190734863,5.40000057220459,0.44999998807907104,-40.844058670179955,-29.134416873611418,-36.844058670179955
grid-r026-c039,26,39,8.0,5.40000057220459,0.44999998807907104,-40.55154295499463,-29.15792436610265,-36.55154295499463
grid-r026-c040,26,40,8.199999809265137,5.40000057220459,0.44999998807907104,-41.76949504283867,-29.18666260386154,-37.76949504283867
grid-r026-c041,26,41,8.399999618530273,5.40000057220459,0.44999998807907104,-39.842290741306094,-29.223468909961724,-35.842290741306094
grid-r026-c042,26,42,8.600000381469727,5.40000057220459,0.44999998807907104,-41.608516715587605,-29.270398393526538,-37.608516715587605
grid-r026-c043,26,43,8.800000190734863,5.40000057220459,0.44999998807907104,-39.74337608502382,-29.328708723743492,-35.74337608502382
grid-r026-c044,26,44,9.0,5.40000057220459,0.44999998807907104,-40.756609195333915,-29.398894344832406,-36.756609195333915
grid-r026-c045,26,45,9.199999809265137,5.40000057220459,0.44999998807907104,-39.20833838935345,-29.480758887999183,-35.20833838935345
grid-r026-c046,26,46,9.399999618530273,5.40000057220459,0.44999998807907104,-40.53668182508478,-29.573520151185594,-36.53668182508478
grid-r026-c047,26,47,9.600000381469727,5.40000057220459,0.44999998807907104,-40.632561297472364,-29.67593639579653,-36.632561297472364
grid-r026-c048,26,48,9.800000190734863,5.40000057220459,0.44999998807907104,-39.65247636730987,-29.786439764407284,-35.65247636730987
grid-r026-c049,26,49,10.0,5.40000057220459,0.44999998807907104,-41.19296388066742,-29.903273198474533,-37.19296388066742
grid-r026-c050,26,50,10.200000762939453,5.40000057220459,0.44999998807907104,-40.113999141321784,-30.024612041668984,-36.113999141321784
grid-r026-c051,26,51,10.399999618530273,5.40000057220459,0.44999998807907104,-40.35653595367633,-30.148666257046404,-36.35653595367633
grid-r026-c052,26,52,10.600000381469727,5.40000057220459,0.44999998807907104,-40.448700697313676,-30.273768995469553,-36.448700697313676
grid-r026-c053,26,53,10.800000190734863,5.40000057220459,0.44999998807907104,-40.18367765681966,-30.39842642318698,-36.18367765681966
grid-r026-c054,26,54,11.0,5.40000057220459,0.44999998807907104,-40.50989214151559,-30.521359325501116,-36.50989214151559
grid-r026-c055,26,55,11.200000762939453,5.40000057220459,0.44999998807907104,-40.812221317724266,-30.64151560103351,-36.812221317724266
grid-r026-c056,26,56,11.399999618530273,5.40000057220459,0.44999998807907104,-40.29954485440602,-30.758066647009894,-36.29954485440602
grid-r026-c057,26,57,11.600000381469727,5.40000057220459,0.44999998807907104,-41.09145052424693,-30.870400110120784,-37.09145052424693
grid-r027-c000,27,0,0.19999980926513672,5.600000381469727,0.44999998807907104,-38.34601441487078,-27.19555883427739,-34.34601441487078
grid-r027-c001,27,1,0.40000009536743164,5.600000381469727,0.44999998807907104,-38.165067816743814,-27.08646848129152,-34.165067816743814
grid-r027-c002,27,2,0.5999999046325684,5.600000381469727,0.44999998807907104,-38.98139255953369,-26.977931910297855,-34.98139255953369
grid-r027-c003,27,3,0.7999997138977051,5.600000381469727,0.44999998807907104,-38.60607887186419,-26.870693846292994,-34.60607887186419
grid-r027-c004,27,4,1.0,5.600000381469727,0.44999998807907104,-39.00466249363661,-26.76563951820105,-35.00466249363661
grid-r027-c005,27,5,1.1999998092651367,5.600000381469727,0.44999998807907104,-37.9834996121152,-26.663812945961624,-33.9834996121152
grid-r027-c006,27,6,1.4000000953674316,5.600000381469727,0.44999998807907104,-38.4965453654847,-26.56643241192799,-34.4965453654847
grid-r027-c007,27,7,1.5999999046325684,5.600000381469727,0.44999998807907104,-36.03660161738654,-26.474907915186616,-32.03660161738654
grid-r027-c008,27,8,1.799999713897705,5.600000381469727,0.44999998807907104,-37.33776961663644,-26.390851439531524,-33.33776961663644
grid-r027-c009,27,9,2.0,5.600000381469727,0.44999998807907104,-38.74031270538161,-26.316083377225404,-34.74031270538161
grid-r027-c010,27,10,2.200000047683716,5.600000381469727,0.44999998807907104,-38.97358739625198,-26.252628760480167,-34.97358739625198
grid-r027-c011,27,11,2.3999998569488525,5.600000381469727,0.44999998807907104,-38.71547945252102,-26.202698073169714,-34.71547945252102
grid-r027-c012,27,12,2.5999999046325684,5.600000381469727,0.44999998807907104,-39.02299831669298,-26.168649572932424,-35.02299831669298
grid-r027-c013,27,13,2.799999952316284,5.600000381469727,0.44999998807907104,-38.89491514847062,-26.152926295309456,-34.89491514847062
grid-r027-c014,27,14,3.0,5.600000381469727,0.44999998807907104,-39.15338272427658,-26.157961556562064,-35.15338272427658
grid-r027-c015,27,15,3.200000047683716,5.600000381469727,0.44999998807907104,-39.02371200501122,-26.186049466296073,-35.02371200501122
grid-r027-c016,27,16,3.3999998569488525,5.600000381469727,0.44999998807907104,-38.38339392226164,-26.239178635872506,-34.38339392226164
grid-r027-c017,27,17,3.5999999046325684,5.600000381469727,0.44999998807907104,-38.446481847477315,-26.31883338938006,-34.446481847477315
grid-r027-c018,27,18,3.799999952316284,5.600000381469727,0.44999998807907104,-39.473891580229086,-26.425772655303565,-35.473891580229086
grid-r027-c019,27,19,4.0,5.600000381469727,0.44999998807907104,-39.17008270968189,-26.559808119880493,-35.17008270968189
grid-r027-c020,27,20,4.199999809265137,5.600000381469727,0.44999998807907104,-38.045559253646914,-26.71961019990392,-34.045559253646914
grid-r027-c021,27,21,4.400000095367432,5.600000381469727,0.44999998807907104,-38.926663466778784,-26.902580100627503,-34.926663466778784
grid-r027-c022,27,22,4.599999904632568,5.600000381469727,0.44999998807907104,-38.93985088819348,-27.104821030711392,-34.93985088819348
grid-r027-c023,27,23,4.800000190734863,5.600000381469727,0.44999998807907104,-39.288523448281396,-27.32124765374102,-35.288523448281396
grid-r027-c024,27,24,5.0,5.600000381469727,0.44999998807907104,-38.468569121987166,-27.54583389834127,-34.468569121987166
grid-r027-c025,27,25,5.199999809265137,5.600000381469727,0.44999998807907104,-39.27567732705925,-27.77200136002386,-35.27567732705925
grid-r027-c026,27,26,5.400000095367432,5.600000381469727,0.44999998807907104,-36.87057135226575,-27.993096582676323,-32.87057135226575
grid-r027-c027,27,27,5.599999904632568,5.600000381469727,0.44999998807907104,-39.23899357902865,-28.20290136227025,-35.23899357902865
grid-r027-c028,27,28,5.800000190734863,5.600000381469727,0.44999998807907104,-39.0827087543649,-28.396111529720457,-35.0827087543649
grid-r027-c029,27,29,6.0,5.600000381469727,0.44999998807907104,-39.73251499756004,-28.5687082983939,-35.73251499756004
grid-r027-c030,27,30,6.199999809265137,5.600000381469727,0.44999998807907104,-39.27202274342555,-28.7181940966181,-35.27202274342555
grid-r027-c031,27,31,6.400000095367432,5.600000381469727,0.44999998807907104,-40.03464601211931,-28.84366507148956,-36.03464601211931
grid-r027-c032,27,32,6.599999904632568,5.600000381469727,0.44999998807907104,-39.80439395663629,-28.945736924787287,-35.80439395663629
grid-r027-c033,27,33,6.800000190734863,5.600000381469727,0.44999998807907104,-39.51249654991473,-29.026355633631837,-35.51249654991473
grid-r027-c034,27,34,7.0,5.600000381469727,0.44999998807907104,-39.91594746663007,-29.088525586762632,-35.91594746663007
grid-r027-c035,27,35,7.199999809265137,5.600000381469727,0.44999998807907104,-39.87298397031711,-29.136001556461682,-35.87298397031711
grid-r027-c036,27,36,7.400000095367432,5.600000381469727,0.44999998807907104,-40.07449266827369,-29.17297172623027,-36.07449266827369
grid-r027-c037,27,37,7.599999904632568,5.600000381469727,0.44999998807907104,-40.04309654740081,-29.203758721093767,-36.04309654740081
grid-r027-c038,27,38,7.800000190734863,5.600000381469727,0.44999998807907104,-39.76446308784794,-29.232554404622316,-35.76446308784794
grid-r027-c039,27,39,8.0,5.600000381469727,0.44999998807907104,-40.434771470973715,-29.263195734580496,-36.434771470973715
grid-r027-c040,27,40,8.199999809265137,5.600000381469727,0.44999998807907104,-40.94196353814739,-29.29898900680131,-36.94196353814739
grid-r027-c041,27,41,8.399999618530273,5.600000381469727,0.44999998807907104,-40.311394818590756,-29.34258312306808,-36.311394818590756
grid-r027-c042,27,42,8.600000381469727,5.600000381469727,0.44999998807907104,-39.40734806817564,-29.39589423103038,-35.40734806817564
grid-r027-c043,27,43,8.800000190734863,5.600000381469727,0.44999998807907104,-40.63220405747343,-29.460079139288993,-36.63220405747343
grid-r027-c044,27,44,9.0,5.600000381469727,0.44999998807907104,-39.78225932140988,-29.535558913460324,-35.78225932140988
grid-r027-c045,27,45,9.199999809265137,5.600000381469727,0.44999998807907104,-39.21897408222263,-29.622082416471304,-35.21897408222263
grid-r027-c046,27,46,9.399999618530273,5.600000381469727,0.44999998807907104,-40.72469213988094,-29.71882547820397,-36.72469213988094
grid-r027-c047,27,47,9.600000381469727,5.600000381469727,0.44999998807907104,-39.975776882765814,-29.824514372246018,-35.975776882765814
grid-r027-c048,27,48,9.800000190734863,5.600000381469727,0.44999998807907104,-40.897105558873996,-29.937558836405564,-36.897105558873996
grid-r027-c049,27,49,10.0,5.600000381469727,0.44999998807907104,-40.78278353840594,-30.056190342643553,-36.78278353840594
grid-r027-c050,27,50,10.200000762939453,5.600000381469727,0.44999998807907104,-40.627312455378075,-30.17858547247187,-36.627312455378075
grid-r027-c051,27,51,10.399999618530273,5.600000381469727,0.44999998807907104,-40.633854003622965,-30.30296964490424,-36.633854003622965
grid-r027-c052,27,52,10.600000381469727,5.600000381469727,0.44999998807907104,-39.24244047711342,-30.42770628042308,-35.24244047711342
grid-r027-c053,27,53,10.800000190734863,5.600000381469727,0.44999998807907104,-42.8534816245034,-30.551345954039007,-38.8534816245034
grid-r027-c054,27,54,11.0,5.600000381469727,0.44999998807907104,-40.587721795434376,-30.672666176607088,-36.587721795434376
grid-r027-c055,27,55,11.200000762939453,5.600000381469727,0.44999998807907104,-40.41431937545034,-30.79068114364683,-36.41431937545034
grid-r027-c056,27,56,11.399999618530273,5.600000381469727,0.44999998807907104,-43.25194655968332,-30.90463492094761,-39.25194655968332
grid-r027-c057,27,57,11.600000381469727,5.600000381469727,0.44999998807907104,-39.886233696800886,-31.013990687741067,-35.886233696800886
grid-r028-c000,28,0,0.19999980926513672,5.800000190734863,0.44999998807907104,-38.428149804999094,-27.30926591220549,-34.428149804999094
grid-r028-c001,28,1,0.40000009536743164,5.800000190734863,0.44999998807907104,-39.20074453071578,-27.205024909378018,-35.20074453071578
grid-r028-c002,28,2,0.5999999046325684,5.800000190734863,0.44999998807907104,-38.52741239313752,-27.101658475085408,-34.52741239313752
grid-r028-c003,28,3,0.7999997138977051,5.800000190734863,0.44999998807907104,-38.87526893031002,-26.999924577199018,-34.87526893031002
grid-r028-c004,28,4,1.0,5.800000190734863,0.44999998807907104,-38.94097273530897,-26.90071665902903,-34.94097273530897
grid-r028-c005,28,5,1.1999998092651367,5.800000190734863,0.44999998807907104,-38.36101950917916,-26.80507941794002,-34.36101950917916
grid-r028-c006,28,6,1.4000000953674316,5.800000190734863,0.44999998807907104,-38.697770099244686,-26.71422122701362,-34.697770099244686
grid-r028-c007,28,7,1.5999999046325684,5.800000190734863,0.44999998807907104,-38.595260252260424,-26.62952754996831,-34.595260252260424
grid-r028-c008,28,8,1.799999713897705,5.800000190734863,0.44999998807907104,-38.6686765210301,-26.552566582210066,-34.6686765210301
grid-r028-c009,28,9,2.0,5.800000190734863,0.44999998807907104,-39.27487212721076,-26.48509013229725,-35.27487212721076
grid-r028-c010,28,10,2.200000047683716,5.800000190734863,0.44999998807907104,-38.70616910743932,-26.429023739804045,-34.70616910743932
grid-r028-c011,28,11,2.3999998569488525,5.800000190734863,0.44999998807907104,-38.901437041586064,-26.386441339345406,-34.901437041586064
grid-r028-c012,28,12,2.5999999046325684,5.800000190734863,0.44999998807907104,-38.303872200236746,-26.359521939535448,-34.303872200236746
grid-r028-c013,28,13,2.799999952316284,5.800000190734863,0.44999998807907104,-39.08464547214643,-26.350482652853323,-35.08464547214643
grid-r028-c014,28,14,3.0,5.800000190734863,0.44999998807907104,-39.56588833262191,-26.361483566160764,-35.56588833262191
grid-r028-c015,28,15,3.200000047683716,5.800000190734863,0.44999998807907104,-38.77470675623027,-26.394502779199755,-34.77470675623027
grid-r028-c016,28,16,3.3999998569488525,5.800000190734863,0.44999998807907104,-39.064545142332435,-26.45118195894994,-35.064545142332435
grid-r028-c017,28,17,3.5999999046325684,5.800000190734863,0.44999998807907104,-38.90124611869658,-26.532648579443073,-34.90124611869658
grid-r028-c018,28,18,3.799999952316284,5.800000190734863,0.44999998807907104,-39.02550226205349,-26.63932586963352,-35.02550226205349
grid-r028-c019,28,19,4.0,5.800000190734863,0.44999998807907104,-38.74644504750299,-26.77075123929426,-34.74644504750299
grid-r028-c020,28,20,4.199999809265137,5.800000190734863,0.44999998807907104,-38.42937563515935,-26.92542817451732,-34.42937563515935
grid-r028-c021,28,21,4.400000095367432,5.800000190734863,0.44999998807907104,-38.63473598703611,-27.10074336465136,-34.63473598703611
grid-r028-c022,28,22,4.599999904632568,5.800000190734863,0.44999998807907104,-39.581789781481845,-27.29297336172142,-35.581789781481845
grid-r028-c023,28,23,4.800000190734863,5.800000190734863,0.44999998807907104,-39.08026390223311,-27.497409779096362,-35.08026390223311
grid-r028-c024,28,24,5.0,5.800000190734863,0.44999998807907104,-39.89141731550751,-27.70859592110928,-35.89141731550751
grid-r028-c025,28,25,5.199999809265137,5.800000190734863,0.44999998807907104,-39.36005940356112,-27.920673440413353,-35.36005940356112
grid-r028-c026,28,26,5.400000095367432,5.800000190734863,0.44999998807907104,-38.99855307851384,-28.127791852953766,-34.99855307851384
grid-r028-c027,28,27,5.599999904632568,5.800000190734863,0.44999998807907104,-39.1360914955129,-28.324535448237192,-35.1360914955129
grid-r028-c028,28,28,5.800000190734863,5.800000190734863,0.44999998807907104,-38.77281147569257,-28.506317572244427,-34.77281147569257
grid-r028-c029,28,29,6.0,5.800000190734863,0.44999998807907104,-39.33407809022622,-28.66968222189157,-35.33407809022622
grid-r028-c030,28,30,6.199999809265137,5.800000190734863,0.44999998807907104,-40.11650378867499,-28.812495086915845,-36.11650378867499
grid-r028-c031,28,31,6.400000095367432,5.800000190734863,0.44999998807907104,-39.822923685116535,-28.934001633284147,-35.822923685116535
grid-r028-c032,28,32,6.599999904632568,5.800000190734863,0.44999998807907104,-40.383852922280845,-29.034766433323068,-36.383852922280845
grid-r028-c033,28,33,6.800000190734863,5.800000190734863,0.44999998807907104,-40.10572532018834,-29.116518355325933,-36.10572532018834
grid-r028-c034,28,34,7.0,5.800000190734863,0.44999998807907104,-40.41675259148056,-29.181925025987052,-36.41675259148056
grid-r028-c035,28,35,7.199999809265137,5.800000190734863,0.44999998807907104,-40.461895441666655,-29.234333919944408,-36.461895441666655
grid-r028-c036,28,36,7.400000095367432,5.800000190734863,0.44999998807907104,-38.8553614186678,-29.277500321608322,-34.8553614186678
grid-r028-c037,28,37,7.599999904632568,5.800000190734863,0.44999998807907104,-40.02201460699031,-29.315324641540027,-36.02201460699031
grid-r028-c038,28,38,7.800000190734863,5.800000190734863,0.44999998807907104,-40.03236917864365,-29.351613189143666,-36.03236917864365
grid-r028-c039,28,39,8.0,5.800000190734863,0.44999998807907104,-40.42829748441714,-29.38986930931534,-36.42829748441714
grid-r028-c040,28,40,8.199999809265137,5.800000190734863,0.44999998807907104,-39.5531976461471,-29.433124008974314,-35.5531976461471
grid-r028-c041,28,41,8.399999618530273,5.800000190734863,0.44999998807907104,-40.76828778283598,-29.483808288678762,-36.76828778283598
grid-r028-c042,28,42,8.600000381469727,5.800000190734863,0.44999998807907104,-37.76082142963324,-29.54367215274244,-33.76082142963324
grid-r028-c043,28,43,8.800000190734863,5.800000190734863,0.44999998807907104,-40.87619034328766,-29.61374969745759,-36.87619034328766
grid-r028-c044,28,44,9.0,5.800000190734863,0.44999998807907104,-41.102994207667855,-29.694374170934385,-37.102994207667855
grid-r028-c045,28,45,9.199999809265137,5.800000190734863,0.44999998807907104,-40.17240156252878,-29.785233673214883,-36.17240156252878
grid-r028-c046,28,46,9.399999618530273,5.800000190734863,0.44999998807907104,-38.580568723569,-29.885464585544273,-34.580568723569
grid-r028-c047,28,47,9.600000381469727,5.800000190734863,0.44999998807907104,-39.92069253233632,-29.993771505848482,-35.92069253233632
grid-r028-c048,28,48,9.800000190734863,5.800000190734863,0.44999998807907104,-40.75607383396975,-30.10855861010823,-36.75607383396975
grid-r028-c049,28,49,10.0,5.800000190734863,0.44999998807907104,-40.18191546104379,-30.22806765380411,-36.18191546104379
grid-r028-c050,28,50,10.200000762939453,5.800000190734863,0.44999998807907104,-41.60385305689274,-30.35050140055717,-37.60385305689274
grid-r028-c051,28,51,10.399999618530273,5.800000190734863,0.44999998807907104,-40.49545069009035,-30.474127196036534,-36.49545069009035
grid-r028-c052,28,52,10.600000381469727,5.800000190734863,0.44999998807907104,-39.708559825566525,-30.59736514228221,-35.708559825566525
grid-r028-c053,28,53,10.800000190734863,5.800000190734863,0.44999998807907104,-40.662236630081594,-30.718835358400696,-36.662236630081594
grid-r028-c054,28,54,11.0,5.800000190734863,0.44999998807907104,-41.45011241652975,-30.837394878293853,-37.45011241652975
grid-r028-c055,28,55,11.200000762939453,5.800000190734863,0.44999998807907104,-41.49935561353202,-30.952143976282617,-37.49935561353202
grid-r028-c056,28,56,11.399999618530273,5.800000190734863,0.44999998807907104,-40.3409890571299,-31.06241577132152,-36.3409890571299
grid-r028-c057,28,57,11.600000381469727,5.800000190734863,0.44999998807907104,-41.99113958718379,-31.167761769113017,-37.99113958718379
grid-r029-c000,29,0,0.19999980926513672,6.000000476837158,0.44999998807907104,-37.99366225069764,-27.43227112181672,-33.99366225069764
grid-r029-c001,29,1,0.40000009536743164,6.000000476837158,0.44999998807907104,-38.047102733274954,-27.333336768289346,-34.047102733274954
grid-r029-c002,29,2,0.5999999046325684,6.000000476837158,0.44999998807907104,-39.0131558687544,-27.235602383199026,-35.0131558687544
grid-r029-c003,29,3,0.7999997138977051,6.000000476837158,0.44999998807907104,-38.90998656305985,-27.139833557086394,-34.90998656305985
grid-r029-c004,29,4,1.0,6.000000476837158,0.44999998807907104,-38.33347626141049,-27.046924859230753,-34.33347626141049
grid-r029-c005,29,5,1.1999998092651367,6.000000476837158,0.44999998807907104,-39.48690592309646,-26.957912941966136,-35.48690592309646
grid-r029-c006,29,6,1.4000000953674316,6.000000476837158,0.44999998807907104,-38.519220097954104,-26.873985816591365,-34.519220097954104
grid-r029-c007,29,7,1.5999999046325684,6.000000476837158,0.44999998807907104,-38.80382679221104,-26.796492224237333,-34.80382679221104
grid-r029-c008,29,8,1.799999713897705,6.000000476837158,0.44999998807907104,-38.85802028003225,-26.726942831865,-34.85802028003225
grid-r029-c009,29,9,2.0,6.000000476837158,0.44999998807907104,-36.960826309765565,-26.667005994837133,-32.960826309765565
grid-r029-c010,29,10,2.200000047683716,6.000000476837158,0.44999998807907104,-38.58381171468257,-26.618492531380078,-34.58381171468257
grid-r029-c011,29,11,2.3999998569488525,6.000000476837158,0.44999998807907104,-37.20682444791948,-26.583325449282604,-33.20682444791948
grid-r029-c012,29,12,2.5999999046325684,6.000000476837158,0.44999998807907104,-39.02695267859961,-26.563492691685173,-35.02695267859961
grid-r029-c013,29,13,2.799999952316284,6.000000476837158,0.44999998807907104,-38.15682495235376,-26.560978414579843,-34.15682495235376
grid-r029-c014,29,14,3.0,6.000000476837158,0.44999998807907104,-37.25874189105542,-26.57766985276847,-33.25874189105542
grid-r029-c015,29,15,3.200000047683716,6.000000476837158,0.44999998807907104,-38.76402678375311,-26.61523964259438,-34.76402678375311
grid-r029-c016,29,16,3.3999998569488525,6.000000476837158,0.44999998807907104,-39.34342440146359,-26.675005626033215,-35.34342440146359
grid-r029-c017,29,17,3.5999999046325684,6.000000476837158,0.44999998807907104,-38.87745957586958,-26.75777546663421,-34.87745957586958
grid-r029-c018,29,18,3.799999952316284,6.000000476837158,0.44999998807907104,-39.18005267102985,-26.863687128659635,-35.18005267102985
grid-r029-c019,29,19,4.0,6.000000476837158,0.44999998807907104,-38.40897191238136,-26.992064419217595,-34.40897191238136
grid-r029-c020,29,20,4.199999809265137,6.000000476837158,0.44999998807907104,-39.00627484729497,-27.141308668347435,-35.00627484729497
grid-r029-c021,29,21,4.400000095367432,6.000000476837158,0.44999998807907104,-39.6394014495246,-27.30885217556692,-35.6394014495246
grid-r029-c022,29,22,4.599999904632568,6.000000476837158,0.44999998807907104,-38.79926443437321,-27.491190290148342,-34.79926443437321
grid-r029-c023,29,23,4.800000190734863,6.000000476837158,0.44999998807907104,-38.81894333981656,-27.684013247023504,-34.81894333981656
grid-r029-c024,29,24,5.0,6.000000476837158,0.44999998807907104,-39.163403966496766,-27.882425961992784,-35.163403966496766
grid-r029-c025,29,25,5.199999809265137,6.000000476837158,0.44999998807907104,-39.115570150135525,-28.08125278275654,-35.115570150135525
grid-r029-c026,29,26,5.400000095367432,6.000000476837158,0.44999998807907104,-39.619172569531344,-28.275385199200603,-35.619172569531344
grid-r029-c027,29,27,5.599999904632568,6.000000476837158,0.44999998807907104,-38.43646816890465,-28.460136259382082,-34.43646816890465
grid-r029-c028,29,28,5.800000190734863,6.000000476837158,0.44999998807907104,-39.85187242514585,-28.631563489498173,-35.85187242514585
grid-r029-c029,29,29,6.0,6.000000476837158,0.44999998807907104,-39.61118623996995,-28.786712690511052,-35.61118623996995
grid-r029-c030,29,30,6.199999809265137,6.000000476837158,0.44999998807907104,-39.532768159964206,-28.923772218800483,-35.532768159964206
grid-r029-c031,29,31,6.400000095367432,6.000000476837158,0.44999998807907104,-38.17838568918897,-29.042119273633208,-34.17838568918897
grid-r029-c032,29,32,6.599999904632568,6.000000476837158,0.44999998807907104,-40.256591178855665,-29.142270192928585,-36.256591178855665
grid-r029-c033,29,33,6.800000190734863,6.000000476837158,0.44999998807907104,-39.73485030677679,-29.225753927848867,-35.73485030677679
grid-r029-c034,29,34,7.0,6.000000476837158,0.44999998807907104,-39.92148622454016,-29.29492499750405,-35.92148622454016
grid-r029-c035,29,35,7.199999809265137,6.000000476837158,0.44999998807907104,-39.82485190894873,-29.352746201026296,-35.82485190894873
grid-r029-c036,29,36,7.400000095367432,6.000000476837158,0.44999998807907104,-39.45347086485043,-29.402555711345755,-35.45347086485043
grid-r029-c037,29,37,7.599999904632568,6.000000476837158,0.44999998807907104,-40.60363624635133,-29.447837290126536,-36.60363624635133
grid-r029-c038,29,38,7.800000190734863,6.000000476837158,0.44999998807907104,-40.28705692944801,-29.492006157934224,-36.28705692944801
grid-r029-c039,29,39,8.0,6.000000476837158,0.44999998807907104,-39.737284004869444,-29.53821666291479,-35.737284004869444
grid-r029-c040,29,40,8.199999809265137,6.000000476837158,0.44999998807907104,-39.67489584951619,-29.589202093628177,-35.67489584951619
grid-r029-c041,29,41,8.399999618530273,6.000000476837158,0.44999998807907104,-40.837089694881996,-29.64714970762365,-36.837089694881996
grid-r029-c042,29,42,8.600000381469727,6.000000476837158,0.44999998807907104,-38.31595147505307,-29.713617919164673,-34.31595147505307
grid-r029-c043,29,43,8.800000190734863,6.000000476837158,0.44999998807907104,-40.96949878917308,-29.7894964750659,-36.96949878917308
grid-r029-c044,29,44,9.0,6.000000476837158,0.44999998807907104,-39.75659603429777,-29.8750156027895,-35.75659603429777
grid-r029-c045,29,45,9.199999809265137,6.000000476837158,0.44999998807907104,-40.63752571895684,-29.969795482019766,-36.63752571895684
grid-r029-c046,29,46,9.399999618530273,6.000000476837158,0.44999998807907104,-40.4391957109639,-30.07293449689134,-36.4391957109639
grid-r029-c047,29,47,9.600000381469727,6.000000476837158,0.44999998807907104,-40.32278709511779,-30.183125242342452,-36.32278709511779
grid-r029-c048,29,48,9.800000190734863,6.000000476837158,0.44999998807907104,-41.42998876939296,-30.298783111528493,-37.42998876939296
grid-r029-c049,29,49,10.0,6.000000476837158,0.44999998807907104,-41.53664913568956,-30.418182380006108,-37.53664913568956
grid-r029-c050,29,50,10.200000762939453,6.000000476837158,0.44999998807907104,-41.292063397611344,-30.539577819986917,-37.292063397611344
grid-r029-c051,29,51,10.399999618530273,6.000000476837158,0.44999998807907104,-41.368919278368416,-30.66130624166107,-37.368919278368416
grid-r029-c052,29,52,10.600000381469727,6.000000476837158,0.44999998807907104,-40.28103314811217,-30.7818718672536,-36.28103314811217
grid-r029-c053,29,53,10.800000190734863,6.000000476837158,0.44999998807907104,-42.669347516737695,-30.899990297107717,-38.669347516737695
grid-r029-c054,29,54,11.0,6.000000476837158,0.44999998807907104,-41.02703680510692,-31.01462133199574,-37.02703680510692
grid-r029-c055,29,55,11.200000762939453,6.000000476837158,0.44999998807907104,-41.00697006927505,-31.12497113796674,-37.00697006927505
grid-r029-c056,29,56,11.399999618530273,6.000000476837158,0.44999998807907104,-41.19918285349917,-31.230477887806934,-37.19918285349917
grid-r029-c057,29,57,11.600000381469727,6.000000476837158,0.44999998807907104,-40.85978333318786,-31.33079345658798,-36.85978333318786
grid-r030-c000,30,0,0.19999980926513672,6.200000762939453,0.44999998807907104,-38.458521409944375,-27.56400459545478,-34.458521409944375
grid-r030-c001,30,1,0.40000009536743164,6.200000762939453,0.44999998807907104,-38.61004431117593,-27.47076458488319,-34.61004431117593
grid-r030-c002,30,2,0.5999999046325684,6.200000762939453,0.44999998807907104,-38.10784308820562,-27.379046075774248,-34.10784308820562
grid-r030-c003,30,3,0.7999997138977051,6.200000762939453,0.44999998807907104,-38.96478738622732,-27.289616079358453,-34.96478738622732
grid-r030-c004,30,4,1.0,6.200000762939453,0.44999998807907104,-38.25742408455965,-27.203362793441038,-34.25742408455965
grid-r030-c005,30,5,1.1999998092651367,6.200000762939453,0.44999998807907104,-38.90274727506033,-27.121305972772088,-34.90274727506033
grid-r030-c006,30,6,1.4000000953674316,6.200000762939453,0.44999998807907104,-39.30376367147144,-27.04460309705556,-35.30376367147144
grid-r030-c007,30,7,1.5999999046325684,6.200000762939453,0.44999998807907104,-39.21232068518617,-26.974554861885636,-35.21232068518617
grid-r030-c008,30,8,1.799999713897705,6.200000762939453,0.44999998807907104,-38.456846049607094,-26.912602303969138,-34.456846049607094
grid-r030-c009,30,9,2.0,6.200000762939453,0.44999998807907104,-39.21424769146837,-26.860318079219564,-35.21424769146837
grid-r030-c010,30,10,2.200000047683716,6.200000762939453,0.44999998807907104,-39.771155006488556,-26.819386867964457,-35.771155006488556
grid-r030-c011,30,11,2.3999998569488525,6.200000762939453,0.44999998807907104,-39.21456001455538,-26.79157153078867,-35.21456001455538
grid-r030-c012,30,12,2.5999999046325684,6.200000762939453,0.44999998807907104,-39.140669539082154,-26.77866368727735,-35.140669539082154
grid-r030-c013,30,13,2.799999952316284,6.200000762939453,0.44999998807907104,-39.456088125120715,-26.782415347316228,-35.456088125120715
grid-r030-c014,30,14,3.0,6.200000762939453,0.44999998807907104,-39.21774262271833,-26.804450033727964,-35.21774262271833
grid-r030-c015,30,15,3.200000047683716,6.200000762939453,0.44999998807907104,-39.28746946885895,-26.84615447005521,-35.28746946885895
grid-r030-c016,30,16,3.3999998569488525,6.200000762939453,0.44999998807907104,-38.66870413806972,-26.90855403197653,-34.66870413806972
grid-r030-c017,30,17,3.5999999046325684,6.200000762939453,0.44999998807907104,-38.82966435621825,-26.99217981944686,-34.82966435621825
grid-r030-c018,30,18,3.799999952316284,6.200000762939453,0.44999998807907104,-39.514213145229455,-27.0969377955195,-35.514213145229455
grid-r030-c019,30,19,4.0,6.200000762939453,0.44999998807907104,-39.88901218638504,-27.221997159869233,-35.88901218638504
grid-r030-c020,30,20,4.199999809265137,6.200000762939453,0.44999998807907104,-39.19102985869432,-27.365715124911997,-35.19102985869432
grid-r030-c021,30,21,4.400000095367432,6.200000762939453,0.44999998807907104,-39.744560705192946,-27.525618271299997,-35.744560705192946
grid-r030-c022,30,22,4.599999904632568,6.200000762939453,0.44999998807907104,-39.141689293637285,-27.698451356534566,-35.141689293637285
grid-r030-c023,30,23,4.800000190734863,6.200000762939453,0.44999998807907104,-39.633389407730306,-27.880308806826573,-35.633389407730306
grid-r030-c024,30,24,5.0,6.200000762939453,0.44999998807907104,-39.298617297163744,-28.06683441003821,-35.298617297163744
grid-r030-c025,30,25,5.199999809265137,6.200000762939453,0.44999998807907104,-38.49604455530855,-28.25348598068253,-34.49604455530855
grid-r030-c026,30,26,5.400000095367432,6.200000762939453,0.44999998807907104,-39.27299822345704,-28.435828225379034,-35.27299822345704
grid-r030-c027,30,27,5.599999904632568,6.200000762939453,0.44999998807907104,-40.561899944150774,-28.60982538904292,-36.561899944150774
grid-r030-c028,30,28,5.800000190734863,6.200000762939453,0.44999998807907104,-39.1165062764253,-28.772104861444337,-35.1165062764253
grid-r030-c029,30,29,6.0,6.200000762939453,0.44999998807907104,-38.98844310579537,-28.92015369152535,-34.98844310579537
grid-r030-c030,30,30,6.199999809265137,6.200000762939453,0.44999998807907104,-40.64321632067147,-29.052442963561905,-36.64321632067147
grid-r030-c031,30,31,6.400000095367432,6.200000762939453,0.44999998807907104,-39.69098840991005,-29.16846437933646,-35.69098840991005
grid-r030-c032,30,32,6.599999904632568,6.200000762939453,0.44999998807907104,-40.22090835022158,-29.268689142911636,-36.22090835022158
grid-r030-c033,30,33,6.800000190734863,6.200000762939453,0.44999998807907104,-40.46741562110994,-29.354464133721994,-36.46741562110994
grid-r030-c034,30,34,7.0,6.200000762939453,0.44999998807907104,-39.560347015418806,-29.427856204347858,-35.560347015418806
grid-r030-c035,30,35,7.199999809265137,6.200000762939453,0.44999998807907104,-40.36030981584947,-29.49146947786458,-36.36030981584947
grid-r030-c036,30,36,7.400000095367432,6.200000762939453,0.44999998807907104,-40.346548482998834,-29.548245832241804,-36.346548482998834
grid-r030-c037,30,37,7.599999904632568,6.200000762939453,0.44999998807907104,-39.72493077533532,-29.601264281242926,-35.72493077533532
grid-r030-c038,30,38,7.800000190734863,6.200000762939453,0.44999998807907104,-41.47189927508602,-29.653550422018423,-37.47189927508602
grid-r030-c039,30,39,8.0,6.200000762939453,0.44999998807907104,-40.058335360279074,-29.707901132417682,-36.058335360279074
grid-r030-c040,30,40,8.199999809265137,6.200000762939453,0.44999998807907104,-40.47076956316487,-29.76673567648713,-36.47076956316487
grid-r030-c041,30,41,8.399999618530273,6.200000762939453,0.44999998807907104,-39.30005218739201,-29.831976570834343,-35.30005218739201
grid-r030-c042,30,42,8.600000381469727,6.200000762939453,0.44999998807907104,-41.35011808351444,-29.904968536687583,-37.35011808351444
grid-r030-c043,30,43,8.800000190734863,6.200000762939453,0.44999998807907104,-40.596127784091955,-29.986437235889174,-36.596127784091955
grid-r030-c044,30,44,9.0,6.200000762939453,0.44999998807907104,-39.95193225569179,-30.076495399012323,-35.95193225569179
grid-r030-c045,30,45,9.199999809265137,6.200000762939453,0.44999998807907104,-41.32599279269221,-30.174688071681636,-37.32599279269221
grid-r030-c046,30,46,9.399999618530273,6.200000762939453,0.44999998807907104,-41.77017074877911,-30.280076653696497,-37.77017074877911
grid-r030-c047,30,47,9.600000381469727,6.200000762939453,0.44999998807907104,-41.382103157174285,-30.391350914594156,-37.382103157174285
grid-r030-c048,30,48,9.800000190734863,6.200000762939453,0.44999998807907104,-40.95991181916616,-30.506953894432694,-36.95991181916616
grid-r030-c049,30,49,10.0,6.200000762939453,0.44999998807907104,-41.12026729989993,-30.6252144855664,-37.12026729989993
grid-r030-c050,30,50,10.200000762939453,6.200000762939453,0.44999998807907104,-40.79291996298697,-30.74446531985486,-36.79291996298697
grid-r030-c051,30,51,10.399999618530273,6.200000762939453,0.44999998807907104,-39.77734829141986,-30.86314028414292,-35.77734829141986
grid-r030-c052,30,52,10.600000381469727,6.200000762939453,0.44999998807907104,-40.858286241667955,-30.979855145744494,-36.858286241667955
grid-r030-c053,30,53,10.800000190734863,6.200000762939453,0.44999998807907104,-40.75652074744027,-31.09344670358662,-36.75652074744027
grid-r030-c054,30,54,11.0,6.200000762939453,0.44999998807907104,-40.590041209565925,-31.203000265288505,-36.590041209565925
grid-r030-c055,30,55,11.200000762939453,6.200000762939453,0.44999998807907104,-40.8158474521311,-31.307846887810634,-36.8158474521311
grid-r030-c056,30,56,11.399999618530273,6.200000762939453,0.44999998807907104,-41.56805039058896,-31.407544695135925,-37.56805039058896
grid-r030-c057,30,57,11.600000381469727,6.200000762939453,0.44999998807907104,-35.57901727636189,-31.501856640791928,-31.57901727636189
grid-r031-c000,31,0,0.19999980926513672,6.40000057220459,0.44999998807907104,-38.00995686198217,-27.70385968373234,-34.00995686198217
grid-r031-c001,31,1,0.40000009536743164,6.40000057220459,0.44999998807907104,-39.39050469287882,-27.616633478323077,-35.39050469287882
grid-r031-c002,31,2,0.5999999046325684,6.40000057220459,0.44999998807907104,-39.68829696398343,-27.53123926579665,-35.68829696398343
grid-r031-c003,31,3,0.7999997138977051,6.40000057220459,0.44999998807907104,-39.05284361373216,-27.44843907443814,-35.05284361373216
grid-r031-c004,31,4,1.0,6.40000057220459,0.44999998807907104,-38.725296834320744,-27.36910727303457,-34.725296834320744
grid-r031-c005,31,5,1.1999998092651367,6.40000057220459,0.44999998807907104,-38.75267867938388,-27.294238251425273,-34.75267867938388
grid-r031-c006,31,6,1.4000000953674316,6.40000057220459,0.44999998807907104,-39.43897301908437,-27.22494964080235,-35.43897301908437
grid-r031-c007,31,7,1.5999999046325684,6.40000057220459,0.44999998807907104,-39.042447403135306,-27.162484231756313,-35.042447403135306
grid-r031-c008,31,8,1.799999713897705,6.40000057220459,0.44999998807907104,-39.156486239331166,-27.1082035503045,-35.156486239331166
grid-r031-c009,31,9,2.0,6.40000057220459,0.44999998807907104,-38.679790564239866,-27.06357542617025,-34.679790564239866
grid-r031-c010,31,10,2.200000047683716,6.40000057220459,0.44999998807907104,-38.98198305296276,-27.030151105832598,-34.98198305296276
grid-r031-c011,31,11,2.3999998569488525,6.40000057220459,0.44999998807907104,-39.61071901062665,-27.009529228353045,-35.61071901062665
grid-r031-c012,31,12,2.5999999046325684,6.40000057220459,0.44999998807907104,-39.04988427262537,-27.003305902151162,-35.04988427262537
grid-r031-c013,31,13,2.799999952316284,6.40000057220459,0.44999998807907104,-39.14725983043867,-27.013008514670645,-35.14725983043867
grid-r031-c014,31,14,3.0,6.40000057220459,0.44999998807907104,-39.34454809287778,-27.040012863908316,-35.34454809287778
grid-r031-c015,31,15,3.200000047683716,6.40000057220459,0.44999998807907104,-38.71254740670062,-27.085445541128806,-34.71254740670062
grid-r031-c016,31,16,3.3999998569488525,6.40000057220459,0.44999998807907104,-39.70276901661241,-27.150075472955336,-35.70276901661241
grid-r031-c017,31,17,3.5999999046325684,6.40000057220459,0.44999998807907104,-39.57684396664006,-27.234202491607526,-35.57684396664006
grid-r031-c018,31,18,3.799999952316284,6.40000057220459,0.44999998807907104,-39.08671948528006,-27.337552344723036,-35.08671948528006
grid-r031-c019,31,19,4.0,6.40000057220459,0.44999998807907104,-39.539017592717755,-27.459193088899497,-35.539017592717755
grid-r031-c020,31,20,4.199999809265137,6.40000057220459,0.44999998807907104,-38.790586825153845,-27.597486398245525,-34.790586825153845
grid-r031-c021,31,21,4.400000095367432,6.40000057220459,0.44999998807907104,-38.41303094843977,-27.750089347291517,-34.41303094843977
grid-r031-c022,31,22,4.599999904632568,6.40000057220459,0.44999998807907104,-39.647984380476856,-27.914012917838498,-35.647984380476856
grid-r031-c023,31,23,4.800000190734863,6.40000057220459,0.44999998807907104,-38.46587467287604,-28.085748241949887,-34.46587467287604
grid-r031-c024,31,24,5.0,6.40000057220459,0.44999998807907104,-40.35620017556696,-28.261444869198233,-36.35620017556696
grid-r031-c025,31,25,5.199999809265137,6.40000057220459,0.44999998807907104,-39.02523913990802,-28.437138433198804,-35.02523913990802
grid-r031-c026,31,26,5.400000095367432,6.40000057220459,0.44999998807907104,-39.27200353668617,-28.60899584754649,-35.27200353668617
grid-r031-c027,31,27,5.599999904632568,6.40000057220459,0.44999998807907104,-39.57015394627763,-28.773556074079018,-35.57015394627763
grid-r031-c028,31,28,5.800000190734863,6.40000057220459,0.44999998807907104,-39.810521418946365,-28.9279449504569,-35.810521418946365
grid-r031-c029,31,29,6.0,6.40000057220459,0.44999998807907104,-40.58712235314576,-29.070033307976683,-36.58712235314576
grid-r031-c030,31,30,6.199999809265137,6.40000057220459,0.44999998807907104,-40.77253681709266,-29.19853710198703,-36.77253681709266
grid-r031-c031,31,31,6.400000095367432,6.40000057220459,0.44999998807907104,-40.14477288887772,-29.313045917360284,-36.14477288887772
grid-r031-c032,31,32,6.599999904632568,6.40000057220459,0.44999998807907104,-40.66346917273516,-29.413988346099508,-36.66346917273516
grid-r031-c033,31,33,6.800000190734863,6.40000057220459,0.44999998807907104,-40.28425747802457,-29.502546054496804,-36.28425747802457
grid-r031-c034,31,34,7.0,6.40000057220459,0.44999998807907104,-39.97925742853966,-29.58052321507592,-35.97925742853966
grid-r031-c035,31,35,7.199999809265137,6.40000057220459,0.44999998807907104,-37.59602839242318,-29.65019213106428,-33.59602839242318
grid-r031-c036,31,36,7.400000095367432,6.40000057220459,0.44999998807907104,-39.70468243746123,-29.714121789665906,-35.70468243746123
grid-r031-c037,31,37,7.599999904632568,6.40000057220459,0.44999998807907104,-41.11740538880487,-29.775002673675573,-37.11740538880487
grid-r031-c038,31,38,7.800000190734863,6.40000057220459,0.44999998807907104,-40.51345827039292,-29.835477891971273,-36.51345827039292
grid-r031-c039,31,39,8.0,6.40000057220459,0.44999998807907104,-39.95737485082026,-29.897984793930465,-35.95737485082026
grid-r031-c040,31,40,8.199999809265137,6.40000057220459,0.44999998807907104,-37.218182026731476,-29.964618778819567,-33.218182026731476
grid-r031-c041,31,41,8.399999618530273,6.40000057220459,0.44999998807907104,-39.67831664209883,-30.03702251502625,-35.67831664209883
grid-r031-c042,31,42,8.600000381469727,6.40000057220459,0.44999998807907104,-41.08338521742204,-30.11630978748975,-37.08338521742204
grid-r031-c043,31,43,8.800000190734863,6.40000057220459,0.44999998807907104,-40.856527758187,-30.203026040023982,-36.856527758187
grid-r031-c044,31,44,9.0,6.40000057220459,0.44999998807907104,-41.072353554241786,-30.29715436308097,-37.072353554241786
grid-r031-c045,31,45,9.199999809265137,6.40000057220459,0.44999998807907104,-41.47494816298817,-30.39815868352125,-37.47494816298817
grid-r031-c046,31,46,9.399999618530273,6.40000057220459,0.44999998807907104,-41.16810106731307,-30.505064809615117,-37.16810106731307
grid-r031-c047,31,47,9.600000381469727,6.40000057220459,0.44999998807907104,-40.11268655297307,-30.616568663630453,-36.11268655297307
grid-r031-c048,31,48,9.800000190734863,6.40000057220459,0.44999998807907104,-41.23784519937429,-30.731156806749375,-37.23784519937429
grid-r031-c049,31,49,10.0,6.40000057220459,0.44999998807907104,-40.691275160632124,-30.847234075625966,-36.691275160632124
grid-r031-c050,31,50,10.200000762939453,6.40000057220459,0.44999998807907104,-40.36536473052635,-30.96323589489746,-36.36536473052635
grid-r031-c051,31,51,10.399999618530273,6.40000057220459,0.44999998807907104,-41.12168234276049,-31.077719777322574,-37.12168234276049
grid-r031-c052,31,52,10.600000381469727,6.40000057220459,0.44999998807907104,-40.777444561213244,-31.18943922814756,-36.777444561213244
grid-r031-c053,31,53,10.800000190734863,6.40000057220459,0.44999998807907104,-39.61927523933828,-31.297376534435248,-35.61927523933828
grid-r031-c054,31,54,11.0,6.40000057220459,0.44999998807907104,-43.59860205484712,-31.40076362261914,-39.59860205484712
grid-r031-c055,31,55,11.200000762939453,6.40000057220459,0.44999998807907104,-41.19000399961921,-31.499073633851346,-37.19000399961921
grid-r031-c056,31,56,11.399999618530273,6.40000057220459,0.44999998807907104,-40.59593720168148,-31.591997604649027,-36.59593720168148
grid-r031-c057,31,57,11.600000381469727,6.40000057220459,0.44999998807907104,-42.93156992567774,-31.679418282065754,-38.93156992567774
grid-r032-c000,32,0,0.19999980926513672,6.600000381469727,0.44999998807907104,-38.728299763058274,-27.851206662957296,-34.728299763058274
grid-r032-c001,32,1,0.40000009536743164,6.600000381469727,0.44999998807907104,-39.08588576095269,-27.7702487478973,-35.08588576095269
grid-r032-c002,32,2,0.5999999046325684,6.600000381469727,0.44999998807907104,-39.92599852863661,-27.691416574449317,-35.92599852863661
grid-r032-c003,32,3,0.7999997138977051,6.600000381469727,0.44999998807907104,-39.15380568948735,-27.61546093058029,-35.15380568948735
grid-r032-c004,32,4,1.0,6.600000381469727,0.44999998807907104,-39.34512045095603,-27.54323532918036,-35.34512045095603
grid-r032-c005,32,5,1.1999998092651367,6.600000381469727,0.44999998807907104,-39.141279661425024,-27.47570113532616,-35.141279661425024
grid-r032-c006,32,6,1.4000000953674316,6.600000381469727,0.44999998807907104,-39.26577459757965,-27.413928099927432,-35.26577459757965
grid-r032-c007,32,7,1.5999999046325684,6.600000381469727,0.44999998807907104,-39.506518703564964,-27.359093118961702,-35.506518703564964
grid-r032-c008,32,8,1.799999713897705,6.600000381469727,0.44999998807907104,-38.93424754053002,-27.31247087609199,-34.93424754053002
grid-r032-c009,32,9,2.0,6.600000381469727,0.44999998807907104,-38.25253800253704,-27.275418542291614,-34.25253800253704
grid-r032-c010,32,10,2.200000047683716,6.600000381469727,0.44999998807907104,-39.57016154882603,-27.249350682343444,-35.57016154882603
grid-r032-c011,32,11,2.3999998569488525,6.600000381469727,0.44999998807907104,-39.44931827668319,-27.23570235571246,-35.44931827668319
grid-r032-c012,32,12,2.5999999046325684,6.600000381469727,0.44999998807907104,-39.2401730512683,-27.235880140545177,-35.2401730512683
grid-r032-c013,32,13,2.799999952316284,6.600000381469727,0.44999998807907104,-39.58175301217103,-27.251199566054023,-35.58175301217103
grid-r032-c014,32,14,3.0,6.600000381469727,0.44999998807907104,-39.13434244872369,-27.28280944510944,-35.13434244872369
grid-r032-c015,32,15,3.200000047683716,6.600000381469727,0.44999998807907104,-36.65584902024766,-27.331605564312035,-32.65584902024766
grid-r032-c016,32,16,3.3999998569488525,6.600000381469727,0.44999998807907104,-39.14534933563991,-27.39813795975789,-35.14534933563991
grid-r032-c017,32,17,3.5999999046325684,6.600000381469727,0.44999998807907104,-38.57502484480968,-27.482519283233852,-34.57502484480968
grid-r032-c018,32,18,3.799999952316284,6.600000381469727,0.44999998807907104,-38.82790288443405,-27.58434239769305,-34.82790288443405
grid-r032-c019,32,19,4.0,6.600000381469727,0.44999998807907104,-39.86081777110115,-27.702619940394758,-35.86081777110115
grid-r032-c020,32,20,4.199999809265137,6.600000381469727,0.44999998807907104,-39.5993368647131,-27.83575617417975,-35.5993368647131
grid-r032-c021,32,21,4.400000095367432,6.600000381469727,0.44999998807907104,-39.94090918637766,-27.98156292891694,-35.94090918637766
grid-r032-c022,32,22,4.599999904632568,6.600000381469727,0.44999998807907104,-38.81355235131213,-28.13732245412531,-34.81355235131213
grid-r032-c023,32,23,4.800000190734863,6.600000381469727,0.44999998807907104,-37.522063468792624,-28.299905297827497,-33.522063468792624
grid-r032-c024,32,24,5.0,6.600000381469727,0.44999998807907104,-38.874298797299375,-28.465927250450594,-34.874298797299375
grid-r032-c025,32,25,5.199999809265137,6.600000381469727,0.44999998807907104,-39.194135796372834,-28.631943761418484,-35.194135796372834
grid-r032-c026,32,26,5.400000095367432,6.600000381469727,0.44999998807907104,-39.538869738711114,-28.79465433488491,-35.538869738711114
grid-r032-c027,32,27,5.599999904632568,6.600000381469727,0.44999998807907104,-39.47771793388984,-28.951100158015933,-35.47771793388984
grid-r032-c028,32,28,5.800000190734863,6.600000381469727,0.44999998807907104,-39.97936700835964,-29.098839067149918,-35.97936700835964
grid-r032-c029,32,29,6.0,6.600000381469727,0.44999998807907104,-39.9422648951505,-29.236072582980047,-35.9422648951505
grid-r032-c030,32,30,6.199999809265137,6.600000381469727,0.44999998807907104,-40.15421052979051,-29.361726369361996,-36.15421052979051
grid-r032-c031,32,31,6.400000095367432,6.600000381469727,0.44999998807907104,-40.23150295263299,-29.47547192616568,-36.23150295263299
grid-r032-c032,32,32,6.599999904632568,6.600000381469727,0.44999998807907104,-40.44167488377771,-29.577696701816247,-36.44167488377771
grid-r032-c033,32,33,6.800000190734863,6.600000381469727,0.44999998807907104,-40.68414374688572,-29.669432075712486,-36.68414374688572
grid-r032-c034,32,34,7.0,6.600000381469727,0.44999998807907104,-40.43432782146209,-29.75224273184368,-36.43432782146209
grid-r032-c035,32,35,7.199999809265137,6.600000381469727,0.44999998807907104,-40.016094473593064,-29.828095269466907,-36.016094473593064
grid-r032-c036,32,36,7.400000095367432,6.600000381469727,0.44999998807907104,-40.446264294348666,-29.899210127406747,-36.446264294348666
grid-r032-c037,32,37,7.599999904632568,6.600000381469727,0.44999998807907104,-40.69756915619662,-29.967908329992454,-36.69756915619662
grid-r032-c038,32,38,7.800000190734863,6.600000381469727,0.44999998807907104,-40.12127218672341,-30.036462262912053,-36.12127218672341
grid-r032-c039,32,39,8.0,6.600000381469727,0.44999998807907104,-39.27697423410534,-30.106953657425855,-35.27697423410534
grid-r032-c040,32,40,8.199999809265137,6.600000381469727,0.44999998807907104,-39.967054381995375,-30.181150893278772,-35.967054381995375
grid-r032-c041,32,41,8.399999618530273,6.600000381469727,0.44999998807907104,-40.503087964548435,-30.260408419011316,-36.503087964548435
grid-r032-c042,32,42,8.600000381469727,6.600000381469727,0.44999998807907104,-40.50447883583412,-30.345598022097697,-36.50447883583412
grid-r032-c043,32,43,8.800000190734863,6.600000381469727,0.44999998807907104,-40.14602883118254,-30.437073974359183,-36.14602883118254
grid-r032-c044,32,44,9.0,6.600000381469727,0.44999998807907104,-40.6127055852989,-30.534681493012325,-36.6127055852989
grid-r032-c045,32,45,9.199999809265137,6.600000381469727,0.44999998807907104,-40.549917255107715,-30.637799973058357,-36.549917255107715
grid-r032-c046,32,46,9.399999618530273,6.600000381469727,0.44999998807907104,-37.94061416081143,-30.745422334086484,-33.94061416081143
grid-r032-c047,32,47,9.600000381469727,6.600000381469727,0.44999998807907104,-41.246258056050124,-30.856259848903658,-37.246258056050124
grid-r032-c048,32,48,9.800000190734863,6.600000381469727,0.44999998807907104,-41.81680224864899,-30.96885781113323,-37.81680224864899
grid-r032-c049,32,49,10.0,6.600000381469727,0.44999998807907104,-41.033950489285516,-31.081716981243694,-37.033950489285516
grid-r032-c050,32,50,10.200000762939453,6.600000381469727,0.44999998807907104,-40.775774579808896,-31.193398644387113,-36.775774579808896
grid-r032-c051,32,51,10.399999618530273,6.600000381469727,0.44999998807907104,-43.776366124864914,-31.302608234365465,-39.776366124864914
grid-r032-c052,32,52,10.600000381469727,6.600000381469727,0.44999998807907104,-40.76643400229198,-31.408260648679114,-36.76643400229198
grid-r032-c053,32,53,10.800000190734863,6.600000381469727,0.44999998807907104,-40.18077777761548,-31.509505212296755,-36.18077777761548
grid-r032-c054,32,54,11.0,6.600000381469727,0.44999998807907104,-41.34411060184915,-31.60573872717087,-37.34411060184915
grid-r032-c055,32,55,11.200000762939453,6.600000381469727,0.44999998807907104,-39.862528976605574,-31.696590724247056,-35.862528976605574
grid-r032-c056,32,56,11.399999618530273,6.600000381469727,0.44999998807907104,-42.59819506854703,-31.781895276541373,-38.59819506854703
grid-r032-c057,32,57,11.600000381469727,6.600000381469727,0.44999998807907104,-40.11235922787649,-31.86166094070926,-36.11235922787649
grid-r033-c000,33,0,0.19999980926513672,6.800000190734863,0.44999998807907104,-38.451515505409795,-28.005403443731822,-34.451515505409795
grid-r033-c001,33,1,0.40000009536743164,6.800000190734863,0.44999998807907104,-39.632045556174624,-27.930907923820172,-35.632045556174624
grid-r033-c002,33,2,0.5999999046325684,6.800000190734863,0.44999998807907104,-38.39264401569928,-27.858810963096943,-34.39264401569928
grid-r033-c003,33,3,0.7999997138977051,6.800000190734863,0.44999998807907104,-40.234371772650704,-27.789846289037033,-36.234371772650704
grid-r033-c004,33,4,1.0,6.800000190734863,0.44999998807907104,-39.028603333647034,-27.724840269507663,-35.028603333647034
grid-r033-c005,33,5,1.1999998092651367,6.800000190734863,0.44999998807907104,-38.45465209744561,-27.66471469785107,-34.45465209744561
grid-r033-c006,33,6,1.4000000953674316,6.800000190734863,0.44999998807907104,-40.019204289739875,-27.610484974300324,-36.019204289739875
grid-r033-c007,33,7,1.5999999046325684,6.800000190734863,0.44999998807907104,-39.21309830521259,-27.563256187413092,-35.21309830521259
grid-r033-c008,33,8,1.799999713897705,6.800000190734863,0.44999998807907104,-39.50299054380925,-27.52421147992883,-35.50299054380925
grid-r033-c009,33,9,2.0,6.800000190734863,0.44999998807907104,-39.16374238401709,-27.494594720274126,-35.16374238401709
grid-r033-c010,33,10,2.200000047683716,6.800000190734863,0.44999998807907104,-38.58182196082578,-27.475684219274513,-34.58182196082578
grid-r033-c011,33,11,2.3999998569488525,6.800000190734863,0.44999998807907104,-39.487872086786496,-27.46875609626068,-35.487872086786496
grid-r033-c012,33,12,2.5999999046325684,6.800000190734863,0.44999998807907104,-39.57289798893843,-27.47503741621321,-35.57289798893843
grid-r033-c013,33,13,2.799999952316284,6.800000190734863,0.44999998807907104,-38.70600197225126,-27.49564827381347,-34.70600197225126
grid-r033-c014,33,14,3.0,6.800000190734863,0.44999998807907104,-39.623618087453366,-27.531533981785678,-35.623618087453366
grid-r033-c015,33,15,3.200000047683716,6.800000190734863,0.44999998807907104,-38.99920080586267,-27.583390067788972,-34.99920080586267
grid-r033-c016,33,16,3.3999998569488525,6.800000190734863,0.44999998807907104,-38.81322925497898,-27.651584328595014,-34.81322925497898
grid-r033-c017,33,17,3.5999999046325684,6.800000190734863,0.44999998807907104,-39.375135006660855,-27.73608284079611,-35.375135006660855
grid-r033-c018,33,18,3.799999952316284,6.800000190734863,0.44999998807907104,-39.54476293098922,-27.836386711695376,-35.54476293098922
grid-r033-c019,33,19,4.0,6.800000190734863,0.44999998807907104,-39.40650042705707,-27.951490263370705,-35.40650042705707
grid-r033-c020,33,20,4.199999809265137,6.800000190734863,0.44999998807907104,-39.85527939094699,-28.079868250585974,-35.85527939094699
grid-r033-c021,33,21,4.400000095367432,6.800000190734863,0.44999998807907104,-39.96466528802968,-28.21950095844344,-35.96466528802968
grid-r033-c022,33,22,4.599999904632568,6.800000190734863,0.44999998807907104,-40.23234980494237,-28.36793755165374,-36.23234980494237
grid-r033-c023,33,23,4.800000190734863,6.800000190734863,0.44999998807907104,-40.056248641696556,-28.52240388475621,-36.056248641696556
grid-r033-c024,33,24,5.0,6.800000190734863,0.44999998807907104,-39.92165642422306,-28.67993916825688,-35.92165642422306
grid-r033-c025,33,25,5.199999809265137,6.800000190734863,0.44999998807907104,-39.52422076700284,-28.83756109175064,-35.52422076700284
grid-r033-c026,33,26,5.400000095367432,6.800000190734863,0.44999998807907104,-39.95690747471403,-28.992435684182038,-35.95690747471403
grid-r033-c027,33,27,5.599999904632568,6.800000190734863,0.44999998807907104,-39.33544805947562,-29.1420392961589,-35.33544805947562
grid-r033-c028,33,28,5.800000190734863,6.800000190734863,0.44999998807907104,-39.877815269227,-29.284301094186496,-35.877815269227
grid-r033-c029,33,29,6.0,6.800000190734863,0.44999998807907104,-38.71515769370059,-29.417704937454904,-34.71515769370059
grid-r033-c030,33,30,6.199999809265137,6.800000190734863,0.44999998807907104,-40.2855349092555,-29.541353826315852,-36.2855349092555
grid-r033-c031,33,31,6.400000095367432,6.800000190734863,0.44999998807907104,-41.02353940146149,-29.65498578105534,-37.02353940146149
grid-r033-c032,33,32,6.599999904632568,6.800000190734863,0.44999998807907104,-38.82653853650018,-29.7589472838745,-34.82653853650018
grid-r033-c033,33,33,6.800000190734863,6.800000190734863,0.44999998807907104,-40.631890818441306,-29.854131987277203,-36.631890818441306
grid-r033-c034,33,34,7.0,6.800000190734863,0.44999998807907104,-40.780293897413536,-29.941885822957016,-36.780293897413536
grid-r033-c035,33,35,7.199999809265137,6.800000190734863,0.44999998807907104,-40.05699796396786,-30.023894193679773,-36.05699796396786
grid-r033-c036,33,36,7.400000095367432,6.800000190734863,0.44999998807907104,-41.95446302907784,-30.1020532839453,-37.95446302907784
grid-r033-c037,33,37,7.599999904632568,6.800000190734863,0.44999998807907104,-40.6949511504406,-30.178335632443538,-36.6949511504406
grid-r033-c038,33,38,7.800000190734863,6.800000190734863,0.44999998807907104,-40.20302378359648,-30.254658550730245,-36.20302378359648
grid-r033-c039,33,39,8.0,6.800000190734863,0.44999998807907104,-39.929291232853046,-30.332757658620903,-35.929291232853046
grid-r033-c040,33,40,8.199999809265137,6.800000190734863,0.44999998807907104,-40.51827608140678,-30.414077956961965,-36.51827608140678
grid-r033-c041,33,41,8.399999618530273,6.800000190734863,0.44999998807907104,-40.27903541250542,-30.49968465438359,-36.27903541250542
grid-r033-c042,33,42,8.600000381469727,6.800000190734863,0.44999998807907104,-38.95997591549654,-30.590203712950597,-34.95997591549654
grid-r033-c043,33,43,8.800000190734863,6.800000190734863,0.44999998807907104,-41.801360692073274,-30.685793790880986,-37.801360692073274
grid-r033-c044,33,44,9.0,6.800000190734863,0.44999998807907104,-41.09257014513961,-30.78615931850982,-37.09257014513961
grid-r033-c045,33,45,9.199999809265137,6.800000190734863,0.44999998807907104,-40.71698065654029,-30.89059558674459,-36.71698065654029
grid-r033-c046,33,46,9.399999618530273,6.800000190734863,0.44999998807907104,-41.15570157309783,-30.9980675822681,-37.15570157309783
grid-r033-c047,33,47,9.600000381469727,6.800000190734863,0.44999998807907104,-41.753108842167876,-31.107311837799028,-37.753108842167876
grid-r033-c048,33,48,9.800000190734863,6.800000190734863,0.44999998807907104,-41.97146240075766,-31.216946920081945,-37.97146240075766
grid-r033-c049,33,49,10.0,6.800000190734863,0.44999998807907104,-40.81309318343558,-31.325587663319165,-36.81309318343558
grid-r033-c050,33,50,10.200000762939453,6.800000190734863,0.44999998807907104,-41.707616458530204,-31.431941543172464,-37.707616458530204
grid-r033-c051,33,51,10.399999618530273,6.800000190734863,0.44999998807907104,-40.06371912968439,-31.534882809311547,-36.06371912968439
grid-r033-c052,33,52,10.600000381469727,6.800000190734863,0.44999998807907104,-40.6931008936428,-31.63350757743193,-36.6931008936428
grid-r033-c053,33,53,10.800000190734863,6.800000190734863,0.44999998807907104,-43.883372417360995,-31.727149704189614,-39.883372417360995
grid-r033-c054,33,54,11.0,6.800000190734863,0.44999998807907104,-41.305505464853766,-31.815385025855264,-37.305505464853766
grid-r033-c055,33,55,11.200000762939453,6.800000190734863,0.44999998807907104,-42.654706281719584,-31.8980097817387,-38.654706281719584
grid-r033-c056,33,56,11.399999618530273,6.800000190734863,0.44999998807907104,-40.19742536751913,-31.975007453437748,-36.19742536751913
grid-r033-c057,33,57,11.600000381469727,6.800000190734863,0.44999998807907104,-43.047399776893116,-32.046515014200075,-39.047399776893116
grid-r034-c000,34,0,0.19999980926513672,7.000000476837158,0.44999998807907104,-39.149931064314,-28.16580636682898,-35.149931064314
grid-r034-c001,34,1,0.40000009536743164,7.000000476837158,0.44999998807907104,-38.797146180704196,-28.097912517624607,-34.797146180704196
grid-r034-c002,34,2,0.5999999046325684,7.000000476837158,0.44999998807907104,-37.543837643788535,-28.032666377330184,-33.543837643788535
grid-r034-c003,34,3,0.7999997138977051,7.000000476837158,0.44999998807907104,-38.86845743349896,-27.9707794498576,-34.86845743349896
grid-r034-c004,34,4,1.0,7.000000476837158,0.44999998807907104,-39.339007169389134,-27.913045618584697,-35.339007169389134
grid-r034-c005,34,5,1.1999998092651367,7.000000476837158,0.44999998807907104,-38.704852359077805,-27.86034185354617,-34.704852359077805
grid-r034-c006,34,6,1.4000000953674316,7.000000476837158,0.44999998807907104,-39.1718327480079,-27.813624418909367,-35.1718327480079
grid-r034-c007,34,7,1.5999999046325684,7.000000476837158,0.44999998807907104,-39.15365006925492,-27.773922785413173,-35.15365006925492
grid-r034-c008,34,8,1.799999713897705,7.000000476837158,0.44999998807907104,-38.32071928817035,-27.742326369521784,-34.32071928817035
grid-r034-c009,34,9,2.0,7.000000476837158,0.44999998807907104,-39.61152077997306,-27.719965962611898,-35.61152077997306
grid-r034-c010,34,10,2.200000047683716,7.000000476837158,0.44999998807907104,-39.768653105771776,-27.707987150854,-35.768653105771776
grid-r034-c011,34,11,2.3999998569488525,7.000000476837158,0.44999998807907104,-39.59091325306901,-27.70751487590117,-35.59091325306901
grid-r034-c012,34,12,2.5999999046325684,7.000000476837158,0.44999998807907104,-39.888091118594076,-27.71960954395154,-35.888091118594076
grid-r034-c013,34,13,2.799999952316284,7.000000476837158,0.44999998807907104,-39.70873111593925,-27.7452143901085,-35.70873111593925
grid-r034-c014,34,14,3.0,7.000000476837158,0.44999998807907104,-39.73925035829715,-27.785095711145082,-35.73925035829715
grid-r034-c015,34,15,3.200000047683716,7.000000476837158,0.44999998807907104,-38.101639506446396,-27.839778695044085,-34.101639506446396
grid-r034-c016,34,16,3.3999998569488525,7.000000476837158,0.44999998807907104,-39.52121411265817,-27.909482906884353,-35.52121411265817
grid-r034-c017,34,17,3.5999999046325684,7.000000476837158,0.44999998807907104,-39.17476043726842,-27.994063597477826,-35.17476043726842
grid-r034-c018,34,18,3.799999952316284,7.000000476837158,0.44999998807907104,-39.44047544816982,-28.092964292857538,-35.44047544816982
grid-r034-c019,34,19,4.0,7.000000476837158,0.44999998807907104,-39.279174386522264,-28.205189553014545,-35.279174386522264
grid-r034-c020,34,20,4.199999809265137,7.000000476837158,0.44999998807907104,-38.96406114442746,-28.329303271569948,-34.96406114442746
grid-r034-c021,34,21,4.400000095367432,7.000000476837158,0.44999998807907104,-39.5247526886171,-28.463459102675273,-35.5247526886171
grid-r034-c022,34,22,4.599999904632568,7.000000476837158,0.44999998807907104,-39.26887647637339,-28.605461700787743,-35.26887647637339
grid-r034-c023,34,23,4.800000190734863,7.000000476837158,0.44999998807907104,-39.195372065822944,-28.752863790958017,-35.195372065822944
grid-r034-c024,34,24,5.0,7.000000476837158,0.44999998807907104,-40.23251752837268,-28.903084152632346,-36.23251752837268
grid-r034-c025,34,25,5.199999809265137,7.000000476837158,0.44999998807907104,-39.20057284401771,-29.053547310340907,-35.20057284401771
grid-r034-c026,34,26,5.400000095367432,7.000000476837158,0.44999998807907104,-39.69402754211927,-29.201824385276762,-35.69402754211927
grid-r034-c027,34,27,5.599999904632568,7.000000476837158,0.44999998807907104,-37.90502226804428,-29.34576573149762,-33.90502226804428
grid-r034-c028,34,28,5.800000190734863,7.000000476837158,0.44999998807907104,-40.03014872428146,-29.483617000908332,-36.03014872428146
grid-r034-c029,34,29,6.0,7.000000476837158,0.44999998807907104,-40.188968022697715,-29.614100622491158,-36.188968022697715
grid-r034-c030,34,30,6.199999809265137,7.000000476837158,0.44999998807907104,-40.41050617752374,-29.736467170226124,-36.41050617752374
grid-r034-c031,34,31,6.400000095367432,7.000000476837158,0.44999998807907104,-42.1271406127904,-29.85050624837232,-38.1271406127904
grid-r034-c032,34,32,6.599999904632568,7.000000476837158,0.44999998807907104,-38.679873628185035,-29.95652219908658,-34.679873628185035
grid-r034-c033,34,33,6.800000190734863,7.000000476837158,0.44999998807907104,-41.5678346777234,-30.05528106244634,-37.5678346777234
grid-r034-c034,34,34,7.0,7.000000476837158,0.44999998807907104,-40.675192923365245,-30.14792811515905,-36.675192923365245
grid-r034-c035,34,35,7.199999809265137,7.000000476837158,0.44999998807907104,-40.5879891829877,-30.235890123329487,-36.5879891829877
grid-r034-c036,34,36,7.400000095367432,7.000000476837158,0.44999998807907104,-39.678420261190766,-30.320762779010025,-35.678420261190766
grid-r034-c037,34,37,7.599999904632568,7.000000476837158,0.44999998807907104,-40.5270145887889,-30.404192455352753,-36.5270145887889
grid-r034-c038,34,38,7.800000190734863,7.000000476837158,0.44999998807907104,-40.90954547430865,-30.487760422042538,-36.90954547430865
grid-r034-c039,34,39,8.0,7.000000476837158,0.44999998807907104,-40.17462966585995,-30.572870978962925,-36.17462966585995
grid-r034-c040,34,40,8.199999809265137,7.000000476837158,0.44999998807907104,-41.48419350790819,-30.660656177282707,-37.48419350790819
grid-r034-c041,34,41,8.399999618530273,7.000000476837158,0.44999998807907104,-40.34851920987556,-30.751898678253262,-36.34851920987556
grid-r034-c042,34,42,8.600000381469727,7.000000476837158,0.44999998807907104,-40.680328189188955,-30.846982743017538,-36.680328189188955
grid-r034-c043,34,43,8.800000190734863,7.000000476837158,0.44999998807907104,-39.89965037227273,-30.94587447963922,-35.89965037227273
grid-r034-c044,34,44,9.0,7.000000476837158,0.44999998807907104,-40.067209225089485,-31.04814105814713,-36.067209225089485
grid-r034-c045,34,45,9.199999809265137,7.000000476837158,0.44999998807907104,-42.31849861152235,-31.152999007065784,-38.31849861152235
grid-r034-c046,34,46,9.399999618530273,7.000000476837158,0.44999998807907104,-40.5556383460302,-31.259393443436345,-36.5556383460302
grid-r034-c047,34,47,9.600000381469727,7.000000476837158,0.44999998807907104,-40.215508651383914,-31.3660972844097,-36.215508651383914
grid-r034-c048,34,48,9.800000190734863,7.000000476837158,0.44999998807907104,-41.132777377974925,-31.47181632008992,-37.132777377974925
grid-r034-c049,34,49,10.0,7.000000476837158,0.44999998807907104,-41.46501328010629,-31.57529543087316,-37.46501328010629
grid-r034-c050,34,50,10.200000762939453,7.000000476837158,0.44999998807907104,-41.69058528484561,-31.675405153661462,-37.69058528484561
grid-r034-c051,34,51,10.399999618530273,7.000000476837158,0.44999998807907104,-40.58460763221642,-31.771205048555732,-36.58460763221642
grid-r034-c052,34,52,10.600000381469727,7.000000476837158,0.44999998807907104,-41.53876491727088,-31.861987285633194,-37.53876491727088
grid-r034-c053,34,53,10.800000190734863,7.000000476837158,0.44999998807907104,-39.64891874644003,-31.947282480702082,-35.64891874644003
grid-r034-c054,34,54,11.0,7.000000476837158,0.44999998807907104,-39.963030860627256,-32.0268544062621,-35.963030860627256
grid-r034-c055,34,55,11.200000762939453,7.000000476837158,0.44999998807907104,-41.404481147343404,-32.10067130727142,-37.404481147343404
grid-r034-c056,34,56,11.399999618530273,7.000000476837158,0.44999998807907104,-41.966337351699124,-32.16886783076679,-37.966337351699124
grid-r034-c057,34,57,11.600000381469727,7.000000476837158,0.44999998807907104,-42.072588682584794,-32.23170789559915,-38.072588682584794
grid-r035-c000,35,0,0.19999980926513672,7.200000286102295,0.44999998807907104,-40.558042302498414,-28.331777084910463,-36.558042302498414
grid-r035-c001,35,1,0.40000009536743164,7.200000286102295,0.44999998807907104,-38.8800778306375,-28.27057534717433,-34.8800778306375
grid-r035-c002,35,2,0.5999999046325684,7.200000286102295,0.44999998807907104,-38.93011653408423,-28.21224537407548,-34.93011653408423
grid-r035-c003,35,3,0.7999997138977051,7.200000286102295,0.44999998807907104,-39.41228688525611,-28.157472085142057,-35.41228688525611
grid-r035-c004,35,4,1.0,7.200000286102295,0.44999998807907104,-39.63640982710398,-28.107012607562048,-35.63640982710398
grid-r035-c005,35,5,1.1999998092651367,7.200000286102295,0.44999998807907104,-39.43555174689802,-28.061695200856867,-35.43555174689802
grid-r035-c006,35,6,1.4000000953674316,7.200000286102295,0.44999998807907104,-39.20010299933726,-28.022413884570458,-35.20010299933726
grid-r035-c007,35,7,1.5999999046325684,7.200000286102295,0.44999998807907104,-39.03158454872249,-27.990120684145044,-35.03158454872249
grid-r035-c008,35,8,1.799999713897705,7.200000286102295,0.44999998807907104,-39.883979495191646,-27.965811349168018,-35.883979495191646
grid-r035-c009,35,9,2.0,7.200000286102295,0.44999998807907104,-39.281419590417684,-27.950506233215933,-35.281419590417684
grid-r035-c010,35,10,2.200000047683716,7.200000286102295,0.44999998807907104,-39.84377032249823,-27.94522415417685,-35.84377032249823
grid-r035-c011,35,11,2.3999998569488525,7.200000286102295,0.44999998807907104,-39.66187348765948,-27.950948851786247,-35.66187348765948
grid-r035-c012,35,12,2.5999999046325684,7.200000286102295,0.44999998807907104,-38.874610466053184,-27.968588630444295,-34.874610466053184
grid-r035-c013,35,13,2.799999952316284,7.200000286102295,0.44999998807907104,-39.454168791854784,-27.9989292807396,-35.454168791854784
grid-r035-c014,35,14,3.0,7.200000286102295,0.44999998807907104,-39.891545889733734,-28.042582175302734,-35.891545889733734
grid-r035-c015,35,15,3.200000047683716,7.200000286102295,0.44999998807907104,-39.37211356022842,-28.09993012794592,-35.37211356022842
grid-r035-c016,35,16,3.3999998569488525,7.200000286102295,0.44999998807907104,-39.99848598762065,-28.171074755943796,-35.99848598762065
grid-r035-c017,35,17,3.5999999046325684,7.200000286102295,0.44999998807907104,-39.32000229361457,-28.255790739222007,-35.32000229361457
grid-r035-c018,35,18,3.799999952316284,7.200000286102295,0.44999998807907104,-38.929071181282644,-28.353491209914786,-34.929071181282644
grid-r035-c019,35,19,4.0,7.200000286102295,0.44999998807907104,-38.55881144380292,-28.46321162907326,-34.55881144380292
grid-r035-c020,35,20,4.199999809265137,7.200000286102295,0.44999998807907104,-39.68613076884427,-28.583615743285627,-35.68613076884427
grid-r035-c021,35,21,4.400000095367432,7.200000286102295,0.44999998807907104,-39.64311863718318,-28.713028523788108,-35.64311863718318
grid-r035-c022,35,22,4.599999904632568,7.200000286102295,0.44999998807907104,-39.53681007430006,-28.84949365739298,-35.53681007430006
grid-r035-c023,35,23,4.800000190734863,7.200000286102295,0.44999998807907104,-40.05647922710238,-28.990859911531274,-36.05647922710238
grid-r035-c024,35,24,5.0,7.200000286102295,0.44999998807907104,-38.36870686481851,-29.134882289856254,-34.36870686481851
grid-r035-c025,35,25,5.199999809265137,7.200000286102295,0.44999998807907104,-40.303347325010094,-29.27933987661153,-36.303347325010094
grid-r035-c026,35,26,5.400000095367432,7.200000286102295,0.44999998807907104,-40.392583163605934,-29.422152445445516,-36.392583163605934
grid-r035-c027,35,27,5.599999904632568,7.200000286102295,0.44999998807907104,-40.12293070713274,-29.561488978137024,-36.12293070713274
grid-r035-c028,35,28,5.800000190734863,7.200000286102295,0.44999998807907104,-39.79658103848149,-29.695862208231166,-35.79658103848149
grid-r035-c029,35,29,6.0,7.200000286102295,0.44999998807907104,-40.34259154510801,-29.82419352501665,-36.34259154510801
grid-r035-c030,35,30,6.199999809265137,7.200000286102295,0.44999998807907104,-38.50015786820035,-29.945853625204034,-34.50015786820035
grid-r035-c031,35,31,6.400000095367432,7.200000286102295,0.44999998807907104,-40.22083899756032,-30.060669118496342,-36.22083899756032
grid-r035-c032,35,32,6.599999904632568,7.200000286102295,0.44999998807907104,-40.679109326998066,-30.16889975482378,-36.679109326998066
grid-r035-c033,35,33,6.800000190734863,7.200000286102295,0.44999998807907104,-41.133966040319464,-30.271191787874663,-37.133966040319464
grid-r035-c034,35,34,7.0,7.200000286102295,0.44999998807907104,-39.72510688369716,-30.368505430978104,-35.72510688369716
grid-r035-c035,35,35,7.199999809265137,7.200000286102295,0.44999998807907104,-40.766593927059525,-30.462029447362852,-36.766593927059525
grid-r035-c036,35,36,7.400000095367432,7.200000286102295,0.44999998807907104,-40.61697034682229,-30.55308213768621,-36.61697034682229
grid-r035-c037,35,37,7.599999904632568,7.200000286102295,0.44999998807907104,-39.73912621462496,-30.6430071175193,-35.73912621462496
grid-r035-c038,35,38,7.800000190734863,7.200000286102295,0.44999998807907104,-40.08666381932734,-30.73307171004663,-36.08666381932734
grid-r035-c039,35,39,8.0,7.200000286102295,0.44999998807907104,-40.391337342603336,-30.824368692303615,-36.391337342603336
grid-r035-c040,35,40,8.199999809265137,7.200000286102295,0.44999998807907104,-39.390583216439204,-30.917734250216718,-35.390583216439204
grid-r035-c041,35,41,8.399999618530273,7.200000286102295,0.44999998807907104,-40.28493885093866,-31.013682996659462,-36.28493885093866
grid-r035-c042,35,42,8.600000381469727,7.200000286102295,0.44999998807907104,-40.534587003188484,-31.112369924450984,-36.534587003188484
grid-r035-c043,35,43,8.800000190734863,7.200000286102295,0.44999998807907104,-40.681895140332344,-31.21357975346243,-36.681895140332344
grid-r035-c044,35,44,9.0,7.200000286102295,0.44999998807907104,-41.9092158057328,-31.31675311032081,-37.9092158057328
grid-r035-c045,35,45,9.199999809265137,7.200000286102295,0.44999998807907104,-40.87075286315613,-31.42103880188757,-36.87075286315613
grid-r035-c046,35,46,9.399999618530273,7.200000286102295,0.44999998807907104,-42.7644621806767,-31.525373929549126,-38.7644621806767
grid-r035-c047,35,47,9.600000381469727,7.200000286102295,0.44999998807907104,-40.78996816791531,-31.62858059333787,-36.78996816791531
grid-r035-c048,35,48,9.800000190734863,7.200000286102295,0.44999998807907104,-40.67253908243182,-31.72946531631076,-36.67253908243182
grid-r035-c049,35,49,10.0,7.200000286102295,0.44999998807907104,-41.822986013126304,-31.826916628929855,-37.822986013126304
grid-r035-c050,35,50,10.200000762939453,7.200000286102295,0.44999998807907104,-42.2137755469402,-31.919981029402475,-38.2137755469402
grid-r035-c051,35,51,10.399999618530273,7.200000286102295,0.44999998807907104,-40.72181461576043,-32.00791471381979,-36.72181461576043
grid-r035-c052,35,52,10.600000381469727,7.200000286102295,0.44999998807907104,-41.236355376247985,-32.0902148178993,-37.236355376247985
grid-r035-c053,35,53,10.800000190734863,7.200000286102295,0.44999998807907104,-41.779385082448364,-32.16661467172436,-37.779385082448364
grid-r035-c054,35,54,11.0,7.200000286102295,0.44999998807907104,-43.1176626867235,-32.237068643410296,-39.1176626867235
grid-r035-c055,35,55,11.200000762939453,7.200000286102295,0.44999998807907104,-41.20831006673483,-32.30171636557518,-37.20831006673483
grid-r035-c056,35,56,11.399999618530273,7.200000286102295,0.44999998807907104,-40.59008080076346,-32.3608400383827,-36.59008080076346
grid-r035-c057,35,57,11.600000381469727,7.200000286102295,0.44999998807907104,-40.421961815493106,-32.41482439095724,-36.421961815493106
grid-r036-c000,36,0,0.19999980926513672,7.40000057220459,0.44999998807907104,-42.851450997464596,-28.502692021591965,-38.851450997464596
grid-r036-c001,36,1,0.40000009536743164,7.40000057220459,0.44999998807907104,-75.89610554047057,-28.44823025492087,-71.89610554047057
grid-r036-c002,36,2,0.5999999046325684,7.40000057220459,0.44999998807907104,-86.6402455113667,-28.396838915148596,-82.6402455113667
grid-r036-c004,36,4,1.0,7.40000057220459,0.44999998807907104,-51.25153425882408,-28.305949268069085,-47.25153425882408
grid-r036-c006,36,6,1.4000000953674316,7.40000057220459,0.44999998807907104,-78.6064313375401,-28.235990759822002,-74.6064313375401
grid-r036-c008,36,8,1.799999713897705,7.40000057220459,0.44999998807907104,-78.37458482478559,-28.193758640945244,-74.37458482478559
grid-r036-c011,36,11,2.3999998569488525,7.40000057220459,0.44999998807907104,-67.6693514373428,-28.19816205246959,-63.6693514373428
grid-r036-c015,36,15,3.200000047683716,7.40000057220459,0.44999998807907104,-77.9565929692385,-28.36314589794313,-73.9565929692385
grid-r036-c022,36,22,4.599999904632568,7.40000057220459,0.44999998807907104,-72.71921643435078,-29.09959990828949,-68.71921643435078
grid-r036-c023,36,23,4.800000190734863,7.40000057220459,0.44999998807907104,-78.59335312356885,-29.235903791147944,-74.59335312356885
grid-r036-c027,36,27,5.599999904632568,7.40000057220459,0.44999998807907104,-50.728754988803374,-29.788257237986166,-46.728754988803374
grid-r036-c028,36,28,5.800000190734863,7.40000057220459,0.44999998807907104,-40.18257401219834,-29.919932051979522,-36.18257401219834
grid-r036-c029,36,29,6.0,7.40000057220459,0.44999998807907104,-39.984999595132976,-30.046719985082017,-35.984999595132976
grid-r036-c030,36,30,6.199999809265137,7.40000057220459,0.44999998807907104,-40.69377654571397,-30.168086411268074,-36.69377654571397
grid-r036-c031,36,31,6.400000095367432,7.40000057220459,0.44999998807907104,-39.59559351915764,-30.28388067035258,-35.59559351915764
grid-r036-c032,36,32,6.599999904632568,7.40000057220459,0.44999998807907104,-39.97319013872286,-30.394314356116944,-35.97319013872286
grid-r036-c033,36,33,6.800000190734863,7.40000057220459,0.44999998807907104,-40.474761640022116,-30.499919771563857,-36.474761640022116
grid-r036-c034,36,34,7.0,7.40000057220459,0.44999998807907104,-40.288968120664904,-30.601485469213642,-36.288968120664904
grid-r036-c035,36,35,7.199999809265137,7.40000057220459,0.44999998807907104,-41.56709375553053,-30.699981149584953,-37.56709375553053
grid-r036-c036,36,36,7.400000095367432,7.40000057220459,0.44999998807907104,-40.375572994350165,-30.79647024346717,-36.375572994350165
grid-r036-c037,36,37,7.599999904632568,7.40000057220459,0.44999998807907104,-40.46698429331893,-30.892018015891324,-36.46698429331893
grid-r036-c038,36,38,7.800000190734863,7.40000057220459,0.44999998807907104,-39.84647268037739,-30.987602772194688,-35.84647268037739
grid-r036-c039,36,39,8.0,7.40000057220459,0.44999998807907104,-40.717747985436354,-31.084030265472517,-36.717747985436354
grid-r036-c040,36,40,8.199999809265137,7.40000057220459,0.44999998807907104,-40.638369783446635,-31.181864265762353,-36.638369783446635
grid-r036-c041,36,41,8.399999618530273,7.40000057220459,0.44999998807907104,-40.79340565362946,-31.281373452771998,-36.79340565362946
grid-r036-c042,36,42,8.600000381469727,7.40000057220459,0.44999998807907104,-40.53321185705901,-31.382504266079998,-36.53321185705901
grid-r036-c043,36,43,8.800000190734863,7.40000057220459,0.44999998807907104,-41.82035175056897,-31.484879463057624,-37.82035175056897
grid-r036-c044,36,44,9.0,7.40000057220459,0.44999998807907104,-40.268822807516365,-31.58783137036186,-36.268822807516365
grid-r036-c045,36,45,9.199999809265137,7.40000057220459,0.44999998807907104,-43.05533522642929,-31.690458257368867,-39.05533522642929
grid-r036-c046,36,46,9.399999618530273,7.40000057220459,0.44999998807907104,-41.01981439540139,-31.791705315532326,-37.01981439540139
grid-r036-c047,36,47,9.600000381469727,7.40000057220459,0.44999998807907104,-40.6593889713769,-31.89045867797165,-36.6593889713769
grid-r036-c048,36,48,9.800000190734863,7.40000057220459,0.44999998807907104,-40.28261919398435,-31.98563887824959,-36.28261919398435
grid-r036-c049,36,49,10.0,7.40000057220459,0.44999998807907104,-43.322041960259554,-32.0762893173929,-39.322041960259554
grid-r036-c050,36,50,10.200000762939453,7.40000057220459,0.44999998807907104,-41.99664311660206,-32.161641131569894,-37.99664311660206
grid-r036-c051,36,51,10.399999618530273,7.40000057220459,0.44999998807907104,-41.447784062791555,-32.24115284256505,-37.447784062791555
grid-r036-c052,36,52,10.600000381469727,7.40000057220459,0.44999998807907104,-42.96321625056982,-32.3145289120811,-38.96321625056982
grid-r036-c053,36,53,10.800000190734863,7.40000057220459,0.44999998807907104,-40.56215310231942,-32.38170435092148,-36.56215310231942
grid-r036-c054,36,54,11.0,7.40000057220459,0.44999998807907104,-41.46874312256234,-32.442819806793814,-37.46874312256234
grid-r036-c055,36,55,11.200000762939453,7.40000057220459,0.44999998807907104,-42.09606091275258,-32.49817908092089,-38.09606091275258
grid-r036-c056,36,56,11.399999618530273,7.40000057220459,0.44999998807907104,-41.520536923798915,-32.5482023543794,-37.520536923798915
grid-r036-c057,36,57,11.600000381469727,7.40000057220459,0.44999998807907104,-43.4707368496126,-32.59338390232317,-39.4707368496126
grid-r037-c000,37,0,0.19999980926513672,7.600000381469727,0.44999998807907104,-47.210181190996835,-28.677944372655304,-43.210181190996835
grid-r037-c028,37,28,5.800000190734863,7.600000381469727,0.44999998807907104,-42.56984656369692,-30.154573083755945,-38.56984656369692
grid-r037-c029,37,29,6.0,7.600000381469727,0.44999998807907104,-41.68164087713414,-30.28025802093349,-37.68164087713414
grid-r037-c030,37,30,6.199999809265137,7.600000381469727,0.44999998807907104,-40.510047890192105,-30.40157161138816,-36.510047890192105
grid-r037-c031,37,31,6.400000095367432,7.600000381469727,0.44999998807907104,-41.18325575555878,-30.51837195076467,-37.18325575555878
grid-r037-c032,37,32,6.599999904632568,7.600000381469727,0.44999998807907104,-41.479653409057306,-30.63081802808559,-37.479653409057306
grid-r037-c033,37,33,6.800000190734863,7.600000381469727,0.44999998807907104,-40.646400026374366,-30.73933241180474,-36.646400026374366
grid-r037-c034,37,34,7.0,7.600000381469727,0.44999998807907104,-38.49248781082861,-30.844543612526923,-34.49248781082861
grid-r037-c035,37,35,7.199999809265137,7.600000381469727,0.44999998807907104,-41.978128218637565,-30.947219848508183,-37.978128218637565
grid-r037-c036,37,36,7.400000095367432,7.600000381469727,0.44999998807907104,-42.50227119527611,-31.048191803898355,-38.50227119527611
grid-r037-c037,37,37,7.599999904632568,7.600000381469727,0.44999998807907104,-42.95757046287597,-31.148271784360038,-38.95757046287597
grid-r037-c038,37,38,7.800000190734863,7.600000381469727,0.44999998807907104,-44.77482413117126,-31.24817662717628,-40.77482413117126
grid-r037-c039,37,39,8.0,7.600000381469727,0.44999998807907104,-41.261990474622586,-31.348453891380423,-37.261990474622586
grid-r037-c040,37,40,8.199999809265137,7.600000381469727,0.44999998807907104,-43.75760144934983,-31.44942428468893,-39.75760144934983
grid-r037-c041,37,41,8.399999618530273,7.600000381469727,0.44999998807907104,-41.190478068514324,-31.551139819333255,-37.190478068514324
grid-r037-c042,37,42,8.600000381469727,7.600000381469727,0.44999998807907104,-41.80271992036464,-31.653366992213176,-37.80271992036464
grid-r037-c043,37,43,8.800000190734863,7.600000381469727,0.44999998807907104,-41.024365044906034,-31.75559404438429,-37.024365044906034
grid-r037-c044,37,44,9.0,7.600000381469727,0.44999998807907104,-41.399413974583666,-31.85707070600685,-37.399413974583666
grid-r037-c045,37,45,9.199999809265137,7.600000381469727,0.44999998807907104,-42.50769643294247,-31.956868140008943,-38.50769643294247
grid-r037-c046,37,46,9.399999618530273,7.600000381469727,0.44999998807907104,-35.88852814850388,-32.05396021465823,-31.88852814850388
grid-r037-c047,37,47,9.600000381469727,7.600000381469727,0.44999998807907104,-40.818677689864245,-32.147314282998444,-36.818677689864245
grid-r037-c048,37,48,9.800000190734863,7.600000381469727,0.44999998807907104,-41.373625124733096,-32.23597819522562,-37.373625124733096
grid-r037-c049,37,49,10.0,7.600000381469727,0.44999998807907104,-43.07386777696634,-32.319159225939266,-39.07386777696634
grid-r037-c050,37,50,10.200000762939453,7.600000381469727,0.44999998807907104,-39.77905741691099,-32.396277626294015,-35.77905741691099
grid-r037-c051,37,51,10.399999618530273,7.600000381469727,0.44999998807907104,-44.33836799071541,-32.46699416275866,-40.33836799071541
grid-r037-c052,37,52,10.600000381469727,7.600000381469727,0.44999998807907104,-41.10417983848795,-32.53121615392701,-37.10417983848795
grid-r037-c053,37,53,10.800000190734863,7.600000381469727,0.44999998807907104,-42.35188938006415,-32.589071883851055,-38.35188938006415
grid-r037-c054,37,54,11.0,7.600000381469727,0.44999998807907104,-40.68954075940194,-32.64087654803897,-36.68954075940194
grid-r037-c055,37,55,11.200000762939453,7.600000381469727,0.44999998807907104,-40.868659740885676,-32.68708385336339,-36.868659740885676
grid-r037-c056,37,56,11.399999618530273,7.600000381469727,0.44999998807907104,-39.86352932538071,-32.72823603013563,-35.86352932538071
grid-r037-c057,37,57,11.600000381469727,7.600000381469727,0.44999998807907104,-42.3601205870855,-32.764920184235585,-38.3601205870855
grid-r038-c000,38,0,0.19999980926513672,7.8000006675720215,0.44999998807907104,-46.47366919667569,-28.856951079413474,-42.47366919667569
grid-r038-c027,38,27,5.599999904632568,7.8000006675720215,0.44999998807907104,-50.47386404573538,-30.270470182578492,-46.47386404573538
grid-r038-c028,38,28,5.800000190734863,7.8000006675720215,0.44999998807907104,-44.78158041222443,-30.39843057847621,-40.78158041222443
grid-r038-c029,38,29,6.0,7.8000006675720215,0.44999998807907104,-41.248038865174465,-30.523282516972458,-37.248038865174465
grid-r038-c030,38,30,6.199999809265137,7.8000006675720215,0.44999998807907104,-41.11311956408022,-30.64461115284306,-37.11311956408022
grid-r038-c031,38,31,6.400000095367432,7.8000006675720215,0.44999998807907104,-41.20060204117647,-30.762269708708136,-37.20060204117647
grid-r038-c032,38,32,6.599999904632568,7.8000006675720215,0.44999998807907104,-41.53302392576475,-30.876359486696327,-37.53302392576475
grid-r038-c033,38,33,6.800000190734863,7.8000006675720215,0.44999998807907104,-40.39931423543692,-30.98719629619087,-36.39931423543692
grid-r038-c034,38,34,7.0,7.8000006675720215,0.44999998807907104,-41.89316978828174,-31.095258846510074,-37.89316978828174
grid-r038-c035,38,35,7.199999809265137,7.8000006675720215,0.44999998807907104,-49.805362118476296,-31.201130424197466,-45.805362118476296
grid-r038-c040,38,40,8.199999809265137,7.8000006675720215,0.44999998807907104,-51.19371440260568,-31.716767793180374,-47.19371440260568
grid-r038-c041,38,41,8.399999618530273,7.8000006675720215,0.44999998807907104,-43.86796777576079,-31.819143502956585,-39.86796777576079
grid-r038-c042,38,42,8.600000381469727,7.8000006675720215,0.44999998807907104,-40.3280354430035,-31.920946629132665,-36.3280354430035
grid-r038-c043,38,43,8.800000190734863,7.8000006675720215,0.44999998807907104,-41.19667331862647,-32.0215657522915,-37.19667331862647
grid-r038-c044,38,44,9.0,7.8000006675720215,0.44999998807907104,-41.04754324945966,-32.12020074527164,-37.04754324945966
grid-r038-c045,38,45,9.199999809265137,7.8000006675720215,0.44999998807907104,-41.88081441142765,-32.215925144690324,-37.88081441142765
grid-r038-c046,38,46,9.399999618530273,7.8000006675720215,0.44999998807907104,-43.137109279437865,-32.307766590919236,-39.137109279437865
grid-r038-c047,38,47,9.600000381469727,7.8000006675720215,0.44999998807907104,-40.545032048698985,-32.394793391731746,-36.545032048698985
grid-r038-c048,38,48,9.800000190734863,7.8000006675720215,0.44999998807907104,-41.16063332293264,-32.47619437294909,-37.16063332293264
grid-r038-c049,38,49,10.0,7.8000006675720215,0.44999998807907104,-41.378937978776534,-32.55134782298604,-37.378937978776534
grid-r038-c050,38,50,10.200000762939453,7.8000006675720215,0.44999998807907104,-41.244518417612554,-32.619863694316,-37.244518417612554
grid-r038-c051,38,51,10.399999618530273,7.8000006675720215,0.44999998807907104,-41.5414749042943,-32.681599355066545,-37.5414749042943
grid-r038-c052,38,52,10.600000381469727,7.8000006675720215,0.44999998807907104,-39.36008156025154,-32.73665376620329,-35.36008156025154
grid-r038-c053,38,53,10.800000190734863,7.8000006675720215,0.44999998807907104,-45.11398734776968,-32.78533266748816,-41.11398734776968
grid-r038-c054,38,54,11.0,7.8000006675720215,0.44999998807907104,-41.19090932133278,-32.82810652632007,-37.19090932133278
grid-r038-c055,38,55,11.200000762939453,7.8000006675720215,0.44999998807907104,-42.94772122245046,-32.86555746804469,-38.94772122245046
grid-r038-c056,38,56,11.399999618530273,7.8000006675720215,0.44999998807907104,-41.78902337515573,-32.89832729112851,-37.78902337515573
grid-r038-c057,38,57,11.600000381469727,7.8000006675720215,0.44999998807907104,-39.807672228467,-32.92707360255456,-35.807672228467
grid-r039-c000,39,0,0.19999980926513672,8.000000953674316,0.44999998807907104,-46.43354911645517,-29.0391523972055,-42.43354911645517
grid-r039-c027,39,27,5.599999904632568,8.000000953674316,0.44999998807907104,-69.13070605313747,-30.52347811968122,-65.13070605313747
grid-r039-c028,39,28,5.800000190734863,8.000000953674316,0.44999998807907104,-53.815434077565655,-30.650094533174943,-49.815434077565655
grid-r039-c029,39,29,6.0,8.000000953674316,0.44999998807907104,-41.48390652928269,-30.77421893266578,-37.48390652928269
grid-r039-c030,39,30,6.199999809265137,8.000000953674316,0.44999998807907104,-41.23534735230237,-30.895464525140316,-37.23534735230237
grid-r039-c031,39,31,6.400000095367432,8.000000953674316,0.44999998807907104,-40.808639843030754,-31.013666449172515,-36.808639843030754
grid-r039-c032,39,32,6.599999904632568,8.000000953674316,0.44999998807907104,-41.78320411096688,-31.128862847071858,-37.78320411096688
grid-r039-c033,39,33,6.800000190734863,8.000000953674316,0.44999998807907104,-42.69016151312141,-31.241264844279748,-38.69016151312141
grid-r039-c034,39,34,7.0,8.000000953674316,0.44999998807907104,-39.363191009073205,-31.351210556578568,-35.363191009073205
grid-r039-c035,39,35,7.199999809265137,8.000000953674316,0.44999998807907104,-47.607473754582216,-31.459114115081594,-43.607473754582216
grid-r039-c040,39,40,8.199999809265137,8.000000953674316,0.44999998807907104,-69.97239880070228,-31.98037475660975,-65.97239880070228
grid-r039-c041,39,41,8.399999618530273,8.000000953674316,0.44999998807907104,-51.05178376480541,-32.081696137113845,-47.05178376480541
grid-r039-c042,39,42,8.600000381469727,8.000000953674316,0.44999998807907104,-43.55344156566769,-32.18140409990866,-39.55344156566769
grid-r039-c043,39,43,8.800000190734863,8.000000953674316,0.44999998807907104,-41.78421923896586,-32.27882893228801,-37.78421923896586
grid-r039-c044,39,44,9.0,8.000000953674316,0.44999998807907104,-40.70859547331039,-32.3731597283545,-36.70859547331039
grid-r039-c045,39,45,9.199999809265137,8.000000953674316,0.44999998807907104,-40.81578013054795,-32.4635075073421,-36.81578013054795
grid-r039-c046,39,46,9.399999618530273,8.000000953674316,0.44999998807907104,-41.74679043083833,-32.54898317190443,-37.74679043083833
grid-r039-c047,39,47,9.600000381469727,8.000000953674316,0.44999998807907104,-41.68984352432342,-32.62877844140168,-37.68984352432342
grid-r039-c048,39,48,9.800000190734863,8.000000953674316,0.44999998807907104,-43.83236723985994,-32.70223752789969,-39.83236723985994
grid-r039-c049,39,49,10.0,8.000000953674316,0.44999998807907104,-42.78057775244038,-32.768915543207015,-38.78057775244038
grid-r039-c050,39,50,10.200000762939453,8.000000953674316,0.44999998807907104,-41.679542298658504,-32.82860940323151,-37.679542298658504
grid-r039-c051,39,51,10.399999618530273,8.000000953674316,0.44999998807907104,-43.134086070034655,-32.88136238835452,-39.134086070034655
grid-r039-c052,39,52,10.600000381469727,8.000000953674316,0.44999998807907104,-41.560069070399095,-32.92744754966623,-37.560069070399095
grid-r039-c053,39,53,10.800000190734863,8.000000953674316,0.44999998807907104,-40.51547120402966,-32.96732513224872,-36.51547120402966
grid-r039-c054,39,54,11.0,8.000000953674316,0.44999998807907104,-43.401272887834224,-33.0015942100482,-39.401272887834224
grid-r039-c055,39,55,11.200000762939453,8.000000953674316,0.44999998807907104,-40.38600361858493,-33.030936677274994,-36.38600361858493
grid-r039-c056,39,56,11.399999618530273,8.000000953674316,0.44999998807907104,-42.58320555293175,-33.05606487820785,-38.58320555293175
grid-r039-c057,39,57,11.600000381469727,8.000000953674316,0.44999998807907104,-41.462587729676656,-33.07767896899577,-37.462587729676656
grid-r040-c000,40,0,0.19999980926513672,8.200000762939453,0.44999998807907104,-46.100299296833796,-29.224014530175104,-42.100299296833796
grid-r040-c027,40,27,5.599999904632568,8.200000762939453,0.44999998807907104,-67.16322910792903,-30.78274477030249,-63.16322910792903
grid-r040-c028,40,28,5.800000190734863,8.200000762939453,0.44999998807907104,-49.97457032099368,-30.908155541327712,-45.97457032099368
grid-r040-c029,40,29,6.0,8.200000762939453,0.44999998807907104,-44.937254556615414,-31.03150678505802,-40.937254556615414
grid-r040-c030,40,30,6.199999809265137,8.200000762939453,0.44999998807907104,-42.0826533023546,-31.15242032631938,-38.0826533023546
grid-r040-c031,40,31,6.400000095367432,8.200000762939453,0.44999998807907104,-41.930452465927004,-31.270700503972922,-37.930452465927004
grid-r040-c032,40,32,6.599999904632568,8.200000762939453,0.44999998807907104,-42.357742883235254,-31.386316637555968,-38.357742883235254
grid-r040-c033,40,33,6.800000190734863,8.200000762939453,0.44999998807907104,-40.566003993162234,-31.499376600432974,-36.566003993162234
grid-r040-c034,40,34,7.0,8.200000762939453,0.44999998807907104,-41.203143158186045,-31.61008631966694,-37.203143158186045
grid-r040-c035,40,35,7.199999809265137,8.200000762939453,0.44999998807907104,-46.6583603640573,-31.718705890482138,-42.6583603640573
grid-r040-c040,40,40,8.199999809265137,8.200000762939453,0.44999998807907104,-105.10327364382398,-32.23701236681908,-101.10327364382398
grid-r040-c041,40,41,8.399999618530273,8.200000762939453,0.44999998807907104,-50.90015471848655,-32.3354267973964,-46.90015471848655
grid-r040-c042,40,42,8.600000381469727,8.200000762939453,0.44999998807907104,-46.29956187971301,-32.431245198748314,-42.29956187971301
grid-r040-c043,40,43,8.800000190734863,8.200000762939453,0.44999998807907104,-43.45625620616175,-32.52378634638183,-39.45625620616175
grid-r040-c044,40,44,9.0,8.200000762939453,0.44999998807907104,-41.51710612365504,-32.612273105316106,-37.51710612365504
grid-r040-c045,40,45,9.199999809265137,8.200000762939453,0.44999998807907104,-41.85549592192051,-32.69589416876903,-37.85549592192051
grid-r040-c046,40,46,9.399999618530273,8.200000762939453,0.44999998807907104,-40.82460696204922,-32.77387741115722,-36.82460696204922
grid-r040-c047,40,47,9.600000381469727,8.200000762939453,0.44999998807907104,-41.011233997233546,-32.84556333077904,-37.011233997233546
grid-r040-c048,40,48,9.800000190734863,8.200000762939453,0.44999998807907104,-42.03159969378022,-32.910467180463755,-38.03159969378022
grid-r040-c049,40,49,10.0,8.200000762939453,0.44999998807907104,-41.43732395322283,-32.968326071189786,-37.43732395322283
grid-r040-c050,40,50,10.200000762939453,8.200000762939453,0.44999998807907104,-41.24922230789458,-33.019118605924774,-37.24922230789458
grid-r040-c051,40,51,10.399999618530273,8.200000762939453,0.44999998807907104,-41.60971354354625,-33.06305900927128,-37.60971354354625
grid-r040-c052,40,52,10.600000381469727,8.200000762939453,0.44999998807907104,-42.92467624528838,-33.10057120263888,-38.92467624528838
grid-r040-c053,40,53,10.800000190734863,8.200000762939453,0.44999998807907104,-42.48077412499015,-33.13224038538942,-38.48077412499015
grid-r040-c054,40,54,11.0,8.200000762939453,0.44999998807907104,-42.37875930346523,-33.15876057234251,-38.37875930346523
grid-r040-c055,40,55,11.200000762939453,8.200000762939453,0.44999998807907104,-40.584479971488314,-33.18087788357547,-36.584479971488314
grid-r040-c056,40,56,11.399999618530273,8.200000762939453,0.44999998807907104,-43.14608202943604,-33.19933983176357,-39.14608202943604
grid-r040-c057,40,57,11.600000381469727,8.200000762939453,0.44999998807907104,-42.850699929831315,-33.2148556887839,-38.850699929831315
grid-r041-c000,41,0,0.19999980926513672,8.40000057220459,0.44999998807907104,-52.165846087736256,-29.4110311049447,-48.165846087736256
grid-r041-c028,41,28,5.800000190734863,8.40000057220459,0.44999998807907104,-65.37057894419675,-31.171261947241643,-61.37057894419675
grid-r041-c029,41,29,6.0,8.40000057220459,0.44999998807907104,-46.97097168839642,-31.293664141462912,-42.97097168839642
grid-r041-c030,41,30,6.199999809265137,8.40000057220459,0.44999998807907104,-40.676542809510906,-31.413868585244145,-36.676542809510906
grid-r041-c031,41,31,6.400000095367432,8.40000057220459,0.44999998807907104,-43.62223437874077,-31.531636655845457,-39.62223437874077
grid-r041-c032,41,32,6.599999904632568,8.40000057220459,0.44999998807907104,-42.021699354422395,-31.64686312849174,-38.021699354422395
grid-r041-c033,41,33,6.800000190734863,8.40000057220459,0.44999998807907104,-41.63131699229203,-31.759553555916998,-37.63131699229203
grid-r041-c034,41,34,7.0,8.40000057220459,0.44999998807907104,-40.350840353203836,-31.86978935797908,-36.350840353203836
grid-r041-c035,41,35,7.199999809265137,8.40000057220459,0.44999998807907104,-46.26511029453066,-31.97769099868053,-42.26511029453066
grid-r041-c040,41,40,8.199999809265137,8.40000057220459,0.44999998807907104,-62.970821417598955,-32.48388978662414,-58.970821417598955
grid-r041-c041,41,41,8.399999618530273,8.40000057220459,0.44999998807907104,-48.360887146183416,-32.57744166295189,-44.360887146183416
grid-r041-c042,41,42,8.600000381469727,8.40000057220459,0.44999998807907104,-50.93623058591763,-32.66748391343638,-46.93623058591763
grid-r041-c043,41,43,8.800000190734863,8.40000057220459,0.44999998807907104,-43.797776138343416,-32.75337480164235,-39.797776138343416
grid-r041-c044,41,44,9.0,8.40000057220459,0.44999998807907104,-43.20115169891516,-32.834420052060196,-39.20115169891516
grid-r041-c045,41,45,9.199999809265137,8.40000057220459,0.44999998807907104,-40.248100276326554,-32.9099307358197,-36.248100276326554
grid-r041-c046,41,46,9.399999618530273,8.40000057220459,0.44999998807907104,-42.01259252117465,-32.97928947257489,-38.01259252117465
grid-r041-c047,41,47,9.600000381469727,8.40000057220459,0.44999998807907104,-40.711605294849576,-33.04201407016369,-36.711605294849576
grid-r041-c048,41,48,9.800000190734863,8.40000057220459,0.44999998807907104,-42.817058760896636,-33.097808317311426,-38.817058760896636
grid-r041-c049,41,49,10.0,8.40000057220459,0.44999998807907104,-40.57240026315714,-33.14659669941307,-36.57240026315714
grid-r041-c050,41,50,10.200000762939453,8.40000057220459,0.44999998807907104,-44.405616584247724,-33.18853263508875,-40.405616584247724
grid-r041-c051,41,51,10.399999618530273,8.40000057220459,0.44999998807907104,-39.30942444991486,-33.22398298252618,-35.30942444991486
grid-r041-c052,41,52,10.600000381469727,8.40000057220459,0.44999998807907104,-45.27217098826503,-33.25349448575736,-41.27217098826503
grid-r041-c053,41,53,10.800000190734863,8.40000057220459,0.44999998807907104,-40.98122740578839,-33.27774184446942,-36.98122740578839
grid-r041-c054,41,54,11.0,8.40000057220459,0.44999998807907104,-43.33798371510134,-33.29747389607915,-39.33798371510134
grid-r041-c055,41,55,11.200000762939453,8.40000057220459,0.44999998807907104,-41.71394073222391,-33.313458970404724,-37.71394073222391
grid-r041-c056,41,56,11.399999618530273,8.40000057220459,0.44999998807907104,-40.45873546015069,-33.32643834590285,-36.45873546015069
grid-r041-c057,41,57,11.600000381469727,8.40000057220459,0.44999998807907104,-41.57316191669976,-33.33709177057134,-37.57316191669976
grid-r042-c000,42,0,0.19999980926513672,8.600000381469727,0.44999998807907104,-61.721555892377054,-29.599721764074104,-57.721555892377054
grid-r042-c001,42,1,0.40000009536743164,8.600000381469727,0.44999998807907104,-78.601615752358,-29.58502674272731,-74.601615752358
grid-r042-c027,42,27,5.599999904632568,8.600000381469727,0.44999998807907104,-66.46599516903854,-31.315257725217446,-62.465995169038536
grid-r042-c028,42,28,5.800000190734863,8.600000381469727,0.44999998807907104,-67.8923416850619,-31.43817221144321,-63.89234168506189
grid-r042-c029,42,29,6.0,8.600000381469727,0.44999998807907104,-49.83696506626613,-31.55934674878128,-45.83696506626613
grid-r042-c030,42,30,6.199999809265137,8.600000381469727,0.44999998807907104,-43.7965176633865,-31.67836712128631,-39.7965176633865
grid-r042-c031,42,31,6.400000095367432,8.600000381469727,0.44999998807907104,-42.46553566591456,-31.79494015694623,-38.46553566591456
grid-r042-c032,42,32,6.599999904632568,8.600000381469727,0.44999998807907104,-41.90740725934467,-31.908880351057928,-37.90740725934467
grid-r042-c033,42,33,6.800000190734863,8.600000381469727,0.44999998807907104,-40.458627359361415,-32.020091378686956,-36.458627359361415
grid-r042-c034,42,34,7.0,8.600000381469727,0.44999998807907104,-40.241734819634985,-32.12853702400082,-36.241734819634985
grid-r042-c035,42,35,7.199999809265137,8.600000381469727,0.44999998807907104,-47.03842411777855,-32.234211560904996,-43.03842411777855
grid-r042-c040,42,40,8.199999809265137,8.600000381469727,0.44999998807907104,-70.03807132734075,-32.71879625933851,-66.03807132734075
grid-r042-c041,42,41,8.399999618530273,8.600000381469727,0.44999998807907104,-50.5947364133642,-32.805465507275386,-46.5947364133642
grid-r042-c042,42,42,8.600000381469727,8.600000381469727,0.44999998807907104,-47.62657066747434,-32.88778610816485,-43.62657066747434
grid-r042-c043,42,43,8.800000190734863,8.600000381469727,0.44999998807907104,-50.78352784102937,-32.96520982675503,-46.78352784102937
grid-r042-c044,42,44,9.0,8.600000381469727,0.44999998807907104,-44.12907665545018,-33.03717797312674,-40.12907665545018
grid-r042-c045,42,45,9.199999809265137,8.600000381469727,0.44999998807907104,-43.490962703620404,-33.103172707006976,-39.490962703620404
grid-r042-c046,42,46,9.399999618530273,8.600000381469727,0.44999998807907104,-44.577640554136934,-33.162773163417874,-40.577640554136934
grid-r042-c047,42,47,9.600000381469727,8.600000381469727,0.44999998807907104,-40.535781885773936,-33.21570650714601,-36.535781885773936
grid-r042-c048,42,48,9.800000190734863,8.600000381469727,0.44999998807907104,-42.83848074143726,-33.2618850978391,-38.83848074143726
grid-r042-c049,42,49,10.0,8.600000381469727,0.44999998807907104,-40.72351879662854,-33.30142729836169,-36.72351879662854
grid-r042-c050,42,50,10.200000762939453,8.600000381469727,0.44999998807907104,-41.657180802004646,-33.33465390241344,-37.657180802004646
grid-r042-c051,42,51,10.399999618530273,8.600000381469727,0.44999998807907104,-41.14504980283907,-33.36206375453411,-37.14504980283907
grid-r042-c052,42,52,10.600000381469727,8.600000381469727,0.44999998807907104,-41.37049420944664,-33.38429444795825,-37.37049420944664
grid-r042-c053,42,53,10.800000190734863,8.600000381469727,0.44999998807907104,-41.215831572193494,-33.402069587575774,-37.215831572193494
grid-r042-c054,42,54,11.0,8.600000381469727,0.44999998807907104,-40.793189916120475,-33.41614688442386,-36.793189916120475
grid-r042-c055,42,55,11.200000762939453,8.600000381469727,0.44999998807907104,-44.55032181605958,-33.42726889982024,-40.55032181605958
grid-r042-c056,42,56,11.399999618530273,8.600000381469727,0.44999998807907104,-41.361050814517824,-33.43612368911424,-37.361050814517824
grid-r042-c057,42,57,11.600000381469727,8.600000381469727,0.44999998807907104,-41.2065630707249,-33.44331802932261,-37.2065630707249
grid-r043-c000,43,0,0.19999980926513672,8.800000190734863,0.44999998807907104,-66.56651027083255,-29.789632003945215,-62.56651027083255
grid-r043-c001,43,1,0.40000009536743164,8.800000190734863,0.44999998807907104,-74.61367577946578,-29.781269656147852,-70.61367577946578
grid-r043-c027,43,27,5.599999904632568,8.800000190734863,0.44999998807907104,-89.27305222257783,-31.58636297139081,-85.27305222257783
grid-r043-c028,43,28,5.800000190734863,8.800000190734863,0.44999998807907104,-51.23058660150758,-31.707804661045827,-47.23058660150758
grid-r043-c029,43,29,6.0,8.800000190734863,0.44999998807907104,-62.163297576143165,-31.827403623716954,-58.163297576143165
grid-r043-c030,43,30,6.199999809265137,8.800000190734863,0.44999998807907104,-44.47843760122743,-31.94470338396369,-40.47843760122743
grid-r043-c031,43,31,6.400000095367432,8.800000190734863,0.44999998807907104,-42.12111766671611,-32.059345178965074,-38.12111766671611
grid-r043-c032,43,32,6.599999904632568,8.800000190734863,0.44999998807907104,-39.54515419781422,-32.17105742552881,-35.54515419781422
grid-r043-c033,43,33,6.800000190734863,8.800000190734863,0.44999998807907104,-41.47700807540238,-32.279641754016495,-37.47700807540238
grid-r043-c034,43,34,7.0,8.800000190734863,0.44999998807907104,-40.83253783095923,-32.38495012241316,-36.83253783095923
grid-r043-c035,43,35,7.199999809265137,8.800000190734863,0.44999998807907104,-46.86731256107974,-32.486862657305,-42.86731256107974
grid-r043-c040,43,40,8.199999809265137,8.800000190734863,0.44999998807907104,-50.7278036318945,-32.940221414665324,-46.7278036318945
grid-r043-c041,43,41,8.399999618530273,8.800000190734863,0.44999998807907104,-50.62534687869328,-33.01796401682106,-46.62534687869328
grid-r043-c042,43,42,8.600000381469727,8.800000190734863,0.44999998807907104,-59.97004394726093,-33.090592809815725,-55.97004394726093
grid-r043-c043,43,43,8.800000190734863,8.800000190734863,0.44999998807907104,-50.659307653549135,-33.15770893823105,-46.659307653549135
grid-r043-c044,43,44,9.0,8.800000190734863,0.44999998807907104,-48.528200475533765,-33.21894485888649,-44.528200475533765
grid-r043-c045,43,45,9.199999809265137,8.800000190734863,0.44999998807907104,-41.42272281832271,-33.274006157352616,-37.42272281832271
grid-r043-c046,43,46,9.399999618530273,8.800000190734863,0.44999998807907104,-43.271649191096984,-33.3227143169665,-39.271649191096984
grid-r043-c047,43,47,9.600000381469727,8.800000190734863,0.44999998807907104,-42.11825687637976,-33.36504189827682,-38.11825687637976
grid-r043-c048,43,48,9.800000190734863,8.800000190734863,0.44999998807907104,-43.15774292337665,-33.40113319686579,-39.15774292337665
grid-r043-c049,43,49,10.0,8.800000190734863,0.44999998807907104,-41.767882085460656,-33.431309061684765,-37.767882085460656
grid-r043-c050,43,50,10.200000762939453,8.800000190734863,0.44999998807907104,-42.13265232038317,-33.456050684646904,-38.13265232038317
grid-r043-c051,43,51,10.399999618530273,8.800000190734863,0.44999998807907104,-40.68153930675061,-33.47596689341459,-36.68153930675061
grid-r043-c052,43,52,10.600000381469727,8.800000190734863,0.44999998807907104,-42.85371069501955,-33.49175109413311,-38.85371069501955
grid-r043-c053,43,53,10.800000190734863,8.800000190734863,0.44999998807907104,-41.16768596325305,-33.504130791994896,-37.16768596325305
grid-r043-c054,43,54,11.0,8.800000190734863,0.44999998807907104,-42.39989551014691,-33.51382141255364,-38.39989551014691
grid-r043-c055,43,55,11.200000762939453,8.800000190734863,0.44999998807907104,-41.437996653114325,-33.52148635982448,-37.437996653114325
grid-r043-c056,43,56,11.399999618530273,8.800000190734863,0.44999998807907104,-43.6217631639547,-33.527708414901944,-39.6217631639547
grid-r043-c057,43,57,11.600000381469727,8.800000190734863,0.44999998807907104,-42.78398455116779,-33.53297364999527,-38.78398455116779
grid-r044-c000,44,0,0.19999980926513672,9.000000953674316,0.44999998807907104,-61.24141278717363,-29.980333140340292,-57.24141278717363
grid-r044-c001,44,1,0.40000009536743164,9.000000953674316,0.44999998807907104,-80.2533542856075,-29.97818757820056,-76.2533542856075
grid-r044-c002,44,2,0.5999999046325684,9.000000953674316,0.44999998807907104,-51.48974833302755,-29.979962154802966,-47.48974833302755
grid-r044-c026,44,26,5.400000095367432,9.000000953674316,0.44999998807907104,-69.17143191575279,-31.73826005101236,-65.17143191575279
grid-r044-c027,44,27,5.599999904632568,9.000000953674316,0.44999998807907104,-64.11225604827962,-31.859527178373032,-60.11225604827962
grid-r044-c028,44,28,5.800000190734863,9.000000953674316,0.44999998807907104,-81.57330671171196,-31.979279798631485,-77.57330671171196
grid-r044-c029,44,29,6.0,9.000000953674316,0.44999998807907104,-64.99223643082632,-32.09692396204719,-60.992236430826324
grid-r044-c030,44,30,6.199999809265137,9.000000953674316,0.44999998807907104,-52.24359609199264,-32.21194628478158,-48.24359609199264
grid-r044-c031,44,31,6.400000095367432,9.000000953674316,0.44999998807907104,-42.89692999069449,-32.32391184290152,-38.89692999069449
grid-r044-c032,44,32,6.599999904632568,9.000000953674316,0.44999998807907104,-42.46420184239053,-32.432456980301325,-38.46420184239053
grid-r044-c033,44,33,6.800000190734863,9.000000953674316,0.44999998807907104,-40.73812605316113,-32.53728026729028,-36.73812605316113
grid-r044-c034,44,34,7.0,9.000000953674316,0.44999998807907104,-40.77507867319342,-32.63812618891669,-36.77507867319342
grid-r044-c035,44,35,7.199999809265137,9.000000953674316,0.44999998807907104,-48.69299580221093,-32.73477077612585,-44.69299580221093
grid-r044-c040,44,40,8.199999809265137,9.000000953674316,0.44999998807907104,-66.42206109387462,-33.147451017153074,-62.42206109387462
grid-r044-c041,44,41,8.399999618530273,9.000000953674316,0.44999998807907104,-50.44840315465542,-33.21424062299585,-46.44840315465542
grid-r044-c042,44,42,8.600000381469727,9.000000953674316,0.44999998807907104,-50.61736461141804,-33.27521731042061,-46.61736461141804
grid-r044-c043,44,43,8.800000190734863,9.000000953674316,0.44999998807907104,-50.54864599848429,-33.33018829028101,-46.54864599848429
grid-r044-c044,44,44,9.0,9.000000953674316,0.44999998807907104,-48.19066924183336,-33.37903488860236,-44.19066924183336
grid-r044-c045,44,45,9.199999809265137,9.000000953674316,0.44999998807907104,-48.46517410204437,-33.42174185009655,-44.46517410204437
grid-r044-c046,44,46,9.399999618530273,9.000000953674316,0.44999998807907104,-40.60397383821226,-33.4584231148903,-36.60397383821226
grid-r044-c047,44,47,9.600000381469727,9.000000953674316,0.44999998807907104,-43.9329707185677,-33.48933726112712,-39.9329707185677
grid-r044-c048,44,48,9.800000190734863,9.000000953674316,0.44999998807907104,-44.232253830180184,-33.51488806988716,-40.232253830180184
grid-r044-c049,44,49,10.0,9.000000953674316,0.44999998807907104,-40.72983198507724,-33.53561056685118,-36.72983198507724
grid-r044-c050,44,50,10.200000762939453,9.000000953674316,0.44999998807907104,-43.2903824397966,-33.552140796646476,-39.2903824397966
grid-r044-c051,44,51,10.399999618530273,9.000000953674316,0.44999998807907104,-41.08231768875272,-33.5651750804749,-37.08231768875272
grid-r044-c052,44,52,10.600000381469727,9.000000953674316,0.44999998807907104,-42.662326505985114,-33.57542527486209,-38.662326505985114
grid-r044-c053,44,53,10.800000190734863,9.000000953674316,0.44999998807907104,-43.79882154457466,-33.583573995795334,-39.79882154457466
grid-r044-c054,44,54,11.0,9.000000953674316,0.44999998807907104,-40.78377045064066,-33.59023857831716,-36.78377045064066
grid-r044-c055,44,55,11.200000762939453,9.000000953674316,0.44999998807907104,-44.169312381625446,-33.59594503220579,-40.169312381625446
grid-r044-c056,44,56,11.399999618530273,9.000000953674316,0.44999998807907104,-41.728315012087556,-33.601114354663785,-37.728315012087556
grid-r044-c057,44,57,11.600000381469727,9.000000953674316,0.44999998807907104,-41.20170783851866,-33.60606054907111,-37.20170783851866
grid-r045-c027,45,27,5.599999904632568,9.200000762939453,0.44999998807907104,-56.45709757381327,-32.134101667716,-52.45709757381327
grid-r045-c028,45,28,5.800000190734863,9.200000762939453,0.44999998807907104,-69.12116405745118,-32.2519453250129,-65.12116405745118
grid-r045-c029,45,29,6.0,9.200000762939453,0.44999998807907104,-68.93368788019374,-32.367265332090525,-64.93368788019374
grid-r045-c030,45,30,6.199999809265137,9.200000762939453,0.44999998807907104,-47.51883403773296,-32.479477808882905,-43.51883403773296
grid-r045-c031,45,31,6.400000095367432,9.200000762939453,0.44999998807907104,-43.2663671195439,-32.58806146808648,-39.2663671195439
grid-r045-c032,45,32,6.599999904632568,9.200000762939453,0.44999998807907104,-40.65240578750617,-32.69255420239009,-36.65240578750617
grid-r045-c033,45,33,6.800000190734863,9.200000762939453,0.44999998807907104,-42.35739706658129,-32.79254934182161,-38.35739706658129
grid-r045-c034,45,34,7.0,9.200000762939453,0.44999998807907104,-41.752335630488666,-32.887686305279274,-37.752335630488666
grid-r045-c035,45,35,7.199999809265137,9.200000762939453,0.44999998807907104,-46.55269684259147,-32.97764438917495,-42.55269684259147
grid-r045-c040,45,40,8.199999809265137,9.200000762939453,0.44999998807907104,-50.543867145628525,-33.34063108303325,-46.543867145628525
grid-r045-c041,45,41,8.399999618530273,9.200000762939453,0.44999998807907104,-62.67411525183313,-33.39450181927335,-58.67411525183313
grid-r045-c042,45,42,8.600000381469727,9.200000762939453,0.44999998807907104,-50.39073874074333,-33.44191117134385,-46.39073874074333
grid-r045-c043,45,43,8.800000190734863,9.200000762939453,0.44999998807907104,-48.87738160545038,-33.48292892322066,-44.87738160545038
grid-r045-c044,45,44,9.0,9.200000762939453,0.44999998807907104,-50.48681896210934,-33.517744582224424,-46.48681896210934
grid-r045-c045,45,45,9.199999809265137,9.200000762939453,0.44999998807907104,-48.35419385940695,-33.54668106944923,-44.35419385940695
grid-r045-c046,45,46,9.399999618530273,9.200000762939453,0.44999998807907104,-43.68927535090869,-33.57019949008872,-39.68927535090869
grid-r045-c047,45,47,9.600000381469727,9.200000762939453,0.44999998807907104,-42.967369736183855,-33.58889031327614,-38.967369736183855
grid-r045-c048,45,48,9.800000190734863,9.200000762939453,0.44999998807907104,-42.46056780453305,-33.603449411078664,-38.46056780453305
grid-r045-c049,45,49,10.0,9.200000762939453,0.44999998807907104,-42.41833943999764,-33.6146416772862,-38.41833943999764
grid-r045-c050,45,50,10.200000762939453,9.200000762939453,0.44999998807907104,-42.23295606517097,-33.62325473443699,-38.23295606517097
grid-r045-c051,45,51,10.399999618530273,9.200000762939453,0.44999998807907104,-40.99764706517436,-33.63005011659038,-36.99764706517436
grid-r045-c052,45,52,10.600000381469727,9.200000762939453,0.44999998807907104,-43.66931453383142,-33.63571899794815,-39.66931453383142
grid-r045-c053,45,53,10.800000190734863,9.200000762939453,0.44999998807907104,-41.52970929537623,-33.64084701394082,-37.52970929537623
grid-r045-c054,45,54,11.0,9.200000762939453,0.44999998807907104,-41.73178737883382,-33.64589345377416,-37.73178737883382
grid-r045-c055,45,55,11.200000762939453,9.200000762939453,0.44999998807907104,-41.21097119306101,-33.65118443323808,-37.21097119306101
grid-r045-c056,45,56,11.399999618530273,9.200000762939453,0.44999998807907104,-39.66993947465669,-33.656918912187685,-35.66993947465669
grid-r045-c057,45,57,11.600000381469727,9.200000762939453,0.44999998807907104,-42.42690401562505,-33.6631846651035,-38.42690401562505
grid-r046-c026,46,26,5.400000095367432,9.40000057220459,0.44999998807907104,-62.09696326601487,-32.29154384271019,-58.09696326601487
grid-r046-c027,46,27,5.599999904632568,9.40000057220459,0.44999998807907104,-65.74403501130078,-32.409651258345654,-61.74403501130078
grid-r046-c028,46,28,5.800000190734863,9.40000057220459,0.44999998807907104,-57.24610958696353,-32.52540131441719,-53.24610958696353
grid-r046-c029,46,29,6.0,9.40000057220459,0.44999998807907104,-66.81978217713335,-32.638080282322534,-62.81978217713335
grid-r046-c030,46,30,6.199999809265137,9.40000057220459,0.44999998807907104,-51.18750714392081,-32.747021217730214,-47.18750714392081
grid-r046-c031,46,31,6.400000095367432,9.40000057220459,0.44999998807907104,-42.15834369814932,-32.85160653221839,-38.15834369814932
grid-r046-c032,46,32,6.599999904632568,9.40000057220459,0.44999998807907104,-41.301890834752754,-32.951268701319506,-37.301890834752754
grid-r046-c033,46,33,6.800000190734863,9.40000057220459,0.44999998807907104,-41.370743326921556,-33.04549212452491,-37.370743326921556
grid-r046-c034,46,34,7.0,9.40000057220459,0.44999998807907104,-40.74391494127562,-33.133811086573154,-36.74391494127562
grid-r046-c035,46,35,7.199999809265137,9.40000057220459,0.44999998807907104,-48.364564173775676,-33.21581207595465,-44.364564173775676
grid-r046-c040,46,40,8.199999809265137,9.40000057220459,0.44999998807907104,-68.97729150571236,-33.52081553026593,-64.97729150571236
grid-r046-c041,46,41,8.399999618530273,9.40000057220459,0.44999998807907104,-50.27119968180702,-33.55990618235077,-46.27119968180702
grid-r046-c042,46,42,8.600000381469727,9.40000057220459,0.44999998807907104,-50.17317222541679,-33.591914380845466,-46.17317222541679
grid-r046-c043,46,43,8.800000190734863,9.40000057220459,0.44999998807907104,-55.27452743011118,-33.617227836289096,-51.27452743011118
grid-r046-c044,46,44,9.0,9.40000057220459,0.44999998807907104,-50.22048309556948,-33.63640460495666,-46.22048309556948
grid-r046-c045,46,45,9.199999809265137,9.40000057220459,0.44999998807907104,-50.50634835613502,-33.65016802760488,-46.50634835613502
grid-r046-c046,46,46,9.399999618530273,9.40000057220459,0.44999998807907104,-48.23265288895058,-33.65938605990858,-44.23265288895058
grid-r046-c047,46,47,9.600000381469727,9.40000057220459,0.44999998807907104,-44.82248008277266,-33.66503288169231,-40.82248008277266
grid-r046-c048,46,48,9.800000190734863,9.40000057220459,0.44999998807907104,-44.671907084149254,-33.66813496185693,-40.671907084149254
grid-r046-c049,46,49,10.0,9.40000057220459,0.44999998807907104,-41.05110281221273,-33.66970757722057,-37.05110281221273
grid-r046-c050,46,50,10.200000762939453,9.40000057220459,0.44999998807907104,-44.865460202066586,-33.67068960311796,-40.865460202066586
grid-r046-c051,46,51,10.399999618530273,9.40000057220459,0.44999998807907104,-43.10017092864682,-33.671886213488385,-39.10017092864682
grid-r046-c052,46,52,10.600000381469727,9.40000057220459,0.44999998807907104,-42.515191888090186,-33.67392736657888,-38.515191888090186
grid-r046-c053,46,53,10.800000190734863,9.40000057220459,0.44999998807907104,-43.980624981717,-33.677246678780534,-39.980624981717
grid-r046-c054,46,54,11.0,9.40000057220459,0.44999998807907104,-43.327425685319774,-33.68208175053472,-39.327425685319774
grid-r046-c055,46,55,11.200000762939453,9.40000057220459,0.44999998807907104,-40.70183454635127,-33.68849270133942,-36.70183454635127
grid-r046-c056,46,56,11.399999618530273,9.40000057220459,0.44999998807907104,-42.9697976995017,-33.6963933412159,-38.9697976995017
grid-r046-c057,46,57,11.600000381469727,9.40000057220459,0.44999998807907104,-43.517115749267354,-33.70558932699547,-39.517115749267354
grid-r047-c026,47,26,5.400000095367432,9.600000381469727,0.44999998807907104,-82.94919801491699,-32.56947143306868,-78.94919801491699
grid-r047-c027,47,27,5.599999904632568,9.600000381469727,0.44999998807907104,-70.95160569016207,-32.68595270445408,-66.95160569016207
grid-r047-c028,47,28,5.800000190734863,9.600000381469727,0.44999998807907104,-68.00311935733198,-32.79949836966218,-64.00311935733198
grid-r047-c029,47,29,6.0,9.600000381469727,0.44999998807907104,-51.109511855682214,-32.90931429396664,-47.109511855682214
grid-r047-c030,47,30,6.199999809265137,9.600000381469727,0.44999998807907104,-48.12941063365513,-33.014638929360665,-44.12941063365513
grid-r047-c031,47,31,6.400000095367432,9.600000381469727,0.44999998807907104,-44.07109254373893,-33.11474865779627,-40.07109254373893
grid-r047-c032,47,32,6.599999904632568,9.600000381469727,0.44999998807907104,-41.494798600017226,-33.208962827626294,-37.494798600017226
grid-r047-c033,47,33,6.800000190734863,9.600000381469727,0.44999998807907104,-40.983676136668265,-33.29665140965683,-36.983676136668265
grid-r047-c034,47,34,7.0,9.600000381469727,0.44999998807907104,-42.61820627069834,-33.3772405301127,-38.61820627069834
grid-r047-c035,47,35,7.199999809265137,9.600000381469727,0.44999998807907104,-46.331968475308,-33.45022366170201,-42.331968475308
grid-r047-c040,47,40,8.199999809265137,9.600000381469727,0.44999998807907104,-65.7568511257638,-33.68997983549452,-61.7568511257638
grid-r047-c041,47,41,8.399999618530273,9.600000381469727,0.44999998807907104,-49.47143690159169,-33.712581527472345,-45.47143690159169
grid-r047-c042,47,42,8.600000381469727,9.600000381469727,0.44999998807907104,-64.13454732088351,-33.72747613646793,-60.13454732088351
grid-r047-c043,47,43,8.800000190734863,9.600000381469727,0.44999998807907104,-50.31064245858484,-33.73542240707077,-46.31064245858484
grid-r047-c044,47,44,9.0,9.600000381469727,0.44999998807907104,-50.31841200251917,-33.73740772210306,-46.31841200251917
grid-r047-c045,47,45,9.199999809265137,9.600000381469727,0.44999998807907104,-50.11615500348458,-33.73462115670648,-46.11615500348458
grid-r047-c046,47,46,9.399999618530273,9.600000381469727,0.44999998807907104,-58.826842674528805,-33.728402471524376,-54.826842674528805
grid-r047-c047,47,47,9.600000381469727,9.600000381469727,0.44999998807907104,-44.44236449466955,-33.720167928350556,-40.44236449466955
grid-r047-c048,47,48,9.800000190734863,9.600000381469727,0.44999998807907104,-40.79208176322112,-33.7113197296682,-36.79208176322112
grid-r047-c049,47,49,10.0,9.600000381469727,0.44999998807907104,-44.25289966089943,-33.70314954565566,-40.25289966089943
grid-r047-c050,47,50,10.200000762939453,9.600000381469727,0.44999998807907104,-43.770193577594874,-33.69675062698324,-39.770193577594874
grid-r047-c051,47,51,10.399999618530273,9.600000381469727,0.44999998807907104,-41.911237472751274,-33.692951240828975,-37.911237472751274
grid-r047-c052,47,52,10.600000381469727,9.600000381469727,0.44999998807907104,-40.668383840208556,-33.69227843200731,-36.668383840208556
grid-r047-c053,47,53,10.800000190734863,9.600000381469727,0.44999998807907104,-43.35900186976077,-33.69495612906043,-39.35900186976077
grid-r047-c054,47,54,11.0,9.600000381469727,0.44999998807907104,-45.103100014255304,-33.700933459293175,-41.103100014255304
grid-r047-c055,47,55,11.200000762939453,9.600000381469727,0.44999998807907104,-41.241215351686826,-33.70993570374775,-37.241215351686826
grid-r047-c056,47,56,11.399999618530273,9.600000381469727,0.44999998807907104,-41.7600865368889,-33.721526726855586,-37.7600865368889
grid-r047-c057,47,57,11.600000381469727,9.600000381469727,0.44999998807907104,-40.98894941657989,-33.73517384943555,-36.98894941657989
grid-r048-c028,48,28,5.800000190734863,9.800000190734863,0.44999998807907104,-80.61266683999945,-33.07432763162323,-76.61266683999945
grid-r048-c029,48,29,6.0,9.800000190734863,0.44999998807907104,-47.858311238192954,-33.1811937927597,-43.858311238192954
grid-r048-c030,48,30,6.199999809265137,9.800000190734863,0.44999998807907104,-45.85984831133064,-33.282718625252436,-41.85984831133064
grid-r048-c031,48,31,6.400000095367432,9.800000190734863,0.44999998807907104,-49.25693429082176,-33.37806300808797,-45.25693429082176
grid-r048-c032,48,32,6.599999904632568,9.800000190734863,0.44999998807907104,-41.49670975417487,-33.46642466722812,-37.49670975417487
grid-r048-c033,48,33,6.800000190734863,9.800000190734863,0.44999998807907104,-41.75247754813025,-33.54705166952084,-37.75247754813025
grid-r048-c034,48,34,7.0,9.800000190734863,0.44999998807907104,-39.91278970949213,-33.61925565860274,-35.91278970949213
grid-r048-c035,48,35,7.199999809265137,9.800000190734863,0.44999998807907104,-47.06275624708286,-33.68243218873497,-43.06275624708286
grid-r048-c040,48,40,8.199999809265137,9.800000190734863,0.44999998807907104,-96.21245200911727,-33.85101849101265,-92.21245200911727
grid-r048-c041,48,41,8.399999618530273,9.800000190734863,0.44999998807907104,-49.89449053473575,-33.855628069653534,-45.89449053473575
grid-r048-c042,48,42,8.600000381469727,9.800000190734863,0.44999998807907104,-49.44155854365667,-33.85186418304287,-45.44155854365667
grid-r048-c043,48,43,8.800000190734863,9.800000190734863,0.44999998807907104,-50.300632134879095,-33.84090608668774,-46.300632134879095
grid-r048-c044,48,44,9.0,9.800000190734863,0.44999998807907104,-50.24792410889691,-33.82423072310608,-46.24792410889691
grid-r048-c045,48,45,9.199999809265137,9.800000190734863,0.44999998807907104,-50.12746007843249,-33.803560836954674,-46.12746007843249
grid-r048-c046,48,46,9.399999618530273,9.800000190734863,0.44999998807907104,-50.30100352988066,-33.780778243151474,-46.30100352988066
grid-r048-c047,48,47,9.600000381469727,9.800000190734863,0.44999998807907104,-48.11009043815285,-33.757806580228554,-44.11009043815285
grid-r048-c048,48,48,9.800000190734863,9.800000190734863,0.44999998807907104,-44.54340575280399,-33.7364760739997,-40.54340575280399
grid-r048-c049,48,49,10.0,9.800000190734863,0.44999998807907104,-42.47259306315888,-33.71838677678692,-38.47259306315888
grid-r048-c050,48,50,10.200000762939453,9.800000190734863,0.44999998807907104,-41.69919729884705,-33.70479322391394,-37.69919729884705
grid-r048-c051,48,51,10.399999618530273,9.800000190734863,0.44999998807907104,-43.442649914709015,-33.69652747609574,-39.442649914709015
grid-r048-c052,48,52,10.600000381469727,9.800000190734863,0.44999998807907104,-42.786675993440056,-33.693971044704654,-38.786675993440056
grid-r048-c053,48,53,10.800000190734863,9.800000190734863,0.44999998807907104,-41.789991401529214,-33.69707832738621,-37.789991401529214
grid-r048-c054,48,54,11.0,9.800000190734863,0.44999998807907104,-42.624929443471615,-33.70544087831307,-38.624929443471615
grid-r048-c055,48,55,11.200000762939453,9.800000190734863,0.44999998807907104,-43.60828104558378,-33.718378811934,-39.60828104558378
grid-r048-c056,48,56,11.399999618530273,9.800000190734863,0.44999998807907104,-41.92088198248566,-33.735041191113446,-37.92088198248566
grid-r048-c057,48,57,11.600000381469727,9.800000190734863,0.44999998807907104,-43.82364499867042,-33.75450228972668,-39.82364499867042
grid-r049-c027,49,27,5.599999904632568,10.0,0.44999998807907104,-46.80062849865078,-33.24091583101272,-42.80062849865078
grid-r049-c028,49,28,5.800000190734863,10.0,0.44999998807907104,-45.93037681499632,-33.350195024283686,-41.93037681499632
grid-r049-c029,49,29,6.0,10.0,0.44999998807907104,-47.570259382122686,-33.45419665484008,-43.570259382122686
grid-r049-c030,49,30,6.199999809265137,10.0,0.44999998807907104,-45.9500257043169,-33.55194007868975,-41.9500257043169
grid-r049-c031,49,31,6.400000095367432,10.0,0.44999998807907104,-50.558450414029195,-33.6424616594328,-46.558450414029195
grid-r049-c032,49,32,6.599999904632568,10.0,0.44999998807907104,-48.287809819508055,-33.72482837021486,-44.287809819508055
grid-r049-c033,49,33,6.800000190734863,10.0,0.44999998807907104,-39.90312980561258,-33.79815697284561,-35.90312980561258
grid-r049-c034,49,34,7.0,10.0,0.44999998807907104,-41.525753456403805,-33.86163490436184,-37.525753456403805
grid-r049-c035,49,35,7.199999809265137,10.0,0.44999998807907104,-50.57618569380399,-33.91454989484541,-46.57618569380399
grid-r049-c040,49,40,8.199999809265137,10.0,0.44999998807907104,-68.7775577551975,-34.007722127939594,-64.7775577551975
grid-r049-c041,49,41,8.399999618530273,10.0,0.44999998807907104,-49.921040572995224,-33.99310437180878,-45.921040572995224
grid-r049-c042,49,42,8.600000381469727,10.0,0.44999998807907104,-62.13321030093766,-33.969360490238564,-58.13321030093766
grid-r049-c043,49,43,8.800000190734863,10.0,0.44999998807907104,-50.117135755843776,-33.93813419098703,-46.117135755843776
grid-r049-c044,49,44,9.0,10.0,0.44999998807907104,-49.762162228054635,-33.90145013132895,-45.762162228054635
grid-r049-c045,49,45,9.199999809265137,10.0,0.44999998807907104,-50.12603858313935,-33.86163424918813,-46.12603858313935
grid-r049-c046,49,46,9.399999618530273,10.0,0.44999998807907104,-50.195489149372165,-33.82118545235805,-46.195489149372165
grid-r049-c047,49,47,9.600000381469727,10.0,0.44999998807907104,-49.889356072898295,-33.78260689866732,-45.889356072898295
grid-r049-c048,49,48,9.800000190734863,10.0,0.44999998807907104,-46.32874383837954,-33.7482164557443,-42.32874383837954
grid-r049-c049,49,49,10.0,10.0,0.44999998807907104,-44.322967569595505,-33.719960775127596,-40.322967569595505
grid-r049-c050,49,50,10.200000762939453,10.0,0.44999998807907104,-43.998436013603104,-33.699266609898224,-39.998436013603104
grid-r049-c051,49,51,10.399999618530273,10.0,0.44999998807907104,-43.827427611089824,-33.686952038449455,-39.827427611089824
grid-r049-c052,49,52,10.600000381469727,10.0,0.44999998807907104,-40.553635877999156,-33.68320997678628,-36.553635877999156
grid-r049-c053,49,53,10.800000190734863,10.0,0.44999998807907104,-43.83298807222859,-33.68766415506725,-39.83298807222859
grid-r049-c054,49,54,11.0,10.0,0.44999998807907104,-44.047328054279134,-33.69947853906688,-40.047328054279134
grid-r049-c055,49,55,11.200000762939453,10.0,0.44999998807907104,-43.23423674724087,-33.717498169916034,-39.23423674724087
grid-r049-c056,49,56,11.399999618530273,10.0,0.44999998807907104,-43.784598744886516,-33.74039465927978,-39.784598744886516
grid-r049-c057,49,57,11.600000381469727,10.0,0.44999998807907104,-41.72171509909777,-33.766798418070074,-37.72171509909777
grid-r050-c026,50,26,5.400000095367432,10.200000762939453,0.44999998807907104,-62.805566160874605,-33.40750880219405,-58.805566160874605
grid-r050-c027,50,27,5.599999904632568,10.200000762939453,0.44999998807907104,-63.847698082408115,-33.52005165156562,-59.847698082408115
grid-r050-c028,50,28,5.800000190734863,10.200000762939453,0.44999998807907104,-50.56400988262665,-33.62758307086114,-46.56400988262665
grid-r050-c029,50,29,6.0,10.200000762939453,0.44999998807907104,-50.38481862122468,-33.72900851890591,-46.38481862122468
grid-r050-c030,50,30,6.199999809265137,10.200000762939453,0.44999998807907104,-49.08263480517783,-33.82322595789045,-45.08263480517783
grid-r050-c031,50,31,6.400000095367432,10.200000762939453,0.44999998807907104,-45.77707317433911,-33.90913910282068,-41.77707317433911
grid-r050-c032,50,32,6.599999904632568,10.200000762939453,0.44999998807907104,-46.606074438499135,-33.98567482087235,-42.606074438499135
grid-r050-c033,50,33,6.800000190734863,10.200000762939453,0.44999998807907104,-42.311112428812734,-34.051807604400736,-38.311112428812734
grid-r050-c034,50,34,7.0,10.200000762939453,0.44999998807907104,-41.46617950657145,-34.106587811370225,-37.46617950657145
grid-r050-c035,50,35,7.199999809265137,10.200000762939453,0.44999998807907104,-47.85194352106632,-34.14918050521485,-43.85194352106632
grid-r050-c040,50,40,8.199999809265137,10.200000762939453,0.44999998807907104,-64.96683450753706,-34.164735604517006,-60.96683450753706
grid-r050-c041,50,41,8.399999618530273,10.200000762939453,0.44999998807907104,-49.920459409781415,-34.129997445916125,-45.920459409781415
grid-r050-c042,50,42,8.600000381469727,10.200000762939453,0.44999998807907104,-49.91521064895042,-34.08524481899924,-45.91521064895042
grid-r050-c043,50,43,8.800000190734863,10.200000762939453,0.44999998807907104,-49.928795540926785,-34.03262160454322,-45.928795540926785
grid-r050-c044,50,44,9.0,10.200000762939453,0.44999998807907104,-49.93759817479328,-33.97475380912499,-45.93759817479328
grid-r050-c045,50,45,9.199999809265137,10.200000762939453,0.44999998807907104,-60.279033997537994,-33.91463969993489,-56.279033997537994
grid-r050-c046,50,46,9.399999618530273,10.200000762939453,0.44999998807907104,-49.613116181417126,-33.855473717413545,-45.613116181417126
grid-r050-c047,50,47,9.600000381469727,10.200000762939453,0.44999998807907104,-50.055625597141216,-33.80041671696366,-46.055625597141216
grid-r050-c048,50,48,9.800000190734863,10.200000762939453,0.44999998807907104,-49.77980410955517,-33.75234080289217,-45.77980410955517
grid-r050-c049,50,49,10.0,10.200000762939453,0.44999998807907104,-46.3790140768416,-33.71358364467284,-42.3790140768416
grid-r050-c050,50,50,10.200000762939453,10.200000762939453,0.44999998807907104,-45.4643319742562,-33.68575941258657,-41.4643319742562
grid-r050-c051,50,51,10.399999618530273,10.200000762939453,0.44999998807907104,-41.61533414057019,-33.66965653206744,-37.61533414057019
grid-r050-c052,50,52,10.600000381469727,10.200000762939453,0.44999998807907104,-40.80613652858142,-33.66523689330108,-36.80613652858142
grid-r050-c053,50,53,10.800000190734863,10.200000762939453,0.44999998807907104,-42.451382686407015,-33.67173283743201,-38.451382686407015
grid-r050-c054,50,54,11.0,10.200000762939453,0.44999998807907104,-43.85840307346249,-33.68781217410259,-39.85840307346249
grid-r050-c055,50,55,11.200000762939453,10.200000762939453,0.44999998807907104,-44.80731740989836,-33.71177826061461,-40.80731740989836
grid-r050-c056,50,56,11.399999618530273,10.200000762939453,0.44999998807907104,-40.86723765689839,-33.74176792609545,-36.86723765689839
grid-r050-c057,50,57,11.600000381469727,10.200000762939453,0.44999998807907104,-42.248450778091765,-33.775923814319256,-38.248450778091765
grid-r051-c026,51,26,5.400000095367432,10.40000057220459,0.44999998807907104,-61.19451388890029,-33.688796864787655,-57.19451388890029
grid-r051-c027,51,27,5.599999904632568,10.40000057220459,0.44999998807907104,-47.435789862922576,-33.800804336312126,-43.435789862922576
grid-r051-c028,51,28,5.800000190734863,10.40000057220459,0.44999998807907104,-47.415617335038206,-33.9070935464139,-43.415617335038206
grid-r051-c029,51,29,6.0,10.40000057220459,0.44999998807907104,-45.6554756640638,-34.00645821191095,-41.6554756640638
grid-r051-c030,51,30,6.199999809265137,10.40000057220459,0.44999998807907104,-45.59495965376654,-34.09766991447053,-41.59495965376654
grid-r051-c031,51,31,6.400000095367432,10.40000057220459,0.44999998807907104,-47.31637656024867,-34.17949313791087,-43.31637656024867
grid-r051-c032,51,32,6.599999904632568,10.40000057220459,0.44999998807907104,-47.25549943938316,-34.25070580302539,-43.25549943938316
grid-r051-c033,51,33,6.800000190734863,10.40000057220459,0.44999998807907104,-41.456411704221395,-34.31012836173904,-37.456411704221395
grid-r051-c034,51,34,7.0,10.40000057220459,0.44999998807907104,-40.280160951220836,-34.35665878260237,-36.280160951220836
grid-r051-c035,51,35,7.199999809265137,10.40000057220459,0.44999998807907104,-50.170390455483414,-34.389320255002616,-46.170390455483414
grid-r051-c040,51,40,8.199999809265137,10.40000057220459,0.44999998807907104,-49.79214172676241,-34.327488159213175,-45.79214172676241
grid-r051-c041,51,41,8.399999618530273,10.40000057220459,0.44999998807907104,-63.1383253946302,-34.27216823504176,-59.1383253946302
grid-r051-c042,51,42,8.600000381469727,10.40000057220459,0.44999998807907104,-49.92070574319109,-34.20575774700993,-45.92070574319109
grid-r051-c043,51,43,8.800000190734863,10.40000057220459,0.44999998807907104,-49.86000018875461,-34.130924503552194,-45.86000018875461
grid-r051-c044,51,44,9.0,10.40000057220459,0.44999998807907104,-63.695823873668644,-34.05094123025278,-59.695823873668644
grid-r051-c045,51,45,9.199999809265137,10.40000057220459,0.44999998807907104,-49.990266066775305,-33.969543886400004,-45.990266066775305
grid-r051-c046,51,46,9.399999618530273,10.40000057220459,0.44999998807907104,-49.84340484478207,-33.890701544597036,-45.84340484478207
grid-r051-c047,51,47,9.600000381469727,10.40000057220459,0.44999998807907104,-49.91733131235415,-33.81831502402326,-45.91733131235415
grid-r051-c048,51,48,9.800000190734863,10.40000057220459,0.44999998807907104,-50.0005267354246,-33.755883102575766,-46.0005267354246
grid-r051-c049,51,49,10.0,10.40000057220459,0.44999998807907104,-57.51670097495888,-33.70618473047547,-53.51670097495888
grid-r051-c050,51,50,10.200000762939453,10.40000057220459,0.44999998807907104,-42.904681225290304,-33.67104137361897,-38.904681225290304
grid-r051-c051,51,51,10.399999618530273,10.40000057220459,0.44999998807907104,-44.03909121314625,-33.6511994854875,-40.03909121314625
grid-r051-c052,51,52,10.600000381469727,10.40000057220459,0.44999998807907104,-41.43966940160521,-33.646350289801234,-37.43966940160521
grid-r051-c053,51,53,10.800000190734863,10.40000057220459,0.44999998807907104,-44.95600494830482,-33.6552775006321,-40.95600494830482
grid-r051-c054,51,54,11.0,10.40000057220459,0.44999998807907104,-41.90045476293898,-33.676089451701905,-37.90045476293898
grid-r051-c055,51,55,11.200000762939453,10.40000057220459,0.44999998807907104,-40.74386073806468,-33.706488688154444,-36.74386073806468
grid-r051-c056,51,56,11.399999618530273,10.40000057220459,0.44999998807907104,-43.62927173374434,-33.74402937726267,-39.62927173374434
grid-r051-c057,51,57,11.600000381469727,10.40000057220459,0.44999998807907104,-42.79823189236361,-33.78633306405023,-38.79823189236361
grid-r052-c026,52,26,5.400000095367432,10.600000381469727,0.44999998807907104,-72.97834009425053,-33.97150344043999,-68.97834009425053
grid-r052-c027,52,27,5.599999904632568,10.600000381469727,0.44999998807907104,-45.83323557153018,-34.08363627812236,-41.83323557153018
grid-r052-c028,52,28,5.800000190734863,10.600000381469727,0.44999998807907104,-50.015849669511866,-34.189392493961584,-46.015849669511866
grid-r052-c029,52,29,6.0,10.600000381469727,0.44999998807907104,-50.20435723737283,-34.28745358073531,-46.20435723737283
grid-r052-c030,52,30,6.199999809265137,10.600000381469727,0.44999998807907104,-47.18503941959682,-34.376462842662264,-43.18503941959682
grid-r052-c031,52,31,6.400000095367432,10.600000381469727,0.44999998807907104,-41.931872738409474,-34.45504142624427,-37.931872738409474
grid-r052-c032,52,32,6.599999904632568,10.600000381469727,0.44999998807907104,-50.11580193613874,-34.52181105643145,-46.11580193613874
grid-r052-c033,52,33,6.800000190734863,10.600000381469727,0.44999998807907104,-45.769881827286184,-34.57542676269518,-41.769881827286184
grid-r052-c034,52,34,7.0,10.600000381469727,0.44999998807907104,-42.392166721074894,-34.6146176212366,-38.392166721074894
grid-r052-c035,52,35,7.199999809265137,10.600000381469727,0.44999998807907104,-47.51887830613535,-34.63824256424785,-43.51887830613535
grid-r052-c041,52,41,8.399999618530273,10.600000381469727,0.44999998807907104,-49.596955047626864,-34.42627118135971,-45.596955047626864
grid-r052-c042,52,42,8.600000381469727,10.600000381469727,0.44999998807907104,-49.73458984992443,-34.33803909934538,-45.73458984992443
grid-r052-c043,52,43,8.800000190734863,10.600000381469727,0.44999998807907104,-52.12306062359488,-34.240599535204076,-48.12306062359488
grid-r052-c044,52,44,9.0,10.600000381469727,0.44999998807907104,-46.591006294564664,-34.137903640787776,-42.591006294564664
grid-r052-c045,52,45,9.199999809265137,10.600000381469727,0.44999998807907104,-49.802027447697725,-34.03448139560287,-45.802027447697725
grid-r052-c046,52,46,9.399999618530273,10.600000381469727,0.44999998807907104,-49.79479500878708,-33.935151664715875,-45.79479500878708
grid-r052-c047,52,47,9.600000381469727,10.600000381469727,0.44999998807907104,-49.39697842526252,-33.844638064710864,-45.39697842526252
grid-r052-c048,52,48,9.800000190734863,10.600000381469727,0.44999998807907104,-49.823314938169204,-33.76714214502779,-45.823314938169204
grid-r052-c049,52,49,10.0,10.600000381469727,0.44999998807907104,-49.99540200208321,-33.70593953837546,-45.99540200208321
grid-r052-c050,52,50,10.200000762939453,10.600000381469727,0.44999998807907104,-44.97318258654548,-33.66308439838345,-40.97318258654548
grid-r052-c051,52,51,10.399999618530273,10.600000381469727,0.44999998807907104,-45.94618102318782,-33.639274625553334,-41.94618102318782
grid-r052-c052,52,52,10.600000381469727,10.600000381469727,0.44999998807907104,-47.32703910480703,-33.633897763189495,-43.32703910480703
grid-r052-c053,52,53,10.800000190734863,10.600000381469727,0.44999998807907104,-40.54858990675594,-33.645240152103355,-36.54858990675594
grid-r052-c054,52,54,11.0,10.600000381469727,0.44999998807907104,-42.47708733373358,-33.67079826240217,-38.47708733373358
grid-r052-c055,52,55,11.200000762939453,10.600000381469727,0.44999998807907104,-44.31780817819819,-33.70762791631376,-40.31780817819819
grid-r052-c056,52,56,11.399999618530273,10.600000381469727,0.44999998807907104,-44.45148002720215,-33.75266736516636,-40.45148002720215
grid-r052-c057,52,57,11.600000381469727,10.600000381469727,0.44999998807907104,-42.6371885667897,-33.80299843775852,-38.6371885667897
grid-r053-c026,53,26,5.400000095367432,10.800000190734863,0.44999998807907104,-47.13170807611051,-34.255906570208026,-43.13170807611051
grid-r053-c027,53,27,5.599999904632568,10.800000190734863,0.44999998807907104,-47.055950754158374,-34.36899526610665,-43.055950754158374
grid-r053-c028,53,28,5.800000190734863,10.800000190734863,0.44999998807907104,-44.00240009952215,-34.475133307405976,-40.00240009952215
grid-r053-c029,53,29,6.0,10.800000190734863,0.44999998807907104,-49.49630574233308,-34.57289363787179,-45.49630574233308
grid-r053-c030,53,30,6.199999809265137,10.800000190734863,0.44999998807907104,-46.89179052939265,-34.660793378485444,-42.89179052939265
grid-r053-c031,53,31,6.400000095367432,10.800000190734863,0.44999998807907104,-45.243578032887996,-34.73730985832777,-41.243578032887996
grid-r053-c032,53,32,6.599999904632568,10.800000190734863,0.44999998807907104,-45.204789050900956,-34.80090435250271,-41.204789050900956
grid-r053-c033,53,33,6.800000190734863,10.800000190734863,0.44999998807907104,-46.05141689230611,-34.850057116000826,-42.05141689230611
grid-r053-c034,53,34,7.0,10.800000190734863,0.44999998807907104,-41.008244355435465,-34.88331245798111,-37.008244355435465
grid-r053-c035,53,35,7.199999809265137,10.800000190734863,0.44999998807907104,-49.808660373983784,-34.89934138746502,-45.808660373983784
grid-r053-c041,53,41,8.399999618530273,10.800000190734863,0.44999998807907104,-49.519455132403806,-34.5996166030084,-45.519455132403806
grid-r053-c042,53,42,8.600000381469727,10.800000190734863,0.44999998807907104,-49.46553818671039,-34.49000980963909,-45.46553818671039
grid-r053-c043,53,43,8.800000190734863,10.800000190734863,0.44999998807907104,-49.0384536897175,-34.37010816746814,-45.0384536897175
grid-r053-c044,53,44,9.0,10.800000190734863,0.44999998807907104,-61.90867454674404,-34.244551927200085,-57.90867454674404
grid-r053-c045,53,45,9.199999809265137,10.800000190734863,0.44999998807907104,-49.67224205462681,-34.11870474057485,-45.67224205462681
grid-r053-c046,53,46,9.399999618530273,10.800000190734863,0.44999998807907104,-49.57207496318661,-33.99829943705757,-45.57207496318661
grid-r053-c047,53,47,9.600000381469727,10.800000190734863,0.44999998807907104,-49.76270768732665,-33.88896019774898,-45.76270768732665
grid-r053-c048,53,48,9.800000190734863,10.800000190734863,0.44999998807907104,-48.17192023913215,-33.795667536040725,-44.17192023913215
grid-r053-c049,53,49,10.0,10.800000190734863,0.44999998807907104,-49.76050844738525,-33.722253226427284,-45.76050844738525
grid-r053-c050,53,50,10.200000762939453,10.800000190734863,0.44999998807907104,-47.60633406282362,-33.67103657815381,-43.60633406282362
grid-r053-c051,53,51,10.399999618530273,10.800000190734863,0.44999998807907104,-47.35723239257297,-33.642670183992095,-43.35723239257297
grid-r053-c052,53,52,10.600000381469727,10.800000190734863,0.44999998807907104,-43.355483174681304,-33.636217698944975,-39.355483174681304
grid-r053-c053,53,53,10.800000190734863,10.800000190734863,0.44999998807907104,-40.46454777979094,-33.649435372232375,-36.46454777979094
grid-r053-c054,53,54,11.0,10.800000190734863,0.44999998807907104,-43.64807842024943,-33.6791742943152,-39.64807842024943
grid-r053-c055,53,55,11.200000762939453,10.800000190734863,0.44999998807907104,-44.67267046271736,-33.721818252518574,-40.67267046271736
grid-r053-c056,53,56,11.399999618530273,10.800000190734863,0.44999998807907104,-43.52838160970827,-33.77367701205489,-39.52838160970827
grid-r053-c057,53,57,11.600000381469727,10.800000190734863,0.44999998807907104,-43.44679952796102,-33.8312930826211,-39.44679952796102
grid-r054-c026,54,26,5.400000095367432,11.0,0.44999998807907104,-49.93620128889917,-34.542214421094805,-45.93620128889917
grid-r054-c027,54,27,5.599999904632568,11.0,0.44999998807907104,-48.01444585277841,-34.657249699047156,-44.01444585277841
grid-r054-c028,54,28,5.800000190734863,11.0,0.44999998807907104,-49.88043322775938,-34.76488037647239,-45.88043322775938
grid-r054-c029,54,29,6.0,11.0,0.44999998807907104,-46.87007773356035,-34.86357934511851,-42.87007773356035
grid-r054-c030,54,30,6.199999809265137,11.0,0.44999998807907104,-49.7925473970849,-34.95174457482323,-45.7925473970849
grid-r054-c031,54,31,6.400000095367432,11.0,0.44999998807907104,-49.2412339588648,-35.027713997072084,-45.2412339588648
grid-r054-c032,54,32,6.599999904632568,11.0,0.44999998807907104,-46.5944292047719,-35.089788813015325,-42.5944292047719
grid-r054-c033,54,33,6.800000190734863,11.0,0.44999998807907104,-48.01822757078901,-35.13626918581737,-44.01822757078901
grid-r054-c034,54,34,7.0,11.0,0.44999998807907104,-45.043462603024096,-35.16550175616344,-41.043462603024096
grid-r054-c035,54,35,7.199999809265137,11.0,0.44999998807907104,-45.14234521106434,-35.17594725676059,-41.14234521106434
grid-r054-c040,54,40,8.199999809265137,11.0,0.44999998807907104,-66.4139018966114,-34.91381328504111,-62.41390189661141
grid-r054-c041,54,41,8.399999618530273,11.0,0.44999998807907104,-49.398959379919404,-34.79995981359571,-45.398959379919404
grid-r054-c042,54,42,8.600000381469727,11.0,0.44999998807907104,-48.34837954346881,-34.670174904315964,-44.34837954346881
grid-r054-c043,54,43,8.800000190734863,11.0,0.44999998807907104,-58.60539177860973,-34.52863798106629,-54.60539177860973
grid-r054-c044,54,44,9.0,11.0,0.44999998807907104,-49.59796536277037,-34.38065864951481,-45.59796536277037
grid-r054-c045,54,45,9.199999809265137,11.0,0.44999998807907104,-63.107038839476076,-34.232446920262035,-59.107038839476076
grid-r054-c046,54,46,9.399999618530273,11.0,0.44999998807907104,-49.67173444838299,-34.090692850861096,-45.67173444838299
grid-r054-c047,54,47,9.600000381469727,11.0,0.44999998807907104,-63.48054107454175,-33.96198571852112,-59.48054107454175
grid-r054-c048,54,48,9.800000190734863,11.0,0.44999998807907104,-63.670066659232134,-33.85215608515367,-59.670066659232134
grid-r054-c049,54,49,10.0,11.0,0.44999998807907104,-48.931037069624466,-33.76565396928964,-44.931037069624466
grid-r054-c050,54,50,10.200000762939453,11.0,0.44999998807907104,-49.44060566580622,-33.70510601492398,-45.44060566580622
grid-r054-c051,54,51,10.399999618530273,11.0,0.44999998807907104,-47.34695319668171,-33.67113890201384,-43.34695319668171
grid-r054-c052,54,52,10.600000381469727,11.0,0.44999998807907104,-49.460748443251376,-33.662494040492085,-45.460748443251376
grid-r054-c053,54,53,10.800000190734863,11.0,0.44999998807907104,-43.606499671482595,-33.67639128077799,-39.606499671482595
grid-r054-c054,54,54,11.0,11.0,0.44999998807907104,-42.693667925538335,-33.70903188880535,-38.693667925538335
grid-r054-c055,54,55,11.200000762939453,11.0,0.44999998807907104,-43.473483874717125,-33.75613162331854,-39.473483874717125
grid-r054-c056,54,56,11.399999618530273,11.0,0.44999998807907104,-43.22440299997304,-33.81338629867661,-39.22440299997304
grid-r054-c057,54,57,11.600000381469727,11.0,0.44999998807907104,-43.22978277381564,-33.87682237619307,-39.22978277381564
grid-r055-c026,55,26,5.400000095367432,11.200000762939453,0.44999998807907104,-49.81140856969009,-34.830510106384786,-45.81140856969009
grid-r055-c027,55,27,5.599999904632568,11.200000762939453,0.44999998807907104,-49.054791680342646,-34.9486223420693,-45.054791680342646
grid-r055-c028,55,28,5.800000190734863,11.200000762939453,0.44999998807907104,-49.59969627051329,-35.05903011836761,-45.59969627051329
grid-r055-c029,55,29,6.0,11.200000762939453,0.44999998807907104,-49.56612853361386,-35.16012012670084,-45.56612853361386
grid-r055-c030,55,30,6.199999809265137,11.200000762939453,0.44999998807907104,-46.72841369175195,-35.25018400377668,-42.72841369175195
grid-r055-c031,55,31,6.400000095367432,11.200000762939453,0.44999998807907104,-46.57649918950054,-35.32743083650264,-42.57649918950054
grid-r055-c032,55,32,6.599999904632568,11.200000762939453,0.44999998807907104,-41.191982443405585,-35.3900084419468,-37.191982443405585
grid-r055-c033,55,33,6.800000190734863,11.200000762939453,0.44999998807907104,-44.785509716967354,-35.43603779246878,-40.785509716967354
grid-r055-c034,55,34,7.0,11.200000762939453,0.44999998807907104,-44.18918533322925,-35.46366063038477,-40.18918533322925
grid-r055-c035,55,35,7.199999809265137,11.200000762939453,0.44999998807907104,-53.03898418787844,-35.47110953894159,-49.03898418787844
grid-r055-c040,55,40,8.199999809265137,11.200000762939453,0.44999998807907104,-66.87210944443804,-35.164862183125464,-62.87210944443804
grid-r055-c041,55,41,8.399999618530273,11.200000762939453,0.44999998807907104,-67.03640300291185,-35.03518300880145,-63.036403002911854
grid-r055-c042,55,42,8.600000381469727,11.200000762939453,0.44999998807907104,-61.32552155735763,-34.88730691381657,-57.32552155735763
grid-r055-c043,55,43,8.800000190734863,11.200000762939453,0.44999998807907104,-49.12189856888945,-34.72579368371352,-45.12189856888945
grid-r055-c044,55,44,9.0,11.200000762939453,0.44999998807907104,-49.27897479233296,-34.556561158233606,-45.27897479233296
grid-r055-c045,55,45,9.199999809265137,11.200000762939453,0.44999998807907104,-49.47544530166863,-34.38663866829887,-45.47544530166863
grid-r055-c046,55,46,9.399999618530273,11.200000762939453,0.44999998807907104,-49.421837415126205,-34.22368301963851,-45.421837415126205
grid-r055-c047,55,47,9.600000381469727,11.200000762939453,0.44999998807907104,-49.374420060307685,-34.07528903332516,-45.374420060307685
grid-r055-c048,55,48,9.800000190734863,11.200000762939453,0.44999998807907104,-60.87614203391206,-33.94819637520908,-56.87614203391206
grid-r055-c049,55,49,10.0,11.200000762939453,0.44999998807907104,-49.48256670638665,-33.84753639295051,-45.48256670638665
grid-r055-c050,55,50,10.200000762939453,11.200000762939453,0.44999998807907104,-49.56251547333534,-33.77629891070932,-45.56251547333534
grid-r055-c051,55,51,10.399999618530273,11.200000762939453,0.44999998807907104,-49.53368183049031,-33.73512906136446,-45.53368183049031
grid-r055-c052,55,52,10.600000381469727,11.200000762939453,0.44999998807907104,-45.819987985514075,-33.722481495695256,-41.819987985514075
grid-r055-c053,55,53,10.800000190734863,11.200000762939453,0.44999998807907104,-47.21802545225414,-33.735072750133234,-43.21802545225414
grid-r055-c054,55,54,11.0,11.200000762939453,0.44999998807907104,-41.5323693694435,-33.76849075063915,-37.5323693694435
grid-r055-c055,55,55,11.200000762939453,11.200000762939453,0.44999998807907104,-43.4005214702578,-33.817825765611516,-39.4005214702578
grid-r055-c056,55,56,11.399999618530273,11.200000762939453,0.44999998807907104,-43.35657412246643,-33.87820717445365,-39.35657412246643
grid-r055-c057,55,57,11.600000381469727,11.200000762939453,0.44999998807907104,-41.88985286564777,-33.94519414985735,-37.88985286564777
grid-r056-c026,56,26,5.400000095367432,11.40000057220459,0.44999998807907104,-46.61485876509974,-35.1206920605638,-42.61485876509974
grid-r056-c027,56,27,5.599999904632568,11.40000057220459,0.44999998807907104,-49.413562045681914,-35.243119205113054,-45.413562045681914
grid-r056-c028,56,28,5.800000190734863,11.40000057220459,0.44999998807907104,-46.60690251255116,-35.35772632721826,-42.60690251255116
grid-r056-c029,56,29,6.0,11.40000057220459,0.44999998807907104,-46.55360801999008,-35.46283337442052,-42.55360801999008
grid-r056-c030,56,30,6.199999809265137,11.40000057220459,0.44999998807907104,-44.80868088198753,-35.55664481505778,-40.80868088198753
grid-r056-c031,56,31,6.400000095367432,11.40000057220459,0.44999998807907104,-46.49133370940268,-35.63725854092096,-42.49133370940268
grid-r056-c032,56,32,6.599999904632568,11.40000057220459,0.44999998807907104,-49.22163759607818,-35.70268345306741,-45.22163759607818
grid-r056-c033,56,33,6.800000190734863,11.40000057220459,0.44999998807907104,-49.31466872309613,-35.75087051207028,-45.31466872309613
grid-r056-c034,56,34,7.0,11.40000057220459,0.44999998807907104,-47.066280616142166,-35.77975773415096,-43.066280616142166
grid-r056-c035,56,35,7.199999809265137,11.40000057220459,0.44999998807907104,-47.85927547651043,-35.78733958753198,-43.85927547651043
grid-r056-c040,56,40,8.199999809265137,11.40000057220459,0.44999998807907104,-63.66398810401773,-35.45490207678014,-59.66398810401773
grid-r056-c041,56,41,8.399999618530273,11.40000057220459,0.44999998807907104,-49.30133422053413,-35.31283177882194,-45.30133422053413
grid-r056-c042,56,42,8.600000381469727,11.40000057220459,0.44999998807907104,-49.25091243523261,-35.149962292553695,-45.25091243523261
grid-r056-c043,56,43,8.800000190734863,11.40000057220459,0.44999998807907104,-62.28345980689383,-34.97110104432352,-58.28345980689383
grid-r056-c044,56,44,9.0,11.40000057220459,0.44999998807907104,-47.82750972507009,-34.78266026566374,-43.82750972507009
grid-r056-c045,56,45,9.199999809265137,11.40000057220459,0.44999998807907104,-49.28034489987692,-34.59240761621935,-45.28034489987692
grid-r056-c046,56,46,9.399999618530273,11.40000057220459,0.44999998807907104,-55.00987946739028,-34.40892740072145,-51.00987946739028
grid-r056-c047,56,47,9.600000381469727,11.40000057220459,0.44999998807907104,-49.476339659913634,-34.24082327614689,-45.476339659913634
grid-r056-c048,56,48,9.800000190734863,11.40000057220459,0.44999998807907104,-48.42972092439416,-34.09578264973558,-44.42972092439416
grid-r056-c049,56,49,10.0,11.40000057220459,0.44999998807907104,-49.389815956205894,-33.97968045124666,-45.389815956205894
grid-r056-c050,56,50,10.200000762939453,11.40000057220459,0.44999998807907104,-48.111892528179126,-33.89594435995872,-44.111892528179126
grid-r056-c051,56,51,10.399999618530273,11.40000057220459,0.44999998807907104,-49.42329685365168,-33.84531818880556,-45.42329685365168
grid-r056-c052,56,52,10.600000381469727,11.40000057220459,0.44999998807907104,-55.36845900342432,-33.82605325099049,-51.36845900342432
grid-r056-c053,56,53,10.800000190734863,11.40000057220459,0.44999998807907104,-46.081689916234566,-33.83444957388079,-42.081689916234566
grid-r056-c054,56,54,11.0,11.40000057220459,0.44999998807907104,-43.30567227688821,-33.865571178021575,-39.30567227688821
grid-r056-c055,56,55,11.200000762939453,11.40000057220459,0.44999998807907104,-43.345037221587575,-33.91397212536722,-39.345037221587575
grid-r056-c056,56,56,11.399999618530273,11.40000057220459,0.44999998807907104,-44.06170057911048,-33.97429993364574,-40.06170057911048
grid-r056-c057,56,57,11.600000381469727,11.40000057220459,0.44999998807907104,-46.66105425513358,-34.04172124825845,-42.66105425513358
grid-r057-c026,57,26,5.400000095367432,11.600000381469727,0.44999998807907104,-66.51922966914967,-35.41243411024537,-62.51922966914967
grid-r057-c027,57,27,5.599999904632568,11.600000381469727,0.44999998807907104,-46.44899657232767,-35.54047855510229,-42.44899657232767
grid-r057-c028,57,28,5.800000190734863,11.600000381469727,0.44999998807907104,-49.14928207774065,-35.6607957793177,-45.14928207774065
grid-r057-c029,57,29,6.0,11.600000381469727,0.44999998807907104,-49.36147302445204,-35.77166384613473,-45.36147302445204
grid-r057-c030,57,30,6.199999809265137,11.600000381469727,0.44999998807907104,-49.309977665848834,-35.871225617813444,-45.309977665848834
grid-r057-c031,57,31,6.400000095367432,11.600000381469727,0.44999998807907104,-49.34709753476076,-35.957492943930326,-45.34709753476076
grid-r057-c032,57,32,6.599999904632568,11.600000381469727,0.44999998807907104,-46.35409610942388,-36.02835894297511,-42.35409610942388
grid-r057-c033,57,33,6.800000190734863,11.600000381469727,0.44999998807907104,-46.24362574105554,-36.08162352553911,-42.24362574105554
grid-r057-c034,57,34,7.0,11.600000381469727,0.44999998807907104,-49.232687844856684,-36.11503282144939,-45.232687844856684
grid-r057-c035,57,35,7.199999809265137,11.600000381469727,0.44999998807907104,-52.929884738156915,-36.12634427060367,-48.929884738156915
grid-r057-c041,57,41,8.399999618530273,11.600000381469727,0.44999998807907104,-49.11059925347361,-35.63950119186725,-45.11059925347361
grid-r057-c042,57,42,8.600000381469727,11.600000381469727,0.44999998807907104,-49.21838449700509,-35.465813583126504,-45.21838449700509
grid-r057-c043,57,43,8.800000190734863,11.600000381469727,0.44999998807907104,-49.20494465078174,-35.273293378963544,-45.20494465078174
grid-r057-c044,57,44,9.0,11.600000381469727,0.44999998807907104,-49.211349782341046,-35.068671206805234,-45.211349782341046
grid-r057-c045,57,45,9.199999809265137,11.600000381469727,0.44999998807907104,-62.39162950794922,-34.860304746382184,-58.39162950794922
grid-r057-c046,57,46,9.399999618530273,11.600000381469727,0.44999998807907104,-49.007578794029754,-34.657602639932975,-45.007578794029754
grid-r057-c047,57,47,9.600000381469727,11.600000381469727,0.44999998807907104,-49.2409212144635,-34.47012978283435,-45.2409212144635
grid-r057-c048,57,48,9.800000190734863,11.600000381469727,0.44999998807907104,-59.4333409481048,-34.30653055624099,-55.4333409481048
grid-r057-c049,57,49,10.0,11.600000381469727,0.44999998807907104,-49.35657070924523,-34.17348297973129,-45.35657070924523
grid-r057-c050,57,50,10.200000762939453,11.600000381469727,0.44999998807907104,-47.951177135078794,-34.07495164183093,-43.951177135078794
grid-r057-c051,57,51,10.399999618530273,11.600000381469727,0.44999998807907104,-48.6485173113401,-34.01190640677219,-44.6485173113401
grid-r057-c052,57,52,10.600000381469727,11.600000381469727,0.44999998807907104,-49.42838981712609,-33.982540444388896,-45.42838981712609
grid-r057-c053,57,53,10.800000190734863,11.600000381469727,0.44999998807907104,-47.15746381979221,-33.98289077394938,-43.15746381979221
grid-r057-c054,57,54,11.0,11.600000381469727,0.44999998807907104,-57.20474004873202,-34.00764946937205,-53.20474004873202
grid-r057-c055,57,55,11.200000762939453,11.600000381469727,0.44999998807907104,-41.343045305693586,-34.05097549875674,-37.343045305693586
grid-r057-c056,57,56,11.399999618530273,11.600000381469727,0.44999998807907104,-43.22957426812917,-34.10715700280238,-39.22957426812917
grid-r057-c057,57,57,11.600000381469727,11.600000381469727,0.44999998807907104,-43.08255957085605,-34.17106659087397,-39.08255957085605
grid-r058-c026,58,26,5.400000095367432,11.80000114440918,0.44999998807907104,-42.67063308807571,-35.705142828956355,-38.67063308807571
grid-r058-c027,58,27,5.599999904632568,11.80000114440918,0.44999998807907104,-42.32255798654488,-35.84011822674917,-38.32255798654488
grid-r058-c028,58,28,5.800000190734863,11.80000114440918,0.44999998807907104,-49.263656493510496,-35.96768303332454,-45.263656493510496
grid-r058-c029,58,29,6.0,11.80000114440918,0.44999998807907104,-49.20672781947641,-36.08610289429515,-45.20672781947641
grid-r058-c030,58,30,6.199999809265137,11.80000114440918,0.44999998807907104,-48.85853254543744,-36.1934903640083,-44.85853254543744
grid-r058-c031,58,31,6.400000095367432,11.80000114440918,0.44999998807907104,-49.156842009035685,-36.287803478619395,-45.156842009035685
grid-r058-c032,58,32,6.599999904632568,11.80000114440918,0.44999998807907104,-46.16432084711515,-36.36685131174498,-42.16432084711515
grid-r058-c033,58,33,6.800000190734863,11.80000114440918,0.44999998807907104,-46.08569409542778,-36.4283119389963,-42.08569409542778
grid-r058-c034,58,34,7.0,11.80000114440918,0.44999998807907104,-47.444091504518184,-36.469763314048706,-43.444091504518184
grid-r058-c035,58,35,7.199999809265137,11.80000114440918,0.44999998807907104,-52.783714198189756,-36.48874013989404,-48.783714198189756
grid-r058-c040,58,40,8.199999809265137,11.80000114440918,0.44999998807907104,-49.21690109255432,-36.17249034428122,-45.21690109255432
grid-r058-c041,58,41,8.399999618530273,11.80000114440918,0.44999998807907104,-59.10410796500943,-36.02005361079444,-55.10410796500943
grid-r058-c042,58,42,8.600000381469727,11.80000114440918,0.44999998807907104,-49.228635267485686,-35.84077208043002,-45.228635267485686
grid-r058-c043,58,43,8.800000190734863,11.80000114440918,0.44999998807907104,-49.0729324081621,-35.639346635607176,-45.0729324081621
grid-r058-c044,58,44,9.0,11.80000114440918,0.44999998807907104,-61.99184419590365,-35.422584010176806,-57.99184419590365
grid-r058-c045,58,45,9.199999809265137,11.80000114440918,0.44999998807907104,-49.20687280800766,-35.19920756604941,-45.20687280800766
grid-r058-c046,58,46,9.399999618530273,11.80000114440918,0.44999998807907104,-61.02166043293036,-34.9792715703601,-57.02166043293036
grid-r058-c047,58,47,9.600000381469727,11.80000114440918,0.44999998807907104,-49.142906972180754,-34.77319208580901,-45.142906972180754
grid-r058-c048,58,48,9.800000190734863,11.80000114440918,0.44999998807907104,-49.29015190928803,-34.590542147897125,-45.29015190928803
grid-r058-c049,58,49,10.0,11.80000114440918,0.44999998807907104,-49.16507350441431,-34.43885733596967,-45.16507350441431
grid-r058-c050,58,50,10.200000762939453,11.80000114440918,0.44999998807907104,-49.194132310377285,-34.32276649350547,-45.194132310377285
grid-r058-c051,58,51,10.399999618530273,11.80000114440918,0.44999998807907104,-61.87661905448229,-34.24364829912107,-57.87661905448229
grid-r058-c052,58,52,10.600000381469727,11.80000114440918,0.44999998807907104,-49.41274656190849,-34.19985414677446,-45.41274656190849
grid-r058-c053,58,53,10.800000190734863,11.80000114440918,0.44999998807907104,-49.29653235177072,-34.187385719873475,-45.29653235177072
grid-r058-c054,58,54,11.0,11.80000114440918,0.44999998807907104,-46.898700559444805,-34.20078133541401,-42.898700559444805
grid-r058-c055,58,55,11.200000762939453,11.80000114440918,0.44999998807907104,-46.229345898085114,-34.23399747720525,-42.229345898085114
grid-r058-c056,58,56,11.399999618530273,11.80000114440918,0.44999998807907104,-42.59008895359679,-34.28111985842167,-38.59008895359679
grid-r058-c057,58,57,11.600000381469727,11.80000114440918,0.44999998807907104,-43.0611545935647,-34.33684414999835,-39.0611545935647
grid-r059-c026,59,26,5.400000095367432,12.0,0.44999998807907104,-49.20464761281579,-35.99792664078602,-45.20464761281579
grid-r059-c027,59,27,5.599999904632568,12.0,0.44999998807907104,-47.804109244976345,-36.141096639298254,-43.804109244976345
grid-r059-c028,59,28,5.800000190734863,12.0,0.44999998807907104,-45.48510923958288,-36.27740099856917,-41.48510923958288
grid-r059-c029,59,29,6.0,12.0,0.44999998807907104,-46.164552551380794,-36.40512553829834,-42.164552551380794
grid-r059-c030,59,30,6.199999809265137,12.0,0.44999998807907104,-44.347765390047826,-36.5223880177677,-40.347765390047826
grid-r059-c031,59,31,6.400000095367432,12.0,0.44999998807907104,-48.21545155532955,-36.627130478972454,-44.21545155532955
grid-r059-c032,59,32,6.599999904632568,12.0,0.44999998807907104,-47.703571421082984,-36.71711695865911,-43.703571421082984
grid-r059-c033,59,33,6.800000190734863,12.0,0.44999998807907104,-48.09301712431707,-36.78994214817308,-44.09301712431707
grid-r059-c034,59,34,7.0,12.0,0.44999998807907104,-72.54592052317761,-36.84305093731212,-68.54592052317761
grid-r059-c041,59,41,8.399999618530273,12.0,0.44999998807907104,-48.928417336645765,-36.4567171758377,-44.928417336645765
grid-r059-c042,59,42,8.600000381469727,12.0,0.44999998807907104,-53.79790709631605,-36.27794663462042,-49.79790709631605
grid-r059-c043,59,43,8.800000190734863,12.0,0.44999998807907104,-60.333033835397515,-36.07330342802635,-56.333033835397515
grid-r059-c044,59,44,9.0,12.0,0.44999998807907104,-49.073450918018224,-35.84936715972179,-45.073450918018224
grid-r059-c045,59,45,9.199999809265137,12.0,0.44999998807907104,-63.65021041272922,-35.61492755882947,-59.65021041272922
grid-r059-c046,59,46,9.399999618530273,12.0,0.44999998807907104,-49.08204775326841,-35.38042728227569,-45.08204775326841
grid-r059-c047,59,47,9.600000381469727,12.0,0.44999998807907104,-48.80295803118824,-35.156955672105205,-44.80295803118824
grid-r059-c048,59,48,9.800000190734863,12.0,0.44999998807907104,-64.0789009816107,-34.95494320725865,-60.0789009816107
grid-r059-c049,59,49,10.0,12.0,0.44999998807907104,-49.00599531275276,-34.782829028945265,-45.00599531275276
grid-r059-c050,59,50,10.200000762939453,12.0,0.44999998807907104,-62.69114456696968,-34.64606076752445,-58.69114456696968
grid-r059-c051,59,51,10.399999618530273,12.0,0.44999998807907104,-49.161986137193225,-34.54666409390166,-45.161986137193225
grid-r059-c052,59,52,10.600000381469727,12.0,0.44999998807907104,-48.29231964469324,-34.483435379406785,-44.29231964469324
grid-r059-c053,59,53,10.800000190734863,12.0,0.44999998807907104,-61.84139851049386,-34.452639704318074,-57.84139851049386
grid-r059-c054,59,54,11.0,12.0,0.44999998807907104,-49.11617675629327,-34.44894029933767,-45.11617675629327
grid-r059-c055,59,55,11.200000762939453,12.0,0.44999998807907104,-46.87784517425287,-34.466327688431775,-42.87784517425287
grid-r059-c056,59,56,11.399999618530273,12.0,0.44999998807907104,-44.44276926157748,-34.49886851808749,-40.44276926157748
grid-r059-c057,59,57,11.600000381469727,12.0,0.44999998807907104,-42.9540243070456,-34.54120999356443,-38.9540243070456
grid-r060-c026,60,26,5.400000095367432,12.200000762939453,0.44999998807907104,-48.880042255274304,-36.28960243016394,-44.880042255274304
grid-r060-c027,60,27,5.599999904632568,12.200000762939453,0.44999998807907104,-45.93528506660873,-36.44211506645241,-41.93528506660873
grid-r060-c028,60,28,5.800000190734863,12.200000762939453,0.44999998807907104,-46.00467261667612,-36.588527007698445,-42.00467261667612
grid-r060-c029,60,29,6.0,12.200000762939453,0.44999998807907104,-46.00064166010971,-36.727177808074586,-42.00064166010971
grid-r060-c030,60,30,6.199999809265137,12.200000762939453,0.44999998807907104,-48.89950241886555,-36.85622775595573,-44.89950241886555
grid-r060-c031,60,31,6.400000095367432,12.200000762939453,0.44999998807907104,-45.88204268883479,-36.9736436883378,-41.88204268883479
grid-r060-c032,60,32,6.599999904632568,12.200000762939453,0.44999998807907104,-48.79228770439137,-37.07718811716078,-44.79228770439137
grid-r060-c033,60,33,6.800000190734863,12.200000762939453,0.44999998807907104,-48.29018092164472,-37.164417253592134,-44.29018092164472
grid-r060-c040,60,40,8.199999809265137,12.200000762939453,0.44999998807907104,-84.08077566999863,-37.08638646412058,-80.08077566999863
grid-r060-c041,60,41,8.399999618530273,12.200000762939453,0.44999998807907104,-61.05565688966068,-36.94820930716458,-57.05565688966068
grid-r060-c042,60,42,8.600000381469727,12.200000762939453,0.44999998807907104,-48.831478510178655,-36.7765950634063,-44.831478510178655
grid-r060-c043,60,43,8.800000190734863,12.200000762939453,0.44999998807907104,-63.1629591982081,-36.575052437029825,-59.1629591982081
grid-r060-c044,60,44,9.0,12.200000762939453,0.44999998807907104,-48.91975564387681,-36.34958838037146,-44.91975564387681
grid-r060-c045,60,45,9.199999809265137,12.200000762939453,0.44999998807907104,-49.022067050959805,-36.108700688230805,-45.022067050959805
grid-r060-c046,60,46,9.399999618530273,12.200000762939453,0.44999998807907104,-48.68096590291134,-35.862895874833534,-44.68096590291134
grid-r060-c047,60,47,9.600000381469727,12.200000762939453,0.44999998807907104,-49.03198623520565,-35.62369620548724,-45.03198623520565
grid-r060-c048,60,48,9.800000190734863,12.200000762939453,0.44999998807907104,-63.795553876903384,-35.40227495467978,-59.795553876903384
grid-r060-c049,60,49,10.0,12.200000762939453,0.44999998807907104,-60.258851050751346,-35.20800657606143,-56.258851050751346
grid-r060-c050,60,50,10.200000762939453,12.200000762939453,0.44999998807907104,-61.183715694113914,-35.04732896990032,-57.183715694113914
grid-r060-c051,60,51,10.399999618530273,12.200000762939453,0.44999998807907104,-48.99382498890522,-34.923194432018605,-44.99382498890522
grid-r060-c052,60,52,10.600000381469727,12.200000762939453,0.44999998807907104,-49.03309509061951,-34.83518471682663,-45.03309509061951
grid-r060-c053,60,53,10.800000190734863,12.200000762939453,0.44999998807907104,-49.01632804716493,-34.78017999800125,-45.01632804716493
grid-r060-c054,60,54,11.0,12.200000762939453,0.44999998807907104,-49.11550510410672,-34.75328996631489,-45.11550510410672
grid-r060-c055,60,55,11.200000762939453,12.200000762939453,0.44999998807907104,-48.89835962460383,-34.748804299492974,-44.89835962460383
grid-r060-c056,60,56,11.399999618530273,12.200000762939453,0.44999998807907104,-46.811447633649806,-34.760968547605444,-42.811447633649806
grid-r060-c057,60,57,11.600000381469727,12.200000762939453,0.44999998807907104,-46.431128069464734,-34.7845135032529,-42.431128069464734
grid-r061-c026,61,26,5.400000095367432,12.40000057220459,0.44999998807907104,-45.95572128823184,-36.5786862874278,-41.95572128823184
grid-r061-c027,61,27,5.599999904632568,12.40000057220459,0.44999998807907104,-48.78299757488212,-36.74150724590226,-44.78299757488212
grid-r061-c028,61,28,5.800000190734863,12.40000057220459,0.44999998807907104,-48.76847389080913,-36.89919021634022,-44.76847389080913
grid-r061-c029,61,29,6.0,12.40000057220459,0.44999998807907104,-48.59369408722901,-37.05016032685542,-44.59369408722901
grid-r061-c030,61,30,6.199999809265137,12.40000057220459,0.44999998807907104,-48.73749887902622,-37.19265639482434,-44.73749887902622
grid-r061-c031,61,31,6.400000095367432,12.40000057220459,0.44999998807907104,-48.720543957262436,-37.324710203884536,-44.720543957262436
grid-r061-c032,61,32,6.599999904632568,12.40000057220459,0.44999998807907104,-48.67731649722279,-37.44412668721361,-44.67731649722279
grid-r061-c033,61,33,6.800000190734863,12.40000057220459,0.44999998807907104,-48.780635730082295,-37.5484704666496,-44.780635730082295
grid-r061-c040,61,40,8.199999809265137,12.40000057220459,0.44999998807907104,-63.48225734205947,-37.61010412044813,-59.48225734205947
grid-r061-c041,61,41,8.399999618530273,12.40000057220459,0.44999998807907104,-48.87492692035501,-37.48897634522797,-44.87492692035501
grid-r061-c042,61,42,8.600000381469727,12.40000057220459,0.44999998807907104,-48.70665616359729,-37.33119025142215,-44.70665616359729
grid-r061-c043,61,43,8.800000190734863,12.40000057220459,0.44999998807907104,-48.234594939884374,-37.13921622557515,-44.234594939884374
grid-r061-c044,61,44,9.0,12.40000057220459,0.44999998807907104,-48.72733188910152,-36.91813441363223,-44.72733188910152
grid-r061-c045,61,45,9.199999809265137,12.40000057220459,0.44999998807907104,-66.19877650479873,-36.67576721289507,-62.19877650479873
grid-r061-c046,61,46,9.399999618530273,12.40000057220459,0.44999998807907104,-48.74223210535902,-36.42232199509861,-44.74223210535902
grid-r061-c047,61,47,9.600000381469727,12.40000057220459,0.44999998807907104,-61.71553645587046,-36.169469902147405,-57.71553645587046
grid-r061-c048,61,48,9.800000190734863,12.40000057220459,0.44999998807907104,-48.758070534221616,-35.928974065144594,-44.758070534221616
grid-r061-c049,61,49,10.0,12.40000057220459,0.44999998807907104,-48.88082393126561,-35.711152156367284,-44.88082393126561
grid-r061-c050,61,50,10.200000762939453,12.40000057220459,0.44999998807907104,-60.908886556164845,-35.52359809509647,-56.908886556164845
grid-r061-c051,61,51,10.399999618530273,12.40000057220459,0.44999998807907104,-49.03072658312384,-35.37048003097973,-45.03072658312384
grid-r061-c052,61,52,10.600000381469727,12.40000057220459,0.44999998807907104,-48.90148649888397,-35.2525233534927,-44.90148649888397
grid-r061-c053,61,53,10.800000190734863,12.40000057220459,0.44999998807907104,-48.943021821308506,-35.16759341344487,-44.943021821308506
grid-r061-c054,61,54,11.0,12.40000057220459,0.44999998807907104,-48.97106586127906,-35.11158153149041,-44.97106586127906
grid-r061-c055,61,55,11.200000762939453,12.40000057220459,0.44999998807907104,-46.72784654253671,-35.07934857388006,-42.72784654253671
grid-r061-c056,61,56,11.399999618530273,12.40000057220459,0.44999998807907104,-52.3105881164677,-35.06551792220266,-48.3105881164677
grid-r061-c057,61,57,11.600000381469727,12.40000057220459,0.44999998807907104,-48.705334870041625,-35.06503305342372,-44.705334870041625
grid-r062-c026,62,26,5.400000095367432,12.600000381469727,0.44999998807907104,-48.72864976107154,-36.86343938312788,-44.72864976107154
grid-r062-c027,62,27,5.599999904632568,12.600000381469727,0.44999998807907104,-48.714881132396,-37.03729000205176,-44.714881132396
grid-r062-c028,62,28,5.800000190734863,12.600000381469727,0.44999998807907104,-48.63550123626493,-37.20712715698518,-44.63550123626493
grid-r062-c029,62,29,6.0,12.600000381469727,0.44999998807907104,-48.59024349830486,-37.37148873286694,-44.59024349830486
grid-r062-c030,62,30,6.199999809265137,12.600000381469727,0.44999998807907104,-48.5794039538946,-37.52872322803269,-44.5794039538946
grid-r062-c031,62,31,6.400000095367432,12.600000381469727,0.44999998807907104,-48.55605486199386,-37.67696269728389,-44.55605486199386
grid-r062-c032,62,32,6.599999904632568,12.600000381469727,0.44999998807907104,-48.59303249705991,-37.81409396478883,-44.59303249705991
grid-r062-c033,62,33,6.800000190734863,12.600000381469727,0.44999998807907104,-70.18272409402927,-37.93773330169282,-66.18272409402927
grid-r062-c040,62,40,8.199999809265137,12.600000381469727,0.44999998807907104,-48.740709208393326,-38.16708204455137,-44.740709208393326
grid-r062-c041,62,41,8.399999618530273,12.600000381469727,0.44999998807907104,-62.4302277664716,-38.06887028327052,-58.4302277664716
grid-r062-c042,62,42,8.600000381469727,12.600000381469727,0.44999998807907104,-48.66016059472865,-37.930970803928005,-44.66016059472865
grid-r062-c043,62,43,8.800000190734863,12.600000381469727,0.44999998807907104,-48.93263206500238,-37.75456661057673,-44.93263206500238
grid-r062-c044,62,44,9.0,12.600000381469727,0.44999998807907104,-59.80702657728236,-37.54349421336376,-55.80702657728236
grid-r062-c045,62,45,9.199999809265137,12.600000381469727,0.44999998807907104,-62.991730917313674,-37.30454144269466,-58.991730917313674
grid-r062-c046,62,46,9.399999618530273,12.600000381469727,0.44999998807907104,-61.250232096908306,-37.0472599302469,-57.250232096908306
grid-r062-c047,62,47,9.600000381469727,12.600000381469727,0.44999998807907104,-48.508043460708265,-36.78317315876362,-44.508043460708265
grid-r062-c048,62,48,9.800000190734863,12.600000381469727,0.44999998807907104,-48.897471364873866,-36.52445312401623,-44.897471364873866
grid-r062-c049,62,49,10.0,12.600000381469727,0.44999998807907104,-48.74722996007205,-36.28233120616621,-44.74722996007205
grid-r062-c050,62,50,10.200000762939453,12.600000381469727,0.44999998807907104,-48.75755913330002,-36.06568277936084,-44.75755913330002
grid-r062-c051,62,51,10.399999618530273,12.600000381469727,0.44999998807907104,-48.972639091492624,-35.880142559860275,-44.972639091492624
grid-r062-c052,62,52,10.600000381469727,12.600000381469727,0.44999998807907104,-60.871183224328846,-35.72790360119211,-56.871183224328846
grid-r062-c053,62,53,10.800000190734863,12.600000381469727,0.44999998807907104,-48.77756436314358,-35.60815745043068,-44.77756436314358
grid-r062-c054,62,54,11.0,12.600000381469727,0.44999998807907104,-48.796179588795084,-35.51788867078635,-44.796179588795084
grid-r062-c055,62,55,11.200000762939453,12.600000381469727,0.44999998807907104,-48.842832401007854,-35.452783431109474,-44.842832401007854
grid-r062-c056,62,56,11.399999618530273,12.600000381469727,0.44999998807907104,-47.348048588567295,-35.40802954355799,-43.348048588567295
grid-r062-c057,62,57,11.600000381469727,12.600000381469727,0.44999998807907104,-50.03993706795748,-35.3789052116893,-46.03993706795748
grid-r063-c026,63,26,5.400000095367432,12.80000114440918,0.44999998807907104,-59.72108280952747,-37.141912726056994,-55.72108280952747
grid-r063-c027,63,27,5.599999904632568,12.80000114440918,0.44999998807907104,-48.60097913304672,-37.327217327652235,-44.60097913304672
grid-r063-c028,63,28,5.800000190734863,12.80000114440918,0.44999998807907104,-48.48276544946576,-37.50974669808829,-44.48276544946576
grid-r063-c029,63,29,6.0,12.80000114440918,0.44999998807907104,-48.480352109255705,-37.6881712203194,-44.480352109255705
grid-r063-c030,63,30,6.199999809265137,12.80000114440918,0.44999998807907104,-48.4420298813,-37.86097197146457,-44.4420298813
grid-r063-c031,63,31,6.400000095367432,12.80000114440918,0.44999998807907104,-48.44438793614631,-38.026407641172426,-44.44438793614631
grid-r063-c032,63,32,6.599999904632568,12.80000114440918,0.44999998807907104,-62.903295398869574,-38.182476981413124,-58.903295398869574
grid-r063-c040,63,40,8.199999809265137,12.80000114440918,0.44999998807907104,-61.44053029941364,-38.74416766618447,-57.44053029941364
grid-r063-c042,63,42,8.600000381469727,12.80000114440918,0.44999998807907104,-60.600803122657766,-38.560150788815214,-56.600803122657766
grid-r063-c043,63,43,8.800000190734863,12.80000114440918,0.44999998807907104,-61.892024730544904,-38.404199791705686,-57.892024730544904
grid-r063-c044,63,44,9.0,12.80000114440918,0.44999998807907104,-48.65957628344685,-38.20789358936438,-44.65957628344685
grid-r063-c045,63,45,9.199999809265137,12.80000114440918,0.44999998807907104,-48.548541173286594,-37.97670653069768,-44.548541173286594
grid-r063-c046,63,46,9.399999618530273,12.80000114440918,0.44999998807907104,-52.455391833251596,-37.71923658984463,-48.455391833251596
grid-r063-c047,63,47,9.600000381469727,12.80000114440918,0.44999998807907104,-48.681493419396375,-37.44658785048527,-44.681493419396375
grid-r063-c048,63,48,9.800000190734863,12.80000114440918,0.44999998807907104,-63.14156992829376,-37.1711449692745,-59.14156992829376
grid-r063-c049,63,49,10.0,12.80000114440918,0.44999998807907104,-48.769337546803314,-36.90497068860224,-44.769337546803314
grid-r063-c050,63,50,10.200000762939453,12.80000114440918,0.44999998807907104,-48.7707863458528,-36.65826688566158,-44.7707863458528
grid-r063-c051,63,51,10.399999618530273,12.80000114440918,0.44999998807907104,-48.62720148807885,-36.438291920333256,-44.62720148807885
grid-r063-c052,63,52,10.600000381469727,12.80000114440918,0.44999998807907104,-48.6226984349133,-36.248938071510025,-44.6226984349133
grid-r063-c053,63,53,10.800000190734863,12.80000114440918,0.44999998807907104,-62.06560724060455,-36.09098374310214,-58.06560724060455
grid-r063-c054,63,54,11.0,12.80000114440918,0.44999998807907104,-48.274627780006654,-35.962756408986934,-44.274627780006654
grid-r063-c055,63,55,11.200000762939453,12.80000114440918,0.44999998807907104,-61.03378352278901,-35.86097972280767,-57.03378352278901
grid-r063-c056,63,56,11.399999618530273,12.80000114440918,0.44999998807907104,-61.16878030027553,-35.78156884667027,-57.16878030027553
grid-r063-c057,63,57,11.600000381469727,12.80000114440918,0.44999998807907104,-46.23150695034752,-35.72024981596342,-42.23150695034752
grid-r064-c026,64,26,5.400000095367432,13.0,0.44999998807907104,-64.10575184577313,-37.412010079449935,-60.10575184577313
grid-r064-c027,64,27,5.599999904632568,13.0,0.44999998807907104,-48.353523830441375,-37.60885741903717,-44.353523830441375
grid-r064-c028,64,28,5.800000190734863,13.0,0.44999998807907104,-48.29958775955383,-37.80422417522863,-44.29958775955383
grid-r064-c029,64,29,6.0,13.0,0.44999998807907104,-48.401160313565384,-37.996923338541166,-44.401160313565384
grid-r064-c030,64,30,6.199999809265137,13.0,0.44999998807907104,-45.43455344556948,-38.18558050139366,-41.43455344556948
grid-r064-c031,64,31,6.400000095367432,13.0,0.44999998807907104,-48.37739505266987,-38.36859506825799,-44.37739505266987
grid-r064-c032,64,32,6.599999904632568,13.0,0.44999998807907104,-112.02781173477428,-38.54409428966058,-108.02781173477428
grid-r064-c040,64,40,8.199999809265137,13.0,0.44999998807907104,-63.067418062424366,-39.3253052472714,-59.067418062424366
grid-r064-c041,64,41,8.399999618530273,13.0,0.44999998807907104,-48.60338126472642,-39.28457909318044,-44.60338126472642
grid-r064-c042,64,42,8.600000381469727,13.0,0.44999998807907104,-48.51680256167246,-39.19896584130856,-44.51680256167246
grid-r064-c043,64,43,8.800000190734863,13.0,0.44999998807907104,-62.25989833265244,-39.066687483619134,-58.25989833265244
grid-r064-c044,64,44,9.0,13.0,0.44999998807907104,-48.6207006721193,-38.88853459440216,-44.6207006721193
grid-r064-c045,64,45,9.199999809265137,13.0,0.44999998807907104,-61.20968751544504,-38.668517109020826,-57.20968751544504
grid-r064-c046,64,46,9.399999618530273,13.0,0.44999998807907104,-60.867741848761455,-38.41408556915975,-56.867741848761455
grid-r064-c047,64,47,9.600000381469727,13.0,0.44999998807907104,-48.365390515180124,-38.13571092393569,-44.365390515180124
grid-r064-c048,64,48,9.800000190734863,13.0,0.44999998807907104,-62.565967061684404,-37.84579146294631,-58.565967061684404
grid-r064-c049,64,49,10.0,13.0,0.44999998807907104,-48.64163829100596,-37.55707404970475,-44.64163829100596
grid-r064-c050,64,50,10.200000762939453,13.0,0.44999998807907104,-48.64057084452085,-37.28101825681904,-44.64057084452085
grid-r064-c051,64,51,10.399999618530273,13.0,0.44999998807907104,-56.05382388403774,-37.02652309992838,-52.05382388403774
grid-r064-c052,64,52,10.600000381469727,13.0,0.44999998807907104,-61.59580130628612,-36.79927022617154,-57.59580130628612
grid-r064-c053,64,53,10.800000190734863,13.0,0.44999998807907104,-63.52088325815791,-36.60176240384598,-59.52088325815791
grid-r064-c054,64,54,11.0,13.0,0.44999998807907104,-61.74977465707711,-36.43382604907065,-57.74977465707711
grid-r064-c055,64,55,11.200000762939453,13.0,0.44999998807907104,-48.59822837878693,-36.293372994760155,-44.59822837878693
grid-r064-c056,64,56,11.399999618530273,13.0,0.44999998807907104,-48.70196015786061,-36.1771759397509,-44.70196015786061
grid-r064-c057,64,57,11.600000381469727,13.0,0.44999998807907104,-50.307809350049155,-36.081511588418195,-46.307809350049155
grid-r065-c026,65,26,5.400000095367432,13.200000762939453,0.44999998807907104,-48.39355876879969,-37.671583878920316,-44.39355876879969
grid-r065-c027,65,27,5.599999904632568,13.200000762939453,0.44999998807907104,-48.33731245639484,-37.87970746279373,-44.33731245639484
grid-r065-c028,65,28,5.800000190734863,13.200000762939453,0.44999998807907104,-46.03993810450217,-38.087639340773876,-42.03993810450217
grid-r065-c029,65,29,6.0,13.200000762939453,0.44999998807907104,-48.18857551069294,-38.294334407389925,-44.18857551069294
grid-r065-c030,65,30,6.199999809265137,13.200000762939453,0.44999998807907104,-48.24836952378095,-38.498562282185304,-44.24836952378095
grid-r065-c031,65,31,6.400000095367432,13.200000762939453,0.44999998807907104,-45.14748314383161,-38.69886308248912,-41.14748314383161
grid-r065-c033,65,33,6.800000190734863,13.200000762939453,0.44999998807907104,-85.00907058578261,-39.08036730356838,-81.00907058578261
grid-r065-c041,65,41,8.399999618530273,13.200000762939453,0.44999998807907104,-48.57238421449631,-39.88271987099352,-44.57238421449631
grid-r065-c042,65,42,8.600000381469727,13.200000762939453,0.44999998807907104,-48.2154351868312,-39.82554771991869,-44.2154351868312
grid-r065-c043,65,43,8.800000190734863,13.200000762939453,0.44999998807907104,-48.57887890389716,-39.71819464271583,-44.57887890389716
grid-r065-c044,65,44,9.0,13.200000762939453,0.44999998807907104,-58.3766801335818,-39.559928244409626,-54.3766801335818
grid-r065-c045,65,45,9.199999809265137,13.200000762939453,0.44999998807907104,-48.30335436985891,-39.353295209668325,-44.30335436985891
grid-r065-c046,65,46,9.399999618530273,13.200000762939453,0.44999998807907104,-48.409787147792954,-39.10453304741746,-44.409787147792954
grid-r065-c047,65,47,9.600000381469727,13.200000762939453,0.44999998807907104,-60.795653828616466,-38.82334304136335,-56.795653828616466
grid-r065-c048,65,48,9.800000190734863,13.200000762939453,0.44999998807907104,-62.61669071165302,-38.52194512424835,-58.61669071165302
grid-r065-c049,65,49,10.0,13.200000762939453,0.44999998807907104,-59.780779537843074,-38.21355611717848,-55.780779537843074
grid-r065-c050,65,50,10.200000762939453,13.200000762939453,0.44999998807907104,-57.922930719220446,-37.91069724549207,-53.922930719220446
grid-r065-c051,65,51,10.399999618530273,13.200000762939453,0.44999998807907104,-48.47904571479984,-37.6237638170111,-44.47904571479984
grid-r065-c052,65,52,10.600000381469727,13.200000762939453,0.44999998807907104,-48.48474820226133,-37.36015124061468,-44.48474820226133
grid-r065-c053,65,53,10.800000190734863,13.200000762939453,0.44999998807907104,-48.635980430802064,-37.12407821325063,-44.635980430802064
grid-r065-c054,65,54,11.0,13.200000762939453,0.44999998807907104,-61.55306523815048,-36.91691426290162,-57.55306523815048
grid-r065-c055,65,55,11.200000762939453,13.200000762939453,0.44999998807907104,-48.64256648308718,-36.73783608429253,-44.64256648308718
grid-r065-c056,65,56,11.399999618530273,13.200000762939453,0.44999998807907104,-48.586378899520895,-36.584564223713514,-44.586378899520895
grid-r065-c057,65,57,11.600000381469727,13.200000762939453,0.44999998807907104,-62.82846108297386,-36.45401577138087,-58.82846108297386
grid-r066-c026,66,26,5.400000095367432,13.40000057220459,0.44999998807907104,-48.17553917003933,-37.91850669558157,-44.17553917003933
grid-r066-c027,66,27,5.599999904632568,13.40000057220459,0.44999998807907104,-48.003400221483076,-38.13728494917654,-44.003400221483076
grid-r066-c028,66,28,5.800000190734863,13.40000057220459,0.44999998807907104,-48.132086966360546,-38.35709243487038,-44.132086966360546
grid-r066-c029,66,29,6.0,13.40000057220459,0.44999998807907104,-48.17119065770798,-38.57701450455748,-44.17119065770798
grid-r066-c030,66,30,6.199999809265137,13.40000057220459,0.44999998807907104,-48.15412688052733,-38.795952000118724,-44.15412688052733
grid-r066-c031,66,31,6.400000095367432,13.40000057220459,0.44999998807907104,-55.04258911320093,-39.012571830920905,-51.04258911320093
grid-r066-c032,66,32,6.599999904632568,13.40000057220459,0.44999998807907104,-70.9450282843527,-39.22524560158606,-66.9450282843527
grid-r066-c034,66,34,7.0,13.40000057220459,0.44999998807907104,-56.59185670092542,-39.63032985896323,-52.59185670092542
grid-r066-c040,66,40,8.199999809265137,13.40000057220459,0.44999998807907104,-48.52963171949452,-40.429557231283354,-44.52963171949452
grid-r066-c041,66,41,8.399999618530273,13.40000057220459,0.44999998807907104,-57.34312434470155,-40.44821580647615,-53.34312434470155
grid-r066-c042,66,42,8.600000381469727,13.40000057220459,0.44999998807907104,-48.34538232914858,-40.41820278323395,-44.34538232914858
grid-r066-c043,66,43,8.800000190734863,13.40000057220459,0.44999998807907104,-59.613896837173485,-40.33507745161562,-55.613896837173485
grid-r066-c044,66,44,9.0,13.40000057220459,0.44999998807907104,-60.17544583542063,-40.19677608476544,-56.17544583542063
grid-r066-c045,66,45,9.199999809265137,13.40000057220459,0.44999998807907104,-62.088388805938195,-40.004527347388006,-58.088388805938195
grid-r066-c046,66,46,9.399999618530273,13.40000057220459,0.44999998807907104,-60.38579755284927,-39.76341329363687,-56.38579755284927
grid-r066-c047,66,47,9.600000381469727,13.40000057220459,0.44999998807907104,-48.58425298637593,-39.482306817859104,-44.58425298637593
grid-r066-c048,66,48,9.800000190734863,13.40000057220459,0.44999998807907104,-48.404490338106825,-39.17307176350324,-44.404490338106825
grid-r066-c049,66,49,10.0,13.40000057220459,0.44999998807907104,-60.795182228277326,-38.84912630612788,-56.795182228277326
grid-r066-c050,66,50,10.200000762939453,13.40000057220459,0.44999998807907104,-48.586614681094446,-38.52374450135004,-44.586614681094446
grid-r066-c051,66,51,10.399999618530273,13.40000057220459,0.44999998807907104,-48.327894190723725,-38.20852488031839,-44.327894190723725
grid-r066-c052,66,52,10.600000381469727,13.40000057220459,0.44999998807907104,-48.58554953146347,-37.91234347271707,-44.58554953146347
grid-r066-c053,66,53,10.800000190734863,13.40000057220459,0.44999998807907104,-48.429569599039525,-37.64098347307955,-44.429569599039525
grid-r066-c054,66,54,11.0,13.40000057220459,0.44999998807907104,-48.25474093179665,-37.39728829565476,-44.25474093179665
grid-r066-c055,66,55,11.200000762939453,13.40000057220459,0.44999998807907104,-64.39307022009643,-37.18169776760369,-60.39307022009643
grid-r066-c056,66,56,11.399999618530273,13.40000057220459,0.44999998807907104,-95.40865442992363,-36.99292511136539,-91.40865442992363
grid-r066-c057,66,57,11.600000381469727,13.40000057220459,0.44999998807907104,-71.2348971143441,-36.828598844450454,-67.2348971143441
grid-r067-c026,67,26,5.400000095367432,13.600000381469727,0.44999998807907104,-48.13307099042416,-38.15077581060882,-44.13307099042416
grid-r067-c027,67,27,5.599999904632568,13.600000381469727,0.44999998807907104,-47.978448973106524,-38.379253837107356,-43.978448973106524
grid-r067-c028,67,28,5.800000190734863,13.600000381469727,0.44999998807907104,-47.96158800080421,-38.60985713556274,-43.96158800080421
grid-r067-c029,67,29,6.0,13.600000381469727,0.44999998807907104,-47.362575140313965,-38.84178070670389,-43.362575140313965
grid-r067-c030,67,30,6.199999809265137,13.600000381469727,0.44999998807907104,-45.01140344376951,-39.0740332408443,-41.01140344376951
grid-r067-c031,67,31,6.400000095367432,13.600000381469727,0.44999998807907104,-68.15250645949627,-39.30538279709072,-64.15250645949627
grid-r067-c041,67,41,8.399999618530273,13.600000381469727,0.44999998807907104,-53.13953485652951,-40.963664209997006,-49.13953485652951
grid-r067-c042,67,42,8.600000381469727,13.600000381469727,0.44999998807907104,-61.59970576642529,-40.95777034349068,-57.59970576642529
grid-r067-c043,67,43,8.800000190734863,13.600000381469727,0.44999998807907104,-48.33956252605955,-40.896550880855045,-44.33956252605955
grid-r067-c044,67,44,9.0,13.600000381469727,0.44999998807907104,-48.34840148398827,-40.77690810149673,-44.34840148398827
grid-r067-c045,67,45,9.199999809265137,13.600000381469727,0.44999998807907104,-61.83382930368465,-40.59900424696338,-57.83382930368465
grid-r067-c046,67,46,9.399999618530273,13.600000381469727,0.44999998807907104,-48.26322050580444,-40.366915768617766,-44.26322050580444
grid-r067-c047,67,47,9.600000381469727,13.600000381469727,0.44999998807907104,-48.35843865064331,-40.08869098967657,-44.35843865064331
grid-r067-c048,67,48,9.800000190734863,13.600000381469727,0.44999998807907104,-60.43584718859364,-39.77568003836277,-56.43584718859364
grid-r067-c049,67,49,10.0,13.600000381469727,0.44999998807907104,-62.25556909381085,-39.441205713130365,-58.25556909381085
grid-r067-c050,67,50,10.200000762939453,13.600000381469727,0.44999998807907104,-62.44186626687146,-39.098913312065136,-58.44186626687146
grid-r067-c051,67,51,10.399999618530273,13.600000381469727,0.44999998807907104,-48.289561904581916,-38.76120656662681,-44.289561904581916
grid-r067-c052,67,52,10.600000381469727,13.600000381469727,0.44999998807907104,-48.37610142519134,-38.43808970327344,-44.37610142519134
grid-r067-c053,67,53,10.800000190734863,13.600000381469727,0.44999998807907104,-48.217157900453984,-38.13664315963066,-44.217157900453984
grid-r067-c054,67,54,11.0,13.600000381469727,0.44999998807907104,-57.956150168724605,-37.86101633708208,-53.956150168724605
grid-r067-c055,67,55,11.200000762939453,13.600000381469727,0.44999998807907104,-67.18939182512597,-37.612836143327996,-63.189391825125966
grid-r067-c056,67,56,11.399999618530273,13.600000381469727,0.44999998807907104,-67.61608401273803,-37.39180453756776,-63.61608401273803
grid-r067-c057,67,57,11.600000381469727,13.600000381469727,0.44999998807907104,-55.12137746688458,-37.19630644929112,-51.12137746688458
grid-r068-c026,68,26,5.400000095367432,13.80000114440918,0.44999998807907104,-67.22456909186627,-38.366592597779714,-63.22456909186627
grid-r068-c027,68,27,5.599999904632568,13.80000114440918,0.44999998807907104,-47.2910518469192,-38.603522961922415,-43.2910518469192
grid-r068-c028,68,28,5.800000190734863,13.80000114440918,0.44999998807907104,-47.8700232329501,-38.84350253845299,-43.8700232329501
grid-r068-c029,68,29,6.0,13.80000114440918,0.44999998807907104,-47.900124053142704,-39.0858082923539,-43.900124053142704
grid-r068-c030,68,30,6.199999809265137,13.80000114440918,0.44999998807907104,-62.76178475695757,-39.32952592319292,-58.76178475695757
grid-r068-c041,68,41,8.399999618530273,13.80000114440918,0.44999998807907104,-59.53250111780069,-41.41545381114493,-55.53250111780069
grid-r068-c042,68,42,8.600000381469727,13.80000114440918,0.44999998807907104,-60.12955679111009,-41.4294496029774,-56.12955679111009
grid-r068-c043,68,43,8.800000190734863,13.80000114440918,0.44999998807907104,-48.20046993969093,-41.38672315872959,-44.20046993969093
grid-r068-c044,68,44,9.0,13.80000114440918,0.44999998807907104,-48.01542428859355,-41.283492871790095,-44.01542428859355
grid-r068-c045,68,45,9.199999809265137,13.80000114440918,0.44999998807907104,-48.31771863944026,-41.11915818844796,-44.31771863944026
grid-r068-c046,68,46,9.399999618530273,13.80000114440918,0.44999998807907104,-58.737184736782396,-40.89698774481471,-54.737184736782396
grid-r068-c047,68,47,9.600000381469727,13.80000114440918,0.44999998807907104,-48.32241273062043,-40.624248734311756,-44.32241273062043
grid-r068-c048,68,48,9.800000190734863,13.80000114440918,0.44999998807907104,-48.050656915508824,-40.311645632235695,-44.050656915508824
grid-r068-c049,68,49,10.0,13.80000114440918,0.44999998807907104,-48.325241779090206,-39.97211460618871,-44.325241779090206
grid-r068-c050,68,50,10.200000762939453,13.80000114440918,0.44999998807907104,-48.14905533115716,-39.619271371390994,-44.14905533115716
grid-r068-c051,68,51,10.399999618530273,13.80000114440918,0.44999998807907104,-60.53145660319869,-39.26588283832313,-56.53145660319869
grid-r068-c052,68,52,10.600000381469727,13.80000114440918,0.44999998807907104,-48.24378027920845,-38.92266583162933,-44.24378027920845
grid-r068-c053,68,53,10.800000190734863,13.80000114440918,0.44999998807907104,-48.24257442912669,-38.59765795426107,-44.24257442912669
grid-r068-c056,68,56,11.399999618530273,13.80000114440918,0.44999998807907104,-65.80430888612136,-37.77184719883551,-61.80430888612136
grid-r069-c026,69,26,5.400000095367432,14.0,0.44999998807907104,-62.11030338811014,-38.56443129290127,-58.11030338811014
grid-r069-c027,69,27,5.599999904632568,14.0,0.44999998807907104,-47.708216731246836,-38.808330309681864,-43.708216731246836
grid-r069-c028,69,28,5.800000190734863,14.0,0.44999998807907104,-47.752428121068036,-39.05599633854883,-43.752428121068036
grid-r069-c029,69,29,6.0,14.0,0.44999998807907104,-47.83947582345695,-39.306756944933866,-43.83947582345695
grid-r069-c040,69,40,8.199999809265137,14.0,0.44999998807907104,-63.97152831026261,-41.714560613301124,-59.97152831026261
grid-r069-c041,69,41,8.399999618530273,14.0,0.44999998807907104,-47.74369799286687,-41.79470020281723,-43.74369799286687
grid-r069-c042,69,42,8.600000381469727,14.0,0.44999998807907104,-46.83066330509918,-41.82381399783732,-42.83066330509918
grid-r069-c043,69,43,8.800000190734863,14.0,0.44999998807907104,-61.25055104159705,-41.79567415885227,-57.25055104159705
grid-r069-c044,69,44,9.0,14.0,0.44999998807907104,-60.53732400472933,-41.70616319783636,-56.53732400472933
grid-r069-c045,69,45,9.199999809265137,14.0,0.44999998807907104,-61.45464756049451,-41.55421932646808,-57.45464756049451
grid-r069-c046,69,46,9.399999618530273,14.0,0.44999998807907104,-59.74997294529683,-41.34250621690608,-55.74997294529683
grid-r069-c047,69,47,9.600000381469727,14.0,0.44999998807907104,-61.655172541835896,-41.07757119706015,-57.655172541835896
grid-r069-c048,69,48,9.800000190734863,14.0,0.44999998807907104,-61.68755990423746,-40.76937200048483,-57.68755990423746
grid-r069-c049,69,49,10.0,14.0,0.44999998807907104,-59.7733798262083,-40.43020410946304,-55.7733798262083
grid-r069-c050,69,50,10.200000762939453,14.0,0.44999998807907104,-55.36647679510055,-40.073285121676136,-51.36647679510055
grid-r069-c051,69,51,10.399999618530273,14.0,0.44999998807907104,-65.02593144040831,-39.71131966528729,-61.025931440408314
grid-r069-c052,69,52,10.600000381469727,14.0,0.44999998807907104,-59.110846111750504,-39.355316699006586,-55.110846111750504
grid-r069-c055,69,55,11.200000762939453,14.0,0.44999998807907104,-63.17567849579092,-38.39640827803058,-59.17567849579092
grid-r070-c017,70,17,3.5999999046325684,14.200000762939453,0.44999998807907104,-57.694878327917834,-36.743070712378035,-53.694878327917834
grid-r070-c025,70,25,5.199999809265137,14.200000762939453,0.44999998807907104,-66.53797789683865,-38.498639187379815,-62.537977896838655
grid-r070-c026,70,26,5.400000095367432,14.200000762939453,0.44999998807907104,-47.51877408439556,-38.74310477697466,-43.51877408439556
grid-r070-c027,70,27,5.599999904632568,14.200000762939453,0.44999998807907104,-47.377275951726986,-38.99231979958428,-43.377275951726986
grid-r070-c028,70,28,5.800000190734863,14.200000762939453,0.44999998807907104,-47.555691802942974,-39.2457945107663,-43.555691802942974
grid-r070-c029,70,29,6.0,14.200000762939453,0.44999998807907104,-47.54429650833569,-39.50287543957667,-43.54429650833569
grid-r070-c032,70,32,6.599999904632568,14.200000762939453,0.44999998807907104,-58.313655597895504,-40.28567487369273,-54.313655597895504
grid-r070-c039,70,39,8.0,14.200000762939453,0.44999998807907104,-63.699841674502906,-41.873430831328506,-59.699841674502906
grid-r070-c040,70,40,8.199999809265137,14.200000762939453,0.44999998807907104,-60.775892419820565,-42.00718097169698,-56.775892419820565
grid-r070-c041,70,41,8.399999618530273,14.200000762939453,0.44999998807907104,-57.87232872131332,-42.09744729080153,-53.87232872131332
grid-r070-c042,70,42,8.600000381469727,14.200000762939453,0.44999998807907104,-53.55214355417486,-42.13695431510114,-49.55214355417486
grid-r070-c043,70,43,8.800000190734863,14.200000762939453,0.44999998807907104,-64.07434837823472,-42.119531415105804,-60.07434837823472
grid-r070-c044,70,44,9.0,14.200000762939453,0.44999998807907104,-58.15435565717743,-42.041027555853745,-54.15435565717743
grid-r070-c045,70,45,9.199999809265137,14.200000762939453,0.44999998807907104,-48.18183540550933,-41.90017871817327,-44.18183540550933
grid-r070-c046,70,46,9.399999618530273,14.200000762939453,0.44999998807907104,-47.91148208183151,-41.699220787012806,-43.91148208183151
grid-r070-c047,70,47,9.600000381469727,14.200000762939453,0.44999998807907104,-61.40746176248528,-41.44404502011472,-57.40746176248528
grid-r070-c048,70,48,9.800000190734863,14.200000762939453,0.44999998807907104,-47.9934093566406,-41.14379561750361,-43.9934093566406
grid-r070-c049,70,49,10.0,14.200000762939453,0.44999998807907104,-48.091852808684436,-40.809932666576294,-44.091852808684436
grid-r070-c050,70,50,10.200000762939453,14.200000762939453,0.44999998807907104,-48.00415399120891,-40.45497669414901,-44.00415399120891
grid-r070-c051,70,51,10.399999618530273,14.200000762939453,0.44999998807907104,-48.09765560629015,-40.09120727582461,-44.09765560629015
grid-r070-c052,70,52,10.600000381469727,14.200000762939453,0.44999998807907104,-61.02425413486485,-39.729547621450514,-57.02425413486485
grid-r070-c054,70,54,11.0,14.200000762939453,0.44999998807907104,-64.62318216519307,-39.04568028080569,-60.62318216519307
grid-r071-c025,71,25,5.199999809265137,14.40000057220459,0.44999998807907104,-63.1352944787791,-38.65401842891869,-59.1352944787791
grid-r071-c026,71,26,5.400000095367432,14.40000057220459,0.44999998807907104,-60.1672193572052,-38.901785999895594,-56.1672193572052
grid-r071-c027,71,27,5.599999904632568,14.40000057220459,0.44999998807907104,-47.54325144193973,-39.154567124125066,-43.54325144193973
grid-r071-c028,71,28,5.800000190734863,14.40000057220459,0.44999998807907104,-61.48151522089988,-39.41187169130845,-57.48151522089988
grid-r071-c029,71,29,6.0,14.40000057220459,0.44999998807907104,-47.56622895448915,-39.67303639071654,-43.56622895448915
grid-r071-c030,71,30,6.199999809265137,14.40000057220459,0.44999998807907104,-47.65454826097306,-39.93717746083236,-43.65454826097306
grid-r071-c035,71,35,7.199999809265137,14.40000057220459,0.44999998807907104,-56.251967077622155,-41.246765896939586,-52.251967077622155
grid-r071-c038,71,38,7.800000190734863,14.40000057220459,0.44999998807907104,-54.332565803552754,-41.9156982817118,-50.332565803552754
grid-r071-c039,71,39,8.0,14.40000057220459,0.44999998807907104,-48.027270520527054,-42.08996281064843,-44.027270520527054
grid-r071-c040,71,40,8.199999809265137,14.40000057220459,0.44999998807907104,-48.15306586950483,-42.22855812092135,-44.15306586950483
grid-r071-c041,71,41,8.399999618530273,14.40000057220459,0.44999998807907104,-58.946059981862106,-42.32416618708518,-54.946059981862106
grid-r071-c042,71,42,8.600000381469727,14.40000057220459,0.44999998807907104,-48.00520028761879,-42.36982525684345,-44.00520028761879
grid-r071-c043,71,43,8.800000190734863,14.40000057220459,0.44999998807907104,-60.87740327539309,-42.359665913540084,-56.87740327539309
grid-r071-c044,71,44,9.0,14.40000057220459,0.44999998807907104,-60.90280362503816,-42.289735061939794,-56.90280362503816
grid-r071-c045,71,45,9.199999809265137,14.40000057220459,0.44999998807907104,-48.04791846118316,-42.15876178665402,-44.04791846118316
grid-r071-c046,71,46,9.399999618530273,14.40000057220459,0.44999998807907104,-47.84310101198513,-41.9686906956165,-43.84310101198513
grid-r071-c047,71,47,9.600000381469727,14.40000057220459,0.44999998807907104,-48.047369638959324,-41.72481568563265,-44.047369638959324
grid-r071-c048,71,48,9.800000190734863,14.40000057220459,0.44999998807907104,-56.36790566577308,-41.43543550459735,-52.36790566577308
grid-r071-c049,71,49,10.0,14.40000057220459,0.44999998807907104,-48.058323761941594,-41.111048821095764,-44.058323761941594
grid-r071-c050,71,50,10.200000762939453,14.40000057220459,0.44999998807907104,-47.77584541293601,-40.76326776478473,-43.77584541293601
grid-r071-c051,71,51,10.399999618530273,14.40000057220459,0.44999998807907104,-48.060341006931125,-40.40367215758945,-44.060341006931125
grid-r071-c052,71,52,10.600000381469727,14.40000057220459,0.44999998807907104,-64.1491601162675,-40.042793866733916,-60.149160116267495
grid-r071-c053,71,53,10.800000190734863,14.40000057220459,0.44999998807907104,-74.6259065682787,-39.68944775920728,-70.6259065682787
grid-r071-c057,71,57,11.600000381469727,14.40000057220459,0.44999998807907104,-67.97371067924209,-38.45608831978439,-63.97371067924209
grid-r072-c022,72,22,4.599999904632568,14.600000381469727,0.44999998807907104,-56.7152468091612,-38.0758197146014,-52.7152468091612
grid-r072-c024,72,24,5.0,14.600000381469727,0.44999998807907104,-65.73390980741549,-38.546511190235016,-61.733909807415486
grid-r072-c025,72,25,5.199999809265137,14.600000381469727,0.44999998807907104,-47.558979234774284,-38.790541765274185,-43.558979234774284
grid-r072-c026,72,26,5.400000095367432,14.600000381469727,0.44999998807907104,-47.542665389301845,-39.04003114878773,-43.542665389301845
grid-r072-c027,72,27,5.599999904632568,14.600000381469727,0.44999998807907104,-47.34422881612383,-39.29460245245198,-43.34422881612383
grid-r072-c028,72,28,5.800000190734863,14.600000381469727,0.44999998807907104,-61.22883817866331,-39.553742086317136,-57.22883817866331
grid-r072-c029,72,29,6.0,14.600000381469727,0.44999998807907104,-65.92161962682306,-39.816753344780096,-61.92161962682306
grid-r072-c033,72,33,6.800000190734863,14.600000381469727,0.44999998807907104,-71.37381468695398,-40.88404269401869,-67.37381468695398
grid-r072-c034,72,34,7.0,14.600000381469727,0.44999998807907104,-91.1484690004602,-41.14535556454766,-87.1484690004602
grid-r072-c037,72,37,7.599999904632568,14.600000381469727,0.44999998807907104,-48.01187889753385,-41.86560104577442,-44.01187889753385
grid-r072-c038,72,38,7.800000190734863,14.600000381469727,0.44999998807907104,-60.28544968714888,-42.068462671980164,-56.28544968714888
grid-r072-c039,72,39,8.0,14.600000381469727,0.44999998807907104,-47.12232354771166,-42.24282969553887,-43.12232354771166
grid-r072-c040,72,40,8.199999809265137,14.600000381469727,0.44999998807907104,-47.77600887594707,-42.38192838067192,-43.77600887594707
grid-r072-c041,72,41,8.399999618530273,14.600000381469727,0.44999998807907104,-47.67320105763007,-42.478869042509736,-43.67320105763007
grid-r072-c042,72,42,8.600000381469727,14.600000381469727,0.44999998807907104,-60.60509974781864,-42.52717651023227,-56.60509974781864
grid-r072-c043,72,43,8.800000190734863,14.600000381469727,0.44999998807907104,-47.909186132710346,-42.52145198047643,-43.909186132710346
grid-r072-c044,72,44,9.0,14.600000381469727,0.44999998807907104,-59.013950897022866,-42.45809417644912,-55.013950897022866
grid-r072-c045,72,45,9.199999809265137,14.600000381469727,0.44999998807907104,-61.45757532069612,-42.33595353281116,-57.45757532069612
grid-r072-c046,72,46,9.399999618530273,14.600000381469727,0.44999998807907104,-59.21424351975857,-42.156777493729656,-55.21424351975857
grid-r072-c047,72,47,9.600000381469727,14.600000381469727,0.44999998807907104,-61.029917525473564,-41.925314315697804,-57.029917525473564
grid-r072-c048,72,48,9.800000190734863,14.600000381469727,0.44999998807907104,-64.15447252015076,-41.6490174915428,-60.15447252015076
grid-r072-c049,72,49,10.0,14.600000381469727,0.44999998807907104,-50.22330754308794,-41.337364526258895,-46.22330754308794
grid-r072-c050,72,50,10.200000762939453,14.600000381469727,0.44999998807907104,-47.73103383167674,-41.00093591944226,-43.73103383167674
grid-r072-c051,72,51,10.399999618530273,14.600000381469727,0.44999998807907104,-48.02685595183449,-40.650430779169,-44.02685595183449
grid-r072-c053,72,53,10.800000190734863,14.600000381469727,0.44999998807907104,-58.6775774087515,-39.94546580575887,-54.6775774087515
grid-r072-c054,72,54,11.0,14.600000381469727,0.44999998807907104,-65.83991754441035,-39.60626921550875,-61.839917544410355
grid-r073-c021,73,21,4.400000095367432,14.80000114440918,0.44999998807907104,-67.24046438345619,-37.96580348230218,-63.240464383456185
grid-r073-c024,73,24,5.0,14.80000114440918,0.44999998807907104,-65.42579341341899,-38.66383925247391,-61.42579341341899
grid-r073-c025,73,25,5.199999809265137,14.80000114440918,0.44999998807907104,-47.421082196794245,-38.908113946997396,-43.421082196794245
grid-r073-c026,73,26,5.400000095367432,14.80000114440918,0.44999998807907104,-47.39219799776858,-39.157768342825264,-43.39219799776858
grid-r073-c027,73,27,5.599999904632568,14.80000114440918,0.44999998807907104,-60.82192178380973,-39.41239320556504,-56.82192178380973
grid-r073-c028,73,28,5.800000190734863,14.80000114440918,0.44999998807907104,-47.25143142186211,-39.6714337781814,-43.25143142186211
grid-r073-c037,73,37,7.599999904632568,14.80000114440918,0.44999998807907104,-60.018177786863276,-41.96675542557496,-56.018177786863276
grid-r073-c038,73,38,7.800000190734863,14.80000114440918,0.44999998807907104,-58.3662193440218,-42.165891458634896,-54.3662193440218
grid-r073-c039,73,39,8.0,14.80000114440918,0.44999998807907104,-56.781232232721706,-42.33670519038615,-52.781232232721706
grid-r073-c040,73,40,8.199999809265137,14.80000114440918,0.44999998807907104,-63.23531273518627,-42.47286451070883,-59.23531273518627
grid-r073-c041,73,41,8.399999618530273,14.80000114440918,0.44999998807907104,-58.577811090199134,-42.56802235841674,-54.577811090199134
grid-r073-c042,73,42,8.600000381469727,14.80000114440918,0.44999998807907104,-63.43132557019969,-42.61629933333573,-59.43132557019969
grid-r073-c043,73,43,8.800000190734863,14.80000114440918,0.44999998807907104,-60.50680001409165,-42.612864951531215,-56.50680001409165
grid-r073-c044,73,44,9.0,14.80000114440918,0.44999998807907104,-47.79026303788815,-42.55455303021954,-43.79026303788815
grid-r073-c045,73,45,9.199999809265137,14.80000114440918,0.44999998807907104,-60.70493463565499,-42.44040505467292,-56.70493463565499
grid-r073-c046,73,46,9.399999618530273,14.80000114440918,0.44999998807907104,-47.69402856525477,-42.27202945916935,-43.69402856525477
grid-r073-c047,73,47,9.600000381469727,14.80000114440918,0.44999998807907104,-47.91670407611288,-42.05367471026448,-43.91670407611288
grid-r073-c048,73,48,9.800000190734863,14.80000114440918,0.44999998807907104,-47.709111428439115,-41.791975970158454,-43.709111428439115
grid-r073-c049,73,49,10.0,14.80000114440918,0.44999998807907104,-56.64203197790779,-41.49538579627089,-52.64203197790779
grid-r073-c050,73,50,10.200000762939453,14.80000114440918,0.44999998807907104,-64.07913335005804,-41.173406380018214,-60.079133350058044
grid-r073-c056,73,56,11.399999618530273,14.80000114440918,0.44999998807907104,-64.2376815684876,-39.18826939236144,-60.2376815684876
grid-r073-c057,73,57,11.600000381469727,14.80000114440918,0.44999998807907104,-64.64251723080761,-38.901967236528805,-60.64251723080761
grid-r074-c017,74,17,3.5999999046325684,15.0,0.44999998807907104,-56.40542932414283,-37.22395215975421,-52.40542932414283
grid-r074-c024,74,24,5.0,15.0,0.44999998807907104,-47.293911856225364,-38.763758859540836,-43.293911856225364
grid-r074-c025,74,25,5.199999809265137,15.0,0.44999998807907104,-47.35186501515548,-39.00693656526767,-43.35186501515548
grid-r074-c026,74,26,5.400000095367432,15.0,0.44999998807907104,-47.26647610997503,-39.25527096377272,-43.26647610997503
grid-r074-c027,74,27,5.599999904632568,15.0,0.44999998807907104,-47.25422215813521,-39.50830789047294,-43.25422215813521
grid-r074-c028,74,28,5.800000190734863,15.0,0.44999998807907104,-62.34283179075369,-39.76543985208423,-58.34283179075369
grid-r074-c032,74,32,6.599999904632568,15.0,0.44999998807907104,-61.33827047330426,-40.814755559507844,-57.33827047330426
grid-r074-c033,74,33,6.800000190734863,15.0,0.44999998807907104,-58.57077471546209,-41.074445256866326,-54.57077471546209
grid-r074-c034,74,34,7.0,15.0,0.44999998807907104,-61.114714565453795,-41.328448976783854,-57.114714565453795
grid-r074-c035,74,35,7.199999809265137,15.0,0.44999998807907104,-57.18502271569335,-41.5735131806394,-53.18502271569335
grid-r074-c036,74,36,7.400000095367432,15.0,0.44999998807907104,-62.87133044092265,-41.80576152592967,-58.87133044092265
grid-r074-c037,74,37,7.599999904632568,15.0,0.44999998807907104,-47.597240411690024,-42.02068240710041,-43.597240411690024
grid-r074-c038,74,38,7.800000190734863,15.0,0.44999998807907104,-47.74768129326728,-42.21317698616936,-43.74768129326728
grid-r074-c039,74,39,8.0,15.0,0.44999998807907104,-62.96777870281045,-42.37767669860013,-58.96777870281045
grid-r074-c040,74,40,8.199999809265137,15.0,0.44999998807907104,-47.756739390466066,-42.50836532956132,-43.756739390466066
grid-r074-c041,74,41,8.399999618530273,15.0,0.44999998807907104,-47.44261574509241,-42.599504088815834,-43.44261574509241
grid-r074-c042,74,42,8.600000381469727,15.0,0.44999998807907104,-47.645633487751795,-42.64586136642913,-43.645633487751795
grid-r074-c043,74,43,8.800000190734863,15.0,0.44999998807907104,-63.08278559526289,-42.643212483930256,-59.08278559526289
grid-r074-c044,74,44,9.0,15.0,0.44999998807907104,-47.54303586912515,-42.58885352828266,-43.54303586912515
grid-r074-c045,74,45,9.199999809265137,15.0,0.44999998807907104,-47.66130021886299,-42.48204226610485,-43.66130021886299
grid-r074-c046,74,46,9.399999618530273,15.0,0.44999998807907104,-60.63042322187755,-42.32427992402004,-56.63042322187755
grid-r074-c047,74,47,9.600000381469727,15.0,0.44999998807907104,-60.65511559884757,-42.11935709976743,-56.65511559884757
grid-r074-c048,74,48,9.800000190734863,15.0,0.44999998807907104,-47.674078815591486,-41.87313749181546,-43.674078815591486
grid-r074-c049,74,49,10.0,15.0,0.44999998807907104,-47.703037156069584,-41.593086981040265,-43.703037156069584
grid-r074-c051,74,51,10.399999618530273,15.0,0.44999998807907104,-47.80436795495211,-40.96552184749048,-43.80436795495211
grid-r074-c052,74,52,10.600000381469727,15.0,0.44999998807907104,-63.14005068879261,-40.635067293170245,-59.14005068879261
grid-r074-c055,74,55,11.200000762939453,15.0,0.44999998807907104,-67.76198306953098,-39.66222843746419,-63.761983069530984
grid-r075-c023,75,23,4.800000190734863,15.200000762939453,0.44999998807907104,-64.95879328301207,-38.611016781711776,-60.95879328301207
grid-r075-c024,75,24,5.0,15.200000762939453,0.44999998807907104,-60.11145156499536,-38.84665619510647,-56.11145156499536
grid-r075-c025,75,25,5.199999809265137,15.200000762939453,0.44999998807907104,-47.14330931367124,-39.08748398108146,-43.14330931367124
grid-r075-c026,75,26,5.400000095367432,15.200000762939453,0.44999998807907104,-47.12678093946114,-39.333124345171804,-43.12678093946114
grid-r075-c027,75,27,5.599999904632568,15.200000762939453,0.44999998807907104,-58.925570512967994,-39.5830708380831,-54.925570512967994
grid-r075-c028,75,28,5.800000190734863,15.200000762939453,0.44999998807907104,-53.63608626993499,-39.83665775842834,-49.63608626993499
grid-r075-c034,75,34,7.0,15.200000762939453,0.44999998807907104,-62.463018814219836,-41.36564519443518,-58.463018814219836
grid-r075-c036,75,36,7.400000095367432,15.200000762939453,0.44999998807907104,-62.63048046031298,-41.82640972001467,-58.63048046031298
grid-r075-c037,75,37,7.599999904632568,15.200000762939453,0.44999998807907104,-57.93867567541082,-42.03252985711872,-53.93867567541082
grid-r075-c039,75,39,8.0,15.200000762939453,0.44999998807907104,-62.84655607390525,-42.372549088092654,-58.84655607390525
grid-r075-c040,75,40,8.199999809265137,15.200000762939453,0.44999998807907104,-58.14736515638481,-42.49606729901348,-54.14736515638481
grid-r075-c041,75,41,8.399999618530273,15.200000762939453,0.44999998807907104,-60.01764947512365,-42.581730448817765,-56.01764947512365
grid-r075-c042,75,42,8.600000381469727,15.200000762939453,0.44999998807907104,-63.06403667968996,-42.62496089873129,-59.06403667968996
grid-r075-c043,75,43,8.800000190734863,15.200000762939453,0.44999998807907104,-60.138527674685065,-42.62213220848843,-56.138527674685065
grid-r075-c044,75,44,9.0,15.200000762939453,0.44999998807907104,-60.236449750700345,-42.570990419295335,-56.236449750700345
grid-r075-c045,75,45,9.199999809265137,15.200000762939453,0.44999998807907104,-63.28303739226726,-42.47100504618548,-59.28303739226726
grid-r075-c046,75,46,9.399999618530273,15.200000762939453,0.44999998807907104,-58.625943499835756,-42.32358492328502,-54.625943499835756
grid-r075-c047,75,47,9.600000381469727,15.200000762939453,0.44999998807907104,-63.331306034255476,-42.13210231336931,-59.331306034255476
grid-r075-c048,75,48,9.800000190734863,15.200000762939453,0.44999998807907104,-47.64995961317834,-41.90170928362085,-43.64995961317834
grid-r075-c049,75,49,10.0,15.200000762939453,0.44999998807907104,-58.866720214097626,-41.63895123888039,-54.866720214097626
grid-r076-c017,76,17,3.5999999046325684,15.40000057220459,0.44999998807907104,-63.07837062433926,-37.39878748983598,-59.07837062433926
grid-r076-c023,76,23,4.800000190734863,15.40000057220459,0.44999998807907104,-47.23099138396563,-38.680577593052384,-43.23099138396563
grid-r076-c024,76,24,5.0,15.40000057220459,0.44999998807907104,-61.685641976745,-38.91311911334989,-57.685641976745
grid-r076-c025,76,25,5.199999809265137,15.40000057220459,0.44999998807907104,-47.00022684111974,-39.15045887311695,-43.00022684111974
grid-r076-c026,76,26,5.400000095367432,15.40000057220459,0.44999998807907104,-47.061984633111024,-39.392171193139475,-43.061984633111024
grid-r076-c027,76,27,5.599999904632568,15.40000057220459,0.44999998807907104,-59.92916962705165,-39.63769490330623,-55.92916962705165
grid-r076-c028,76,28,5.800000190734863,15.40000057220459,0.44999998807907104,-77.40808627733101,-39.886306134054955,-73.40808627733101
grid-r076-c034,76,34,7.0,15.40000057220459,0.44999998807907104,-62.13402073588503,-41.371162755515016,-58.13402073588503
grid-r076-c035,76,35,7.199999809265137,15.40000057220459,0.44999998807907104,-62.366882706558314,-41.598452178210415,-58.366882706558314
grid-r076-c036,76,36,7.400000095367432,15.40000057220459,0.44999998807907104,-47.59311360692392,-41.81200121853944,-43.59311360692392
grid-r076-c037,76,37,7.599999904632568,15.40000057220459,0.44999998807907104,-59.53546493946661,-42.00779359175504,-55.53546493946661
grid-r076-c038,76,38,7.800000190734863,15.40000057220459,0.44999998807907104,-47.49298356793834,-42.18143496507235,-43.49298356793834
grid-r076-c039,76,39,8.0,15.40000057220459,0.44999998807907104,-47.613525460429074,-42.32827928616429,-43.613525460429074
grid-r076-c040,76,40,8.199999809265137,15.40000057220459,0.44999998807907104,-59.75082550708511,-42.44362926626517,-55.75082550708511
grid-r076-c041,76,41,8.399999618530273,15.40000057220459,0.44999998807907104,-59.84672490623052,-42.52299997448171,-55.84672490623052
grid-r076-c042,76,42,8.600000381469727,15.40000057220459,0.44999998807907104,-47.62737186065621,-42.562440851037934,-43.62737186065621
grid-r076-c043,76,43,8.800000190734863,15.40000057220459,0.44999998807907104,-62.965909348482555,-42.55888613097002,-58.965909348482555
grid-r076-c044,76,44,9.0,15.40000057220459,0.44999998807907104,-47.39026868474045,-42.510495110837525,-43.39026868474045
grid-r076-c045,76,45,9.199999809265137,15.40000057220459,0.44999998807907104,-47.43774327255096,-42.41692726426221,-43.43774327255096
grid-r076-c046,76,46,9.399999618530273,15.40000057220459,0.44999998807907104,-63.18392838258663,-42.279504331320204,-59.18392838258663
grid-r076-c047,76,47,9.600000381469727,15.40000057220459,0.44999998807907104,-58.493278752644486,-42.1012182232352,-54.493278752644486
grid-r076-c048,76,48,9.800000190734863,15.40000057220459,0.44999998807907104,-54.28786536064007,-41.88657602140278,-50.28786536064007
grid-r076-c050,76,50,10.200000762939453,15.40000057220459,0.44999998807907104,-62.33760928809551,-41.371834780829005,-58.33760928809551
grid-r077-c022,77,22,4.599999904632568,15.600000381469727,0.44999998807907104,-64.20852985371006,-38.51159343499081,-60.20852985371006
grid-r077-c023,77,23,4.800000190734863,15.600000381469727,0.44999998807907104,-47.012492211475234,-38.73539930552067,-43.012492211475234
grid-r077-c024,77,24,5.0,15.600000381469727,0.44999998807907104,-46.99789663715899,-38.963907765863354,-42.99789663715899
grid-r077-c025,77,25,5.199999809265137,15.600000381469727,0.44999998807907104,-59.62422384960195,-39.19675445207127,-55.62422384960195
grid-r077-c026,77,26,5.400000095367432,15.600000381469727,0.44999998807907104,-58.662760576958505,-39.4334634611065,-54.662760576958505
grid-r077-c027,77,27,5.599999904632568,15.600000381469727,0.44999998807907104,-47.02080413252362,-39.67342071246869,-43.02080413252362
grid-r077-c033,77,33,6.800000190734863,15.600000381469727,0.44999998807907104,-59.13018413559929,-41.12170353281432,-55.13018413559929
grid-r077-c034,77,34,7.0,15.600000381469727,0.44999998807907104,-47.44782493399421,-41.34875152967623,-43.44782493399421
grid-r077-c035,77,35,7.199999809265137,15.600000381469727,0.44999998807907104,-62.247246783945286,-41.5651094825987,-58.247246783945286
grid-r077-c036,77,36,7.400000095367432,15.600000381469727,0.44999998807907104,-47.31545809516811,-41.76742206072844,-43.31545809516811
grid-r077-c037,77,37,7.599999904632568,15.600000381469727,0.44999998807907104,-47.33000535196692,-41.95196797820813,-43.33000535196692
grid-r077-c038,77,38,7.800000190734863,15.600000381469727,0.44999998807907104,-62.45860469021521,-42.114740341545684,-58.45860469021521
grid-r077-c039,77,39,8.0,15.600000381469727,0.44999998807907104,-47.28266532435883,-42.25156991554416,-43.28266532435883
grid-r077-c040,77,40,8.199999809265137,15.600000381469727,0.44999998807907104,-47.35230678785669,-42.35830878172322,-43.35230678785669
grid-r077-c041,77,41,8.399999618530273,15.600000381469727,0.44999998807907104,-62.67534349939616,-42.43106110085031,-58.67534349939616
grid-r077-c042,77,42,8.600000381469727,15.600000381469727,0.44999998807907104,-47.3630240569875,-42.466455372726074,-43.3630240569875
grid-r077-c043,77,43,8.800000190734863,15.600000381469727,0.44999998807907104,-47.49595477953895,-42.46193179879833,-43.49595477953895
grid-r077-c044,77,44,9.0,15.600000381469727,0.44999998807907104,-59.869027296874734,-42.41601382762855,-55.869027296874734
grid-r077-c045,77,45,9.199999809265137,15.600000381469727,0.44999998807907104,-47.50402529214071,-42.32852114880913,-43.50402529214071
grid-r077-c046,77,46,9.399999618530273,15.600000381469727,0.44999998807907104,-47.38396580812325,-42.20068935538183,-43.38396580812325
grid-r077-c049,77,49,10.0,15.600000381469727,0.44999998807907104,-72.53678644778078,-41.60779688296264,-68.53678644778078
grid-r077-c057,77,57,11.600000381469727,15.600000381469727,0.44999998807907104,-79.69772245974069,-39.41148468108949,-75.69772245974069
grid-r078-c019,78,19,4.0,15.80000114440918,0.44999998807907104,-65.29976826165559,-37.92679449675189,-61.299768261655586
grid-r078-c022,78,22,4.599999904632568,15.80000114440918,0.44999998807907104,-63.91891024167565,-38.55683110068501,-59.91891024167565
grid-r078-c023,78,23,4.800000190734863,15.80000114440918,0.44999998807907104,-46.86723215913736,-38.776253995875685,-42.86723215913736
grid-r078-c024,78,24,5.0,15.80000114440918,0.44999998807907104,-46.9405793442977,-38.99991621515697,-42.9405793442977
grid-r078-c025,78,25,5.199999809265137,15.80000114440918,0.44999998807907104,-46.762755207193024,-39.22740815963577,-42.762755207193024
grid-r078-c026,78,26,5.400000095367432,15.80000114440918,0.44999998807907104,-61.10461213714103,-39.4582065689294,-57.10461213714103
grid-r078-c027,78,27,5.599999904632568,15.80000114440918,0.44999998807907104,-64.20499921494253,-39.69164962613393,-60.20499921494253
grid-r078-c029,78,29,6.0,15.80000114440918,0.44999998807907104,-59.55200957069761,-40.16298197589916,-55.55200957069761
grid-r078-c032,78,32,6.599999904632568,15.80000114440918,0.44999998807907104,-61.93911791697431,-40.862255023875555,-57.93911791697431
grid-r078-c033,78,33,6.800000190734863,15.80000114440918,0.44999998807907104,-61.96226676281633,-41.086366472367594,-57.96226676281633
grid-r078-c034,78,34,7.0,15.80000114440918,0.44999998807907104,-58.23062156852332,-41.30218183135952,-54.23062156852332
grid-r078-c035,78,35,7.199999809265137,15.80000114440918,0.44999998807907104,-57.96400354802337,-41.506905810038745,-53.96400354802337
grid-r078-c036,78,36,7.400000095367432,15.80000114440918,0.44999998807907104,-56.468316087783336,-41.69741339801959,-52.468316087783336
grid-r078-c037,78,37,7.599999904632568,15.80000114440918,0.44999998807907104,-62.317226743864694,-41.87029224508197,-58.317226743864694
grid-r078-c038,78,38,7.800000190734863,15.80000114440918,0.44999998807907104,-62.3404967892332,-42.02192482847876,-58.3404967892332
grid-r078-c039,78,39,8.0,15.80000114440918,0.44999998807907104,-62.36373397718083,-42.14860507820544,-58.36373397718083
grid-r078-c040,78,40,8.199999809265137,15.80000114440918,0.44999998807907104,-57.67097882953125,-42.246703292231174,-53.67097882953125
grid-r078-c041,78,41,8.399999618530273,15.80000114440918,0.44999998807907104,-62.55420001599998,-42.31286506240173,-58.55420001599998
grid-r078-c042,78,42,8.600000381469727,15.80000114440918,0.44999998807907104,-63.1934776748208,-42.34423863156161,-59.1934776748208
grid-r078-c043,78,43,8.800000190734863,15.80000114440918,0.44999998807907104,-60.75541625547868,-42.33870807270524,-56.75541625547868
grid-r078-c044,78,44,9.0,15.80000114440918,0.44999998807907104,-56.67536710431507,-42.29510796035366,-52.67536710431507
grid-r078-c046,78,46,9.399999618530273,15.80000114440918,0.44999998807907104,-62.815586466581564,-42.094693404058866,-58.815586466581564
grid-r078-c047,78,47,9.600000381469727,15.80000114440918,0.44999998807907104,-62.14811924135239,-41.941367611764974,-58.14811924135239
grid-r078-c048,78,48,9.800000190734863,15.80000114440918,0.44999998807907104,-56.626829055973104,-41.75683028994383,-52.626829055973104
grid-r078-c055,78,55,11.200000762939453,15.80000114440918,0.44999998807907104,-66.03259652666665,-39.99144014405751,-62.03259652666665
grid-r078-c056,78,56,11.399999618530273,15.80000114440918,0.44999998807907104,-73.39000211600249,-39.72733436276084,-69.39000211600249
grid-r079-c020,79,20,4.199999809265137,16.0,0.44999998807907104,-65.02072126002189,-38.17343043867682,-61.02072126002189
grid-r079-c022,79,22,4.599999904632568,16.0,0.44999998807907104,-46.7739841291921,-38.5896207930827,-42.7739841291921
grid-r079-c023,79,23,4.800000190734863,16.0,0.44999998807907104,-63.67397664850148,-38.804006385467,-59.67397664850148
grid-r079-c024,79,24,5.0,16.0,0.44999998807907104,-46.629013681716614,-39.02213604254309,-42.629013681716614
grid-r079-c025,79,25,5.199999809265137,16.0,0.44999998807907104,-63.735900247893056,-39.2435583543635,-59.735900247893056
grid-r079-c026,79,26,5.400000095367432,16.0,0.44999998807907104,-46.787140825951525,-39.46770801906107,-42.787140825951525
grid-r079-c031,79,31,6.400000095367432,16.0,0.44999998807907104,-58.727369872476174,-40.59872369904015,-54.727369872476174
grid-r079-c032,79,32,6.599999904632568,16.0,0.44999998807907104,-47.447151843203144,-40.81804513622355,-43.447151843203144
grid-r079-c033,79,33,6.800000190734863,16.0,0.44999998807907104,-47.29970116292631,-41.03094660743395,-43.29970116292631
grid-r079-c034,79,34,7.0,16.0,0.44999998807907104,-61.866369592964645,-41.2350972600607,-57.866369592964645
grid-r079-c035,79,35,7.199999809265137,16.0,0.44999998807907104,-47.16355409833251,-41.427879603773114,-43.16355409833251
grid-r079-c036,79,36,7.400000095367432,16.0,0.44999998807907104,-62.0315379411109,-41.60641097458299,-58.0315379411109
grid-r079-c037,79,37,7.599999904632568,16.0,0.44999998807907104,-47.32100910262305,-41.767590403048,-43.32100910262305
grid-r079-c038,79,38,7.800000190734863,16.0,0.44999998807907104,-47.18893390849732,-41.90817930968214,-43.18893390849732
grid-r079-c039,79,39,8.0,16.0,0.44999998807907104,-62.2434987778924,-42.024909097573484,-58.2434987778924
grid-r079-c040,79,40,8.199999809265137,16.0,0.44999998807907104,-47.20122248135975,-42.114626767210574,-43.20122248135975
grid-r079-c041,79,41,8.399999618530273,16.0,0.44999998807907104,-59.070457625910024,-42.17446419320915,-55.070457625910024
grid-r079-c042,79,42,8.600000381469727,16.0,0.44999998807907104,-59.385158106582296,-42.20202607790303,-55.385158106582296
grid-r079-c043,79,43,8.800000190734863,16.0,0.44999998807907104,-47.35271774054493,-42.19557760175736,-43.35271774054493
grid-r079-c044,79,44,9.0,16.0,0.44999998807907104,-47.226308812417955,-42.154212920389945,-43.226308812417955
grid-r079-c045,79,45,9.199999809265137,16.0,0.44999998807907104,-62.54827085797295,-42.07797942427903,-58.54827085797295
grid-r079-c047,79,47,9.600000381469727,16.0,0.44999998807907104,-66.84405029953831,-41.82615884665351,-62.84405029953831
grid-r079-c050,79,50,10.200000762939453,16.0,0.44999998807907104,-62.37530538182679,-41.243599278969384,-58.37530538182679
grid-r080-c021,80,21,4.400000095367432,16.200000762939453,0.44999998807907104,-63.479578335641065,-38.40560464895986,-59.479578335641065
grid-r080-c022,80,22,4.599999904632568,16.200000762939453,0.44999998807907104,-46.909788009991345,-38.61078217374822,-42.909788009991345
grid-r080-c023,80,23,4.800000190734863,16.200000762939453,0.44999998807907104,-46.80403713030765,-38.81958651453833,-42.80403713030765
grid-r080-c024,80,24,5.0,16.200000762939453,0.44999998807907104,-63.56152355972597,-39.031623594340516,-59.56152355972597
grid-r080-c025,80,25,5.199999809265137,16.200000762939453,0.44999998807907104,-60.58151346378099,-39.24640536987257,-56.58151346378099
grid-r080-c026,80,26,5.400000095367432,16.200000762939453,0.44999998807907104,-63.46822210326913,-39.4633314907425,-59.46822210326913
grid-r080-c030,80,30,6.199999809265137,16.200000762939453,0.44999998807907104,-61.53762510533383,-40.335425989247376,-57.53762510533383
grid-r080-c031,80,31,6.400000095367432,16.200000762939453,0.44999998807907104,-60.38440703338924,-40.54873167110647,-56.38440703338924
grid-r080-c032,80,32,6.599999904632568,16.200000762939453,0.44999998807907104,-58.63180441446784,-40.75708565829554,-54.63180441446784
grid-r080-c033,80,33,6.800000190734863,16.200000762939453,0.44999998807907104,-61.60980849576765,-40.958542673465985,-57.60980849576765
grid-r080-c034,80,34,7.0,16.200000762939453,0.44999998807907104,-61.7475037282034,-41.15090846862716,-57.7475037282034
grid-r080-c035,80,35,7.199999809265137,16.200000762939453,0.44999998807907104,-58.771397673872585,-41.331754113115366,-54.771397673872585
grid-r080-c036,80,36,7.400000095367432,16.200000762939453,0.44999998807907104,-56.277267172670776,-41.498442661684614,-52.277267172670776
grid-r080-c037,80,37,7.599999904632568,16.200000762939453,0.44999998807907104,-61.95797014904761,-41.64817770287798,-57.95797014904761
grid-r080-c038,80,38,7.800000190734863,16.200000762939453,0.44999998807907104,-60.58735001347594,-41.77808019253357,-56.58735001347594
grid-r080-c039,80,39,8.0,16.200000762939453,0.44999998807907104,-59.05276957584897,-41.885285685949015,-55.05276957584897
grid-r080-c040,80,40,8.199999809265137,16.200000762939453,0.44999998807907104,-57.342229824954416,-41.96707113402427,-53.342229824954416
grid-r080-c042,80,42,8.600000381469727,16.200000762939453,0.44999998807907104,-62.21465948002324,-42.04506342739795,-58.21465948002324
grid-r080-c043,80,43,8.800000190734863,16.200000762939453,0.44999998807907104,-57.50739611640341,-42.03785624269102,-53.50739611640341
grid-r080-c044,80,44,9.0,16.200000762939453,0.44999998807907104,-57.57662747547468,-41.99868257183092,-53.57662747547468
grid-r080-c054,80,54,11.0,16.200000762939453,0.44999998807907104,-58.74330785477575,-40.23841130508078,-54.74330785477575
