grid_id,row,column,x,y,z,sionna_rssi_dbm,path_gain_linear
grid-r000-c000,0,0,0.19999980926513672,0.20000028610229492,0.44999998807907104,-39.07455714633042,1.237497372130747e-06
grid-r000-c001,0,1,0.40000009536743164,0.20000028610229492,0.44999998807907104,-38.31268343743581,1.4747949990123743e-06
grid-r000-c002,0,2,0.5999999046325684,0.20000028610229492,0.44999998807907104,-38.27638077892872,1.4871744724587188e-06
grid-r000-c003,0,3,0.7999997138977051,0.20000028610229492,0.44999998807907104,-37.78438700743607,1.6655639001328382e-06
grid-r000-c004,0,4,1.0,0.20000028610229492,0.44999998807907104,-37.47413792619846,1.7889005903271027e-06
grid-r000-c005,0,5,1.1999998092651367,0.20000028610229492,0.44999998807907104,-37.140394867912036,1.9317926671647e-06
grid-r000-c006,0,6,1.4000000953674316,0.20000028610229492,0.44999998807907104,-36.57591248331854,2.199929440394044e-06
grid-r000-c007,0,7,1.5999999046325684,0.20000028610229492,0.44999998807907104,-35.52019944771683,2.8053048026777105e-06
grid-r000-c008,0,8,1.799999713897705,0.20000028610229492,0.44999998807907104,-34.61429001816644,3.455978230704204e-06
grid-r000-c009,0,9,2.0,0.20000028610229492,0.44999998807907104,-32.90965324142219,5.117226919537643e-06
grid-r000-c010,0,10,2.200000047683716,0.20000028610229492,0.44999998807907104,-31.335596883354704,7.352589364018058e-06
grid-r000-c011,0,11,2.3999998569488525,0.20000028610229492,0.44999998807907104,-29.595401983370884,1.0976396879414096e-05
grid-r000-c012,0,12,2.5999999046325684,0.20000028610229492,0.44999998807907104,-28.178140437078525,1.5211987374641467e-05
grid-r000-c013,0,13,2.799999952316284,0.20000028610229492,0.44999998807907104,-27.17443577311432,1.9167100617778488e-05
grid-r000-c014,0,14,3.0,0.20000028610229492,0.44999998807907104,-26.674682960069717,2.1504616597667336e-05
grid-r000-c015,0,15,3.200000047683716,0.20000028610229492,0.44999998807907104,-26.57714613953491,2.199304617533926e-05
grid-r000-c016,0,16,3.3999998569488525,0.20000028610229492,0.44999998807907104,-26.574826365844984,2.2004796846886165e-05
grid-r000-c017,0,17,3.5999999046325684,0.20000028610229492,0.44999998807907104,-26.9490664018496,2.018800296355039e-05
grid-r000-c018,0,18,3.799999952316284,0.20000028610229492,0.44999998807907104,-27.978744444486665,1.5926691048662178e-05
grid-r000-c019,0,19,4.0,0.20000028610229492,0.44999998807907104,-29.555833107924727,1.1076860573666636e-05
grid-r000-c020,0,20,4.199999809265137,0.20000028610229492,0.44999998807907104,-31.304985466133417,7.404597454296891e-06
grid-r000-c021,0,21,4.400000095367432,0.20000028610229492,0.44999998807907104,-33.232963895416844,4.7501093831670005e-06
grid-r000-c022,0,22,4.599999904632568,0.20000028610229492,0.44999998807907104,-35.48182986266831,2.8301992642809637e-06
grid-r000-c023,0,23,4.800000190734863,0.20000028610229492,0.44999998807907104,-37.42008012559809,1.8113066744263051e-06
grid-r000-c024,0,24,5.0,0.20000028610229492,0.44999998807907104,-38.700278543088345,1.3488763670466142e-06
grid-r000-c025,0,25,5.199999809265137,0.20000028610229492,0.44999998807907104,-39.060776349649096,1.2414303682817263e-06
grid-r000-c026,0,26,5.400000095367432,0.20000028610229492,0.44999998807907104,-38.508566407513676,1.4097540770308115e-06
grid-r000-c027,0,27,5.599999904632568,0.20000028610229492,0.44999998807907104,-37.788379187453216,1.6640335616102675e-06
grid-r000-c028,0,28,5.800000190734863,0.20000028610229492,0.44999998807907104,-37.6658020746801,1.711669028736651e-06
grid-r000-c029,0,29,6.0,0.20000028610229492,0.44999998807907104,-37.76686204711986,1.6722984810257913e-06
grid-r000-c030,0,30,6.199999809265137,0.20000028610229492,0.44999998807907104,-37.57148363517324,1.7492490087533952e-06
grid-r000-c031,0,31,6.400000095367432,0.20000028610229492,0.44999998807907104,-37.62208514445071,1.728986035232083e-06
grid-r000-c032,0,32,6.599999904632568,0.20000028610229492,0.44999998807907104,-37.349161017414325,1.8411276414553868e-06
grid-r000-c033,0,33,6.800000190734863,0.20000028610229492,0.44999998807907104,-37.02048718739271,1.98587213162682e-06
grid-r000-c034,0,34,7.0,0.20000028610229492,0.44999998807907104,-37.4164804927291,1.8128085912394454e-06
grid-r000-c035,0,35,7.199999809265137,0.20000028610229492,0.44999998807907104,-37.611376582588406,1.7332545212411787e-06
grid-r000-c036,0,36,7.400000095367432,0.20000028610229492,0.44999998807907104,-38.11040925496779,1.5451088302143035e-06
grid-r000-c037,0,37,7.599999904632568,0.20000028610229492,0.44999998807907104,-37.95552881339746,1.6012056676117936e-06
grid-r000-c038,0,38,7.800000190734863,0.20000028610229492,0.44999998807907104,-38.4290568516435,1.435801209481724e-06
grid-r000-c039,0,39,8.0,0.20000028610229492,0.44999998807907104,-38.983583881420415,1.2636930932785617e-06
grid-r000-c040,0,40,8.199999809265137,0.20000028610229492,0.44999998807907104,-39.692397544756005,1.073396674655669e-06
grid-r000-c041,0,41,8.399999618530273,0.20000028610229492,0.44999998807907104,-39.887332370933564,1.026282120619726e-06
grid-r000-c042,0,42,8.600000381469727,0.20000028610229492,0.44999998807907104,-40.12410363187146,9.71828512774664e-07
grid-r000-c043,0,43,8.800000190734863,0.20000028610229492,0.44999998807907104,-39.763573667937294,1.0559482461758307e-06
grid-r000-c044,0,44,9.0,0.20000028610229492,0.44999998807907104,-39.89471280995336,1.024539528771129e-06
grid-r000-c045,0,45,9.199999809265137,0.20000028610229492,0.44999998807907104,-39.702563382113894,1.0708870377129642e-06
grid-r000-c046,0,46,9.399999618530273,0.20000028610229492,0.44999998807907104,-39.15797009334443,1.2139561249568942e-06
grid-r000-c047,0,47,9.600000381469727,0.20000028610229492,0.44999998807907104,-39.66544219803647,1.0800796417242964e-06
grid-r000-c048,0,48,9.800000190734863,0.20000028610229492,0.44999998807907104,-39.367661944617936,1.1567348110474995e-06
grid-r000-c049,0,49,10.0,0.20000028610229492,0.44999998807907104,-39.331342410470356,1.1664490102702985e-06
grid-r000-c050,0,50,10.200000762939453,0.20000028610229492,0.44999998807907104,-39.49078196766959,1.1244025017731474e-06
grid-r000-c051,0,51,10.399999618530273,0.20000028610229492,0.44999998807907104,-39.35370297316357,1.1604587371039088e-06
grid-r000-c052,0,52,10.600000381469727,0.20000028610229492,0.44999998807907104,-39.25692742533194,1.1866079603350954e-06
grid-r000-c053,0,53,10.800000190734863,0.20000028610229492,0.44999998807907104,-40.15690228694339,9.645167438065982e-07
grid-r000-c054,0,54,11.0,0.20000028610229492,0.44999998807907104,-40.41657162216581,9.085374585993122e-07
grid-r000-c055,0,55,11.200000762939453,0.20000028610229492,0.44999998807907104,-41.25992049487629,7.481831971745123e-07
grid-r000-c056,0,56,11.399999618530273,0.20000028610229492,0.44999998807907104,-39.41964323684101,1.1429722235334339e-06
grid-r000-c057,0,57,11.600000381469727,0.20000028610229492,0.44999998807907104,-41.45167845048007,7.158666903706035e-07
grid-r001-c000,1,0,0.19999980926513672,0.40000057220458984,0.44999998807907104,-37.435344440270335,1.8049515801976668e-06
grid-r001-c001,1,1,0.40000009536743164,0.40000057220458984,0.44999998807907104,-37.54022984207555,1.761882799655723e-06
grid-r001-c002,1,2,0.5999999046325684,0.40000057220458984,0.44999998807907104,-37.628145320241025,1.7265750784645206e-06
grid-r001-c003,1,3,0.7999997138977051,0.40000057220458984,0.44999998807907104,-37.701020634262726,1.6978445955828647e-06
grid-r001-c004,1,4,1.0,0.40000057220458984,0.44999998807907104,-37.51520981241589,1.7720624327921541e-06
grid-r001-c005,1,5,1.1999998092651367,0.40000057220458984,0.44999998807907104,-37.67058234766965,1.7097860336434678e-06
grid-r001-c006,1,6,1.4000000953674316,0.40000057220458984,0.44999998807907104,-37.518368584540326,1.770774019860255e-06
grid-r001-c007,1,7,1.5999999046325684,0.40000057220458984,0.44999998807907104,-36.89377149823677,2.0446682356123347e-06
grid-r001-c008,1,8,1.799999713897705,0.40000057220458984,0.44999998807907104,-34.91347025304467,3.225915406801505e-06
grid-r001-c009,1,9,2.0,0.40000057220458984,0.44999998807907104,-33.2487789447243,4.732843081001192e-06
grid-r001-c010,1,10,2.200000047683716,0.40000057220458984,0.44999998807907104,-31.306721083042667,7.401638868032023e-06
grid-r001-c011,1,11,2.3999998569488525,0.40000057220458984,0.44999998807907104,-29.519060174078504,1.1171049663971644e-05
grid-r001-c012,1,12,2.5999999046325684,0.40000057220458984,0.44999998807907104,-27.965079114004546,1.5976884242263623e-05
grid-r001-c013,1,13,2.799999952316284,0.40000057220458984,0.44999998807907104,-26.814786033513506,2.0821949874516577e-05
grid-r001-c014,1,14,3.0,0.40000057220458984,0.44999998807907104,-26.199586870666238,2.3990611225599423e-05
grid-r001-c015,1,15,3.200000047683716,0.40000057220458984,0.44999998807907104,-26.07726629870075,2.4675920940353535e-05
grid-r001-c016,1,16,3.3999998569488525,0.40000057220458984,0.44999998807907104,-26.42278033184745,2.2788826754549518e-05
grid-r001-c017,1,17,3.5999999046325684,0.40000057220458984,0.44999998807907104,-27.079765485782524,1.9589504518080503e-05
grid-r001-c018,1,18,3.799999952316284,0.40000057220458984,0.44999998807907104,-28.317301472203496,1.473227621318074e-05
grid-r001-c019,1,19,4.0,0.40000057220458984,0.44999998807907104,-29.903900107804787,1.022374453896191e-05
grid-r001-c020,1,20,4.199999809265137,0.40000057220458984,0.44999998807907104,-31.70333076637008,6.755646609235555e-06
grid-r001-c021,1,21,4.400000095367432,0.40000057220458984,0.44999998807907104,-33.60955034859562,4.3555696720432024e-06
grid-r001-c022,1,22,4.599999904632568,0.40000057220458984,0.44999998807907104,-35.18699288401859,3.0290100312413415e-06
grid-r001-c023,1,23,4.800000190734863,0.40000057220458984,0.44999998807907104,-36.473232660840004,2.2525618987856433e-06
grid-r001-c024,1,24,5.0,0.40000057220458984,0.44999998807907104,-37.33394036440017,1.8475915339877247e-06
grid-r001-c025,1,25,5.199999809265137,0.40000057220458984,0.44999998807907104,-38.22005961220387,1.506586386312847e-06
grid-r001-c026,1,26,5.400000095367432,0.40000057220458984,0.44999998807907104,-38.82793040193704,1.3098059525873396e-06
grid-r001-c027,1,27,5.599999904632568,0.40000057220458984,0.44999998807907104,-39.43976062289487,1.1376899919923744e-06
grid-r001-c028,1,28,5.800000190734863,0.40000057220458984,0.44999998807907104,-39.07594382026819,1.2371023103696643e-06
grid-r001-c029,1,29,6.0,0.40000057220458984,0.44999998807907104,-38.66653056006336,1.3593989933724515e-06
grid-r001-c030,1,30,6.199999809265137,0.40000057220458984,0.44999998807907104,-37.79937284975049,1.659826580180379e-06
grid-r001-c031,1,31,6.400000095367432,0.40000057220458984,0.44999998807907104,-37.47877747106364,1.7869905377665418e-06
grid-r001-c032,1,32,6.599999904632568,0.40000057220458984,0.44999998807907104,-37.88765642812349,1.6264261830656324e-06
grid-r001-c033,1,33,6.800000190734863,0.40000057220458984,0.44999998807907104,-38.2998384315066,1.4791634157518274e-06
grid-r001-c034,1,34,7.0,0.40000057220458984,0.44999998807907104,-38.38185681823912,1.4514909025820089e-06
grid-r001-c035,1,35,7.199999809265137,0.40000057220458984,0.44999998807907104,-38.633779187019684,1.3696893574888236e-06
grid-r001-c036,1,36,7.400000095367432,0.40000057220458984,0.44999998807907104,-38.32013203792107,1.4722677406098228e-06
grid-r001-c037,1,37,7.599999904632568,0.40000057220458984,0.44999998807907104,-38.14809870351414,1.5317579027396278e-06
grid-r001-c038,1,38,7.800000190734863,0.40000057220458984,0.44999998807907104,-37.73061373126311,1.6863147038748139e-06
grid-r001-c039,1,39,8.0,0.40000057220458984,0.44999998807907104,-37.65512716456611,1.71588146713475e-06
grid-r001-c040,1,40,8.199999809265137,0.40000057220458984,0.44999998807907104,-37.733392023327106,1.6852362705321866e-06
grid-r001-c041,1,41,8.399999618530273,0.40000057220458984,0.44999998807907104,-37.740011903384776,1.682669449110108e-06
grid-r001-c042,1,42,8.600000381469727,0.40000057220458984,0.44999998807907104,-38.1121316379393,1.5444961718458217e-06
grid-r001-c043,1,43,8.800000190734863,0.40000057220458984,0.44999998807907104,-38.61755293811263,1.374816406496393e-06
grid-r001-c044,1,44,9.0,0.40000057220458984,0.44999998807907104,-38.739220084979245,1.3368355666898424e-06
grid-r001-c045,1,45,9.199999809265137,0.40000057220458984,0.44999998807907104,-38.86592754903197,1.2983962278667605e-06
grid-r001-c046,1,46,9.399999618530273,0.40000057220458984,0.44999998807907104,-39.90174522771497,1.02288186099031e-06
grid-r001-c047,1,47,9.600000381469727,0.40000057220458984,0.44999998807907104,-39.92490167685244,1.0174424005526816e-06
grid-r001-c048,1,48,9.800000190734863,0.40000057220458984,0.44999998807907104,-40.164872192521834,9.627483450458385e-07
grid-r001-c049,1,49,10.0,0.40000057220458984,0.44999998807907104,-41.09699431165309,7.767845318085165e-07
grid-r001-c050,1,50,10.200000762939453,0.40000057220458984,0.44999998807907104,-40.21888640849202,9.508485732112604e-07
grid-r001-c051,1,51,10.399999618530273,0.40000057220458984,0.44999998807907104,-40.84308284376548,8.235533073275292e-07
grid-r001-c052,1,52,10.600000381469727,0.40000057220458984,0.44999998807907104,-40.992281937584146,7.957411298775696e-07
grid-r001-c053,1,53,10.800000190734863,0.40000057220458984,0.44999998807907104,-40.73044678037927,8.45191891585273e-07
grid-r001-c054,1,54,11.0,0.40000057220458984,0.44999998807907104,-39.76217537436585,1.056288283507456e-06
grid-r001-c055,1,55,11.200000762939453,0.40000057220458984,0.44999998807907104,-40.6525776339287,8.60482884945668e-07
grid-r001-c056,1,56,11.399999618530273,0.40000057220458984,0.44999998807907104,-40.39053805470695,9.139999974649982e-07
grid-r001-c057,1,57,11.600000381469727,0.40000057220458984,0.44999998807907104,-40.326780850307,9.27517078253004e-07
grid-r002-c000,2,0,0.19999980926513672,0.6000003814697266,0.44999998807907104,-37.13664910833768,1.9334595435793744e-06
grid-r002-c001,2,1,0.40000009536743164,0.6000003814697266,0.44999998807907104,-37.26066435060875,1.8790293552228832e-06
grid-r002-c002,2,2,0.5999999046325684,0.6000003814697266,0.44999998807907104,-37.30425449939211,1.86026386472804e-06
grid-r002-c003,2,3,0.7999997138977051,0.6000003814697266,0.44999998807907104,-38.21474171023242,1.508432319496933e-06
grid-r002-c004,2,4,1.0,0.6000003814697266,0.44999998807907104,-39.1651211683712,1.2119588745918008e-06
grid-r002-c005,2,5,1.1999998092651367,0.6000003814697266,0.44999998807907104,-38.56073042203554,1.3929225133324508e-06
grid-r002-c006,2,6,1.4000000953674316,0.6000003814697266,0.44999998807907104,-37.30088481389659,1.8617078012539423e-06
grid-r002-c007,2,7,1.5999999046325684,0.6000003814697266,0.44999998807907104,-36.09227752525772,2.459077677485766e-06
grid-r002-c008,2,8,1.799999713897705,0.6000003814697266,0.44999998807907104,-34.677435978197344,3.4060922189382836e-06
grid-r002-c009,2,9,2.0,0.6000003814697266,0.44999998807907104,-33.120776176385895,4.874413662037114e-06
grid-r002-c010,2,10,2.200000047683716,0.6000003814697266,0.44999998807907104,-31.33022944350448,7.361682037299033e-06
grid-r002-c011,2,11,2.3999998569488525,0.6000003814697266,0.44999998807907104,-29.538406317836106,1.1121397619717754e-05
grid-r002-c012,2,12,2.5999999046325684,0.6000003814697266,0.44999998807907104,-27.995176999273298,1.5866542526055127e-05
grid-r002-c013,2,13,2.799999952316284,0.6000003814697266,0.44999998807907104,-26.88302180245629,2.0497354853432626e-05
grid-r002-c014,2,14,3.0,0.6000003814697266,0.44999998807907104,-26.222383460836475,2.3865011826273985e-05
grid-r002-c015,2,15,3.200000047683716,0.6000003814697266,0.44999998807907104,13.724522864373462,0.23575031757354736
grid-r002-c016,2,16,3.3999998569488525,0.6000003814697266,0.44999998807907104,-26.508109321224687,2.2345448087435216e-05
grid-r002-c017,2,17,3.5999999046325684,0.6000003814697266,0.44999998807907104,-27.326508216554288,1.850756052590441e-05
grid-r002-c018,2,18,3.799999952316284,0.6000003814697266,0.44999998807907104,-28.551013493389817,1.3960425349068828e-05
grid-r002-c019,2,19,4.0,0.6000003814697266,0.44999998807907104,-30.077542362597455,9.823036634770688e-06
grid-r002-c020,2,20,4.199999809265137,0.6000003814697266,0.44999998807907104,-31.840724922446555,6.5452691160317045e-06
grid-r002-c021,2,21,4.400000095367432,0.6000003814697266,0.44999998807907104,-33.46113616851596,4.50698780696257e-06
grid-r002-c022,2,22,4.599999904632568,0.6000003814697266,0.44999998807907104,-34.94340595144921,3.203755795766483e-06
grid-r002-c023,2,23,4.800000190734863,0.6000003814697266,0.44999998807907104,-36.22538236891913,2.3848538148740772e-06
grid-r002-c024,2,24,5.0,0.6000003814697266,0.44999998807907104,-36.79466137046781,2.09186600841349e-06
grid-r002-c025,2,25,5.199999809265137,0.6000003814697266,0.44999998807907104,-37.08083235477854,1.9584692836360773e-06
grid-r002-c026,2,26,5.400000095367432,0.6000003814697266,0.44999998807907104,-37.3819030194026,1.827299342949118e-06
grid-r002-c027,2,27,5.599999904632568,0.6000003814697266,0.44999998807907104,-37.47795667766226,1.7873283013614127e-06
grid-r002-c028,2,28,5.800000190734863,0.6000003814697266,0.44999998807907104,-37.629145446125335,1.7261775155930081e-06
grid-r002-c029,2,29,6.0,0.6000003814697266,0.44999998807907104,-38.25691143206963,1.4938564163458068e-06
grid-r002-c030,2,30,6.199999809265137,0.6000003814697266,0.44999998807907104,-39.14417019698921,1.2178196584500256e-06
grid-r002-c031,2,31,6.400000095367432,0.6000003814697266,0.44999998807907104,-39.232846116326414,1.1932058896491071e-06
grid-r002-c032,2,32,6.599999904632568,0.6000003814697266,0.44999998807907104,-38.15010730065771,1.531049633740622e-06
grid-r002-c033,2,33,6.800000190734863,0.6000003814697266,0.44999998807907104,-37.99811098960923,1.5855827086852514e-06
grid-r002-c034,2,34,7.0,0.6000003814697266,0.44999998807907104,-37.423187074162755,1.810011326597305e-06
grid-r002-c035,2,35,7.199999809265137,0.6000003814697266,0.44999998807907104,-37.53416090001237,1.7643466208028258e-06
grid-r002-c036,2,36,7.400000095367432,0.6000003814697266,0.44999998807907104,-38.01122474624164,1.5808021771590575e-06
grid-r002-c037,2,37,7.599999904632568,0.6000003814697266,0.44999998807907104,-38.3281830395078,1.4695409618070698e-06
grid-r002-c038,2,38,7.800000190734863,0.6000003814697266,0.44999998807907104,-39.05591342612226,1.2428212130544125e-06
grid-r002-c039,2,39,8.0,0.6000003814697266,0.44999998807907104,-39.54706702175072,1.1099241419287864e-06
grid-r002-c040,2,40,8.199999809265137,0.6000003814697266,0.44999998807907104,-39.7353064632307,1.0628435802573222e-06
grid-r002-c041,2,41,8.399999618530273,0.6000003814697266,0.44999998807907104,-39.684191987371385,1.075426666830026e-06
grid-r002-c042,2,42,8.600000381469727,0.6000003814697266,0.44999998807907104,-39.38022436929849,1.153393668573699e-06
grid-r002-c043,2,43,8.800000190734863,0.6000003814697266,0.44999998807907104,-38.79715142077812,1.3191216794439242e-06
grid-r002-c044,2,44,9.0,0.6000003814697266,0.44999998807907104,-38.70469040424756,1.3475067817125819e-06
grid-r002-c045,2,45,9.199999809265137,0.6000003814697266,0.44999998807907104,-38.74096700556809,1.3362979416342569e-06
grid-r002-c046,2,46,9.399999618530273,0.6000003814697266,0.44999998807907104,-38.21739771838893,1.5075100918693352e-06
grid-r002-c047,2,47,9.600000381469727,0.6000003814697266,0.44999998807907104,-38.75348454368894,1.3324519159141346e-06
grid-r002-c048,2,48,9.800000190734863,0.6000003814697266,0.44999998807907104,-38.86450748851084,1.2988208482056507e-06
grid-r002-c049,2,49,10.0,0.6000003814697266,0.44999998807907104,-38.35656336332511,1.4599690985050984e-06
grid-r002-c050,2,50,10.200000762939453,0.6000003814697266,0.44999998807907104,-39.17116813991396,1.2102725577278761e-06
grid-r002-c051,2,51,10.399999618530273,0.6000003814697266,0.44999998807907104,-38.47862726460551,1.4195061339705717e-06
grid-r002-c052,2,52,10.600000381469727,0.6000003814697266,0.44999998807907104,-39.26389919643285,1.1847046152979601e-06
grid-r002-c053,2,53,10.800000190734863,0.6000003814697266,0.44999998807907104,-39.4007190877861,1.1479635304567637e-06
grid-r002-c054,2,54,11.0,0.6000003814697266,0.44999998807907104,-40.73803622531395,8.437161795882275e-07
grid-r002-c055,2,55,11.200000762939453,0.6000003814697266,0.44999998807907104,-40.52257213607692,8.86630743934802e-07
grid-r002-c056,2,56,11.399999618530273,0.6000003814697266,0.44999998807907104,-40.98503187432187,7.970706406013051e-07
grid-r002-c057,2,57,11.600000381469727,0.6000003814697266,0.44999998807907104,-40.42960164824761,9.05815682017419e-07
grid-r003-c000,3,0,0.19999980926513672,0.8000001907348633,0.44999998807907104,-36.111139621781135,2.4484206733177416e-06
grid-r003-c001,3,1,0.40000009536743164,0.8000001907348633,0.44999998807907104,-36.95225557637137,2.01731836568797e-06
grid-r003-c002,3,2,0.5999999046325684,0.8000001907348633,0.44999998807907104,-37.899343225408664,1.6220553789025871e-06
grid-r003-c003,3,3,0.7999997138977051,0.8000001907348633,0.44999998807907104,-37.69162541291898,1.701521568975295e-06
grid-r003-c004,3,4,1.0,0.8000001907348633,0.44999998807907104,-37.28380128170599,1.8690454908210086e-06
grid-r003-c005,3,5,1.1999998092651367,0.8000001907348633,0.44999998807907104,-36.91755074478038,2.0335035060270457e-06
grid-r003-c006,3,6,1.4000000953674316,0.8000001907348633,0.44999998807907104,-36.50511021898973,2.2360884486261057e-06
grid-r003-c007,3,7,1.5999999046325684,0.8000001907348633,0.44999998807907104,-35.80606547532615,2.6265970518579707e-06
grid-r003-c008,3,8,1.799999713897705,0.8000001907348633,0.44999998807907104,-35.11398991233251,3.0803566914983094e-06
grid-r003-c009,3,9,2.0,0.8000001907348633,0.44999998807907104,-33.49735024267663,4.469562099984614e-06
grid-r003-c010,3,10,2.200000047683716,0.8000001907348633,0.44999998807907104,-31.868863744819762,6.502998076030053e-06
grid-r003-c011,3,11,2.3999998569488525,0.8000001907348633,0.44999998807907104,-30.16451896283698,9.628266525396612e-06
grid-r003-c012,3,12,2.5999999046325684,0.8000001907348633,0.44999998807907104,-28.60362280391019,1.3792332538287155e-05
grid-r003-c013,3,13,2.799999952316284,0.8000001907348633,0.44999998807907104,-27.44927258004445,1.7991722415899858e-05
grid-r003-c014,3,14,3.0,0.8000001907348633,0.44999998807907104,-26.823114174254997,2.0782059436896816e-05
grid-r003-c015,3,15,3.200000047683716,0.8000001907348633,0.44999998807907104,-26.663014274953497,2.156247319362592e-05
grid-r003-c016,3,16,3.3999998569488525,0.8000001907348633,0.44999998807907104,-27.076728346010547,1.9603208784246817e-05
grid-r003-c017,3,17,3.5999999046325684,0.8000001907348633,0.44999998807907104,-28.02456399939455,1.5759542293380946e-05
grid-r003-c018,3,18,3.799999952316284,0.8000001907348633,0.44999998807907104,-29.193528783185442,1.2040572073601652e-05
grid-r003-c019,3,19,4.0,0.8000001907348633,0.44999998807907104,-30.801820304058545,8.314152182720136e-06
grid-r003-c020,3,20,4.199999809265137,0.8000001907348633,0.44999998807907104,-32.394725059369385,5.761392912972951e-06
grid-r003-c021,3,21,4.400000095367432,0.8000001907348633,0.44999998807907104,-33.983221811545405,3.996481609647162e-06
grid-r003-c022,3,22,4.599999904632568,0.8000001907348633,0.44999998807907104,-35.2115788721202,3.011910848726984e-06
grid-r003-c023,3,23,4.800000190734863,0.8000001907348633,0.44999998807907104,-36.19618972196637,2.400938456048607e-06
grid-r003-c024,3,24,5.0,0.8000001907348633,0.44999998807907104,-36.830012923956836,2.0749073428305564e-06
grid-r003-c025,3,25,5.199999809265137,0.8000001907348633,0.44999998807907104,-37.36235597822932,1.8355423208049615e-06
grid-r003-c026,3,26,5.400000095367432,0.8000001907348633,0.44999998807907104,-37.08970433801758,1.954472509169136e-06
grid-r003-c027,3,27,5.599999904632568,0.8000001907348633,0.44999998807907104,-37.200119123905395,1.905408453239943e-06
grid-r003-c028,3,28,5.800000190734863,0.8000001907348633,0.44999998807907104,-37.07443667958473,1.9613555650721537e-06
grid-r003-c029,3,29,6.0,0.8000001907348633,0.44999998807907104,-36.96595861351645,2.0109632714593317e-06
grid-r003-c030,3,30,6.199999809265137,0.8000001907348633,0.44999998807907104,-37.0214141569418,1.985448307095794e-06
grid-r003-c031,3,31,6.400000095367432,0.8000001907348633,0.44999998807907104,-37.40736737892444,1.816616531868931e-06
grid-r003-c032,3,32,6.599999904632568,0.8000001907348633,0.44999998807907104,-38.071458730539476,1.5590287603117758e-06
grid-r003-c033,3,33,6.800000190734863,0.8000001907348633,0.44999998807907104,-38.653548460999176,1.3634686411023722e-06
grid-r003-c034,3,34,7.0,0.8000001907348633,0.44999998807907104,-39.15608415300075,1.214483404510247e-06
grid-r003-c035,3,35,7.199999809265137,0.8000001907348633,0.44999998807907104,-38.52046699191941,1.4058963415664039e-06
grid-r003-c036,3,36,7.400000095367432,0.8000001907348633,0.44999998807907104,-37.88946973204869,1.6257472452707589e-06
grid-r003-c037,3,37,7.599999904632568,0.8000001907348633,0.44999998807907104,-37.6231524271587,1.7285611875195173e-06
grid-r003-c038,3,38,7.800000190734863,0.8000001907348633,0.44999998807907104,-37.97006201020021,1.5958563608364784e-06
grid-r003-c039,3,39,8.0,0.8000001907348633,0.44999998807907104,-37.923425854343535,1.6130856010931893e-06
grid-r003-c040,3,40,8.199999809265137,0.8000001907348633,0.44999998807907104,-38.179027772612045,1.5208879631245509e-06
grid-r003-c041,3,41,8.399999618530273,0.8000001907348633,0.44999998807907104,-38.830318303476766,1.3090859738440486e-06
grid-r003-c042,3,42,8.600000381469727,0.8000001907348633,0.44999998807907104,-39.37612879480333,1.1544818789843703e-06
grid-r003-c043,3,43,8.800000190734863,0.8000001907348633,0.44999998807907104,-40.338222151407194,9.250767902813095e-07
grid-r003-c044,3,44,9.0,0.8000001907348633,0.44999998807907104,-40.528922557976216,8.853352255755453e-07
grid-r003-c045,3,45,9.199999809265137,0.8000001907348633,0.44999998807907104,-40.595551531514225,8.718561730347574e-07
grid-r003-c046,3,46,9.399999618530273,0.8000001907348633,0.44999998807907104,-40.37401398981895,9.174842148240714e-07
grid-r003-c047,3,47,9.600000381469727,0.8000001907348633,0.44999998807907104,-40.056073585030376,9.871715747067356e-07
grid-r003-c048,3,48,9.800000190734863,0.8000001907348633,0.44999998807907104,-39.338823992869706,1.1644413007161347e-06
grid-r003-c049,3,49,10.0,0.8000001907348633,0.44999998807907104,-39.67995787388455,1.0764756552816834e-06
grid-r003-c050,3,50,10.200000762939453,0.8000001907348633,0.44999998807907104,-39.18616755981364,1.206099796036142e-06
grid-r003-c051,3,51,10.399999618530273,0.8000001907348633,0.44999998807907104,-39.33056322011698,1.166658307738544e-06
grid-r003-c052,3,52,10.600000381469727,0.8000001907348633,0.44999998807907104,-38.8964332649963,1.2893079883724567e-06
grid-r003-c053,3,53,10.800000190734863,0.8000001907348633,0.44999998807907104,-39.51782113331933,1.1174237215527683e-06
grid-r003-c054,3,54,11.0,0.8000001907348633,0.44999998807907104,-39.02376602928861,1.2520549717009999e-06
grid-r003-c055,3,55,11.200000762939453,0.8000001907348633,0.44999998807907104,-38.27619951301063,1.4872365454721148e-06
grid-r003-c056,3,56,11.399999618530273,0.8000001907348633,0.44999998807907104,-39.00393387162453,1.2577855841300334e-06
grid-r003-c057,3,57,11.600000381469727,0.8000001907348633,0.44999998807907104,-39.24758461176454,1.189163413073402e-06
grid-r004-c000,4,0,0.19999980926513672,1.0000004768371582,0.44999998807907104,-37.13263868385966,1.9352457911736565e-06
grid-r004-c001,4,1,0.40000009536743164,1.0000004768371582,0.44999998807907104,-37.06401490902198,1.9660678844957147e-06
grid-r004-c002,4,2,0.5999999046325684,1.0000004768371582,0.44999998807907104,-36.71409929281374,2.1310324882506393e-06
grid-r004-c003,4,3,0.7999997138977051,1.0000004768371582,0.44999998807907104,-36.29472065412643,2.347080226172693e-06
grid-r004-c004,4,4,1.0,1.0000004768371582,0.44999998807907104,-36.173540165258835,2.4134926661645295e-06
grid-r004-c005,4,5,1.1999998092651367,1.0000004768371582,0.44999998807907104,-36.14827333876717,2.427575054753106e-06
grid-r004-c006,4,6,1.4000000953674316,1.0000004768371582,0.44999998807907104,-35.90450374375776,2.567731598901446e-06
grid-r004-c007,4,7,1.5999999046325684,1.0000004768371582,0.44999998807907104,-35.5610570589889,2.779036776701105e-06
grid-r004-c008,4,8,1.799999713897705,1.0000004768371582,0.44999998807907104,-34.75801847678919,3.3434755550842965e-06
grid-r004-c009,4,9,2.0,1.0000004768371582,0.44999998807907104,-33.83190195718454,4.138184067414841e-06
grid-r004-c010,4,10,2.200000047683716,1.0000004768371582,0.44999998807907104,-32.35683540686238,5.811877599626314e-06
grid-r004-c011,4,11,2.3999998569488525,1.0000004768371582,0.44999998807907104,-30.827771956222854,8.264618372777477e-06
grid-r004-c012,4,12,2.5999999046325684,1.0000004768371582,0.44999998807907104,-29.465718491549744,1.1309102774248458e-05
grid-r004-c013,4,13,2.799999952316284,1.0000004768371582,0.44999998807907104,-28.440936554412787,1.431879081792431e-05
grid-r004-c014,4,14,3.0,1.0000004768371582,0.44999998807907104,-27.79281988493331,1.6623329429421574e-05
grid-r004-c015,4,15,3.200000047683716,1.0000004768371582,0.44999998807907104,-27.70562209594837,1.6960466382442974e-05
grid-r004-c016,4,16,3.3999998569488525,1.0000004768371582,0.44999998807907104,-28.08062986922706,1.55573998199543e-05
grid-r004-c017,4,17,3.5999999046325684,1.0000004768371582,0.44999998807907104,-29.008667306988514,1.25641545309918e-05
grid-r004-c018,4,18,3.799999952316284,1.0000004768371582,0.44999998807907104,-30.171932141720966,9.611845598556101e-06
grid-r004-c019,4,19,4.0,1.0000004768371582,0.44999998807907104,-31.67412274999711,6.801234121667221e-06
grid-r004-c020,4,20,4.199999809265137,1.0000004768371582,0.44999998807907104,-33.19660874562041,4.790039838553639e-06
grid-r004-c021,4,21,4.400000095367432,1.0000004768371582,0.44999998807907104,-34.586012584449584,3.4785539355652872e-06
grid-r004-c022,4,22,4.599999904632568,1.0000004768371582,0.44999998807907104,-35.75198508870449,2.659509164004703e-06
grid-r004-c023,4,23,4.800000190734863,1.0000004768371582,0.44999998807907104,-36.66487719079495,2.1553225906245643e-06
grid-r004-c024,4,24,5.0,1.0000004768371582,0.44999998807907104,-36.79140636996267,2.0934344320266973e-06
grid-r004-c025,4,25,5.199999809265137,1.0000004768371582,0.44999998807907104,-37.24136362420624,1.8873986391554354e-06
grid-r004-c026,4,26,5.400000095367432,1.0000004768371582,0.44999998807907104,-37.505469250850815,1.776041358425573e-06
grid-r004-c027,4,27,5.599999904632568,1.0000004768371582,0.44999998807907104,-37.28239113584317,1.8696524648476043e-06
grid-r004-c028,4,28,5.800000190734863,1.0000004768371582,0.44999998807907104,-37.196771764263005,1.9068776282438193e-06
grid-r004-c029,4,29,6.0,1.0000004768371582,0.44999998807907104,-37.134321835202684,1.9344959127920447e-06
grid-r004-c030,4,30,6.199999809265137,1.0000004768371582,0.44999998807907104,-37.068242453965524,1.9641549897642108e-06
grid-r004-c031,4,31,6.400000095367432,1.0000004768371582,0.44999998807907104,-36.89921823518506,2.042105506916414e-06
grid-r004-c032,4,32,6.599999904632568,1.0000004768371582,0.44999998807907104,-37.137101636646285,1.9332580905029317e-06
grid-r004-c033,4,33,6.800000190734863,1.0000004768371582,0.44999998807907104,-37.033264358621665,1.9800381778622977e-06
grid-r004-c034,4,34,7.0,1.0000004768371582,0.44999998807907104,-37.35352580370187,1.8392781839793315e-06
grid-r004-c035,4,35,7.199999809265137,1.0000004768371582,0.44999998807907104,-38.04132395830077,1.5698841480116243e-06
grid-r004-c036,4,36,7.400000095367432,1.0000004768371582,0.44999998807907104,-38.971593974465115,1.267186689801747e-06
grid-r004-c037,4,37,7.599999904632568,1.0000004768371582,0.44999998807907104,-39.24754558353406,1.1891740996361477e-06
grid-r004-c038,4,38,7.800000190734863,1.0000004768371582,0.44999998807907104,-38.84965721111946,1.303269641539373e-06
grid-r004-c039,4,39,8.0,1.0000004768371582,0.44999998807907104,-38.54315997216372,1.3985693385620834e-06
grid-r004-c040,4,40,8.199999809265137,1.0000004768371582,0.44999998807907104,-37.97396543108006,1.5944226561259711e-06
grid-r004-c041,4,41,8.399999618530273,1.0000004768371582,0.44999998807907104,-38.37073974181632,1.455211190659611e-06
grid-r004-c042,4,42,8.600000381469727,1.0000004768371582,0.44999998807907104,-38.321052691153206,1.471955670240277e-06
grid-r004-c043,4,43,8.800000190734863,1.0000004768371582,0.44999998807907104,-38.27140402670249,1.4888796613377053e-06
grid-r004-c044,4,44,9.0,1.0000004768371582,0.44999998807907104,-38.49617167320361,1.4137832522465033e-06
grid-r004-c045,4,45,9.199999809265137,1.0000004768371582,0.44999998807907104,-39.65034846044645,1.0838399475687766e-06
grid-r004-c046,4,46,9.399999618530273,1.0000004768371582,0.44999998807907104,-39.83953673903666,1.0376390946476022e-06
grid-r004-c047,4,47,9.600000381469727,1.0000004768371582,0.44999998807907104,-40.39330958462721,9.13416897674324e-07
grid-r004-c048,4,48,9.800000190734863,1.0000004768371582,0.44999998807907104,-40.28719460206936,9.360101103084162e-07
grid-r004-c049,4,49,10.0,1.0000004768371582,0.44999998807907104,-41.664712153424574,6.815987489972031e-07
grid-r004-c050,4,50,10.200000762939453,1.0000004768371582,0.44999998807907104,-41.25859460253669,7.484116508749139e-07
grid-r004-c051,4,51,10.399999618530273,1.0000004768371582,0.44999998807907104,-41.3676310615726,7.298555146917352e-07
grid-r004-c052,4,52,10.600000381469727,1.0000004768371582,0.44999998807907104,-40.75656599962593,8.401240165767376e-07
grid-r004-c053,4,53,10.800000190734863,1.0000004768371582,0.44999998807907104,-40.32315593520374,9.282915698349825e-07
grid-r004-c054,4,54,11.0,1.0000004768371582,0.44999998807907104,-39.977287429068724,1.005243461804639e-06
grid-r004-c055,4,55,11.200000762939453,1.0000004768371582,0.44999998807907104,-40.988651208363436,7.96406652625592e-07
grid-r004-c056,4,56,11.399999618530273,1.0000004768371582,0.44999998807907104,-39.30733646840824,1.1729144944183645e-06
grid-r004-c057,4,57,11.600000381469727,1.0000004768371582,0.44999998807907104,-39.64512015338477,1.0851455272131716e-06
grid-r005-c000,5,0,0.19999980926513672,1.200000286102295,0.44999998807907104,-36.95342807999253,2.0167738057352835e-06
grid-r005-c001,5,1,0.40000009536743164,1.200000286102295,0.44999998807907104,-36.291486916925216,2.348828502363176e-06
grid-r005-c002,5,2,0.5999999046325684,1.200000286102295,0.44999998807907104,-36.09132392100583,2.4596176899649436e-06
grid-r005-c003,5,3,0.7999997138977051,1.200000286102295,0.44999998807907104,-36.22721538294188,2.3838474589865655e-06
grid-r005-c004,5,4,1.0,1.200000286102295,0.44999998807907104,-36.26555706694116,2.3628942926734453e-06
grid-r005-c005,5,5,1.1999998092651367,1.200000286102295,0.44999998807907104,-36.20410100931529,2.396568788753939e-06
grid-r005-c006,5,6,1.4000000953674316,1.200000286102295,0.44999998807907104,-36.24963184499744,2.3715747374808416e-06
grid-r005-c007,5,7,1.5999999046325684,1.200000286102295,0.44999998807907104,-35.88156027502905,2.5813326374191092e-06
grid-r005-c008,5,8,1.799999713897705,1.200000286102295,0.44999998807907104,-35.512909635452786,2.8100175768486224e-06
grid-r005-c009,5,9,2.0,1.200000286102295,0.44999998807907104,-34.514077553273324,3.5366513202461647e-06
grid-r005-c010,5,10,2.200000047683716,1.200000286102295,0.44999998807907104,-33.36944911351964,4.603149591275724e-06
grid-r005-c011,5,11,2.3999998569488525,1.200000286102295,0.44999998807907104,-31.99268515346421,6.320209649857134e-06
grid-r005-c012,5,12,2.5999999046325684,1.200000286102295,0.44999998807907104,-30.860797713402775,8.202008757507429e-06
grid-r005-c013,5,13,2.799999952316284,1.200000286102295,0.44999998807907104,-29.850092528803884,1.0351201126468368e-05
grid-r005-c014,5,14,3.0,1.200000286102295,0.44999998807907104,-29.316061285421206,1.1705605174938682e-05
grid-r005-c015,5,15,3.200000047683716,1.200000286102295,0.44999998807907104,-29.189288865144448,1.2052332749590278e-05
grid-r005-c016,5,16,3.3999998569488525,1.200000286102295,0.44999998807907104,-29.55196120940866,1.1086740414611995e-05
grid-r005-c017,5,17,3.5999999046325684,1.200000286102295,0.44999998807907104,-30.332346571048376,9.263291758543346e-06
grid-r005-c018,5,18,3.799999952316284,1.200000286102295,0.44999998807907104,-31.53640135944535,7.0203677751123905e-06
grid-r005-c019,5,19,4.0,1.200000286102295,0.44999998807907104,-32.5224636830115,5.594401500275126e-06
grid-r005-c020,5,20,4.199999809265137,1.200000286102295,0.44999998807907104,-33.9038990070156,4.070147042511962e-06
grid-r005-c021,5,21,4.400000095367432,1.200000286102295,0.44999998807907104,-34.84066958900823,3.2804471175040817e-06
grid-r005-c022,5,22,4.599999904632568,1.200000286102295,0.44999998807907104,-36.020779351491285,2.4998967091960367e-06
grid-r005-c023,5,23,4.800000190734863,1.200000286102295,0.44999998807907104,-36.13043885496857,2.437564489810029e-06
grid-r005-c024,5,24,5.0,1.200000286102295,0.44999998807907104,-36.59917200093483,2.1881787688471377e-06
grid-r005-c025,5,25,5.199999809265137,1.200000286102295,0.44999998807907104,-36.68002589482931,2.1478176677192096e-06
grid-r005-c026,5,26,5.400000095367432,1.200000286102295,0.44999998807907104,-36.71292757059685,2.1316075162758352e-06
grid-r005-c027,5,27,5.599999904632568,1.200000286102295,0.44999998807907104,-36.55790593987736,2.2090696347731864e-06
grid-r005-c028,5,28,5.800000190734863,1.200000286102295,0.44999998807907104,-36.592797001324875,2.1913931504968787e-06
grid-r005-c029,5,29,6.0,1.200000286102295,0.44999998807907104,-36.52383844856928,2.226466449428699e-06
grid-r005-c030,5,30,6.199999809265137,1.200000286102295,0.44999998807907104,-36.462404668874136,2.25818507715303e-06
grid-r005-c031,5,31,6.400000095367432,1.200000286102295,0.44999998807907104,-36.860638448813134,2.060327005892759e-06
grid-r005-c032,5,32,6.599999904632568,1.200000286102295,0.44999998807907104,-36.728502664194814,2.123976628354285e-06
grid-r005-c033,5,33,6.800000190734863,1.200000286102295,0.44999998807907104,-36.54832729977909,2.2139472548587946e-06
grid-r005-c034,5,34,7.0,1.200000286102295,0.44999998807907104,-36.850381061899675,2.0651989416364813e-06
grid-r005-c035,5,35,7.199999809265137,1.200000286102295,0.44999998807907104,-36.96637749419636,2.0107693217141787e-06
grid-r005-c036,5,36,7.400000095367432,1.200000286102295,0.44999998807907104,-37.19418045311415,1.9080157471762504e-06
grid-r005-c037,5,37,7.599999904632568,1.200000286102295,0.44999998807907104,-37.514897209729625,1.7721899894240778e-06
grid-r005-c038,5,38,7.800000190734863,1.200000286102295,0.44999998807907104,-38.52888577757117,1.4031736554898089e-06
grid-r005-c039,5,39,8.0,1.200000286102295,0.44999998807907104,-39.17584867095474,1.2089689107597223e-06
grid-r005-c040,5,40,8.199999809265137,1.200000286102295,0.44999998807907104,-39.79241860221278,1.0489580972716794e-06
grid-r005-c041,5,41,8.399999618530273,1.200000286102295,0.44999998807907104,-39.503833006437496,1.121028617490083e-06
grid-r005-c042,5,42,8.600000381469727,1.200000286102295,0.44999998807907104,-38.77223051132056,1.3267128906591097e-06
grid-r005-c043,5,43,8.800000190734863,1.200000286102295,0.44999998807907104,-38.35514289193779,1.4604466969103669e-06
grid-r005-c044,5,44,9.0,1.200000286102295,0.44999998807907104,-38.513683453380196,1.4080940218264004e-06
grid-r005-c045,5,45,9.199999809265137,1.200000286102295,0.44999998807907104,-38.96556121827284,1.2689481536654057e-06
grid-r005-c046,5,46,9.399999618530273,1.200000286102295,0.44999998807907104,-39.07233898977543,1.2381295846353169e-06
grid-r005-c047,5,47,9.600000381469727,1.200000286102295,0.44999998807907104,-39.2210389831948,1.1964542636633269e-06
grid-r005-c048,5,48,9.800000190734863,1.200000286102295,0.44999998807907104,-39.49714405069148,1.1227565437366138e-06
grid-r005-c049,5,49,10.0,1.200000286102295,0.44999998807907104,-39.42551212793955,1.1414286973376875e-06
grid-r005-c050,5,50,10.200000762939453,1.200000286102295,0.44999998807907104,-39.70360271989225,1.0706307875807397e-06
grid-r005-c051,5,51,10.399999618530273,1.200000286102295,0.44999998807907104,-40.43476737805893,9.047388971339387e-07
grid-r005-c052,5,52,10.600000381469727,1.200000286102295,0.44999998807907104,-41.17707150955583,7.62593060699146e-07
grid-r005-c053,5,53,10.800000190734863,1.200000286102295,0.44999998807907104,-41.545417962867305,7.00580756074487e-07
grid-r005-c054,5,54,11.0,1.200000286102295,0.44999998807907104,-41.428500853429426,7.196973683676333e-07
grid-r005-c055,5,55,11.200000762939453,1.200000286102295,0.44999998807907104,-41.32536301084102,7.369935701717623e-07
grid-r005-c056,5,56,11.399999618530273,1.200000286102295,0.44999998807907104,-41.56498430716249,6.974315169827605e-07
grid-r005-c057,5,57,11.600000381469727,1.200000286102295,0.44999998807907104,-41.451381543332175,7.159156325542426e-07
grid-r006-c000,6,0,0.19999980926513672,1.4000005722045898,0.44999998807907104,-36.19694655334464,2.4005200884857913e-06
grid-r006-c001,6,1,0.40000009536743164,1.4000005722045898,0.44999998807907104,-36.002394504214465,2.51050187216606e-06
grid-r006-c002,6,2,0.5999999046325684,1.4000005722045898,0.44999998807907104,-36.29016282684265,2.3495447294408223e-06
grid-r006-c003,6,3,0.7999997138977051,1.4000005722045898,0.44999998807907104,-36.184560167263804,2.4073763142951066e-06
grid-r006-c004,6,4,1.0,1.4000005722045898,0.44999998807907104,-36.411565064934464,2.2847752916277386e-06
grid-r006-c005,6,5,1.1999998092651367,1.4000005722045898,0.44999998807907104,-36.46163030550136,2.25858775593224e-06
grid-r006-c006,6,6,1.4000000953674316,1.4000005722045898,0.44999998807907104,-36.32204235856874,2.3323609639192e-06
grid-r006-c007,6,7,1.5999999046325684,1.4000005722045898,0.44999998807907104,-36.3857421950697,2.2984008865023497e-06
grid-r006-c008,6,8,1.799999713897705,1.4000005722045898,0.44999998807907104,-35.93235183540582,2.5513193122606026e-06
grid-r006-c009,6,9,2.0,1.4000005722045898,0.44999998807907104,-35.400881644619844,2.8834460863436107e-06
grid-r006-c010,6,10,2.200000047683716,1.4000005722045898,0.44999998807907104,-34.37718708470175,3.649902737379307e-06
grid-r006-c011,6,11,2.3999998569488525,1.4000005722045898,0.44999998807907104,-33.413780077772145,4.556401563604595e-06
grid-r006-c012,6,12,2.5999999046325684,1.4000005722045898,0.44999998807907104,-32.323487581017496,5.856676580151543e-06
grid-r006-c013,6,13,2.799999952316284,1.4000005722045898,0.44999998807907104,-31.572561349637255,6.962157840462169e-06
grid-r006-c014,6,14,3.0,1.4000005722045898,0.44999998807907104,-31.097075798221383,7.767699571559206e-06
grid-r006-c015,6,15,3.200000047683716,1.4000005722045898,0.44999998807907104,-30.983995492764237,7.972608727868646e-06
grid-r006-c016,6,16,3.3999998569488525,1.4000005722045898,0.44999998807907104,-31.299413559797372,7.414103492919821e-06
grid-r006-c017,6,17,3.5999999046325684,1.4000005722045898,0.44999998807907104,-31.904988945425117,6.4491296143387444e-06
grid-r006-c018,6,18,3.799999952316284,1.4000005722045898,0.44999998807907104,-32.99939785855882,5.012567271478474e-06
grid-r006-c019,6,19,4.0,1.4000005722045898,0.44999998807907104,-33.93083528031483,4.0449808693665545e-06
grid-r006-c020,6,20,4.199999809265137,1.4000005722045898,0.44999998807907104,-34.85996001564348,3.2659083899488905e-06
grid-r006-c021,6,21,4.400000095367432,1.4000005722045898,0.44999998807907104,-35.87059055951039,2.5878609903884353e-06
grid-r006-c022,6,22,4.599999904632568,1.4000005722045898,0.44999998807907104,-36.1430234501612,2.43051135839778e-06
grid-r006-c023,6,23,4.800000190734863,1.4000005722045898,0.44999998807907104,-36.61732770427669,2.179050170525443e-06
grid-r006-c024,6,24,5.0,1.4000005722045898,0.44999998807907104,-36.7689104370417,2.1043063043180155e-06
grid-r006-c025,6,25,5.199999809265137,1.4000005722045898,0.44999998807907104,-36.528501850836975,2.224076979473466e-06
grid-r006-c026,6,26,5.400000095367432,1.4000005722045898,0.44999998807907104,-36.619162960900525,2.178129534513573e-06
grid-r006-c027,6,27,5.599999904632568,1.4000005722045898,0.44999998807907104,-36.800180813943726,2.0892091470159357e-06
grid-r006-c028,6,28,5.800000190734863,1.4000005722045898,0.44999998807907104,-36.54729978442233,2.214471123807016e-06
grid-r006-c029,6,29,6.0,1.4000005722045898,0.44999998807907104,-36.702842712693126,2.1365631255321205e-06
grid-r006-c030,6,30,6.199999809265137,1.4000005722045898,0.44999998807907104,-36.36565392522354,2.309056753801997e-06
grid-r006-c031,6,31,6.400000095367432,1.4000005722045898,0.44999998807907104,-36.29319411760858,2.3479053652408766e-06
grid-r006-c032,6,32,6.599999904632568,1.4000005722045898,0.44999998807907104,-36.16762589452829,2.416781626379816e-06
grid-r006-c033,6,33,6.800000190734863,1.4000005722045898,0.44999998807907104,-36.77301560497921,2.10231814889994e-06
grid-r006-c034,6,34,7.0,1.4000005722045898,0.44999998807907104,-36.5884111424579,2.193607315348345e-06
grid-r006-c035,6,35,7.199999809265137,1.4000005722045898,0.44999998807907104,-36.450016131654465,2.26463589569903e-06
grid-r006-c036,6,36,7.400000095367432,1.4000005722045898,0.44999998807907104,-36.3955114532039,2.2932365482120076e-06
grid-r006-c037,6,37,7.599999904632568,1.4000005722045898,0.44999998807907104,-36.77863316195541,2.0996005787310423e-06
grid-r006-c038,6,38,7.800000190734863,1.4000005722045898,0.44999998807907104,-36.32137389547331,2.332719986952725e-06
grid-r006-c039,6,39,8.0,1.4000005722045898,0.44999998807907104,-37.42449225182814,1.8094674487656448e-06
grid-r006-c040,6,40,8.199999809265137,1.4000005722045898,0.44999998807907104,-37.187922749548406,1.9107669686491136e-06
grid-r006-c041,6,41,8.399999618530273,1.4000005722045898,0.44999998807907104,-38.22755476296568,1.5039885283840704e-06
grid-r006-c042,6,42,8.600000381469727,1.4000005722045898,0.44999998807907104,-39.165653655146514,1.2118102858948987e-06
grid-r006-c043,6,43,8.800000190734863,1.4000005722045898,0.44999998807907104,-39.74050268748272,1.0615726750984322e-06
grid-r006-c044,6,44,9.0,1.4000005722045898,0.44999998807907104,-38.425616373233346,1.4369391010404797e-06
grid-r006-c045,6,45,9.199999809265137,1.4000005722045898,0.44999998807907104,-38.70670867545351,1.346880708297249e-06
grid-r006-c046,6,46,9.399999618530273,1.4000005722045898,0.44999998807907104,-39.008646165164805,1.2564215694510494e-06
grid-r006-c047,6,47,9.600000381469727,1.4000005722045898,0.44999998807907104,-38.41732423595796,1.439685320292483e-06
grid-r006-c048,6,48,9.800000190734863,1.4000005722045898,0.44999998807907104,-39.14940943180447,1.216351392940851e-06
grid-r006-c049,6,49,10.0,1.4000005722045898,0.44999998807907104,-38.64922548353285,1.3648265166921192e-06
grid-r006-c050,6,50,10.200000762939453,1.4000005722045898,0.44999998807907104,-39.20773029304695,1.200126348521735e-06
grid-r006-c051,6,51,10.399999618530273,1.4000005722045898,0.44999998807907104,-39.359045429849715,1.1590320809773402e-06
grid-r006-c052,6,52,10.600000381469727,1.4000005722045898,0.44999998807907104,-39.85335909358767,1.0343418352931621e-06
grid-r006-c053,6,53,10.800000190734863,1.4000005722045898,0.44999998807907104,-40.89411457333053,8.139327860590129e-07
grid-r006-c054,6,54,11.0,1.4000005722045898,0.44999998807907104,-39.58791621678891,1.0995332786478684e-06
grid-r006-c055,6,55,11.200000762939453,1.4000005722045898,0.44999998807907104,-40.486858520900036,8.939518920669798e-07
grid-r006-c056,6,56,11.399999618530273,1.4000005722045898,0.44999998807907104,-42.18528904327391,6.046041107765632e-07
grid-r006-c057,6,57,11.600000381469727,1.4000005722045898,0.44999998807907104,-41.039373958792325,7.87159251558478e-07
grid-r007-c000,7,0,0.19999980926513672,1.6000003814697266,0.44999998807907104,-36.43232718757024,2.273878635605797e-06
grid-r007-c001,7,1,0.40000009536743164,1.6000003814697266,0.44999998807907104,-36.18389161604242,2.407746933386079e-06
grid-r007-c002,7,2,0.5999999046325684,1.6000003814697266,0.44999998807907104,-36.231843602340135,2.381308377152891e-06
grid-r007-c003,7,3,0.7999997138977051,1.6000003814697266,0.44999998807907104,-36.54327189681007,2.2165258997119963e-06
grid-r007-c004,7,4,1.0,1.6000003814697266,0.44999998807907104,-36.31634446066285,2.335423005206394e-06
grid-r007-c005,7,5,1.1999998092651367,1.6000003814697266,0.44999998807907104,-36.672018820042354,2.151781245629536e-06
grid-r007-c006,7,6,1.4000000953674316,1.6000003814697266,0.44999998807907104,-36.65507138698879,2.1601945263682865e-06
grid-r007-c007,7,7,1.5999999046325684,1.6000003814697266,0.44999998807907104,-36.35678238383448,2.313778395546251e-06
grid-r007-c008,7,8,1.799999713897705,1.6000003814697266,0.44999998807907104,-36.42982262136175,2.275190354339429e-06
grid-r007-c009,7,9,2.0,1.6000003814697266,0.44999998807907104,-36.08929775549049,2.460765472278581e-06
grid-r007-c010,7,10,2.200000047683716,1.6000003814697266,0.44999998807907104,-35.62072429033451,2.7411169867264107e-06
grid-r007-c011,7,11,2.3999998569488525,1.6000003814697266,0.44999998807907104,-34.65638112256155,3.4226452498842264e-06
grid-r007-c012,7,12,2.5999999046325684,1.6000003814697266,0.44999998807907104,-33.99970249050918,3.9813444345782045e-06
grid-r007-c013,7,13,2.799999952316284,1.6000003814697266,0.44999998807907104,-33.310517317555096,4.6660379666718654e-06
grid-r007-c014,7,14,3.0,1.6000003814697266,0.44999998807907104,-33.033164019278225,4.973745944880648e-06
grid-r007-c015,7,15,3.200000047683716,1.6000003814697266,0.44999998807907104,-32.78800381085394,5.262591002974659e-06
grid-r007-c016,7,16,3.3999998569488525,1.6000003814697266,0.44999998807907104,-33.22829483885161,4.755218924401561e-06
grid-r007-c017,7,17,3.5999999046325684,1.6000003814697266,0.44999998807907104,-33.76424903920303,4.203152002446586e-06
grid-r007-c018,7,18,3.799999952316284,1.6000003814697266,0.44999998807907104,-34.41444087996509,3.618727760112961e-06
grid-r007-c019,7,19,4.0,1.6000003814697266,0.44999998807907104,-35.14579608873872,3.0578796668123687e-06
grid-r007-c020,7,20,4.199999809265137,1.6000003814697266,0.44999998807907104,-35.67016208664323,2.710090484470129e-06
grid-r007-c021,7,21,4.400000095367432,1.6000003814697266,0.44999998807907104,-36.178422385906856,2.4107810077111935e-06
grid-r007-c022,7,22,4.599999904632568,1.6000003814697266,0.44999998807907104,-36.55979406413393,2.2081094357417896e-06
grid-r007-c023,7,23,4.800000190734863,1.6000003814697266,0.44999998807907104,-36.840432636370004,2.069935135295964e-06
grid-r007-c024,7,24,5.0,1.6000003814697266,0.44999998807907104,-37.186513166548664,1.9113872440357227e-06
grid-r007-c025,7,25,5.199999809265137,1.6000003814697266,0.44999998807907104,-36.8768048639489,2.0526717889879365e-06
grid-r007-c026,7,26,5.400000095367432,1.6000003814697266,0.44999998807907104,-36.70007515169502,2.1379250938480254e-06
grid-r007-c027,7,27,5.599999904632568,1.6000003814697266,0.44999998807907104,-36.583017091309415,2.196333525716909e-06
grid-r007-c028,7,28,5.800000190734863,1.6000003814697266,0.44999998807907104,-36.71372443704268,2.131216433554073e-06
grid-r007-c029,7,29,6.0,1.6000003814697266,0.44999998807907104,-36.221349646274945,2.387069343967596e-06
grid-r007-c030,7,30,6.199999809265137,1.6000003814697266,0.44999998807907104,-36.70244849320951,2.1367570752772735e-06
grid-r007-c031,7,31,6.400000095367432,1.6000003814697266,0.44999998807907104,-36.52448070581511,2.226137212346657e-06
grid-r007-c032,7,32,6.599999904632568,1.6000003814697266,0.44999998807907104,-36.6197918132572,2.1778141672257334e-06
grid-r007-c033,7,33,6.800000190734863,1.6000003814697266,0.44999998807907104,-36.58175210144843,2.1969733552396065e-06
grid-r007-c034,7,34,7.0,1.6000003814697266,0.44999998807907104,-36.58280353660922,2.1964415282127447e-06
grid-r007-c035,7,35,7.199999809265137,1.6000003814697266,0.44999998807907104,-36.84990150565065,2.065426997432951e-06
grid-r007-c036,7,36,7.400000095367432,1.6000003814697266,0.44999998807907104,-36.814434821596336,2.082363380395691e-06
grid-r007-c037,7,37,7.599999904632568,1.6000003814697266,0.44999998807907104,-36.56313684487489,2.206410499638878e-06
grid-r007-c038,7,38,7.800000190734863,1.6000003814697266,0.44999998807907104,-36.96432079980178,2.0117217900406104e-06
grid-r007-c039,7,39,8.0,1.6000003814697266,0.44999998807907104,-37.09926483840376,1.950174691955908e-06
grid-r007-c040,7,40,8.199999809265137,1.6000003814697266,0.44999998807907104,-37.11429650988425,1.943436473084148e-06
grid-r007-c041,7,41,8.399999618530273,1.6000003814697266,0.44999998807907104,-37.3177993836601,1.8544710655987728e-06
grid-r007-c042,7,42,8.600000381469727,1.6000003814697266,0.44999998807907104,-36.76469897473005,2.1063478925498202e-06
grid-r007-c043,7,43,8.800000190734863,1.6000003814697266,0.44999998807907104,-37.802680996641705,1.6585627236054279e-06
grid-r007-c044,7,44,9.0,1.6000003814697266,0.44999998807907104,-38.297832459969754,1.479846787333372e-06
grid-r007-c045,7,45,9.199999809265137,1.6000003814697266,0.44999998807907104,-39.60785353418419,1.0944971791104763e-06
grid-r007-c046,7,46,9.399999618530273,1.6000003814697266,0.44999998807907104,-38.88335773828339,1.2931956234751851e-06
grid-r007-c047,7,47,9.600000381469727,1.6000003814697266,0.44999998807907104,-39.29328483855258,1.1767156138375867e-06
grid-r007-c048,7,48,9.800000190734863,1.6000003814697266,0.44999998807907104,-38.8617690526375,1.2996400755582727e-06
grid-r007-c049,7,49,10.0,1.6000003814697266,0.44999998807907104,-39.01333800659465,1.2550649444165174e-06
grid-r007-c050,7,50,10.200000762939453,1.6000003814697266,0.44999998807907104,-38.47154512266102,1.4218228443496628e-06
grid-r007-c051,7,51,10.399999618530273,1.6000003814697266,0.44999998807907104,-38.63426909709203,1.36953485707636e-06
grid-r007-c052,7,52,10.600000381469727,1.6000003814697266,0.44999998807907104,-38.37994827320877,1.4521289131153026e-06
grid-r007-c053,7,53,10.800000190734863,1.6000003814697266,0.44999998807907104,-38.64818302473579,1.3651541621584329e-06
grid-r007-c054,7,54,11.0,1.6000003814697266,0.44999998807907104,-38.321154327132746,1.4719212231284473e-06
grid-r007-c055,7,55,11.200000762939453,1.6000003814697266,0.44999998807907104,-39.82603335116931,1.0408704156361637e-06
grid-r007-c056,7,56,11.399999618530273,1.6000003814697266,0.44999998807907104,-39.13863074802794,1.2193739848953555e-06
grid-r007-c057,7,57,11.600000381469727,1.6000003814697266,0.44999998807907104,-40.575302756220644,8.759306524552812e-07
grid-r008-c000,8,0,0.19999980926513672,1.8000001907348633,0.44999998807907104,-37.68925128591416,1.7024519820552086e-06
grid-r008-c001,8,1,0.40000009536743164,1.8000001907348633,0.44999998807907104,-37.54484434839236,1.7600117416805006e-06
grid-r008-c002,8,2,0.5999999046325684,1.8000001907348633,0.44999998807907104,-36.92081035040212,2.0319778286648216e-06
grid-r008-c003,8,3,0.7999997138977051,1.8000001907348633,0.44999998807907104,-36.43768326876605,2.271076027682284e-06
grid-r008-c004,8,4,1.0,1.8000001907348633,0.44999998807907104,-36.400188581778146,2.290768179591396e-06
grid-r008-c005,8,5,1.1999998092651367,1.8000001907348633,0.44999998807907104,-36.35225662083113,2.3161908302427037e-06
grid-r008-c006,8,6,1.4000000953674316,1.8000001907348633,0.44999998807907104,-36.73670781428987,2.11996757570887e-06
grid-r008-c007,8,7,1.5999999046325684,1.8000001907348633,0.44999998807907104,-36.54547993072071,2.215399263150175e-06
grid-r008-c008,8,8,1.799999713897705,1.8000001907348633,0.44999998807907104,-36.67415786168671,2.1507216843019705e-06
grid-r008-c009,8,9,2.0,1.8000001907348633,0.44999998807907104,-36.54227408231229,2.217035216744989e-06
grid-r008-c010,8,10,2.200000047683716,1.8000001907348633,0.44999998807907104,-36.26812503198326,2.3614975361851975e-06
grid-r008-c011,8,11,2.3999998569488525,1.8000001907348633,0.44999998807907104,-35.96367531811615,2.532984126446536e-06
grid-r008-c012,8,12,2.5999999046325684,1.8000001907348633,0.44999998807907104,-35.22548776554231,3.0022802093299106e-06
grid-r008-c013,8,13,2.799999952316284,1.8000001907348633,0.44999998807907104,-34.86403346913245,3.262846576035372e-06
grid-r008-c014,8,14,3.0,1.8000001907348633,0.44999998807907104,-34.36255755827743,3.6622184325096896e-06
grid-r008-c015,8,15,3.200000047683716,1.8000001907348633,0.44999998807907104,-34.66793837541202,3.41354916599812e-06
grid-r008-c016,8,16,3.3999998569488525,1.8000001907348633,0.44999998807907104,-34.7587684168237,3.342898253322346e-06
grid-r008-c017,8,17,3.5999999046325684,1.8000001907348633,0.44999998807907104,-34.98105630854893,3.1761014724907e-06
grid-r008-c018,8,18,3.799999952316284,1.8000001907348633,0.44999998807907104,-35.73902422930673,2.667457920324523e-06
grid-r008-c019,8,19,4.0,1.8000001907348633,0.44999998807907104,-36.503433762497785,2.2369517864717636e-06
grid-r008-c020,8,20,4.199999809265137,1.8000001907348633,0.44999998807907104,-36.75842758129744,2.109391743942979e-06
grid-r008-c021,8,21,4.400000095367432,1.8000001907348633,0.44999998807907104,-36.92524607905202,2.029903498623753e-06
grid-r008-c022,8,22,4.599999904632568,1.8000001907348633,0.44999998807907104,-37.19873148139968,1.9060173599427799e-06
grid-r008-c023,8,23,4.800000190734863,1.8000001907348633,0.44999998807907104,-37.28657113818633,1.8678538253880106e-06
grid-r008-c024,8,24,5.0,1.8000001907348633,0.44999998807907104,-36.87811500521663,2.0520526504697045e-06
grid-r008-c025,8,25,5.199999809265137,1.8000001907348633,0.44999998807907104,-36.98642387302161,2.0015093014080776e-06
grid-r008-c026,8,26,5.400000095367432,1.8000001907348633,0.44999998807907104,-37.25165390679794,1.882931883301353e-06
grid-r008-c027,8,27,5.599999904632568,1.8000001907348633,0.44999998807907104,-37.105963444912675,1.947169039340224e-06
grid-r008-c028,8,28,5.800000190734863,1.8000001907348633,0.44999998807907104,-36.76861575040207,2.104449094986194e-06
grid-r008-c029,8,29,6.0,1.8000001907348633,0.44999998807907104,-36.90116159587557,2.041191919488483e-06
grid-r008-c030,8,30,6.199999809265137,1.8000001907348633,0.44999998807907104,-36.81938029605894,2.079993464576546e-06
grid-r008-c031,8,31,6.400000095367432,1.8000001907348633,0.44999998807907104,-36.815881868250926,2.0816696633119136e-06
grid-r008-c032,8,32,6.599999904632568,1.8000001907348633,0.44999998807907104,-36.660497149889686,2.157497419830179e-06
grid-r008-c033,8,33,6.800000190734863,1.8000001907348633,0.44999998807907104,-36.39779294904514,2.292032149853185e-06
grid-r008-c034,8,34,7.0,1.8000001907348633,0.44999998807907104,-36.92730332842373,2.028942162723979e-06
grid-r008-c035,8,35,7.199999809265137,1.8000001907348633,0.44999998807907104,-36.36878888581042,2.307390559508349e-06
grid-r008-c036,8,36,7.400000095367432,1.8000001907348633,0.44999998807907104,-37.090315212200906,1.9541976143955253e-06
grid-r008-c037,8,37,7.599999904632568,1.8000001907348633,0.44999998807907104,-37.024038493819766,1.984248910957831e-06
grid-r008-c038,8,38,7.800000190734863,1.8000001907348633,0.44999998807907104,-36.69914686601515,2.1383821149356663e-06
grid-r008-c039,8,39,8.0,1.8000001907348633,0.44999998807907104,-37.07829240526894,1.9596150195866358e-06
grid-r008-c040,8,40,8.199999809265137,1.8000001907348633,0.44999998807907104,-37.22441446114147,1.8947789612866472e-06
grid-r008-c041,8,41,8.399999618530273,1.8000001907348633,0.44999998807907104,-37.17959022317305,1.914436552397092e-06
grid-r008-c042,8,42,8.600000381469727,1.8000001907348633,0.44999998807907104,-37.11080773288672,1.9449983028607676e-06
grid-r008-c043,8,43,8.800000190734863,1.8000001907348633,0.44999998807907104,-37.555794875443155,1.7555795466250856e-06
grid-r008-c044,8,44,9.0,1.8000001907348633,0.44999998807907104,-37.26078049253087,1.8789791056406102e-06
grid-r008-c045,8,45,9.199999809265137,1.8000001907348633,0.44999998807907104,-37.318248554937384,1.8542792759035365e-06
grid-r008-c046,8,46,9.399999618530273,1.8000001907348633,0.44999998807907104,-38.263622347804755,1.491549824095273e-06
grid-r008-c047,8,47,9.600000381469727,1.8000001907348633,0.44999998807907104,-38.03861943268933,1.5708620821897057e-06
grid-r008-c048,8,48,9.800000190734863,1.8000001907348633,0.44999998807907104,-38.949394675534705,1.2736805956592434e-06
grid-r008-c049,8,49,10.0,1.8000001907348633,0.44999998807907104,-39.259769000927,1.18583182029397e-06
grid-r008-c050,8,50,10.200000762939453,1.8000001907348633,0.44999998807907104,-38.993807855085336,1.2607216604010318e-06
grid-r008-c051,8,51,10.399999618530273,1.8000001907348633,0.44999998807907104,-39.24250973328484,1.1905538030987373e-06
grid-r008-c052,8,52,10.600000381469727,1.8000001907348633,0.44999998807907104,-38.634102543096624,1.3695873803953873e-06
grid-r008-c053,8,53,10.800000190734863,1.8000001907348633,0.44999998807907104,-38.34132121237645,1.4651020592282293e-06
grid-r008-c054,8,54,11.0,1.8000001907348633,0.44999998807907104,-38.06065832470972,1.5629107110726181e-06
grid-r008-c055,8,55,11.200000762939453,1.8000001907348633,0.44999998807907104,-38.33600462615979,1.4668967196485028e-06
grid-r008-c056,8,56,11.399999618530273,1.8000001907348633,0.44999998807907104,-38.416633252863306,1.4399143992704921e-06
grid-r008-c057,8,57,11.600000381469727,1.8000001907348633,0.44999998807907104,-37.914895787303976,1.6162570091182715e-06
grid-r009-c000,9,0,0.19999980926513672,2.000000476837158,0.44999998807907104,-37.93999531217658,1.6069429875642527e-06
grid-r009-c001,9,1,0.40000009536743164,2.000000476837158,0.44999998807907104,-37.729764138511264,1.686644623077882e-06
grid-r009-c002,9,2,0.5999999046325684,2.000000476837158,0.44999998807907104,-37.97678583950808,1.5933875374685158e-06
grid-r009-c003,9,3,0.7999997138977051,2.000000476837158,0.44999998807907104,-38.07678214088442,1.5571189351248904e-06
grid-r009-c004,9,4,1.0,2.000000476837158,0.44999998807907104,-37.456316546053834,1.7962564697882044e-06
grid-r009-c005,9,5,1.1999998092651367,2.000000476837158,0.44999998807907104,-37.213442929717814,1.8995717709913151e-06
grid-r009-c006,9,6,1.4000000953674316,2.000000476837158,0.44999998807907104,-36.87678946985297,2.0526790649455506e-06
grid-r009-c007,9,7,1.5999999046325684,2.000000476837158,0.44999998807907104,-36.656473604922084,2.159497171305702e-06
grid-r009-c008,9,8,1.799999713897705,2.000000476837158,0.44999998807907104,-37.03654713236573,1.9785420590778813e-06
grid-r009-c009,9,9,2.0,2.000000476837158,0.44999998807907104,-36.95235690343628,2.0172712993371533e-06
grid-r009-c010,9,10,2.200000047683716,2.000000476837158,0.44999998807907104,-36.66389776634532,2.155808715542662e-06
grid-r009-c011,9,11,2.3999998569488525,2.000000476837158,0.44999998807907104,-36.70822810690752,2.133915359081584e-06
grid-r009-c012,9,12,2.5999999046325684,2.000000476837158,0.44999998807907104,-36.59232523462049,2.1916312107350677e-06
grid-r009-c013,9,13,2.799999952316284,2.000000476837158,0.44999998807907104,-36.1372824287682,2.4337264221685473e-06
grid-r009-c014,9,14,3.0,2.000000476837158,0.44999998807907104,-35.89368889640202,2.574133759480901e-06
grid-r009-c015,9,15,3.200000047683716,2.000000476837158,0.44999998807907104,-35.98298158043009,2.5217489110218594e-06
grid-r009-c016,9,16,3.3999998569488525,2.000000476837158,0.44999998807907104,-36.05034514899351,2.4829357698763488e-06
grid-r009-c017,9,17,3.5999999046325684,2.000000476837158,0.44999998807907104,-36.14804880602604,2.4277005650219508e-06
grid-r009-c018,9,18,3.799999952316284,2.000000476837158,0.44999998807907104,-36.592501408932,2.1915423076279694e-06
grid-r009-c019,9,19,4.0,2.000000476837158,0.44999998807907104,-37.15182787174776,1.9267138213763246e-06
grid-r009-c020,9,20,4.199999809265137,2.000000476837158,0.44999998807907104,-37.41398748471465,1.8138495079256245e-06
grid-r009-c021,9,21,4.400000095367432,2.000000476837158,0.44999998807907104,-37.485323121135366,1.784299229257158e-06
grid-r009-c022,9,22,4.599999904632568,2.000000476837158,0.44999998807907104,-37.290855182964975,1.8660122123037581e-06
grid-r009-c023,9,23,4.800000190734863,2.000000476837158,0.44999998807907104,-37.236235972942914,1.8896283791036694e-06
grid-r009-c024,9,24,5.0,2.000000476837158,0.44999998807907104,-37.25015166654023,1.883583308881498e-06
grid-r009-c025,9,25,5.199999809265137,2.000000476837158,0.44999998807907104,-37.62167709308264,1.7291484937231871e-06
grid-r009-c026,9,26,5.400000095367432,2.000000476837158,0.44999998807907104,-36.84618685850785,2.067194373012171e-06
grid-r009-c027,9,27,5.599999904632568,2.000000476837158,0.44999998807907104,-36.72904479041955,2.123711510648718e-06
grid-r009-c028,9,28,5.800000190734863,2.000000476837158,0.44999998807907104,-36.90684140424246,2.0385241441545077e-06
grid-r009-c029,9,29,6.0,2.000000476837158,0.44999998807907104,-36.6258269858138,2.174789869968663e-06
grid-r009-c030,9,30,6.199999809265137,2.000000476837158,0.44999998807907104,-36.24962268469314,2.3715797397017013e-06
grid-r009-c031,9,31,6.400000095367432,2.000000476837158,0.44999998807907104,-36.87575915160909,2.05316609935835e-06
grid-r009-c032,9,32,6.599999904632568,2.000000476837158,0.44999998807907104,-36.67042256975223,2.152572278646403e-06
grid-r009-c033,9,33,6.800000190734863,2.000000476837158,0.44999998807907104,-36.797300947924015,2.0905949895677622e-06
grid-r009-c034,9,34,7.0,2.000000476837158,0.44999998807907104,-36.86368581459189,2.058881818811642e-06
grid-r009-c035,9,35,7.199999809265137,2.000000476837158,0.44999998807907104,-37.04775117871583,1.973444341274444e-06
grid-r009-c036,9,36,7.400000095367432,2.000000476837158,0.44999998807907104,-36.44896060763935,2.265186367367278e-06
grid-r009-c037,9,37,7.599999904632568,2.000000476837158,0.44999998807907104,-37.18767883002041,1.9108742890239228e-06
grid-r009-c038,9,38,7.800000190734863,2.000000476837158,0.44999998807907104,-37.30395884090143,1.860390511865262e-06
grid-r009-c039,9,39,8.0,2.000000476837158,0.44999998807907104,-36.793003365309566,2.092664772135322e-06
grid-r009-c040,9,40,8.199999809265137,2.000000476837158,0.44999998807907104,-37.21624290475145,1.898347477435891e-06
grid-r009-c041,9,41,8.399999618530273,2.000000476837158,0.44999998807907104,-37.295083600950754,1.8641962924448308e-06
grid-r009-c042,9,42,8.600000381469727,2.000000476837158,0.44999998807907104,-37.46868677065062,1.791147383300995e-06
grid-r009-c043,9,43,8.800000190734863,2.000000476837158,0.44999998807907104,-37.79009213625887,1.6633773611829383e-06
grid-r009-c044,9,44,9.0,2.000000476837158,0.44999998807907104,-38.03343423514558,1.5727387108199764e-06
grid-r009-c045,9,45,9.199999809265137,2.000000476837158,0.44999998807907104,-37.981041446152915,1.5918269582471112e-06
grid-r009-c046,9,46,9.399999618530273,2.000000476837158,0.44999998807907104,-37.57017670527251,1.749775492498884e-06
grid-r009-c047,9,47,9.600000381469727,2.000000476837158,0.44999998807907104,-37.954399465288155,1.601622102498368e-06
grid-r009-c048,9,48,9.800000190734863,2.000000476837158,0.44999998807907104,-38.04142177030843,1.569848791405093e-06
grid-r009-c049,9,49,10.0,2.000000476837158,0.44999998807907104,-38.29282574669844,1.4815537952017621e-06
grid-r009-c050,9,50,10.200000762939453,2.000000476837158,0.44999998807907104,-39.491369535738194,1.1242503887842759e-06
grid-r009-c051,9,51,10.399999618530273,2.000000476837158,0.44999998807907104,-39.26324326816356,1.184883558380534e-06
grid-r009-c052,9,52,10.600000381469727,2.000000476837158,0.44999998807907104,-39.78885269566385,1.0498197298147716e-06
grid-r009-c053,9,53,10.800000190734863,2.000000476837158,0.44999998807907104,-39.33717151327568,1.1648844520095736e-06
grid-r009-c054,9,54,11.0,2.000000476837158,0.44999998807907104,-39.40219112914326,1.1475744940980803e-06
grid-r009-c055,9,55,11.200000762939453,2.000000476837158,0.44999998807907104,-40.024441922202605,9.943878467311151e-07
grid-r009-c056,9,56,11.399999618530273,2.000000476837158,0.44999998807907104,-38.6367176731845,1.3687629234482301e-06
grid-r009-c057,9,57,11.600000381469727,2.000000476837158,0.44999998807907104,-38.574434185462074,1.3885342013963964e-06
grid-r010-c000,10,0,0.19999980926513672,2.200000286102295,0.44999998807907104,-37.62236043658996,1.7288764411205193e-06
grid-r010-c001,10,1,0.40000009536743164,2.200000286102295,0.44999998807907104,-38.01145587833284,1.5807180488991435e-06
grid-r010-c002,10,2,0.5999999046325684,2.200000286102295,0.44999998807907104,-37.74715737207073,1.6799032209746656e-06
grid-r010-c003,10,3,0.7999997138977051,2.200000286102295,0.44999998807907104,-38.103563554790924,1.547546276015055e-06
grid-r010-c004,10,4,1.0,2.200000286102295,0.44999998807907104,-38.25429787829529,1.4947556792321848e-06
grid-r010-c005,10,5,1.1999998092651367,2.200000286102295,0.44999998807907104,-38.08756714168341,1.5532568795606494e-06
grid-r010-c006,10,6,1.4000000953674316,2.200000286102295,0.44999998807907104,-38.29389429465159,1.4811893152000266e-06
grid-r010-c007,10,7,1.5999999046325684,2.200000286102295,0.44999998807907104,-37.981466398719874,1.5916712072794326e-06
grid-r010-c008,10,8,1.799999713897705,2.200000286102295,0.44999998807907104,-37.367490732353914,1.8333734033149085e-06
grid-r010-c009,10,9,2.0,2.200000286102295,0.44999998807907104,-37.317537676943644,1.8545828197602532e-06
grid-r010-c010,10,10,2.200000047683716,2.200000286102295,0.44999998807907104,-37.06354582633283,1.9662802515085787e-06
grid-r010-c011,10,11,2.3999998569488525,2.200000286102295,0.44999998807907104,-37.22102255342077,1.8962593912874581e-06
grid-r010-c012,10,12,2.5999999046325684,2.200000286102295,0.44999998807907104,-36.922880085041676,2.0310096715547843e-06
grid-r010-c013,10,13,2.799999952316284,2.200000286102295,0.44999998807907104,-36.78456410561236,2.0967352156731067e-06
grid-r010-c014,10,14,3.0,2.200000286102295,0.44999998807907104,-36.86885722735056,2.0564316400850657e-06
grid-r010-c015,10,15,3.200000047683716,2.200000286102295,0.44999998807907104,-37.013622634371075,1.989013526326744e-06
grid-r010-c016,10,16,3.3999998569488525,2.200000286102295,0.44999998807907104,-36.790841782732386,2.093706598316203e-06
grid-r010-c017,10,17,3.5999999046325684,2.200000286102295,0.44999998807907104,-37.22945120561376,1.892582758955541e-06
grid-r010-c018,10,18,3.799999952316284,2.200000286102295,0.44999998807907104,-37.34024145468269,1.844912844717328e-06
grid-r010-c019,10,19,4.0,2.200000286102295,0.44999998807907104,-37.19092480485203,1.9094466097158147e-06
grid-r010-c020,10,20,4.199999809265137,2.200000286102295,0.44999998807907104,-37.696179453873036,1.6997382772387937e-06
grid-r010-c021,10,21,4.400000095367432,2.200000286102295,0.44999998807907104,-37.47182759703648,1.7898524902193458e-06
grid-r010-c022,10,22,4.599999904632568,2.200000286102295,0.44999998807907104,-37.40962190686822,1.8156737269237055e-06
grid-r010-c023,10,23,4.800000190734863,2.200000286102295,0.44999998807907104,-37.73554711165913,1.6844002175275818e-06
grid-r010-c024,10,24,5.0,2.200000286102295,0.44999998807907104,-37.56376684757696,1.7523599353808095e-06
grid-r010-c025,10,25,5.199999809265137,2.200000286102295,0.44999998807907104,-37.04355302195368,1.9753529159061145e-06
grid-r010-c026,10,26,5.400000095367432,2.200000286102295,0.44999998807907104,-37.25955485257184,1.8795094547385816e-06
grid-r010-c027,10,27,5.599999904632568,2.200000286102295,0.44999998807907104,-37.05295574216164,1.9710807919182116e-06
grid-r010-c028,10,28,5.800000190734863,2.200000286102295,0.44999998807907104,-36.648076664451786,2.163676526834024e-06
grid-r010-c029,10,29,6.0,2.200000286102295,0.44999998807907104,-37.26473484915982,1.8772690282276017e-06
grid-r010-c030,10,30,6.199999809265137,2.200000286102295,0.44999998807907104,-37.05473007343781,1.970275661733467e-06
grid-r010-c031,10,31,6.400000095367432,2.200000286102295,0.44999998807907104,-36.883144170074985,2.0496777324297e-06
grid-r010-c032,10,32,6.599999904632568,2.200000286102295,0.44999998807907104,-36.445929310191794,2.266767978653661e-06
grid-r010-c033,10,33,6.800000190734863,2.200000286102295,0.44999998807907104,-37.34307299478557,1.8437103790347464e-06
grid-r010-c034,10,34,7.0,2.200000286102295,0.44999998807907104,-36.892128332269245,2.045441988229868e-06
grid-r010-c035,10,35,7.199999809265137,2.200000286102295,0.44999998807907104,-37.034334729203344,1.9795502339547966e-06
grid-r010-c036,10,36,7.400000095367432,2.200000286102295,0.44999998807907104,-36.7556248502754,2.1107534848852083e-06
grid-r010-c037,10,37,7.599999904632568,2.200000286102295,0.44999998807907104,-37.15322521466312,1.9260940007370664e-06
grid-r010-c038,10,38,7.800000190734863,2.200000286102295,0.44999998807907104,-36.92816729388532,2.0285385744500672e-06
grid-r010-c039,10,39,8.0,2.200000286102295,0.44999998807907104,-37.802110662217984,1.6587805475865025e-06
grid-r010-c040,10,40,8.199999809265137,2.200000286102295,0.44999998807907104,-37.84376946429941,1.6429451079602586e-06
grid-r010-c041,10,41,8.399999618530273,2.200000286102295,0.44999998807907104,-37.47924388122919,1.7867986343844677e-06
grid-r010-c042,10,42,8.600000381469727,2.200000286102295,0.44999998807907104,-37.840215482598516,1.644290136937343e-06
grid-r010-c043,10,43,8.800000190734863,2.200000286102295,0.44999998807907104,-37.44736394298198,1.79996311544528e-06
grid-r010-c044,10,44,9.0,2.200000286102295,0.44999998807907104,-37.379533744568,1.8282964902027743e-06
grid-r010-c045,10,45,9.199999809265137,2.200000286102295,0.44999998807907104,-37.64360964592412,1.7204380355906324e-06
grid-r010-c046,10,46,9.399999618530273,2.200000286102295,0.44999998807907104,-38.37032752648624,1.4553493201674428e-06
grid-r010-c047,10,47,9.600000381469727,2.200000286102295,0.44999998807907104,-37.490579664021084,1.7821408846430131e-06
grid-r010-c048,10,48,9.800000190734863,2.200000286102295,0.44999998807907104,-37.572827662944135,1.7487077457190026e-06
grid-r010-c049,10,49,10.0,2.200000286102295,0.44999998807907104,-39.321059976167234,1.1692139878505259e-06
grid-r010-c050,10,50,10.200000762939453,2.200000286102295,0.44999998807907104,-37.55375525408317,1.7564042309459182e-06
grid-r010-c051,10,51,10.399999618530273,2.200000286102295,0.44999998807907104,-39.04413882399149,1.2461953247111524e-06
grid-r010-c052,10,52,10.600000381469727,2.200000286102295,0.44999998807907104,-37.38971205110009,1.8240166355099063e-06
grid-r010-c053,10,53,10.800000190734863,2.200000286102295,0.44999998807907104,-39.68266480769404,1.075804902939126e-06
grid-r010-c054,10,54,11.0,2.200000286102295,0.44999998807907104,-39.50536377362155,1.1206335557290004e-06
grid-r010-c055,10,55,11.200000762939453,2.200000286102295,0.44999998807907104,-40.12291546983122,9.720944262880948e-07
grid-r010-c056,10,56,11.399999618530273,2.200000286102295,0.44999998807907104,-39.69491433726189,1.0727748076533317e-06
grid-r010-c057,10,57,11.600000381469727,2.200000286102295,0.44999998807907104,-39.58990502620878,1.0990298733304371e-06
grid-r011-c000,11,0,0.19999980926513672,2.40000057220459,0.44999998807907104,-37.90910955841593,1.618411829440447e-06
grid-r011-c001,11,1,0.40000009536743164,2.40000057220459,0.44999998807907104,-37.799934197195086,1.6596120531175984e-06
grid-r011-c002,11,2,0.5999999046325684,2.40000057220459,0.44999998807907104,-37.997804280629246,1.5856946902204072e-06
grid-r011-c003,11,3,0.7999997138977051,2.40000057220459,0.44999998807907104,-38.12062377027733,1.5414790368595277e-06
grid-r011-c004,11,4,1.0,2.40000057220459,0.44999998807907104,-38.09614032026222,1.5501937014050782e-06
grid-r011-c005,11,5,1.1999998092651367,2.40000057220459,0.44999998807907104,-38.454206591714765,1.4275105968408752e-06
grid-r011-c006,11,6,1.4000000953674316,2.40000057220459,0.44999998807907104,-38.17523507839536,1.5222167348838411e-06
grid-r011-c007,11,7,1.5999999046325684,2.40000057220459,0.44999998807907104,-38.55095372389802,1.3960617479824577e-06
grid-r011-c008,11,8,1.799999713897705,2.40000057220459,0.44999998807907104,-38.855636450142626,1.3014765727348276e-06
grid-r011-c009,11,9,2.0,2.40000057220459,0.44999998807907104,-38.34562444210866,1.4636510741183884e-06
grid-r011-c010,11,10,2.200000047683716,2.40000057220459,0.44999998807907104,-38.139704252671045,1.5347214912253548e-06
grid-r011-c011,11,11,2.3999998569488525,2.40000057220459,0.44999998807907104,-37.46846018955981,1.7912408338816022e-06
grid-r011-c012,11,12,2.5999999046325684,2.40000057220459,0.44999998807907104,-37.37882869525932,1.8285933265360654e-06
grid-r011-c013,11,13,2.799999952316284,2.40000057220459,0.44999998807907104,-37.43256009678696,1.8061091395793483e-06
grid-r011-c014,11,14,3.0,2.40000057220459,0.44999998807907104,-37.062012871953804,1.966974423339707e-06
grid-r011-c015,11,15,3.200000047683716,2.40000057220459,0.44999998807907104,-37.390217992596675,1.8238041548102046e-06
grid-r011-c016,11,16,3.3999998569488525,2.40000057220459,0.44999998807907104,-37.163217056251,1.921667717397213e-06
grid-r011-c017,11,17,3.5999999046325684,2.40000057220459,0.44999998807907104,-38.04729578553854,1.5677269402658567e-06
grid-r011-c018,11,18,3.799999952316284,2.40000057220459,0.44999998807907104,-37.09892154654321,1.9503288513078587e-06
grid-r011-c019,11,19,4.0,2.40000057220459,0.44999998807907104,-38.100194797796185,1.5487471500819083e-06
grid-r011-c020,11,20,4.199999809265137,2.40000057220459,0.44999998807907104,-37.801566890116106,1.65898825343902e-06
grid-r011-c021,11,21,4.400000095367432,2.40000057220459,0.44999998807907104,-37.406731440164435,1.8168825590691995e-06
grid-r011-c022,11,22,4.599999904632568,2.40000057220459,0.44999998807907104,-37.93653335334071,1.6082244655990507e-06
grid-r011-c023,11,23,4.800000190734863,2.40000057220459,0.44999998807907104,-37.530776149134645,1.7657222315392573e-06
grid-r011-c024,11,24,5.0,2.40000057220459,0.44999998807907104,-37.30957713959946,1.8579853531264234e-06
grid-r011-c025,11,25,5.199999809265137,2.40000057220459,0.44999998807907104,-37.43641440695403,1.8045069509753375e-06
grid-r011-c026,11,26,5.400000095367432,2.40000057220459,0.44999998807907104,-36.85401794566792,2.0634702195820864e-06
grid-r011-c027,11,27,5.599999904632568,2.40000057220459,0.44999998807907104,-37.534164258099814,1.7643452565607731e-06
grid-r011-c028,11,28,5.800000190734863,2.40000057220459,0.44999998807907104,-37.30143196787898,1.8614732653077226e-06
grid-r011-c029,11,29,6.0,2.40000057220459,0.44999998807907104,-36.61203161226358,2.181709078286076e-06
grid-r011-c030,11,30,6.199999809265137,2.40000057220459,0.44999998807907104,-37.09111266114135,1.953838818735676e-06
grid-r011-c031,11,31,6.400000095367432,2.40000057220459,0.44999998807907104,-37.14013878010472,1.931906581376097e-06
grid-r011-c032,11,32,6.599999904632568,2.40000057220459,0.44999998807907104,-37.308102814639184,1.8586162013889407e-06
grid-r011-c033,11,33,6.800000190734863,2.40000057220459,0.44999998807907104,-36.83491185882051,2.0725681224575965e-06
grid-r011-c034,11,34,7.0,2.40000057220459,0.44999998807907104,-36.939538968416684,2.0232339466019766e-06
grid-r011-c035,11,35,7.199999809265137,2.40000057220459,0.44999998807907104,-37.10449757431466,1.9478263766359305e-06
grid-r011-c036,11,36,7.400000095367432,2.40000057220459,0.44999998807907104,-37.39447792567656,1.822016088226519e-06
grid-r011-c037,11,37,7.599999904632568,2.40000057220459,0.44999998807907104,-36.88016208008415,2.0510856302280445e-06
grid-r011-c038,11,38,7.800000190734863,2.40000057220459,0.44999998807907104,-37.56881290547203,1.7503250546724303e-06
grid-r011-c039,11,39,8.0,2.40000057220459,0.44999998807907104,-37.43224491286491,1.8062402205032413e-06
grid-r011-c040,11,40,8.199999809265137,2.40000057220459,0.44999998807907104,-37.41941534081338,1.8115839566235081e-06
grid-r011-c041,11,41,8.399999618530273,2.40000057220459,0.44999998807907104,-37.635930759379654,1.723482682791655e-06
grid-r011-c042,11,42,8.600000381469727,2.40000057220459,0.44999998807907104,-37.27183501177679,1.8742024394668988e-06
grid-r011-c043,11,43,8.800000190734863,2.40000057220459,0.44999998807907104,-37.42836070754186,1.8078563925882918e-06
grid-r011-c044,11,44,9.0,2.40000057220459,0.44999998807907104,-38.433775655369615,1.4342419945023721e-06
grid-r011-c045,11,45,9.199999809265137,2.40000057220459,0.44999998807907104,-38.09564157894244,1.5503717349929502e-06
grid-r011-c046,11,46,9.399999618530273,2.40000057220459,0.44999998807907104,-37.648457764007276,1.7185185470225406e-06
grid-r011-c047,11,47,9.600000381469727,2.40000057220459,0.44999998807907104,-38.22330293835827,1.505461682427267e-06
grid-r011-c048,11,48,9.800000190734863,2.40000057220459,0.44999998807907104,-38.39869114766715,1.4458754549195874e-06
grid-r011-c049,11,49,10.0,2.40000057220459,0.44999998807907104,-37.69683017213784,1.6994836187222973e-06
grid-r011-c050,11,50,10.200000762939453,2.40000057220459,0.44999998807907104,-38.48846297815,1.416294935552287e-06
grid-r011-c051,11,51,10.399999618530273,2.40000057220459,0.44999998807907104,-37.74618464815969,1.6802795244075241e-06
grid-r011-c052,11,52,10.600000381469727,2.40000057220459,0.44999998807907104,-38.0650836034465,1.5613189816576778e-06
grid-r011-c053,11,53,10.800000190734863,2.40000057220459,0.44999998807907104,-38.42363286624243,1.4375955288414843e-06
grid-r011-c054,11,54,11.0,2.40000057220459,0.44999998807907104,-37.93707924553458,1.6080223304015817e-06
grid-r011-c055,11,55,11.200000762939453,2.40000057220459,0.44999998807907104,-38.66272224726373,1.3605915683001513e-06
grid-r011-c056,11,56,11.399999618530273,2.40000057220459,0.44999998807907104,-39.51412970539295,1.1183739161424455e-06
grid-r011-c057,11,57,11.600000381469727,2.40000057220459,0.44999998807907104,-38.72902373748716,1.3399778708844678e-06
grid-r012-c000,12,0,0.19999980926513672,2.6000003814697266,0.44999998807907104,-37.981590790513444,1.5916256188575062e-06
grid-r012-c001,12,1,0.40000009536743164,2.6000003814697266,0.44999998807907104,-38.03464838641843,1.572299083818507e-06
grid-r012-c002,12,2,0.5999999046325684,2.6000003814697266,0.44999998807907104,-37.76857302635741,1.6716397794880322e-06
grid-r012-c003,12,3,0.7999997138977051,2.6000003814697266,0.44999998807907104,-38.03625396090289,1.571717916704074e-06
grid-r012-c004,12,4,1.0,2.6000003814697266,0.44999998807907104,-38.26537844298009,1.4909468291079975e-06
grid-r012-c005,12,5,1.1999998092651367,2.6000003814697266,0.44999998807907104,-38.12354813229943,1.5404414170916425e-06
grid-r012-c006,12,6,1.4000000953674316,2.6000003814697266,0.44999998807907104,-38.47390988113085,1.421048864358454e-06
grid-r012-c007,12,7,1.5999999046325684,2.6000003814697266,0.44999998807907104,-38.32025612187671,1.4722256764798658e-06
grid-r012-c008,12,8,1.799999713897705,2.6000003814697266,0.44999998807907104,-38.664960360953884,1.3598905752587598e-06
grid-r012-c009,12,9,2.0,2.6000003814697266,0.44999998807907104,-38.8048874203739,1.3167740462449729e-06
grid-r012-c010,12,10,2.200000047683716,2.6000003814697266,0.44999998807907104,-38.59004267028332,1.3835527852279483e-06
grid-r012-c011,12,11,2.3999998569488525,2.6000003814697266,0.44999998807907104,-38.78459266317737,1.322941784565046e-06
grid-r012-c012,12,12,2.5999999046325684,2.6000003814697266,0.44999998807907104,-38.4421099858553,1.4314922509583994e-06
grid-r012-c013,12,13,2.799999952316284,2.6000003814697266,0.44999998807907104,-38.19670965751439,1.5147084013733547e-06
grid-r012-c014,12,14,3.0,2.6000003814697266,0.44999998807907104,-37.44986246659494,1.798927883100987e-06
grid-r012-c015,12,15,3.200000047683716,2.6000003814697266,0.44999998807907104,-37.435587355113675,1.80485062628577e-06
grid-r012-c016,12,16,3.3999998569488525,2.6000003814697266,0.44999998807907104,-37.92917909834324,1.6109501075334265e-06
grid-r012-c017,12,17,3.5999999046325684,2.6000003814697266,0.44999998807907104,-37.56629266763046,1.7513410739411484e-06
grid-r012-c018,12,18,3.799999952316284,2.6000003814697266,0.44999998807907104,-37.66565583159091,1.7117266679633758e-06
grid-r012-c019,12,19,4.0,2.6000003814697266,0.44999998807907104,-37.734436612361904,1.684830976955709e-06
grid-r012-c020,12,20,4.199999809265137,2.6000003814697266,0.44999998807907104,-38.277341016899406,1.486845690124028e-06
grid-r012-c021,12,21,4.400000095367432,2.6000003814697266,0.44999998807907104,-37.91901837539379,1.6147234873642446e-06
grid-r012-c022,12,22,4.599999904632568,2.6000003814697266,0.44999998807907104,-37.496513616585815,1.7797075315684197e-06
grid-r012-c023,12,23,4.800000190734863,2.6000003814697266,0.44999998807907104,-37.4211187999763,1.8108735275745858e-06
grid-r012-c024,12,24,5.0,2.6000003814697266,0.44999998807907104,-37.26672311421539,1.8764097831081017e-06
grid-r012-c025,12,25,5.199999809265137,2.6000003814697266,0.44999998807907104,-37.636456473845826,1.7232740674444358e-06
grid-r012-c026,12,26,5.400000095367432,2.6000003814697266,0.44999998807907104,-37.78460756256508,1.6654793171255733e-06
grid-r012-c027,12,27,5.599999904632568,2.6000003814697266,0.44999998807907104,-36.69506568727475,2.1403925529739354e-06
grid-r012-c028,12,28,5.800000190734863,2.6000003814697266,0.44999998807907104,-37.67059303218903,1.7097818272304721e-06
grid-r012-c029,12,29,6.0,2.6000003814697266,0.44999998807907104,-37.220015805858196,1.8966990182889276e-06
grid-r012-c030,12,30,6.199999809265137,2.6000003814697266,0.44999998807907104,-36.94358545437498,2.0213497009535786e-06
grid-r012-c031,12,31,6.400000095367432,2.6000003814697266,0.44999998807907104,-37.126143388653986,1.938142304425128e-06
grid-r012-c032,12,32,6.599999904632568,2.6000003814697266,0.44999998807907104,-37.00790317840826,1.9916346900572535e-06
grid-r012-c033,12,33,6.800000190734863,2.6000003814697266,0.44999998807907104,-37.095614575294185,1.951814510903205e-06
grid-r012-c034,12,34,7.0,2.6000003814697266,0.44999998807907104,-37.04655843750788,1.9739864001167007e-06
grid-r012-c035,12,35,7.199999809265137,2.6000003814697266,0.44999998807907104,-37.19977528094229,1.9055593156735995e-06
grid-r012-c036,12,36,7.400000095367432,2.6000003814697266,0.44999998807907104,-37.087537918059475,1.955447714863112e-06
grid-r012-c037,12,37,7.599999904632568,2.6000003814697266,0.44999998807907104,-37.889324263297375,1.6258017012660275e-06
grid-r012-c038,12,38,7.800000190734863,2.6000003814697266,0.44999998807907104,-37.12861105816367,1.9370413610886317e-06
grid-r012-c039,12,39,8.0,2.6000003814697266,0.44999998807907104,-38.06977044424648,1.5596349385305075e-06
grid-r012-c040,12,40,8.199999809265137,2.6000003814697266,0.44999998807907104,-37.04267129465025,1.9757540030695964e-06
grid-r012-c041,12,41,8.399999618530273,2.6000003814697266,0.44999998807907104,-37.364576758519725,1.8346039496464073e-06
grid-r012-c042,12,42,8.600000381469727,2.6000003814697266,0.44999998807907104,-37.70887209617919,1.6947778931353241e-06
grid-r012-c043,12,43,8.800000190734863,2.6000003814697266,0.44999998807907104,-38.62519508763267,1.3723993106395938e-06
grid-r012-c044,12,44,9.0,2.6000003814697266,0.44999998807907104,-37.996573614620665,1.5861440942899208e-06
grid-r012-c045,12,45,9.199999809265137,2.6000003814697266,0.44999998807907104,-37.767889616900696,1.67190285083052e-06
grid-r012-c046,12,46,9.399999618530273,2.6000003814697266,0.44999998807907104,-38.51362524734456,1.4081128938414622e-06
grid-r012-c047,12,47,9.600000381469727,2.6000003814697266,0.44999998807907104,-37.486804332287,1.783690777301672e-06
grid-r012-c048,12,48,9.800000190734863,2.6000003814697266,0.44999998807907104,-38.12836559010208,1.5387336134153884e-06
grid-r012-c049,12,49,10.0,2.6000003814697266,0.44999998807907104,-38.28811773575747,1.4831607586529572e-06
grid-r012-c050,12,50,10.200000762939453,2.6000003814697266,0.44999998807907104,-38.26413811055584,1.4913727000021026e-06
grid-r012-c051,12,51,10.399999618530273,2.6000003814697266,0.44999998807907104,-38.6751618967393,1.3566999541581026e-06
grid-r012-c052,12,52,10.600000381469727,2.6000003814697266,0.44999998807907104,-38.525910323031916,1.404135332450096e-06
grid-r012-c053,12,53,10.800000190734863,2.6000003814697266,0.44999998807907104,-38.21695362761125,1.5076642512212857e-06
grid-r012-c054,12,54,11.0,2.6000003814697266,0.44999998807907104,-39.142780619244284,1.2182093769297353e-06
grid-r012-c055,12,55,11.200000762939453,2.6000003814697266,0.44999998807907104,-37.29773319145045,1.8630593103807769e-06
grid-r012-c056,12,56,11.399999618530273,2.6000003814697266,0.44999998807907104,-38.98025163500313,1.2646630693780025e-06
grid-r012-c057,12,57,11.600000381469727,2.6000003814697266,0.44999998807907104,-38.32288585849953,1.471334485358966e-06
grid-r013-c000,13,0,0.19999980926513672,2.8000001907348633,0.44999998807907104,-37.67662705239877,1.707407932372007e-06
grid-r013-c001,13,1,0.40000009536743164,2.8000001907348633,0.44999998807907104,-37.965203037306836,1.5976428358044359e-06
grid-r013-c002,13,2,0.5999999046325684,2.8000001907348633,0.44999998807907104,-38.12762123216566,1.5389973668789025e-06
grid-r013-c003,13,3,0.7999997138977051,2.8000001907348633,0.44999998807907104,-37.93837455566355,1.607542799320072e-06
grid-r013-c004,13,4,1.0,2.8000001907348633,0.44999998807907104,-38.120934792668336,1.5413686469401e-06
grid-r013-c005,13,5,1.1999998092651367,2.8000001907348633,0.44999998807907104,-38.297999950337214,1.4797897165408358e-06
grid-r013-c006,13,6,1.4000000953674316,2.8000001907348633,0.44999998807907104,-38.25783134101475,1.4935400258764275e-06
grid-r013-c007,13,7,1.5999999046325684,2.8000001907348633,0.44999998807907104,-38.45157495891547,1.4283758673627744e-06
grid-r013-c008,13,8,1.799999713897705,2.8000001907348633,0.44999998807907104,-38.3708734233372,1.4551663980455487e-06
grid-r013-c009,13,9,2.0,2.8000001907348633,0.44999998807907104,-38.77656114169983,1.3253905990495696e-06
grid-r013-c010,13,10,2.200000047683716,2.8000001907348633,0.44999998807907104,-38.83470878568254,1.3077632274871576e-06
grid-r013-c011,13,11,2.3999998569488525,2.8000001907348633,0.44999998807907104,-38.71528000332037,1.3442250974549097e-06
grid-r013-c012,13,12,2.5999999046325684,2.8000001907348633,0.44999998807907104,-38.93605886985431,1.2775976756529417e-06
grid-r013-c013,13,13,2.799999952316284,2.8000001907348633,0.44999998807907104,-38.68876774187794,1.3524562518796301e-06
grid-r013-c014,13,14,3.0,2.8000001907348633,0.44999998807907104,-39.069483101775006,1.2389440371407545e-06
grid-r013-c015,13,15,3.200000047683716,2.8000001907348633,0.44999998807907104,-38.58725612523841,1.3844407931173919e-06
grid-r013-c016,13,16,3.3999998569488525,2.8000001907348633,0.44999998807907104,-37.548261984134,1.7586272633707267e-06
grid-r013-c017,13,17,3.5999999046325684,2.8000001907348633,0.44999998807907104,-38.09898831943769,1.5491774547626846e-06
grid-r013-c018,13,18,3.799999952316284,2.8000001907348633,0.44999998807907104,-37.25415827113671,1.881846401374787e-06
grid-r013-c019,13,19,4.0,2.8000001907348633,0.44999998807907104,-37.69140488701807,1.7016079709719634e-06
grid-r013-c020,13,20,4.199999809265137,2.8000001907348633,0.44999998807907104,-38.01403508484774,1.5797795640537515e-06
grid-r013-c021,13,21,4.400000095367432,2.8000001907348633,0.44999998807907104,-37.98349030178148,1.5909296280369745e-06
grid-r013-c022,13,22,4.599999904632568,2.8000001907348633,0.44999998807907104,-37.504500536421716,1.7764375570550328e-06
grid-r013-c023,13,23,4.800000190734863,2.8000001907348633,0.44999998807907104,-37.73970910033489,1.6827867739266367e-06
grid-r013-c024,13,24,5.0,2.8000001907348633,0.44999998807907104,-37.795523907666734,1.6612982562946854e-06
grid-r013-c025,13,25,5.199999809265137,2.8000001907348633,0.44999998807907104,-37.12199757974864,1.939993353516911e-06
grid-r013-c026,13,26,5.400000095367432,2.8000001907348633,0.44999998807907104,-37.44334698492554,1.8016287413047394e-06
grid-r013-c027,13,27,5.599999904632568,2.8000001907348633,0.44999998807907104,-37.58192354896149,1.7450490759074455e-06
grid-r013-c028,13,28,5.800000190734863,2.8000001907348633,0.44999998807907104,-36.88068302764543,2.050839611911215e-06
grid-r013-c029,13,29,6.0,2.8000001907348633,0.44999998807907104,-37.319792918967565,1.8536200059315888e-06
grid-r013-c030,13,30,6.199999809265137,2.8000001907348633,0.44999998807907104,-37.41603384609806,1.8129950376533088e-06
grid-r013-c031,13,31,6.400000095367432,2.8000001907348633,0.44999998807907104,-37.32234142803566,1.8525325913287816e-06
grid-r013-c032,13,32,6.599999904632568,2.8000001907348633,0.44999998807907104,-37.1063919924207,1.9469769085844746e-06
grid-r013-c033,13,33,6.800000190734863,2.8000001907348633,0.44999998807907104,-37.66033212962621,1.7138262364824186e-06
grid-r013-c034,13,34,7.0,2.8000001907348633,0.44999998807907104,-37.508501319497086,1.7748018308338942e-06
grid-r013-c035,13,35,7.199999809265137,2.8000001907348633,0.44999998807907104,-36.931359859164736,2.0270479126338614e-06
grid-r013-c036,13,36,7.400000095367432,2.8000001907348633,0.44999998807907104,-37.737732010304896,1.6835530232128804e-06
grid-r013-c037,13,37,7.599999904632568,2.8000001907348633,0.44999998807907104,-37.82554194400517,1.6498551076438162e-06
grid-r013-c038,13,38,7.800000190734863,2.8000001907348633,0.44999998807907104,-37.3400249554608,1.8450048173690448e-06
grid-r013-c039,13,39,8.0,2.8000001907348633,0.44999998807907104,-37.84040796175176,1.6442172636743635e-06
grid-r013-c040,13,40,8.199999809265137,2.8000001907348633,0.44999998807907104,-38.1094005606614,1.5454677395609906e-06
grid-r013-c041,13,41,8.399999618530273,2.8000001907348633,0.44999998807907104,-37.17411173021155,1.9168530798197025e-06
grid-r013-c042,13,42,8.600000381469727,2.8000001907348633,0.44999998807907104,-38.5639206723723,1.3918996728534694e-06
grid-r013-c043,13,43,8.800000190734863,2.8000001907348633,0.44999998807907104,-37.39161593190586,1.823217189667048e-06
grid-r013-c044,13,44,9.0,2.8000001907348633,0.44999998807907104,-37.841420945046245,1.6438337979707285e-06
grid-r013-c045,13,45,9.199999809265137,2.8000001907348633,0.44999998807907104,-37.76116374466953,1.6744941149227088e-06
grid-r013-c046,13,46,9.399999618530273,2.8000001907348633,0.44999998807907104,-38.370733295349524,1.4552133507095277e-06
grid-r013-c047,13,47,9.600000381469727,2.8000001907348633,0.44999998807907104,-38.50943155738702,1.409473270541639e-06
grid-r013-c048,13,48,9.800000190734863,2.8000001907348633,0.44999998807907104,-38.3698159589068,1.455520759918727e-06
grid-r013-c049,13,49,10.0,2.8000001907348633,0.44999998807907104,-37.511133535100896,1.7737264670358854e-06
grid-r013-c050,13,50,10.200000762939453,2.8000001907348633,0.44999998807907104,-38.43795270934819,1.4328632005344843e-06
grid-r013-c051,13,51,10.399999618530273,2.8000001907348633,0.44999998807907104,-38.18488264007276,1.5188389852482942e-06
grid-r013-c052,13,52,10.600000381469727,2.8000001907348633,0.44999998807907104,-39.19132740117627,1.2046676829413627e-06
grid-r013-c053,13,53,10.800000190734863,2.8000001907348633,0.44999998807907104,-38.58096328157331,1.3864482752978802e-06
grid-r013-c054,13,54,11.0,2.8000001907348633,0.44999998807907104,-38.15464570035005,1.5294505146812298e-06
grid-r013-c055,13,55,11.200000762939453,2.8000001907348633,0.44999998807907104,-38.70955351236751,1.3459987258102046e-06
grid-r013-c056,13,56,11.399999618530273,2.8000001907348633,0.44999998807907104,-39.19341979061297,1.2040874253216316e-06
grid-r013-c057,13,57,11.600000381469727,2.8000001907348633,0.44999998807907104,-38.30394403319786,1.4777657497688779e-06
grid-r014-c000,14,0,0.19999980926513672,3.000000476837158,0.44999998807907104,-38.07184479816068,1.5588901760565932e-06
grid-r014-c001,14,1,0.40000009536743164,3.000000476837158,0.44999998807907104,-38.07537990996943,1.5576217720081331e-06
grid-r014-c002,14,2,0.5999999046325684,3.000000476837158,0.44999998807907104,-37.90903481588483,1.6184396827156888e-06
grid-r014-c003,14,3,0.7999997138977051,3.000000476837158,0.44999998807907104,-38.12556624747084,1.539725758448185e-06
grid-r014-c004,14,4,1.0,3.000000476837158,0.44999998807907104,-37.91116502443454,1.6176460349015542e-06
grid-r014-c005,14,5,1.1999998092651367,3.000000476837158,0.44999998807907104,-38.24804462249112,1.4969094763728208e-06
grid-r014-c006,14,6,1.4000000953674316,3.000000476837158,0.44999998807907104,-38.36265965547654,1.4579211438103812e-06
grid-r014-c007,14,7,1.5999999046325684,3.000000476837158,0.44999998807907104,-38.33267001119302,1.4680234698971617e-06
grid-r014-c008,14,8,1.799999713897705,3.000000476837158,0.44999998807907104,-38.57129056968353,1.3895396477892064e-06
grid-r014-c009,14,9,2.0,3.000000476837158,0.44999998807907104,-38.39106068387353,1.4484180610452313e-06
grid-r014-c010,14,10,2.200000047683716,3.000000476837158,0.44999998807907104,-38.826606743718266,1.3102052207614179e-06
grid-r014-c011,14,11,2.3999998569488525,3.000000476837158,0.44999998807907104,-38.73283165537597,1.3388034858508036e-06
grid-r014-c012,14,12,2.5999999046325684,3.000000476837158,0.44999998807907104,-38.815213671379965,1.3136468623997644e-06
grid-r014-c013,14,13,2.799999952316284,3.000000476837158,0.44999998807907104,-39.01101406030851,1.2557367199406144e-06
grid-r014-c014,14,14,3.0,3.000000476837158,0.44999998807907104,-38.605619708264726,1.378599222334742e-06
grid-r014-c015,14,15,3.200000047683716,3.000000476837158,0.44999998807907104,-38.76789229807728,1.328038820247457e-06
grid-r014-c016,14,16,3.3999998569488525,3.000000476837158,0.44999998807907104,-39.21759170428108,1.1974043445661664e-06
grid-r014-c017,14,17,3.5999999046325684,3.000000476837158,0.44999998807907104,-38.638399299312795,1.3682330290976097e-06
grid-r014-c018,14,18,3.799999952316284,3.000000476837158,0.44999998807907104,-38.23901484187191,1.5000250641605817e-06
grid-r014-c019,14,19,4.0,3.000000476837158,0.44999998807907104,-37.89624778046929,1.6232119151027291e-06
grid-r014-c020,14,20,4.199999809265137,3.000000476837158,0.44999998807907104,-37.882367801589076,1.6284079720207956e-06
grid-r014-c021,14,21,4.400000095367432,3.000000476837158,0.44999998807907104,-37.82940082020118,1.6483897979924222e-06
grid-r014-c022,14,22,4.599999904632568,3.000000476837158,0.44999998807907104,-37.72240961106079,1.689503278612392e-06
grid-r014-c023,14,23,4.800000190734863,3.000000476837158,0.44999998807907104,-37.326275968347325,1.8508550283513614e-06
grid-r014-c024,14,24,5.0,3.000000476837158,0.44999998807907104,-37.728054917216895,1.6873085542101762e-06
grid-r014-c025,14,25,5.199999809265137,3.000000476837158,0.44999998807907104,-37.22546575566341,1.8943203485832782e-06
grid-r014-c026,14,26,5.400000095367432,3.000000476837158,0.44999998807907104,-37.73048754071362,1.6863637029018719e-06
grid-r014-c027,14,27,5.599999904632568,3.000000476837158,0.44999998807907104,-37.48804792124301,1.7831800960266264e-06
grid-r014-c028,14,28,5.800000190734863,3.000000476837158,0.44999998807907104,-37.591879555556176,1.7410532109352062e-06
grid-r014-c029,14,29,6.0,3.000000476837158,0.44999998807907104,-37.41940934485772,1.811586457733938e-06
grid-r014-c030,14,30,6.199999809265137,3.000000476837158,0.44999998807907104,-37.45469786788013,1.7969260852623847e-06
grid-r014-c031,14,31,6.400000095367432,3.000000476837158,0.44999998807907104,-36.81583158584712,2.0816937649215106e-06
grid-r014-c032,14,32,6.599999904632568,3.000000476837158,0.44999998807907104,-37.66674224399641,1.7112985233325162e-06
grid-r014-c033,14,33,6.800000190734863,3.000000476837158,0.44999998807907104,-37.23510291827785,1.890121438918868e-06
grid-r014-c034,14,34,7.0,3.000000476837158,0.44999998807907104,-36.80364674432079,2.087542497974937e-06
grid-r014-c035,14,35,7.199999809265137,3.000000476837158,0.44999998807907104,-37.45874652014234,1.7952517055164208e-06
grid-r014-c036,14,36,7.400000095367432,3.000000476837158,0.44999998807907104,-38.00549535446593,1.5828890127522754e-06
grid-r014-c037,14,37,7.599999904632568,3.000000476837158,0.44999998807907104,-37.317722440781225,1.8545039210948744e-06
grid-r014-c038,14,38,7.800000190734863,3.000000476837158,0.44999998807907104,-38.50622436255897,1.4105145282883313e-06
grid-r014-c039,14,39,8.0,3.000000476837158,0.44999998807907104,-37.28096402419108,1.8702669422054896e-06
grid-r014-c040,14,40,8.199999809265137,3.000000476837158,0.44999998807907104,-38.30384814481302,1.477798377891304e-06
grid-r014-c041,14,41,8.399999618530273,3.000000476837158,0.44999998807907104,-38.16175320797729,1.526949517938192e-06
grid-r014-c042,14,42,8.600000381469727,3.000000476837158,0.44999998807907104,-37.089154675226055,1.9547198917280184e-06
grid-r014-c043,14,43,8.800000190734863,3.000000476837158,0.44999998807907104,-38.64838809661571,1.3650897017214447e-06
grid-r014-c044,14,44,9.0,3.000000476837158,0.44999998807907104,-38.565136115645416,1.3915101817474351e-06
grid-r014-c045,14,45,9.199999809265137,3.000000476837158,0.44999998807907104,-38.317687301070116,1.4730967450304888e-06
grid-r014-c046,14,46,9.399999618530273,3.000000476837158,0.44999998807907104,-38.109841775686,1.545310738038097e-06
grid-r014-c047,14,47,9.600000381469727,3.000000476837158,0.44999998807907104,-37.62655480233998,1.727207518342766e-06
grid-r014-c048,14,48,9.800000190734863,3.000000476837158,0.44999998807907104,-38.55735124960709,1.3940067447038018e-06
grid-r014-c049,14,49,10.0,3.000000476837158,0.44999998807907104,-38.60370836158178,1.3792060826745e-06
grid-r014-c050,14,50,10.200000762939453,3.000000476837158,0.44999998807907104,-38.15799203955815,1.5282724916687584e-06
grid-r014-c051,14,51,10.399999618530273,3.000000476837158,0.44999998807907104,-38.256711808140984,1.4939250831957906e-06
grid-r014-c052,14,52,10.600000381469727,3.000000476837158,0.44999998807907104,-38.4834702568257,1.4179240679368377e-06
grid-r014-c053,14,53,10.800000190734863,3.000000476837158,0.44999998807907104,-38.64378011355737,1.3665388678418822e-06
grid-r014-c054,14,54,11.0,3.000000476837158,0.44999998807907104,-38.54741005014099,1.3972013448437792e-06
grid-r014-c055,14,55,11.200000762939453,3.000000476837158,0.44999998807907104,-39.25957831118054,1.1858838888656464e-06
grid-r014-c056,14,56,11.399999618530273,3.000000476837158,0.44999998807907104,-38.744647109452885,1.3351660754779004e-06
grid-r014-c057,14,57,11.600000381469727,3.000000476837158,0.44999998807907104,-39.59604517761327,1.0974771385008353e-06
grid-r015-c000,15,0,0.19999980926513672,3.200000286102295,0.44999998807907104,-37.722587002647956,1.689434270701895e-06
grid-r015-c001,15,1,0.40000009536743164,3.200000286102295,0.44999998807907104,-38.051769253309544,1.566112928230723e-06
grid-r015-c002,15,2,0.5999999046325684,3.200000286102295,0.44999998807907104,-38.049058532263544,1.5670907487219665e-06
grid-r015-c003,15,3,0.7999997138977051,3.200000286102295,0.44999998807907104,-37.95708010315954,1.6006338228180539e-06
grid-r015-c004,15,4,1.0,3.200000286102295,0.44999998807907104,-38.23381801529565,1.5018210888229078e-06
grid-r015-c005,15,5,1.1999998092651367,3.200000286102295,0.44999998807907104,-37.912480105264905,1.6171562720046495e-06
grid-r015-c006,15,6,1.4000000953674316,3.200000286102295,0.44999998807907104,-38.284566208172066,1.48437413827196e-06
grid-r015-c007,15,7,1.5999999046325684,3.200000286102295,0.44999998807907104,-38.339307782389824,1.4657814517704537e-06
grid-r015-c008,15,8,1.799999713897705,3.200000286102295,0.44999998807907104,-38.227667694196946,1.5039494201118941e-06
grid-r015-c009,15,9,2.0,3.200000286102295,0.44999998807907104,-38.82261785727708,1.3114091643728898e-06
grid-r015-c010,15,10,2.200000047683716,3.200000286102295,0.44999998807907104,-38.3602446844029,1.4587320720238495e-06
grid-r015-c011,15,11,2.3999998569488525,3.200000286102295,0.44999998807907104,-38.80310223480052,1.3173154229662032e-06
grid-r015-c012,15,12,2.5999999046325684,3.200000286102295,0.44999998807907104,-38.629460708656474,1.3710520079257549e-06
grid-r015-c013,15,13,2.799999952316284,3.200000286102295,0.44999998807907104,-38.688887485144896,1.3524189625968575e-06
grid-r015-c014,15,14,3.0,3.200000286102295,0.44999998807907104,-38.91909684843887,1.2825972817154252e-06
grid-r015-c015,15,15,3.200000047683716,3.200000286102295,0.44999998807907104,-38.677845209261285,1.3558619684772566e-06
grid-r015-c016,15,16,3.3999998569488525,3.200000286102295,0.44999998807907104,-38.55185212133829,1.3957729834146448e-06
grid-r015-c017,15,17,3.5999999046325684,3.200000286102295,0.44999998807907104,-38.73652369328731,1.3376658216657233e-06
grid-r015-c018,15,18,3.799999952316284,3.200000286102295,0.44999998807907104,-38.75036566063906,1.3334091590877506e-06
grid-r015-c019,15,19,4.0,3.200000286102295,0.44999998807907104,-38.70110988763603,1.3486181842381484e-06
grid-r015-c020,15,20,4.199999809265137,3.200000286102295,0.44999998807907104,-38.66851481952,1.358778035864816e-06
grid-r015-c021,15,21,4.400000095367432,3.200000286102295,0.44999998807907104,-38.361556450069266,1.4582915355276782e-06
grid-r015-c022,15,22,4.599999904632568,3.200000286102295,0.44999998807907104,-37.88579017169181,1.6271252434307826e-06
grid-r015-c023,15,23,4.800000190734863,3.200000286102295,0.44999998807907104,-37.988889609996164,1.5889529549895087e-06
grid-r015-c024,15,24,5.0,3.200000286102295,0.44999998807907104,-37.45309352603136,1.797590016394679e-06
grid-r015-c025,15,25,5.199999809265137,3.200000286102295,0.44999998807907104,-37.97989366170219,1.5922477132335189e-06
grid-r015-c026,15,26,5.400000095367432,3.200000286102295,0.44999998807907104,-37.16710204581262,1.9199494545318885e-06
grid-r015-c027,15,27,5.599999904632568,3.200000286102295,0.44999998807907104,-37.85541483520551,1.6385455410272698e-06
grid-r015-c028,15,28,5.800000190734863,3.200000286102295,0.44999998807907104,-37.359672862331834,1.8366766880717478e-06
grid-r015-c029,15,29,6.0,3.200000286102295,0.44999998807907104,-37.683128758484976,1.7048537301889155e-06
grid-r015-c030,15,30,6.199999809265137,3.200000286102295,0.44999998807907104,-37.558182398410906,1.7546146864333423e-06
grid-r015-c031,15,31,6.400000095367432,3.200000286102295,0.44999998807907104,-37.74354088055348,1.6813027059470187e-06
grid-r015-c032,15,32,6.599999904632568,3.200000286102295,0.44999998807907104,-37.28457640982385,1.8687119336391333e-06
grid-r015-c033,15,33,6.800000190734863,3.200000286102295,0.44999998807907104,-37.19247549895311,1.908764943436836e-06
grid-r015-c034,15,34,7.0,3.200000286102295,0.44999998807907104,-37.734071197386506,1.684972744442348e-06
grid-r015-c035,15,35,7.199999809265137,3.200000286102295,0.44999998807907104,-37.718750590058164,1.690927319941693e-06
grid-r015-c036,15,36,7.400000095367432,3.200000286102295,0.44999998807907104,-37.90598733153768,1.619575755285041e-06
grid-r015-c037,15,37,7.599999904632568,3.200000286102295,0.44999998807907104,-37.796944155202354,1.6607550605840515e-06
grid-r015-c038,15,38,7.800000190734863,3.200000286102295,0.44999998807907104,-37.47018134425743,1.7905310869537061e-06
grid-r015-c039,15,39,8.0,3.200000286102295,0.44999998807907104,-38.45245856159156,1.428085283805558e-06
grid-r015-c040,15,40,8.199999809265137,3.200000286102295,0.44999998807907104,-37.615621653016134,1.7315611557933153e-06
grid-r015-c041,15,41,8.399999618530273,3.200000286102295,0.44999998807907104,-38.59619395066514,1.3815945294481935e-06
grid-r015-c042,15,42,8.600000381469727,3.200000286102295,0.44999998807907104,-38.31736856749945,1.473204861213162e-06
grid-r015-c043,15,43,8.800000190734863,3.200000286102295,0.44999998807907104,-37.75709103138257,1.6760651533331838e-06
grid-r015-c044,15,44,9.0,3.200000286102295,0.44999998807907104,-37.71764437682309,1.6913580793698202e-06
grid-r015-c045,15,45,9.199999809265137,3.200000286102295,0.44999998807907104,-38.35143819272619,1.461693045712309e-06
grid-r015-c046,15,46,9.399999618530273,3.200000286102295,0.44999998807907104,-38.878290457636886,1.2947053846801282e-06
grid-r015-c047,15,47,9.600000381469727,3.200000286102295,0.44999998807907104,-38.54740722314399,1.397202254338481e-06
grid-r015-c048,15,48,9.800000190734863,3.200000286102295,0.44999998807907104,-37.72685418184797,1.6877751249921857e-06
grid-r015-c049,15,49,10.0,3.200000286102295,0.44999998807907104,-39.50267923070633,1.1213264770049136e-06
grid-r015-c050,15,50,10.200000762939453,3.200000286102295,0.44999998807907104,-38.08539916541626,1.5540324511675863e-06
grid-r015-c051,15,51,10.399999618530273,3.200000286102295,0.44999998807907104,-38.8041818057424,1.316988004873565e-06
grid-r015-c052,15,52,10.600000381469727,3.200000286102295,0.44999998807907104,-38.25358149076504,1.495002265983203e-06
grid-r015-c053,15,53,10.800000190734863,3.200000286102295,0.44999998807907104,-37.782293181046434,1.6663670976413414e-06
grid-r015-c054,15,54,11.0,3.200000286102295,0.44999998807907104,-38.9482508863542,1.27401608551736e-06
grid-r015-c055,15,55,11.200000762939453,3.200000286102295,0.44999998807907104,-38.26962792537571,1.48948868172738e-06
grid-r015-c056,15,56,11.399999618530273,3.200000286102295,0.44999998807907104,-39.251231977312806,1.1881651289513684e-06
grid-r015-c057,15,57,11.600000381469727,3.200000286102295,0.44999998807907104,-39.23417954968417,1.192839590657968e-06
grid-r016-c000,16,0,0.19999980926513672,3.40000057220459,0.44999998807907104,-38.11745395781077,1.5426045365529717e-06
grid-r016-c001,16,1,0.40000009536743164,3.40000057220459,0.44999998807907104,-37.75108457181244,1.6783848195700557e-06
grid-r016-c002,16,2,0.5999999046325684,3.40000057220459,0.44999998807907104,-38.148988432902556,1.531444127067516e-06
grid-r016-c003,16,3,0.7999997138977051,3.40000057220459,0.44999998807907104,-38.10114938036969,1.5484067716897698e-06
grid-r016-c004,16,4,1.0,3.40000057220459,0.44999998807907104,-38.04149127792934,1.5698236666139564e-06
grid-r016-c005,16,5,1.1999998092651367,3.40000057220459,0.44999998807907104,-38.277388503055,1.4868294329062337e-06
grid-r016-c006,16,6,1.4000000953674316,3.40000057220459,0.44999998807907104,-38.3683216311346,1.4560216641257284e-06
grid-r016-c007,16,7,1.5999999046325684,3.40000057220459,0.44999998807907104,-38.166916258873584,1.5251353033818305e-06
grid-r016-c008,16,8,1.799999713897705,3.40000057220459,0.44999998807907104,-38.43627079666558,1.4334182196762413e-06
grid-r016-c009,16,9,2.0,3.40000057220459,0.44999998807907104,-38.15045559498242,1.5309268519558827e-06
grid-r016-c010,16,10,2.200000047683716,3.40000057220459,0.44999998807907104,-38.52203603764221,1.4053885024623014e-06
grid-r016-c011,16,11,2.3999998569488525,3.40000057220459,0.44999998807907104,-38.46205182016316,1.424934225724428e-06
grid-r016-c012,16,12,2.5999999046325684,3.40000057220459,0.44999998807907104,-38.90833966930205,1.2857781257480383e-06
grid-r016-c013,16,13,2.799999952316284,3.40000057220459,0.44999998807907104,-38.650400629522004,1.3644572618431994e-06
grid-r016-c014,16,14,3.0,3.40000057220459,0.44999998807907104,-38.58215536360258,1.386067765452026e-06
grid-r016-c015,16,15,3.200000047683716,3.40000057220459,0.44999998807907104,-38.81395212236985,1.3140285091139958e-06
grid-r016-c016,16,16,3.3999998569488525,3.40000057220459,0.44999998807907104,-38.53626655141078,1.4007910067448393e-06
grid-r016-c017,16,17,3.5999999046325684,3.40000057220459,0.44999998807907104,-38.80760109298775,1.315951521974057e-06
grid-r016-c018,16,18,3.799999952316284,3.40000057220459,0.44999998807907104,-38.61032144675167,1.3771075373369968e-06
grid-r016-c019,16,19,4.0,3.40000057220459,0.44999998807907104,-38.7128840232043,1.3449669040710432e-06
grid-r016-c020,16,20,4.199999809265137,3.40000057220459,0.44999998807907104,-38.58793841553422,1.3842233101968304e-06
grid-r016-c021,16,21,4.400000095367432,3.40000057220459,0.44999998807907104,-39.124007805938305,1.223486606249935e-06
grid-r016-c022,16,22,4.599999904632568,3.40000057220459,0.44999998807907104,-39.00771453383315,1.2566911209432874e-06
grid-r016-c023,16,23,4.800000190734863,3.40000057220459,0.44999998807907104,-38.56721337389408,1.3908447726862505e-06
grid-r016-c024,16,24,5.0,3.40000057220459,0.44999998807907104,-37.75151908721505,1.6782169041107409e-06
grid-r016-c025,16,25,5.199999809265137,3.40000057220459,0.44999998807907104,-37.68642891260833,1.7035587234204286e-06
grid-r016-c026,16,26,5.400000095367432,3.40000057220459,0.44999998807907104,-37.2845502529387,1.8687231886360678e-06
grid-r016-c027,16,27,5.599999904632568,3.40000057220459,0.44999998807907104,-37.48034710745837,1.786344796528283e-06
grid-r016-c028,16,28,5.800000190734863,3.40000057220459,0.44999998807907104,-37.80400382973352,1.6580576129854308e-06
grid-r016-c029,16,29,6.0,3.40000057220459,0.44999998807907104,-37.787782544309124,1.6642621858409257e-06
grid-r016-c030,16,30,6.199999809265137,3.40000057220459,0.44999998807907104,-37.400856673517026,1.8193419464296312e-06
grid-r016-c031,16,31,6.400000095367432,3.40000057220459,0.44999998807907104,-37.42463332398931,1.8094086726705427e-06
grid-r016-c032,16,32,6.599999904632568,3.40000057220459,0.44999998807907104,-37.99743407904732,1.5858298638704582e-06
grid-r016-c033,16,33,6.800000190734863,3.40000057220459,0.44999998807907104,-38.00631515912788,1.582590243742743e-06
grid-r016-c034,16,34,7.0,3.40000057220459,0.44999998807907104,-37.87350426844181,1.6317347899530432e-06
grid-r016-c035,16,35,7.199999809265137,3.40000057220459,0.44999998807907104,-37.741096240558115,1.6822493762447266e-06
grid-r016-c036,16,36,7.400000095367432,3.40000057220459,0.44999998807907104,-37.6845161922418,1.704309170236229e-06
grid-r016-c037,16,37,7.599999904632568,3.40000057220459,0.44999998807907104,-37.802554778395006,1.6586109268246219e-06
grid-r016-c038,16,38,7.800000190734863,3.40000057220459,0.44999998807907104,-37.792737078302366,1.6623646388325142e-06
grid-r016-c039,16,39,8.0,3.40000057220459,0.44999998807907104,-38.12851383523525,1.538681090096361e-06
grid-r016-c040,16,40,8.199999809265137,3.40000057220459,0.44999998807907104,-37.8499224327133,1.6406190752604743e-06
grid-r016-c041,16,41,8.399999618530273,3.40000057220459,0.44999998807907104,-38.12970318820837,1.5382597666757647e-06
grid-r016-c042,16,42,8.600000381469727,3.40000057220459,0.44999998807907104,-38.46432994339661,1.4241869621400838e-06
grid-r016-c043,16,43,8.800000190734863,3.40000057220459,0.44999998807907104,-38.6611947781314,1.3610701898869593e-06
grid-r016-c044,16,44,9.0,3.40000057220459,0.44999998807907104,-38.85360921331809,1.3020842288824497e-06
grid-r016-c045,16,45,9.199999809265137,3.40000057220459,0.44999998807907104,-38.18606314562658,1.518426188340527e-06
grid-r016-c046,16,46,9.399999618530273,3.40000057220459,0.44999998807907104,-37.80841707991135,1.6563735698582605e-06
grid-r016-c047,16,47,9.600000381469727,3.40000057220459,0.44999998807907104,-38.66322378064231,1.36043445309042e-06
grid-r016-c048,16,48,9.800000190734863,3.40000057220459,0.44999998807907104,-38.623854825207204,1.3728229077969445e-06
grid-r016-c049,16,49,10.0,3.40000057220459,0.44999998807907104,-37.87189996566905,1.632337671253481e-06
grid-r016-c050,16,50,10.200000762939453,3.40000057220459,0.44999998807907104,-38.60388950597986,1.379148557134613e-06
grid-r016-c051,16,51,10.399999618530273,3.40000057220459,0.44999998807907104,-38.35655761423033,1.4599710311813396e-06
grid-r016-c052,16,52,10.600000381469727,3.40000057220459,0.44999998807907104,-39.21418959690729,1.1983427157247206e-06
grid-r016-c053,16,53,10.800000190734863,3.40000057220459,0.44999998807907104,-39.237664880729795,1.1918826885448652e-06
grid-r016-c054,16,54,11.0,3.40000057220459,0.44999998807907104,-38.799672255022564,1.3183562259655446e-06
grid-r016-c055,16,55,11.200000762939453,3.40000057220459,0.44999998807907104,-39.54085264448041,1.1115134839201346e-06
grid-r016-c056,16,56,11.399999618530273,3.40000057220459,0.44999998807907104,-39.033986726800734,1.2491118468460627e-06
grid-r016-c057,16,57,11.600000381469727,3.40000057220459,0.44999998807907104,-39.32114443298503,1.1691912504829816e-06
grid-r017-c000,17,0,0.19999980926513672,3.6000003814697266,0.44999998807907104,-37.7666279251424,1.6723886346881045e-06
grid-r017-c001,17,1,0.40000009536743164,3.6000003814697266,0.44999998807907104,-38.15845728213846,1.5281087826224393e-06
grid-r017-c002,17,2,0.5999999046325684,3.6000003814697266,0.44999998807907104,-38.0360412949682,1.5717948826932115e-06
grid-r017-c003,17,3,0.7999997138977051,3.6000003814697266,0.44999998807907104,-38.2427654977998,1.4987301710789325e-06
grid-r017-c004,17,4,1.0,3.6000003814697266,0.44999998807907104,-38.26267241883609,1.491876105319534e-06
grid-r017-c005,17,5,1.1999998092651367,3.6000003814697266,0.44999998807907104,-38.0732512739786,1.5583854064971092e-06
grid-r017-c006,17,6,1.4000000953674316,3.6000003814697266,0.44999998807907104,-38.3760946310544,1.453418008168228e-06
grid-r017-c007,17,7,1.5999999046325684,3.6000003814697266,0.44999998807907104,-38.39239850008368,1.4479719538940117e-06
grid-r017-c008,17,8,1.799999713897705,3.6000003814697266,0.44999998807907104,-38.3220060831659,1.4716325722474721e-06
grid-r017-c009,17,9,2.0,3.6000003814697266,0.44999998807907104,-38.46808401857886,1.422956415808585e-06
grid-r017-c010,17,10,2.200000047683716,3.6000003814697266,0.44999998807907104,-38.39700798391081,1.446435931029555e-06
grid-r017-c011,17,11,2.3999998569488525,3.6000003814697266,0.44999998807907104,-38.48952916073546,1.4159472812025342e-06
grid-r017-c012,17,12,2.5999999046325684,3.6000003814697266,0.44999998807907104,-38.402490735329366,1.4446110299104475e-06
grid-r017-c013,17,13,2.799999952316284,3.6000003814697266,0.44999998807907104,-38.74250357613347,1.3358252317630104e-06
grid-r017-c014,17,14,3.0,3.6000003814697266,0.44999998807907104,-38.703860205769054,1.347764396086859e-06
grid-r017-c015,17,15,3.200000047683716,3.6000003814697266,0.44999998807907104,-38.45150617266596,1.428398491043481e-06
grid-r017-c016,17,16,3.3999998569488525,3.6000003814697266,0.44999998807907104,-38.70211020128865,1.348307591797493e-06
grid-r017-c017,17,17,3.5999999046325684,3.6000003814697266,0.44999998807907104,-38.37192401831594,1.4548144235959626e-06
grid-r017-c018,17,18,3.799999952316284,3.6000003814697266,0.44999998807907104,-38.73479073422107,1.338199695055664e-06
grid-r017-c019,17,19,4.0,3.6000003814697266,0.44999998807907104,-38.52964940406922,1.402926955051953e-06
grid-r017-c020,17,20,4.199999809265137,3.6000003814697266,0.44999998807907104,-38.79608669278334,1.3194451184972422e-06
grid-r017-c021,17,21,4.400000095367432,3.6000003814697266,0.44999998807907104,-38.85257832152777,1.3023933433942148e-06
grid-r017-c022,17,22,4.599999904632568,3.6000003814697266,0.44999998807907104,-39.023127245073795,1.252239144378109e-06
grid-r017-c023,17,23,4.800000190734863,3.6000003814697266,0.44999998807907104,-39.18357623062456,1.2068196610925952e-06
grid-r017-c024,17,24,5.0,3.6000003814697266,0.44999998807907104,-38.754764600623304,1.3320592415766441e-06
grid-r017-c025,17,25,5.199999809265137,3.6000003814697266,0.44999998807907104,-39.09890033263862,1.2305803238632507e-06
grid-r017-c026,17,26,5.400000095367432,3.6000003814697266,0.44999998807907104,-38.17864893840304,1.521020635664172e-06
grid-r017-c027,17,27,5.599999904632568,3.6000003814697266,0.44999998807907104,-38.25600163117088,1.4941693962100544e-06
grid-r017-c028,17,28,5.800000190734863,3.6000003814697266,0.44999998807907104,-37.609942831773644,1.7338268207822694e-06
grid-r017-c029,17,29,6.0,3.6000003814697266,0.44999998807907104,-37.40471200088792,1.8177275933339843e-06
grid-r017-c030,17,30,6.199999809265137,3.6000003814697266,0.44999998807907104,-37.80391628342591,1.658091036915721e-06
grid-r017-c031,17,31,6.400000095367432,3.6000003814697266,0.44999998807907104,-37.79395735875114,1.6618976133031538e-06
grid-r017-c032,17,32,6.599999904632568,3.6000003814697266,0.44999998807907104,-37.4940460659889,1.7807190033636289e-06
grid-r017-c033,17,33,6.800000190734863,3.6000003814697266,0.44999998807907104,-37.87084658511042,1.6327336425092653e-06
grid-r017-c034,17,34,7.0,3.6000003814697266,0.44999998807907104,-37.559862918978496,1.7539358623253065e-06
grid-r017-c035,17,35,7.199999809265137,3.6000003814697266,0.44999998807907104,-37.54510945710236,1.7599043076188536e-06
grid-r017-c036,17,36,7.400000095367432,3.6000003814697266,0.44999998807907104,-38.67715593006922,1.3560771776610636e-06
grid-r017-c037,17,37,7.599999904632568,3.6000003814697266,0.44999998807907104,-37.62806124809052,1.7266085023948108e-06
grid-r017-c038,17,38,7.800000190734863,3.6000003814697266,0.44999998807907104,-38.64481139699021,1.3662144056070247e-06
grid-r017-c039,17,39,8.0,3.6000003814697266,0.44999998807907104,-37.518821977285796,1.7705891650621197e-06
grid-r017-c040,17,40,8.199999809265137,3.6000003814697266,0.44999998807907104,-38.86807011463175,1.2977558299098746e-06
grid-r017-c041,17,41,8.399999618530273,3.6000003814697266,0.44999998807907104,-37.62701105528152,1.7270260741497623e-06
grid-r017-c042,17,42,8.600000381469727,3.6000003814697266,0.44999998807907104,-37.68706947537376,1.7033074755090638e-06
grid-r017-c043,17,43,8.800000190734863,3.6000003814697266,0.44999998807907104,-38.6914448649734,1.351622813672293e-06
grid-r017-c044,17,44,9.0,3.6000003814697266,0.44999998807907104,-38.174006927012144,1.5226472669382929e-06
grid-r017-c045,17,45,9.199999809265137,3.6000003814697266,0.44999998807907104,-38.88311454165817,1.2932680419908138e-06
grid-r017-c046,17,46,9.399999618530273,3.6000003814697266,0.44999998807907104,-38.860620001576265,1.2999839782423805e-06
grid-r017-c047,17,47,9.600000381469727,3.6000003814697266,0.44999998807907104,-37.690978665402426,1.7017749769365764e-06
grid-r017-c048,17,48,9.800000190734863,3.6000003814697266,0.44999998807907104,-38.567496309955224,1.3907541642765864e-06
grid-r017-c049,17,49,10.0,3.6000003814697266,0.44999998807907104,-38.60744375542505,1.3780203289570636e-06
grid-r017-c050,17,50,10.200000762939453,3.6000003814697266,0.44999998807907104,-38.39514770329461,1.4470556379819755e-06
grid-r017-c051,17,51,10.399999618530273,3.6000003814697266,0.44999998807907104,-38.58797693799494,1.3842110320183565e-06
grid-r017-c052,17,52,10.600000381469727,3.6000003814697266,0.44999998807907104,-38.76554180996473,1.3287577758092084e-06
grid-r017-c053,17,53,10.800000190734863,3.6000003814697266,0.44999998807907104,-38.25602872746315,1.4941600738893612e-06
grid-r017-c054,17,54,11.0,3.6000003814697266,0.44999998807907104,-38.61452510462617,1.3757752412857371e-06
grid-r017-c055,17,55,11.200000762939453,3.6000003814697266,0.44999998807907104,-38.75633832015876,1.3315766409505159e-06
grid-r017-c056,17,56,11.399999618530273,3.6000003814697266,0.44999998807907104,-38.30132573778919,1.4786569408897776e-06
grid-r017-c057,17,57,11.600000381469727,3.6000003814697266,0.44999998807907104,-38.92950410972519,1.2795273960364284e-06
grid-r018-c000,18,0,0.19999980926513672,3.8000006675720215,0.44999998807907104,-38.189242124562995,1.5173151268754737e-06
grid-r018-c001,18,1,0.40000009536743164,3.8000006675720215,0.44999998807907104,-37.997075427712076,1.5859608311075135e-06
grid-r018-c002,18,2,0.5999999046325684,3.8000006675720215,0.44999998807907104,-38.07932525537965,1.5562073940600385e-06
grid-r018-c003,18,3,0.7999997138977051,3.8000006675720215,0.44999998807907104,-38.26264528106123,1.4918854276402271e-06
grid-r018-c004,18,4,1.0,3.8000006675720215,0.44999998807907104,-38.0035799606889,1.5835872773095616e-06
grid-r018-c005,18,5,1.1999998092651367,3.8000006675720215,0.44999998807907104,-38.169190102716286,1.5243369944073493e-06
grid-r018-c006,18,6,1.4000000953674316,3.8000006675720215,0.44999998807907104,-38.23589034241479,1.5011046343715861e-06
grid-r018-c007,18,7,1.5999999046325684,3.8000006675720215,0.44999998807907104,-38.389668074557534,1.4488825854641618e-06
grid-r018-c008,18,8,1.799999713897705,3.8000006675720215,0.44999998807907104,-38.441784403236994,1.4315995713332086e-06
grid-r018-c009,18,9,2.0,3.8000006675720215,0.44999998807907104,-38.1061061240547,1.5466405329789268e-06
grid-r018-c010,18,10,2.200000047683716,3.8000006675720215,0.44999998807907104,-38.5916420577028,1.3830433545081178e-06
grid-r018-c011,18,11,2.3999998569488525,3.8000006675720215,0.44999998807907104,-38.36305895080849,1.4577871070287074e-06
grid-r018-c012,18,12,2.5999999046325684,3.8000006675720215,0.44999998807907104,-38.70282799141202,1.3480847655955586e-06
grid-r018-c013,18,13,2.799999952316284,3.8000006675720215,0.44999998807907104,-38.31768361421791,1.4730979955857038e-06
grid-r018-c014,18,14,3.0,3.8000006675720215,0.44999998807907104,-38.653233430323375,1.36356754865119e-06
grid-r018-c015,18,15,3.200000047683716,3.8000006675720215,0.44999998807907104,-38.62242581151379,1.3732746992900502e-06
grid-r018-c016,18,16,3.3999998569488525,3.8000006675720215,0.44999998807907104,-38.53661022246256,1.4006801620780607e-06
grid-r018-c017,18,17,3.5999999046325684,3.8000006675720215,0.44999998807907104,-38.70743969176821,1.346654016742832e-06
grid-r018-c018,18,18,3.799999952316284,3.8000006675720215,0.44999998807907104,-38.35748636081256,1.459658847124956e-06
grid-r018-c019,18,19,4.0,3.8000006675720215,0.44999998807907104,-38.56258748181352,1.392327021676465e-06
grid-r018-c020,18,20,4.199999809265137,3.8000006675720215,0.44999998807907104,-38.43755301521553,1.4329950772662414e-06
grid-r018-c021,18,21,4.400000095367432,3.8000006675720215,0.44999998807907104,-38.79205880711921,1.3206694120526663e-06
grid-r018-c022,18,22,4.599999904632568,3.8000006675720215,0.44999998807907104,-39.19386307693899,1.2039645298500545e-06
grid-r018-c023,18,23,4.800000190734863,3.8000006675720215,0.44999998807907104,-39.36183826377928,1.1582869774429128e-06
grid-r018-c024,18,24,5.0,3.8000006675720215,0.44999998807907104,-38.94691329487931,1.274408532481175e-06
grid-r018-c025,18,25,5.199999809265137,3.8000006675720215,0.44999998807907104,-38.931727309795,1.2788725598511519e-06
grid-r018-c026,18,26,5.400000095367432,3.8000006675720215,0.44999998807907104,-39.06655501640606,1.2397796353980084e-06
grid-r018-c027,18,27,5.599999904632568,3.8000006675720215,0.44999998807907104,-38.775709642464435,1.3256504871606012e-06
grid-r018-c028,18,28,5.800000190734863,3.8000006675720215,0.44999998807907104,-38.5331071097465,1.401810436618689e-06
grid-r018-c029,18,29,6.0,3.8000006675720215,0.44999998807907104,-38.854795477657966,1.3017286164540565e-06
grid-r018-c030,18,30,6.199999809265137,3.8000006675720215,0.44999998807907104,-37.87261476470057,1.6320690292559448e-06
grid-r018-c031,18,31,6.400000095367432,3.8000006675720215,0.44999998807907104,-37.60235332280857,1.7368594171784935e-06
grid-r018-c032,18,32,6.599999904632568,3.8000006675720215,0.44999998807907104,-39.082892233731684,1.235124614140659e-06
grid-r018-c033,18,33,6.800000190734863,3.8000006675720215,0.44999998807907104,-37.71235048429421,1.6934210407271166e-06
grid-r018-c034,18,34,7.0,3.8000006675720215,0.44999998807907104,-38.23847638322186,1.5002110558270942e-06
grid-r018-c035,18,35,7.199999809265137,3.8000006675720215,0.44999998807907104,-38.31417548484847,1.4742884104634868e-06
grid-r018-c036,18,36,7.400000095367432,3.8000006675720215,0.44999998807907104,-38.45777364861583,1.426338599230803e-06
grid-r018-c037,18,37,7.599999904632568,3.8000006675720215,0.44999998807907104,-38.29443366791263,1.481005369896593e-06
grid-r018-c038,18,38,7.800000190734863,3.8000006675720215,0.44999998807907104,-38.23131031606772,1.5026885193947237e-06
grid-r018-c039,18,39,8.0,3.8000006675720215,0.44999998807907104,-38.33142645267603,1.4684438838230562e-06
grid-r018-c040,18,40,8.199999809265137,3.8000006675720215,0.44999998807907104,-37.907246869905045,1.619106114958413e-06
grid-r018-c041,18,41,8.399999618530273,3.8000006675720215,0.44999998807907104,-38.81668462594511,1.3132020058037597e-06
grid-r018-c042,18,42,8.600000381469727,3.8000006675720215,0.44999998807907104,-39.25688872913773,1.1866185332110035e-06
grid-r018-c043,18,43,8.800000190734863,3.8000006675720215,0.44999998807907104,-37.378668853194206,1.8286606291439966e-06
grid-r018-c044,18,44,9.0,3.8000006675720215,0.44999998807907104,-38.8819434180126,1.2936168332089437e-06
grid-r018-c045,18,45,9.199999809265137,3.8000006675720215,0.44999998807907104,-39.171489619650046,1.2101829724997515e-06
grid-r018-c046,18,46,9.399999618530273,3.8000006675720215,0.44999998807907104,-38.29685500560455,1.4801798897678964e-06
grid-r018-c047,18,47,9.600000381469727,3.8000006675720215,0.44999998807907104,-39.15413401364869,1.2150288739576354e-06
grid-r018-c048,18,48,9.800000190734863,3.8000006675720215,0.44999998807907104,-37.878120813682116,1.6300011793646263e-06
grid-r018-c049,18,49,10.0,3.8000006675720215,0.44999998807907104,-39.785647338074,1.0505948466743575e-06
grid-r018-c050,18,50,10.200000762939453,3.8000006675720215,0.44999998807907104,-38.23411061975196,1.5017199075373355e-06
grid-r018-c051,18,51,10.399999618530273,3.8000006675720215,0.44999998807907104,-39.129277707906674,1.2220028793308302e-06
grid-r018-c052,18,52,10.600000381469727,3.8000006675720215,0.44999998807907104,-40.044098470027265,9.89897330327949e-07
grid-r018-c053,18,53,10.800000190734863,3.8000006675720215,0.44999998807907104,-39.19798275937921,1.2028230003124918e-06
grid-r018-c054,18,54,11.0,3.8000006675720215,0.44999998807907104,-38.1498747974937,1.5311316019506194e-06
grid-r018-c055,18,55,11.200000762939453,3.8000006675720215,0.44999998807907104,-40.70836589034479,8.495000543007336e-07
grid-r018-c056,18,56,11.399999618530273,3.8000006675720215,0.44999998807907104,-38.9850465497043,1.2632675634449697e-06
grid-r018-c057,18,57,11.600000381469727,3.8000006675720215,0.44999998807907104,-39.26603685978932,1.1841216291941237e-06
grid-r019-c000,19,0,0.19999980926513672,4.000000476837158,0.44999998807907104,-38.16117510071203,1.5271527900040383e-06
grid-r019-c001,19,1,0.40000009536743164,4.000000476837158,0.44999998807907104,-38.3176671910052,1.4731035662407521e-06
grid-r019-c002,19,2,0.5999999046325684,4.000000476837158,0.44999998807907104,-37.954744435646006,1.6014948869269574e-06
grid-r019-c003,19,3,0.7999997138977051,4.000000476837158,0.44999998807907104,-38.24370020829265,1.4984076415203162e-06
grid-r019-c004,19,4,1.0,4.000000476837158,0.44999998807907104,-38.3306925234508,1.4686920621898025e-06
grid-r019-c005,19,5,1.1999998092651367,4.000000476837158,0.44999998807907104,-38.025743081555696,1.5755264257677482e-06
grid-r019-c006,19,6,1.4000000953674316,4.000000476837158,0.44999998807907104,-38.344061191827066,1.464178012611228e-06
grid-r019-c007,19,7,1.5999999046325684,4.000000476837158,0.44999998807907104,-38.040635248009764,1.5701331221862347e-06
grid-r019-c008,19,8,1.799999713897705,4.000000476837158,0.44999998807907104,-38.45610238290828,1.4268875929701608e-06
grid-r019-c009,19,9,2.0,4.000000476837158,0.44999998807907104,-38.524797557653486,1.404495151291485e-06
grid-r019-c010,19,10,2.200000047683716,4.000000476837158,0.44999998807907104,-38.32147099045063,1.471813902753638e-06
grid-r019-c011,19,11,2.3999998569488525,4.000000476837158,0.44999998807907104,-38.57157448219377,1.3894488120058668e-06
grid-r019-c012,19,12,2.5999999046325684,4.000000476837158,0.44999998807907104,-38.38024273024726,1.4520304603138356e-06
grid-r019-c013,19,13,2.799999952316284,4.000000476837158,0.44999998807907104,-38.53423151874005,1.4014475482326816e-06
grid-r019-c014,19,14,3.0,4.000000476837158,0.44999998807907104,-38.41106448076232,1.4417619240703061e-06
grid-r019-c015,19,15,3.200000047683716,4.000000476837158,0.44999998807907104,-38.72674022007783,1.3406826155915041e-06
grid-r019-c016,19,16,3.3999998569488525,4.000000476837158,0.44999998807907104,-38.51387525830749,1.4080318351261667e-06
grid-r019-c017,19,17,3.5999999046325684,4.000000476837158,0.44999998807907104,-38.42148995187404,1.438305048395705e-06
grid-r019-c018,19,18,3.799999952316284,4.000000476837158,0.44999998807907104,-38.79651180418571,1.3193159702495905e-06
grid-r019-c019,19,19,4.0,4.000000476837158,0.44999998807907104,-38.503803814684645,1.4113009001448518e-06
grid-r019-c020,19,20,4.199999809265137,4.000000476837158,0.44999998807907104,-38.379551161847665,1.4522616993417614e-06
grid-r019-c021,19,21,4.400000095367432,4.000000476837158,0.44999998807907104,-38.82324476246843,1.3112198757880833e-06
grid-r019-c022,19,22,4.599999904632568,4.000000476837158,0.44999998807907104,-39.01351385750221,1.2550141264000558e-06
grid-r019-c023,19,23,4.800000190734863,4.000000476837158,0.44999998807907104,-39.234371197125796,1.192786953652103e-06
grid-r019-c024,19,24,5.0,4.000000476837158,0.44999998807907104,-38.84109885382502,1.3058404420007719e-06
grid-r019-c025,19,25,5.199999809265137,4.000000476837158,0.44999998807907104,-39.21045710564687,1.1993730595349916e-06
grid-r019-c026,19,26,5.400000095367432,4.000000476837158,0.44999998807907104,-39.03913499855659,1.2476319852794404e-06
grid-r019-c027,19,27,5.599999904632568,4.000000476837158,0.44999998807907104,-38.93409650175413,1.2781750911017298e-06
grid-r019-c028,19,28,5.800000190734863,4.000000476837158,0.44999998807907104,-39.358918912768466,1.1590658459681435e-06
grid-r019-c029,19,29,6.0,4.000000476837158,0.44999998807907104,-38.86817245781155,1.2977252481505275e-06
grid-r019-c030,19,30,6.199999809265137,4.000000476837158,0.44999998807907104,-39.165134612145934,1.211955122926156e-06
grid-r019-c031,19,31,6.400000095367432,4.000000476837158,0.44999998807907104,-38.44973849788357,1.4289799992184271e-06
grid-r019-c032,19,32,6.599999904632568,4.000000476837158,0.44999998807907104,-38.65709032629645,1.362357124889968e-06
grid-r019-c033,19,33,6.800000190734863,4.000000476837158,0.44999998807907104,-37.69350904428653,1.7007837413984817e-06
grid-r019-c034,19,34,7.0,4.000000476837158,0.44999998807907104,-37.9864501310374,1.5898457377261366e-06
grid-r019-c035,19,35,7.199999809265137,4.000000476837158,0.44999998807907104,-38.927688183053135,1.280062519981584e-06
grid-r019-c036,19,36,7.400000095367432,4.000000476837158,0.44999998807907104,-37.9572152118778,1.6005840279831318e-06
grid-r019-c037,19,37,7.599999904632568,4.000000476837158,0.44999998807907104,-38.8446574573933,1.304770876231487e-06
grid-r019-c038,19,38,7.800000190734863,4.000000476837158,0.44999998807907104,-37.76585744886202,1.672685357334558e-06
grid-r019-c039,19,39,8.0,4.000000476837158,0.44999998807907104,-39.051892134489265,1.2439725196600193e-06
grid-r019-c040,19,40,8.199999809265137,4.000000476837158,0.44999998807907104,-38.1751196102394,1.52225720739807e-06
grid-r019-c041,19,41,8.399999618530273,4.000000476837158,0.44999998807907104,-38.06541818751274,1.5611987009833683e-06
grid-r019-c042,19,42,8.600000381469727,4.000000476837158,0.44999998807907104,-39.142656600369925,1.2182441651020781e-06
grid-r019-c043,19,43,8.800000190734863,4.000000476837158,0.44999998807907104,-38.99551177717648,1.2602271226569428e-06
grid-r019-c044,19,44,9.0,4.000000476837158,0.44999998807907104,-37.9051566812796,1.6198855519178323e-06
grid-r019-c045,19,45,9.199999809265137,4.000000476837158,0.44999998807907104,-38.593438099699746,1.382471509714378e-06
grid-r019-c046,19,46,9.399999618530273,4.000000476837158,0.44999998807907104,-38.525356541588664,1.4043143892195076e-06
grid-r019-c047,19,47,9.600000381469727,4.000000476837158,0.44999998807907104,-38.330763792862605,1.4686679605802055e-06
grid-r019-c048,19,48,9.800000190734863,4.000000476837158,0.44999998807907104,-38.70796401695518,1.3464914445648901e-06
grid-r019-c049,19,49,10.0,4.000000476837158,0.44999998807907104,-38.42979693298207,1.4355565554069472e-06
grid-r019-c050,19,50,10.200000762939453,4.000000476837158,0.44999998807907104,-38.98580445485146,1.2630471246666275e-06
grid-r019-c051,19,51,10.399999618530273,4.000000476837158,0.44999998807907104,-39.02085362032609,1.2528948900580872e-06
grid-r019-c052,19,52,10.600000381469727,4.000000476837158,0.44999998807907104,-38.50874502757971,1.4096960967435734e-06
grid-r019-c053,19,53,10.800000190734863,4.000000476837158,0.44999998807907104,-38.679838653698695,1.3552397604144062e-06
grid-r019-c054,19,54,11.0,4.000000476837158,0.44999998807907104,-38.864082131039936,1.2989480637770612e-06
grid-r019-c055,19,55,11.200000762939453,4.000000476837158,0.44999998807907104,-38.81308762614097,1.3142901025275933e-06
grid-r019-c056,19,56,11.399999618530273,4.000000476837158,0.44999998807907104,-39.471031019582334,1.1295277317913133e-06
grid-r019-c057,19,57,11.600000381469727,4.000000476837158,0.44999998807907104,-39.33722152780167,1.1648710369627224e-06
grid-r020-c000,20,0,0.19999980926513672,4.200000762939453,0.44999998807907104,-38.08382582002384,1.5545955420748214e-06
grid-r020-c001,20,1,0.40000009536743164,4.200000762939453,0.44999998807907104,-38.21604888403667,1.5079783679539105e-06
grid-r020-c002,20,2,0.5999999046325684,4.200000762939453,0.44999998807907104,-37.96674171134191,1.5970769027262577e-06
grid-r020-c003,20,3,0.7999997138977051,4.200000762939453,0.44999998807907104,-38.41451469482581,1.4406169839276117e-06
grid-r020-c004,20,4,1.0,4.200000762939453,0.44999998807907104,-38.35685962109754,1.4598695088352542e-06
grid-r020-c005,20,5,1.1999998092651367,4.200000762939453,0.44999998807907104,-38.63549573687911,1.369148094454431e-06
grid-r020-c006,20,6,1.4000000953674316,4.200000762939453,0.44999998807907104,-38.07872565921347,1.5564222621833324e-06
grid-r020-c007,20,7,1.5999999046325684,4.200000762939453,0.44999998807907104,-38.406576214900184,1.4432526995733497e-06
grid-r020-c008,20,8,1.799999713897705,4.200000762939453,0.44999998807907104,-38.57057003402558,1.3897702046961058e-06
grid-r020-c009,20,9,2.0,4.200000762939453,0.44999998807907104,-38.36740616000971,1.4563286185875768e-06
grid-r020-c010,20,10,2.200000047683716,4.200000762939453,0.44999998807907104,-38.5091800507082,1.4095548976911232e-06
grid-r020-c011,20,11,2.3999998569488525,4.200000762939453,0.44999998807907104,-38.23671040465068,1.5008212130851462e-06
grid-r020-c012,20,12,2.5999999046325684,4.200000762939453,0.44999998807907104,-38.699911425722036,1.348990394944849e-06
grid-r020-c013,20,13,2.799999952316284,4.200000762939453,0.44999998807907104,-38.375141858612764,1.453736899748037e-06
grid-r020-c014,20,14,3.0,4.200000762939453,0.44999998807907104,-38.71641474535336,1.3438739188131876e-06
grid-r020-c015,20,15,3.200000047683716,4.200000762939453,0.44999998807907104,-38.4195532770548,1.438946583220968e-06
grid-r020-c016,20,16,3.3999998569488525,4.200000762939453,0.44999998807907104,-38.58449702807463,1.3853206155545195e-06
grid-r020-c017,20,17,3.5999999046325684,4.200000762939453,0.44999998807907104,-38.48066876468131,1.4188390196068212e-06
grid-r020-c018,20,18,3.799999952316284,4.200000762939453,0.44999998807907104,-38.60391098605383,1.3791417359243496e-06
grid-r020-c019,20,19,4.0,4.200000762939453,0.44999998807907104,-38.542731768986386,1.3987072406962398e-06
grid-r020-c020,20,20,4.199999809265137,4.200000762939453,0.44999998807907104,-38.94159297035909,1.2759707033183076e-06
grid-r020-c021,20,21,4.400000095367432,4.200000762939453,0.44999998807907104,-38.34934275225968,1.4623984725403716e-06
grid-r020-c022,20,22,4.599999904632568,4.200000762939453,0.44999998807907104,-39.0427951403256,1.246580950464704e-06
grid-r020-c023,20,23,4.800000190734863,4.200000762939453,0.44999998807907104,-39.13278536625248,1.221016304953082e-06
grid-r020-c024,20,24,5.0,4.200000762939453,0.44999998807907104,-39.01630560829217,1.2542076319732587e-06
grid-r020-c025,20,25,5.199999809265137,4.200000762939453,0.44999998807907104,-39.11483113959924,1.2260745734238299e-06
grid-r020-c026,20,26,5.400000095367432,4.200000762939453,0.44999998807907104,-38.9622167172528,1.2699257467829739e-06
grid-r020-c027,20,27,5.599999904632568,4.200000762939453,0.44999998807907104,-38.8054243941863,1.3166112466933555e-06
grid-r020-c028,20,28,5.800000190734863,4.200000762939453,0.44999998807907104,-39.052862272271824,1.2436946690286277e-06
grid-r020-c029,20,29,6.0,4.200000762939453,0.44999998807907104,-39.02445065791209,1.2518576113507152e-06
grid-r020-c030,20,30,6.199999809265137,4.200000762939453,0.44999998807907104,-39.33459484913817,1.1655757816697587e-06
grid-r020-c031,20,31,6.400000095367432,4.200000762939453,0.44999998807907104,-39.11027701987055,1.22736093999265e-06
grid-r020-c032,20,32,6.599999904632568,4.200000762939453,0.44999998807907104,-39.38436280125878,1.152295112660795e-06
grid-r020-c033,20,33,6.800000190734863,4.200000762939453,0.44999998807907104,-39.24352133102455,1.1902765209015342e-06
grid-r020-c034,20,34,7.0,4.200000762939453,0.44999998807907104,-39.30611336662874,1.1732448683687835e-06
grid-r020-c035,20,35,7.199999809265137,4.200000762939453,0.44999998807907104,-38.51086416215524,1.4090084050621954e-06
grid-r020-c036,20,36,7.400000095367432,4.200000762939453,0.44999998807907104,-37.82887578279741,1.6485890910189482e-06
grid-r020-c037,20,37,7.599999904632568,4.200000762939453,0.44999998807907104,-39.272756838562486,1.1822908163594548e-06
grid-r020-c038,20,38,7.800000190734863,4.200000762939453,0.44999998807907104,-38.55410069794825,1.395050503560924e-06
grid-r020-c039,20,39,8.0,4.200000762939453,0.44999998807907104,-38.667952726505,1.3589539094027714e-06
grid-r020-c040,20,40,8.199999809265137,4.200000762939453,0.44999998807907104,-38.64567737277737,1.3659420119438437e-06
grid-r020-c041,20,41,8.399999618530273,4.200000762939453,0.44999998807907104,-38.76748447672168,1.3281635347084375e-06
grid-r020-c042,20,42,8.600000381469727,4.200000762939453,0.44999998807907104,-38.91206181624866,1.2846766139773536e-06
grid-r020-c043,20,43,8.800000190734863,4.200000762939453,0.44999998807907104,-38.35372119519469,1.460924863749824e-06
grid-r020-c044,20,44,9.0,4.200000762939453,0.44999998807907104,-39.38783101918305,1.1513752724567894e-06
grid-r020-c045,20,45,9.199999809265137,4.200000762939453,0.44999998807907104,-38.21407501651487,1.5086638995853718e-06
grid-r020-c046,20,46,9.399999618530273,4.200000762939453,0.44999998807907104,-38.35373944512832,1.460918724660587e-06
grid-r020-c047,20,47,9.600000381469727,4.200000762939453,0.44999998807907104,-38.94978737747367,1.2735654308926314e-06
grid-r020-c048,20,48,9.800000190734863,4.200000762939453,0.44999998807907104,-39.64955725439303,1.084037421605899e-06
grid-r020-c049,20,49,10.0,4.200000762939453,0.44999998807907104,-38.368059854504715,1.4561094303644495e-06
grid-r020-c050,20,50,10.200000762939453,4.200000762939453,0.44999998807907104,-38.99023844547657,1.2617582569873775e-06
grid-r020-c051,20,51,10.399999618530273,4.200000762939453,0.44999998807907104,-38.19294611473764,1.516021598035877e-06
grid-r020-c052,20,52,10.600000381469727,4.200000762939453,0.44999998807907104,-38.449563324730114,1.429037638445152e-06
grid-r020-c053,20,53,10.800000190734863,4.200000762939453,0.44999998807907104,-39.418281864383864,1.1433305644459324e-06
grid-r020-c054,20,54,11.0,4.200000762939453,0.44999998807907104,-39.04394350452317,1.2462513723221491e-06
grid-r020-c055,20,55,11.200000762939453,4.200000762939453,0.44999998807907104,-38.92146609115666,1.281897766602924e-06
grid-r020-c056,20,56,11.399999618530273,4.200000762939453,0.44999998807907104,-39.918421347546456,1.0189617114519933e-06
grid-r020-c057,20,57,11.600000381469727,4.200000762939453,0.44999998807907104,-39.22533489402773,1.1952713521168334e-06
grid-r021-c000,21,0,0.19999980926513672,4.40000057220459,0.44999998807907104,-38.5944617831377,1.3821456832374679e-06
grid-r021-c001,21,1,0.40000009536743164,4.40000057220459,0.44999998807907104,-38.303736222024185,1.4778364629819407e-06
grid-r021-c002,21,2,0.5999999046325684,4.40000057220459,0.44999998807907104,-38.276094939960814,1.4872723568259971e-06
grid-r021-c003,21,3,0.7999997138977051,4.40000057220459,0.44999998807907104,-38.18149148801686,1.520025421086757e-06
grid-r021-c004,21,4,1.0,4.40000057220459,0.44999998807907104,-38.29187374064122,1.4818785984971328e-06
grid-r021-c005,21,5,1.1999998092651367,4.40000057220459,0.44999998807907104,-38.18497593742599,1.518806357125868e-06
grid-r021-c006,21,6,1.4000000953674316,4.40000057220459,0.44999998807907104,-38.629703792724456,1.3709752693102928e-06
grid-r021-c007,21,7,1.5999999046325684,4.40000057220459,0.44999998807907104,-38.3057883754217,1.4771383121114923e-06
grid-r021-c008,21,8,1.799999713897705,4.40000057220459,0.44999998807907104,-38.50570388515664,1.4106835806160234e-06
grid-r021-c009,21,9,2.0,4.40000057220459,0.44999998807907104,-38.60422496526107,1.3790420325676678e-06
grid-r021-c010,21,10,2.200000047683716,4.40000057220459,0.44999998807907104,-38.31570657167421,1.4737687479282613e-06
grid-r021-c011,21,11,2.3999998569488525,4.40000057220459,0.44999998807907104,-38.65760969489578,1.3621942116515129e-06
grid-r021-c012,21,12,2.5999999046325684,4.40000057220459,0.44999998807907104,-38.38296417239276,1.451120851925225e-06
grid-r021-c013,21,13,2.799999952316284,4.40000057220459,0.44999998807907104,-38.56591182146852,1.3912616623201757e-06
grid-r021-c014,21,14,3.0,4.40000057220459,0.44999998807907104,-38.512480219757435,1.408484195053461e-06
grid-r021-c015,21,15,3.200000047683716,4.40000057220459,0.44999998807907104,-38.55266472978977,1.3955118447483983e-06
grid-r021-c016,21,16,3.3999998569488525,4.40000057220459,0.44999998807907104,-38.488247890633424,1.4163650803311612e-06
grid-r021-c017,21,17,3.5999999046325684,4.40000057220459,0.44999998807907104,-38.768642239119984,1.3278095138957724e-06
grid-r021-c018,21,18,3.799999952316284,4.40000057220459,0.44999998807907104,-38.57260475366437,1.3891192338633118e-06
grid-r021-c019,21,19,4.0,4.40000057220459,0.44999998807907104,-38.49223030517692,1.415066890331218e-06
grid-r021-c020,21,20,4.199999809265137,4.40000057220459,0.44999998807907104,-38.49710386837232,1.4134798220766243e-06
grid-r021-c021,21,21,4.400000095367432,4.40000057220459,0.44999998807907104,-38.46943605829146,1.4225134918888216e-06
grid-r021-c022,21,22,4.599999904632568,4.40000057220459,0.44999998807907104,-39.252149596835366,1.187914108413679e-06
grid-r021-c023,21,23,4.800000190734863,4.40000057220459,0.44999998807907104,-39.02159218133124,1.2526818409241969e-06
grid-r021-c024,21,24,5.0,4.40000057220459,0.44999998807907104,-39.42973596058748,1.1403191138015245e-06
grid-r021-c025,21,25,5.199999809265137,4.40000057220459,0.44999998807907104,-39.26110906152857,1.1854659760501818e-06
grid-r021-c026,21,26,5.400000095367432,4.40000057220459,0.44999998807907104,-39.31476285948716,1.1709105365298456e-06
grid-r021-c027,21,27,5.599999904632568,4.40000057220459,0.44999998807907104,-39.43421008452249,1.1391449561415357e-06
grid-r021-c028,21,28,5.800000190734863,4.40000057220459,0.44999998807907104,-39.051904438480705,1.24396899536805e-06
grid-r021-c029,21,29,6.0,4.40000057220459,0.44999998807907104,-39.42718256082449,1.1409897524572443e-06
grid-r021-c030,21,30,6.199999809265137,4.40000057220459,0.44999998807907104,-38.9743280988585,1.2663891766351298e-06
grid-r021-c031,21,31,6.400000095367432,4.40000057220459,0.44999998807907104,-39.50799266572012,1.119955413741991e-06
grid-r021-c032,21,32,6.599999904632568,4.40000057220459,0.44999998807907104,-39.41136455203119,1.1451530781414476e-06
grid-r021-c033,21,33,6.800000190734863,4.40000057220459,0.44999998807907104,-39.741827489527864,1.061248894984601e-06
grid-r021-c034,21,34,7.0,4.40000057220459,0.44999998807907104,-39.502345485574885,1.1214126516279066e-06
grid-r021-c035,21,35,7.199999809265137,4.40000057220459,0.44999998807907104,-39.37778076513183,1.1540428204170894e-06
grid-r021-c036,21,36,7.400000095367432,4.40000057220459,0.44999998807907104,-40.041377011026206,9.905178330882336e-07
grid-r021-c037,21,37,7.599999904632568,4.40000057220459,0.44999998807907104,-38.68119375666162,1.3548169590649195e-06
grid-r021-c038,21,38,7.800000190734863,4.40000057220459,0.44999998807907104,-39.52934975340155,1.1144613836222561e-06
grid-r021-c039,21,39,8.0,4.40000057220459,0.44999998807907104,-38.01989562183644,1.5776491864016862e-06
grid-r021-c040,21,40,8.199999809265137,4.40000057220459,0.44999998807907104,-38.49804290190218,1.4131742318568286e-06
grid-r021-c041,21,41,8.399999618530273,4.40000057220459,0.44999998807907104,-39.35884436739233,1.1590857411647448e-06
grid-r021-c042,21,42,8.600000381469727,4.40000057220459,0.44999998807907104,-37.72986688882711,1.6866047189978417e-06
grid-r021-c043,21,43,8.800000190734863,4.40000057220459,0.44999998807907104,-39.32903233417231,1.1670696267174208e-06
grid-r021-c044,21,44,9.0,4.40000057220459,0.44999998807907104,-39.230655241640164,1.1938079751416808e-06
grid-r021-c045,21,45,9.199999809265137,4.40000057220459,0.44999998807907104,-38.796552970351776,1.319303464697441e-06
grid-r021-c046,21,46,9.399999618530273,4.40000057220459,0.44999998807907104,-38.60342985785846,1.3792945310342475e-06
grid-r021-c047,21,47,9.600000381469727,4.40000057220459,0.44999998807907104,-37.8275106232571,1.649107389312121e-06
grid-r021-c048,21,48,9.800000190734863,4.40000057220459,0.44999998807907104,-39.117435754592584,1.2253394743311219e-06
grid-r021-c049,21,49,10.0,4.40000057220459,0.44999998807907104,-38.94277487359399,1.2756235037159058e-06
grid-r021-c050,21,50,10.200000762939453,4.40000057220459,0.44999998807907104,-38.98886204328488,1.2621582072824822e-06
grid-r021-c051,21,51,10.399999618530273,4.40000057220459,0.44999998807907104,-39.56623101820124,1.105037199522485e-06
grid-r021-c052,21,52,10.600000381469727,4.40000057220459,0.44999998807907104,-38.492513283084705,1.4149746903058258e-06
grid-r021-c053,21,53,10.800000190734863,4.40000057220459,0.44999998807907104,-39.02252758317877,1.2524120620582835e-06
grid-r021-c054,21,54,11.0,4.40000057220459,0.44999998807907104,-39.924269414289235,1.017590534502233e-06
grid-r021-c055,21,55,11.200000762939453,4.40000057220459,0.44999998807907104,-39.16957904146925,1.2107154816476395e-06
grid-r021-c056,21,56,11.399999618530273,4.40000057220459,0.44999998807907104,-41.110703571371666,7.743363426016003e-07
grid-r021-c057,21,57,11.600000381469727,4.40000057220459,0.44999998807907104,-38.631612565498095,1.370372842757206e-06
grid-r022-c000,22,0,0.19999980926513672,4.600000381469727,0.44999998807907104,-37.86812887609251,1.6337556871803827e-06
grid-r022-c001,22,1,0.40000009536743164,4.600000381469727,0.44999998807907104,-39.02732404102287,1.2510296301115886e-06
grid-r022-c002,22,2,0.5999999046325684,4.600000381469727,0.44999998807907104,-38.298482105084744,1.479625439060328e-06
grid-r022-c003,22,3,0.7999997138977051,4.600000381469727,0.44999998807907104,-38.33873889477242,1.4659734688393655e-06
grid-r022-c004,22,4,1.0,4.600000381469727,0.44999998807907104,-38.57803059283925,1.3873848274670308e-06
grid-r022-c005,22,5,1.1999998092651367,4.600000381469727,0.44999998807907104,-38.518761951729886,1.40644840485038e-06
grid-r022-c006,22,6,1.4000000953674316,4.600000381469727,0.44999998807907104,-38.19670965751439,1.5147084013733547e-06
grid-r022-c007,22,7,1.5999999046325684,4.600000381469727,0.44999998807907104,-38.609160678697776,1.3774756553175393e-06
grid-r022-c008,22,8,1.799999713897705,4.600000381469727,0.44999998807907104,-38.41861905362535,1.439256152480084e-06
grid-r022-c009,22,9,2.0,4.600000381469727,0.44999998807907104,-38.67078573275436,1.3580677205027314e-06
grid-r022-c010,22,10,2.200000047683716,4.600000381469727,0.44999998807907104,-38.5481341753501,1.3969684005132876e-06
grid-r022-c011,22,11,2.3999998569488525,4.600000381469727,0.44999998807907104,-38.39353173865977,1.4475941725322627e-06
grid-r022-c012,22,12,2.5999999046325684,4.600000381469727,0.44999998807907104,-38.8173821219889,1.312991116719786e-06
grid-r022-c013,22,13,2.799999952316284,4.600000381469727,0.44999998807907104,-38.23885783939253,1.5000792927821749e-06
grid-r022-c014,22,14,3.0,4.600000381469727,0.44999998807907104,-38.69751768841881,1.3497341342372238e-06
grid-r022-c015,22,15,3.200000047683716,4.600000381469727,0.44999998807907104,-38.64073647335346,1.3674969068233622e-06
grid-r022-c016,22,16,3.3999998569488525,4.600000381469727,0.44999998807907104,-38.36140680413231,1.4583417851099512e-06
grid-r022-c017,22,17,3.5999999046325684,4.600000381469727,0.44999998807907104,-38.52863771582908,1.4032538047104026e-06
grid-r022-c018,22,18,3.799999952316284,4.600000381469727,0.44999998807907104,-38.549431470644166,1.3965511698188493e-06
grid-r022-c019,22,19,4.0,4.600000381469727,0.44999998807907104,-38.65262081540521,1.363759906780615e-06
grid-r022-c020,22,20,4.199999809265137,4.600000381469727,0.44999998807907104,-38.77110527673381,1.3270566796563799e-06
grid-r022-c021,22,21,4.400000095367432,4.600000381469727,0.44999998807907104,-38.84365744034295,1.3050713505435851e-06
grid-r022-c022,22,22,4.599999904632568,4.600000381469727,0.44999998807907104,-38.79618660519087,1.3194147641115705e-06
grid-r022-c023,22,23,4.800000190734863,4.600000381469727,0.44999998807907104,-39.38381138222422,1.1524414276209427e-06
grid-r022-c024,22,24,5.0,4.600000381469727,0.44999998807907104,-39.32652898806828,1.167742539109895e-06
grid-r022-c025,22,25,5.199999809265137,4.600000381469727,0.44999998807907104,-39.45475491077714,1.1337688192725182e-06
grid-r022-c026,22,26,5.400000095367432,4.600000381469727,0.44999998807907104,-39.449214327991186,1.135216166403552e-06
grid-r022-c027,22,27,5.599999904632568,4.600000381469727,0.44999998807907104,-39.1527388073515,1.2154192745583714e-06
grid-r022-c028,22,28,5.800000190734863,4.600000381469727,0.44999998807907104,-39.824109344218485,1.0413316431368003e-06
grid-r022-c029,22,29,6.0,4.600000381469727,0.44999998807907104,-39.01907748947653,1.2534073903225362e-06
grid-r022-c030,22,30,6.199999809265137,4.600000381469727,0.44999998807907104,-39.48596190535718,1.1256511243118439e-06
grid-r022-c031,22,31,6.400000095367432,4.600000381469727,0.44999998807907104,-39.030279102029304,1.2501786841312423e-06
grid-r022-c032,22,32,6.599999904632568,4.600000381469727,0.44999998807907104,-39.406294141064286,1.1464908311609179e-06
grid-r022-c033,22,33,6.800000190734863,4.600000381469727,0.44999998807907104,-39.55808581828783,1.1071116432503914e-06
grid-r022-c034,22,34,7.0,4.600000381469727,0.44999998807907104,-39.63553308085562,1.0875436373680714e-06
grid-r022-c035,22,35,7.199999809265137,4.600000381469727,0.44999998807907104,-40.29703472012087,9.338917266177305e-07
grid-r022-c036,22,36,7.400000095367432,4.600000381469727,0.44999998807907104,-39.4604185588502,1.1322912314426503e-06
grid-r022-c037,22,37,7.599999904632568,4.600000381469727,0.44999998807907104,-39.90475488206798,1.0221732509307913e-06
grid-r022-c038,22,38,7.800000190734863,4.600000381469727,0.44999998807907104,-39.91875763674432,1.0188828127866145e-06
grid-r022-c039,22,39,8.0,4.600000381469727,0.44999998807907104,-39.02836884082599,1.2507287010521395e-06
grid-r022-c040,22,40,8.199999809265137,4.600000381469727,0.44999998807907104,-40.08248522677684,9.811863037612056e-07
grid-r022-c041,22,41,8.399999618530273,4.600000381469727,0.44999998807907104,-38.923849729700144,1.2811943861379405e-06
grid-r022-c042,22,42,8.600000381469727,4.600000381469727,0.44999998807907104,-39.35090728559394,1.161206000688253e-06
grid-r022-c043,22,43,8.800000190734863,4.600000381469727,0.44999998807907104,-38.9687922600653,1.2680044392254786e-06
grid-r022-c044,22,44,9.0,4.600000381469727,0.44999998807907104,-38.65331453948541,1.3635420827995404e-06
grid-r022-c045,22,45,9.199999809265137,4.600000381469727,0.44999998807907104,-38.9916176326184,1.2613576245712466e-06
grid-r022-c046,22,46,9.399999618530273,4.600000381469727,0.44999998807907104,-38.96551063680328,1.2689629329543095e-06
grid-r022-c047,22,47,9.600000381469727,4.600000381469727,0.44999998807907104,-39.60578705227413,1.0950180922009167e-06
grid-r022-c048,22,48,9.800000190734863,4.600000381469727,0.44999998807907104,-38.10149026246052,1.5482852404602454e-06
grid-r022-c049,22,49,10.0,4.600000381469727,0.44999998807907104,-38.5412078070765,1.3991981404615217e-06
grid-r022-c050,22,50,10.200000762939453,4.600000381469727,0.44999998807907104,-39.10678949624547,1.2283469459362095e-06
grid-r022-c051,22,51,10.399999618530273,4.600000381469727,0.44999998807907104,-39.144215199500174,1.2178070392110385e-06
grid-r022-c052,22,52,10.600000381469727,4.600000381469727,0.44999998807907104,-39.7147582800404,1.0678842272682232e-06
grid-r022-c053,22,53,10.800000190734863,4.600000381469727,0.44999998807907104,-39.02462735378765,1.2518066796474159e-06
grid-r022-c054,22,54,11.0,4.600000381469727,0.44999998807907104,-38.97717552206003,1.2655591490329243e-06
grid-r022-c055,22,55,11.200000762939453,4.600000381469727,0.44999998807907104,-40.00672940788608,9.98451696432312e-07
grid-r022-c056,22,56,11.399999618530273,4.600000381469727,0.44999998807907104,-39.314081497232124,1.1710942544596037e-06
grid-r022-c057,22,57,11.600000381469727,4.600000381469727,0.44999998807907104,-39.39253989840395,1.1501275594127947e-06
grid-r023-c000,23,0,0.19999980926513672,4.800000190734863,0.44999998807907104,-38.3906830060867,1.4485440260614268e-06
grid-r023-c001,23,1,0.40000009536743164,4.800000190734863,0.44999998807907104,-38.517983740533424,1.4067004485696089e-06
grid-r023-c002,23,2,0.5999999046325684,4.800000190734863,0.44999998807907104,-38.059081599293876,1.5634782357665244e-06
grid-r023-c003,23,3,0.7999997138977051,4.800000190734863,0.44999998807907104,-38.50139335640269,1.4120844298304291e-06
grid-r023-c004,23,4,1.0,4.800000190734863,0.44999998807907104,-38.38432876657543,1.4506649677059613e-06
grid-r023-c005,23,5,1.1999998092651367,4.800000190734863,0.44999998807907104,-38.502640737936005,1.4116789088802761e-06
grid-r023-c006,23,6,1.4000000953674316,4.800000190734863,0.44999998807907104,-38.73250823968554,1.3389031892074854e-06
grid-r023-c007,23,7,1.5999999046325684,4.800000190734863,0.44999998807907104,-38.165956822122084,1.5254722711688373e-06
grid-r023-c008,23,8,1.799999713897705,4.800000190734863,0.44999998807907104,-38.44272879806667,1.4312882967715268e-06
grid-r023-c009,23,9,2.0,4.800000190734863,0.44999998807907104,-38.42561018839531,1.4369411474035587e-06
grid-r023-c010,23,10,2.200000047683716,4.800000190734863,0.44999998807907104,-38.70706023714911,1.346771682619874e-06
grid-r023-c011,23,11,2.3999998569488525,4.800000190734863,0.44999998807907104,-38.78888371655017,1.3216352954259492e-06
grid-r023-c012,23,12,2.5999999046325684,4.800000190734863,0.44999998807907104,-38.487029378708485,1.416762529515836e-06
grid-r023-c013,23,13,2.799999952316284,4.800000190734863,0.44999998807907104,-38.78942656127974,1.3214701084507396e-06
grid-r023-c014,23,14,3.0,4.800000190734863,0.44999998807907104,-38.4897024662842,1.4158907788441866e-06
grid-r023-c015,23,15,3.200000047683716,4.800000190734863,0.44999998807907104,-38.48463796268885,1.417542875969957e-06
grid-r023-c016,23,16,3.3999998569488525,4.800000190734863,0.44999998807907104,-38.93988221861024,1.2764734265147126e-06
grid-r023-c017,23,17,3.5999999046325684,4.800000190734863,0.44999998807907104,-38.49895348320289,1.412877963957726e-06
grid-r023-c018,23,18,3.799999952316284,4.800000190734863,0.44999998807907104,-38.76001069607189,1.3304511412570719e-06
grid-r023-c019,23,19,4.0,4.800000190734863,0.44999998807907104,-38.60093450265139,1.3800872693536803e-06
grid-r023-c020,23,20,4.199999809265137,4.800000190734863,0.44999998807907104,-39.01432868696369,1.2547786809591344e-06
grid-r023-c021,23,21,4.400000095367432,4.800000190734863,0.44999998807907104,-38.49312466205547,1.4147755109661375e-06
grid-r023-c022,23,22,4.599999904632568,4.800000190734863,0.44999998807907104,-39.04245294770122,1.2466791758924956e-06
grid-r023-c023,23,23,4.800000190734863,4.800000190734863,0.44999998807907104,-39.257127985325255,1.1865531632793136e-06
grid-r023-c024,23,24,5.0,4.800000190734863,0.44999998807907104,-39.66319279202335,1.0806392083395622e-06
grid-r023-c025,23,25,5.199999809265137,4.800000190734863,0.44999998807907104,-39.31509556839007,1.1708208376148832e-06
grid-r023-c026,23,26,5.400000095367432,4.800000190734863,0.44999998807907104,-39.48173257623144,1.1267478612353443e-06
grid-r023-c027,23,27,5.599999904632568,4.800000190734863,0.44999998807907104,-39.32936359955653,1.1669806099234847e-06
grid-r023-c028,23,28,5.800000190734863,4.800000190734863,0.44999998807907104,-38.84010230183552,1.306140120505006e-06
grid-r023-c029,23,29,6.0,4.800000190734863,0.44999998807907104,-39.54583232892229,1.1102397365903016e-06
grid-r023-c030,23,30,6.199999809265137,4.800000190734863,0.44999998807907104,-39.45085344054951,1.134787794399017e-06
grid-r023-c031,23,31,6.400000095367432,4.800000190734863,0.44999998807907104,-39.641486264987165,1.0860538850465673e-06
grid-r023-c032,23,32,6.599999904632568,4.800000190734863,0.44999998807907104,-39.61902241365582,1.0916860446741339e-06
grid-r023-c033,23,33,6.800000190734863,4.800000190734863,0.44999998807907104,-39.802116724287906,1.0466183084645309e-06
grid-r023-c034,23,34,7.0,4.800000190734863,0.44999998807907104,-40.386862792100004,9.147738069259503e-07
grid-r023-c035,23,35,7.199999809265137,4.800000190734863,0.44999998807907104,-39.415433951077105,1.144080556514382e-06
grid-r023-c036,23,36,7.400000095367432,4.800000190734863,0.44999998807907104,-40.24737709445769,9.446312105865218e-07
grid-r023-c037,23,37,7.599999904632568,4.800000190734863,0.44999998807907104,-39.86629954663116,1.0312644462828757e-06
grid-r023-c038,23,38,7.800000190734863,4.800000190734863,0.44999998807907104,-39.67650324977874,1.0773322856039158e-06
grid-r023-c039,23,39,8.0,4.800000190734863,0.44999998807907104,-40.16464398480942,9.627989356886246e-07
grid-r023-c040,23,40,8.199999809265137,4.800000190734863,0.44999998807907104,-40.18759752676807,9.577237278790562e-07
grid-r023-c041,23,41,8.399999618530273,4.800000190734863,0.44999998807907104,-40.315390583146225,9.299528755946085e-07
grid-r023-c042,23,42,8.600000381469727,4.800000190734863,0.44999998807907104,-39.66770694808751,1.0795165508170612e-06
grid-r023-c043,23,43,8.800000190734863,4.800000190734863,0.44999998807907104,-39.019687706297354,1.2532312894109054e-06
grid-r023-c044,23,44,9.0,4.800000190734863,0.44999998807907104,-38.840921907564535,1.3058936474408256e-06
grid-r023-c045,23,45,9.199999809265137,4.800000190734863,0.44999998807907104,-38.669542180709094,1.358456643174577e-06
grid-r023-c046,23,46,9.399999618530273,4.800000190734863,0.44999998807907104,-38.798663820618074,1.3186623846195289e-06
grid-r023-c047,23,47,9.600000381469727,4.800000190734863,0.44999998807907104,-39.194450777872504,1.2038016166115995e-06
grid-r023-c048,23,48,9.800000190734863,4.800000190734863,0.44999998807907104,-39.98903860558963,1.0025271421909565e-06
grid-r023-c049,23,49,10.0,4.800000190734863,0.44999998807907104,-38.92149074146257,1.28189049064531e-06
grid-r023-c050,23,50,10.200000762939453,4.800000190734863,0.44999998807907104,-39.288246832504115,1.1780814475059742e-06
grid-r023-c051,23,51,10.399999618530273,4.800000190734863,0.44999998807907104,-39.306996776896625,1.1730062396964058e-06
grid-r023-c052,23,52,10.600000381469727,4.800000190734863,0.44999998807907104,-39.39106640358142,1.150517846326693e-06
grid-r023-c053,23,53,10.800000190734863,4.800000190734863,0.44999998807907104,-39.03539964937144,1.2487055300880456e-06
grid-r023-c054,23,54,11.0,4.800000190734863,0.44999998807907104,-39.24487837845043,1.1899046512553468e-06
grid-r023-c055,23,55,11.200000762939453,4.800000190734863,0.44999998807907104,-39.0530762557238,1.2436333918230957e-06
grid-r023-c056,23,56,11.399999618530273,4.800000190734863,0.44999998807907104,-39.61949732198157,1.0915666734945262e-06
grid-r023-c057,23,57,11.600000381469727,4.800000190734863,0.44999998807907104,-41.114118435227816,7.737277201158577e-07
grid-r024-c000,24,0,0.19999980926513672,5.000000476837158,0.44999998807907104,-38.48747721878476,1.4166164419293636e-06
grid-r024-c001,24,1,0.40000009536743164,5.000000476837158,0.44999998807907104,-38.83960789126074,1.306288822888746e-06
grid-r024-c002,24,2,0.5999999046325684,5.000000476837158,0.44999998807907104,-38.656452526600575,1.362557213724358e-06
grid-r024-c003,24,3,0.7999997138977051,5.000000476837158,0.44999998807907104,-38.33308034929594,1.4678847719551413e-06
grid-r024-c004,24,4,1.0,5.000000476837158,0.44999998807907104,-38.52460105146315,1.4045587022337713e-06
grid-r024-c005,24,5,1.1999998092651367,5.000000476837158,0.44999998807907104,-38.69002995810965,1.3520632364816265e-06
grid-r024-c006,24,6,1.4000000953674316,5.000000476837158,0.44999998807907104,-38.35956001548101,1.4589620604965603e-06
grid-r024-c007,24,7,1.5999999046325684,5.000000476837158,0.44999998807907104,-38.88895272895911,1.291530679736752e-06
grid-r024-c008,24,8,1.799999713897705,5.000000476837158,0.44999998807907104,-38.55630688492649,1.3943420071882429e-06
grid-r024-c009,24,9,2.0,5.000000476837158,0.44999998807907104,-38.50729841624737,1.4101657370702014e-06
grid-r024-c010,24,10,2.200000047683716,5.000000476837158,0.44999998807907104,-38.912934325742626,1.2844185448557255e-06
grid-r024-c011,24,11,2.3999998569488525,5.000000476837158,0.44999998807907104,-38.43021655184491,1.4354178574649268e-06
grid-r024-c012,24,12,2.5999999046325684,5.000000476837158,0.44999998807907104,-39.02849516535171,1.2506923212640686e-06
grid-r024-c013,24,13,2.799999952316284,5.000000476837158,0.44999998807907104,-38.38468342707892,1.4505465060210554e-06
grid-r024-c014,24,14,3.0,5.000000476837158,0.44999998807907104,-38.65914605575844,1.3617124068332487e-06
grid-r024-c015,24,15,3.200000047683716,5.000000476837158,0.44999998807907104,-38.70381404758064,1.347778720628412e-06
grid-r024-c016,24,16,3.3999998569488525,5.000000476837158,0.44999998807907104,-38.621660795632124,1.3735166248807218e-06
grid-r024-c017,24,17,3.5999999046325684,5.000000476837158,0.44999998807907104,-38.77686289408966,1.325298512711015e-06
grid-r024-c018,24,18,3.799999952316284,5.000000476837158,0.44999998807907104,-38.67517608979817,1.3566955203714315e-06
grid-r024-c019,24,19,4.0,5.000000476837158,0.44999998807907104,-38.959505746539975,1.2707187124760821e-06
grid-r024-c020,24,20,4.199999809265137,5.000000476837158,0.44999998807907104,-38.79909742246071,1.3185307352614473e-06
grid-r024-c021,24,21,4.400000095367432,5.000000476837158,0.44999998807907104,-38.92422085820682,1.2810849057132145e-06
grid-r024-c022,24,22,4.599999904632568,5.000000476837158,0.44999998807907104,-38.76142260495021,1.3300186765263788e-06
grid-r024-c023,24,23,4.800000190734863,5.000000476837158,0.44999998807907104,-39.678375328714566,1.0768679885586607e-06
grid-r024-c024,24,24,5.0,5.000000476837158,0.44999998807907104,-39.36300510419214,1.1579758165680687e-06
grid-r024-c025,24,25,5.199999809265137,5.000000476837158,0.44999998807907104,-39.30197774396406,1.1743626373572624e-06
grid-r024-c026,24,26,5.400000095367432,5.000000476837158,0.44999998807907104,-39.60867823661953,1.0942893595711212e-06
grid-r024-c027,24,27,5.599999904632568,5.000000476837158,0.44999998807907104,-39.45909404075594,1.1326366120556486e-06
grid-r024-c028,24,28,5.800000190734863,5.000000476837158,0.44999998807907104,-39.67896361415613,1.0767221283458639e-06
grid-r024-c029,24,29,6.0,5.000000476837158,0.44999998807907104,-39.58333571941565,1.1006935665136552e-06
grid-r024-c030,24,30,6.199999809265137,5.000000476837158,0.44999998807907104,-39.76449816334415,1.055723487297655e-06
grid-r024-c031,24,31,6.400000095367432,5.000000476837158,0.44999998807907104,-39.730151711883224,1.0641058452165453e-06
grid-r024-c032,24,32,6.599999904632568,5.000000476837158,0.44999998807907104,-39.911521056868686,1.0205819762632018e-06
grid-r024-c033,24,33,6.800000190734863,5.000000476837158,0.44999998807907104,-40.04189544261931,9.903995987770031e-07
grid-r024-c034,24,34,7.0,5.000000476837158,0.44999998807907104,-39.56955785847248,1.104191028389323e-06
grid-r024-c035,24,35,7.199999809265137,5.000000476837158,0.44999998807907104,-39.97472776497635,1.0058361112896819e-06
grid-r024-c036,24,36,7.400000095367432,5.000000476837158,0.44999998807907104,-40.06018477769945,9.862375236480148e-07
grid-r024-c037,24,37,7.599999904632568,5.000000476837158,0.44999998807907104,-40.49352611286584,8.925804877435439e-07
grid-r024-c038,24,38,7.800000190734863,5.000000476837158,0.44999998807907104,-40.2013824952678,9.546886303724023e-07
grid-r024-c039,24,39,8.0,5.000000476837158,0.44999998807907104,-40.110236773730215,9.749364835442975e-07
grid-r024-c040,24,40,8.199999809265137,5.000000476837158,0.44999998807907104,-39.460952316926104,1.132152078753279e-06
grid-r024-c041,24,41,8.399999618530273,5.000000476837158,0.44999998807907104,-39.70599958586482,1.0700400707719382e-06
grid-r024-c042,24,42,8.600000381469727,5.000000476837158,0.44999998807907104,-40.82915470001693,8.261987431978923e-07
grid-r024-c043,24,43,8.800000190734863,5.000000476837158,0.44999998807907104,-39.943826213839586,1.0130185046364204e-06
grid-r024-c044,24,44,9.0,5.000000476837158,0.44999998807907104,-39.055157486984164,1.2430375591065967e-06
grid-r024-c045,24,45,9.199999809265137,5.000000476837158,0.44999998807907104,-39.69136824263358,1.0736511057984899e-06
grid-r024-c046,24,46,9.399999618530273,5.000000476837158,0.44999998807907104,-39.53500201482538,1.1130118764413055e-06
grid-r024-c047,24,47,9.600000381469727,5.000000476837158,0.44999998807907104,-38.865064051279994,1.2986544106752262e-06
grid-r024-c048,24,48,9.800000190734863,5.000000476837158,0.44999998807907104,-38.842131940432225,1.3055298495601164e-06
grid-r024-c049,24,49,10.0,5.000000476837158,0.44999998807907104,-39.9520841199963,1.0110941275343066e-06
grid-r024-c050,24,50,10.200000762939453,5.000000476837158,0.44999998807907104,-39.21748408532015,1.1974340168308117e-06
grid-r024-c051,24,51,10.399999618530273,5.000000476837158,0.44999998807907104,-39.50526288055719,1.1206595900148386e-06
grid-r024-c052,24,52,10.600000381469727,5.000000476837158,0.44999998807907104,-39.50498620767402,1.1207309853489278e-06
grid-r024-c053,24,53,10.800000190734863,5.000000476837158,0.44999998807907104,-39.4063647681508,1.1464721865195315e-06
grid-r024-c054,24,54,11.0,5.000000476837158,0.44999998807907104,-39.567058579093725,1.1048266514990246e-06
grid-r024-c055,24,55,11.200000762939453,5.000000476837158,0.44999998807907104,-39.57062890750365,1.1039187484129798e-06
grid-r024-c056,24,56,11.399999618530273,5.000000476837158,0.44999998807907104,-39.07253957845114,1.2380724001559429e-06
grid-r024-c057,24,57,11.600000381469727,5.000000476837158,0.44999998807907104,-41.363227691837594,7.305959002223972e-07
grid-r025-c000,25,0,0.19999980926513672,5.200000762939453,0.44999998807907104,-38.54135389789561,1.399151074110705e-06
grid-r025-c001,25,1,0.40000009536743164,5.200000762939453,0.44999998807907104,-38.57030394925731,1.3898553561375593e-06
grid-r025-c002,25,2,0.5999999046325684,5.200000762939453,0.44999998807907104,-38.658004427576024,1.362070406685234e-06
grid-r025-c003,25,3,0.7999997138977051,5.200000762939453,0.44999998807907104,-38.644545061029774,1.3662981928064255e-06
grid-r025-c004,25,4,1.0,5.200000762939453,0.44999998807907104,-38.4524049733665,1.4281029052654048e-06
grid-r025-c005,25,5,1.1999998092651367,5.200000762939453,0.44999998807907104,-38.86654818714038,1.2982106909475988e-06
grid-r025-c006,25,6,1.4000000953674316,5.200000762939453,0.44999998807907104,-38.777878947942,1.3249884887045482e-06
grid-r025-c007,25,7,1.5999999046325684,5.200000762939453,0.44999998807907104,-38.52399506689483,1.4047546983420034e-06
grid-r025-c008,25,8,1.799999713897705,5.200000762939453,0.44999998807907104,-38.694106094595256,1.3507948324331664e-06
grid-r025-c009,25,9,2.0,5.200000762939453,0.44999998807907104,-38.73324103018114,1.3386772934609326e-06
grid-r025-c010,25,10,2.200000047683716,5.200000762939453,0.44999998807907104,-38.71204271437402,1.3452274743031012e-06
grid-r025-c011,25,11,2.3999998569488525,5.200000762939453,0.44999998807907104,-38.952916693377944,1.2726480917990557e-06
grid-r025-c012,25,12,2.5999999046325684,5.200000762939453,0.44999998807907104,-38.57264171861757,1.3891074104321888e-06
grid-r025-c013,25,13,2.799999952316284,5.200000762939453,0.44999998807907104,-38.648892679766064,1.364931108582823e-06
grid-r025-c014,25,14,3.0,5.200000762939453,0.44999998807907104,-38.909405009188404,1.2854627584601985e-06
grid-r025-c015,25,15,3.200000047683716,5.200000762939453,0.44999998807907104,-38.73018566473778,1.3396194162851316e-06
grid-r025-c016,25,16,3.3999998569488525,5.200000762939453,0.44999998807907104,-38.989246202625864,1.2620465668078396e-06
grid-r025-c017,25,17,3.5999999046325684,5.200000762939453,0.44999998807907104,-38.625689067492445,1.372243218611402e-06
grid-r025-c018,25,18,3.799999952316284,5.200000762939453,0.44999998807907104,-39.12450016249594,1.2233479083079146e-06
grid-r025-c019,25,19,4.0,5.200000762939453,0.44999998807907104,-38.733788398767935,1.3385085821937537e-06
grid-r025-c020,25,20,4.199999809265137,5.200000762939453,0.44999998807907104,-38.70795668329929,1.3464937183016445e-06
grid-r025-c021,25,21,4.400000095367432,5.200000762939453,0.44999998807907104,-39.020337411596344,1.2530438198155025e-06
grid-r025-c022,25,22,4.599999904632568,5.200000762939453,0.44999998807907104,-38.65967256020657,1.3615473335448769e-06
grid-r025-c023,25,23,4.800000190734863,5.200000762939453,0.44999998807907104,-39.07316014602121,1.237895503436448e-06
grid-r025-c024,25,24,5.0,5.200000762939453,0.44999998807907104,-39.43339141894454,1.1393597105779918e-06
grid-r025-c025,25,25,5.199999809265137,5.200000762939453,0.44999998807907104,-39.92393609418411,1.0176686373597477e-06
grid-r025-c026,25,26,5.400000095367432,5.200000762939453,0.44999998807907104,-39.63425619024961,1.0878634384425823e-06
grid-r025-c027,25,27,5.599999904632568,5.200000762939453,0.44999998807907104,-39.93437916964059,1.0152244840355706e-06
grid-r025-c028,25,28,5.800000190734863,5.200000762939453,0.44999998807907104,-39.35652387733073,1.15970522074349e-06
grid-r025-c029,25,29,6.0,5.200000762939453,0.44999998807907104,-39.70960013775455,1.0691533134377096e-06
grid-r025-c030,25,30,6.199999809265137,5.200000762939453,0.44999998807907104,-39.49058656840022,1.1244530924159335e-06
grid-r025-c031,25,31,6.400000095367432,5.200000762939453,0.44999998807907104,-40.229990643565245,9.48420506574621e-07
grid-r025-c032,25,32,6.599999904632568,5.200000762939453,0.44999998807907104,-39.658321398756236,1.0818520195243764e-06
grid-r025-c033,25,33,6.800000190734863,5.200000762939453,0.44999998807907104,-39.98524906315862,1.0034023034677375e-06
grid-r025-c034,25,34,7.0,5.200000762939453,0.44999998807907104,-40.76296011116412,8.388880132770282e-07
grid-r025-c035,25,35,7.199999809265137,5.200000762939453,0.44999998807907104,-40.0477565269083,9.890638921206119e-07
grid-r025-c036,25,36,7.400000095367432,5.200000762939453,0.44999998807907104,-40.120121852332204,9.727199312692392e-07
grid-r025-c037,25,37,7.599999904632568,5.200000762939453,0.44999998807907104,-40.191623106392655,9.56836402110639e-07
grid-r025-c038,25,38,7.800000190734863,5.200000762939453,0.44999998807907104,-40.17056896175144,9.614863074602908e-07
grid-r025-c039,25,39,8.0,5.200000762939453,0.44999998807907104,-40.90755070809653,8.114185447993805e-07
grid-r025-c040,25,40,8.199999809265137,5.200000762939453,0.44999998807907104,-40.232360222358075,9.479031746195687e-07
grid-r025-c041,25,41,8.399999618530273,5.200000762939453,0.44999998807907104,-40.18587187399273,9.581043514117482e-07
grid-r025-c042,25,42,8.600000381469727,5.200000762939453,0.44999998807907104,-40.420888681298955,9.076347851078026e-07
grid-r025-c043,25,43,8.800000190734863,5.200000762939453,0.44999998807907104,-39.2754211678954,1.1815657217084663e-06
grid-r025-c044,25,44,9.0,5.200000762939453,0.44999998807907104,-40.399421411171865,9.121323500949075e-07
grid-r025-c045,25,45,9.199999809265137,5.200000762939453,0.44999998807907104,-39.94461390842418,1.0128347867066623e-06
grid-r025-c046,25,46,9.399999618530273,5.200000762939453,0.44999998807907104,-40.50617998035915,8.899835961528879e-07
grid-r025-c047,25,47,9.600000381469727,5.200000762939453,0.44999998807907104,-40.39411938460206,9.13246594791417e-07
grid-r025-c048,25,48,9.800000190734863,5.200000762939453,0.44999998807907104,-38.43525411007569,1.4337538232211955e-06
grid-r025-c049,25,49,10.0,5.200000762939453,0.44999998807907104,-39.29763814645518,1.1755366813304136e-06
grid-r025-c050,25,50,10.200000762939453,5.200000762939453,0.44999998807907104,-39.972511066998024,1.0063496347356704e-06
grid-r025-c051,25,51,10.399999618530273,5.200000762939453,0.44999998807907104,-39.215276217464904,1.1980429235336487e-06
grid-r025-c052,25,52,10.600000381469727,5.200000762939453,0.44999998807907104,-39.956963694073934,1.0099587370859808e-06
grid-r025-c053,25,53,10.800000190734863,5.200000762939453,0.44999998807907104,-40.41965592437648,9.078924563254986e-07
grid-r025-c054,25,54,11.0,5.200000762939453,0.44999998807907104,-40.06463210793452,9.852280982158845e-07
grid-r025-c055,25,55,11.200000762939453,5.200000762939453,0.44999998807907104,-39.41045491543248,1.1453929573690402e-06
grid-r025-c056,25,56,11.399999618530273,5.200000762939453,0.44999998807907104,-39.73941821362408,1.061837792803999e-06
grid-r025-c057,25,57,11.600000381469727,5.200000762939453,0.44999998807907104,-38.67645401910835,1.3562963658841909e-06
grid-r026-c000,26,0,0.19999980926513672,5.40000057220459,0.44999998807907104,-38.13586633692478,1.5360783436335623e-06
grid-r026-c001,26,1,0.40000009536743164,5.40000057220459,0.44999998807907104,-38.7813909518031,1.3239174450063729e-06
grid-r026-c002,26,2,0.5999999046325684,5.40000057220459,0.44999998807907104,-38.7310868975362,1.3393414519669022e-06
grid-r026-c003,26,3,0.7999997138977051,5.40000057220459,0.44999998807907104,-38.67988747233036,1.3552245263781515e-06
grid-r026-c004,26,4,1.0,5.40000057220459,0.44999998807907104,-38.7887611842499,1.3216725847087218e-06
grid-r026-c005,26,5,1.1999998092651367,5.40000057220459,0.44999998807907104,-38.54058891642505,1.3993975471748854e-06
grid-r026-c006,26,6,1.4000000953674316,5.40000057220459,0.44999998807907104,-38.88472172430406,1.2927895340908435e-06
grid-r026-c007,26,7,1.5999999046325684,5.40000057220459,0.44999998807907104,-38.60163218453019,1.3798655800201232e-06
grid-r026-c008,26,8,1.799999713897705,5.40000057220459,0.44999998807907104,-38.63468406783604,1.3694040035261423e-06
grid-r026-c009,26,9,2.0,5.40000057220459,0.44999998807907104,-38.86653411531825,1.2982148973605945e-06
grid-r026-c010,26,10,2.200000047683716,5.40000057220459,0.44999998807907104,-38.8586648446166,1.3005693517698091e-06
grid-r026-c011,26,11,2.3999998569488525,5.40000057220459,0.44999998807907104,-38.41263696702651,1.4412399877983262e-06
grid-r026-c012,26,12,2.5999999046325684,5.40000057220459,0.44999998807907104,-38.85843517429777,1.3006381323066307e-06
grid-r026-c013,26,13,2.799999952316284,5.40000057220459,0.44999998807907104,-38.99734962863594,1.2596939313880284e-06
grid-r026-c014,26,14,3.0,5.40000057220459,0.44999998807907104,-38.670433459854614,1.3581778830484836e-06
grid-r026-c015,26,15,3.200000047683716,5.40000057220459,0.44999998807907104,-39.01216152297196,1.2554049817481427e-06
grid-r026-c016,26,16,3.3999998569488525,5.40000057220459,0.44999998807907104,-38.71712939191704,1.343652797913819e-06
grid-r026-c017,26,17,3.5999999046325684,5.40000057220459,0.44999998807907104,-38.930262803213,1.2793038877134677e-06
grid-r026-c018,26,18,3.799999952316284,5.40000057220459,0.44999998807907104,-38.84550668784148,1.3045157629676396e-06
grid-r026-c019,26,19,4.0,5.40000057220459,0.44999998807907104,-39.06411167615269,1.240477331521106e-06
grid-r026-c020,26,20,4.199999809265137,5.40000057220459,0.44999998807907104,-38.91248882432429,1.2845503079006448e-06
grid-r026-c021,26,21,4.400000095367432,5.40000057220459,0.44999998807907104,-39.17387575928737,1.2095182455595932e-06
grid-r026-c022,26,22,4.599999904632568,5.40000057220459,0.44999998807907104,-39.04496536424787,1.245958173967665e-06
grid-r026-c023,26,23,4.800000190734863,5.40000057220459,0.44999998807907104,-38.96568884182976,1.268910864382633e-06
grid-r026-c024,26,24,5.0,5.40000057220459,0.44999998807907104,-39.69483701735058,1.072793907042069e-06
grid-r026-c025,26,25,5.199999809265137,5.40000057220459,0.44999998807907104,-39.80890712066558,1.0449831506775809e-06
grid-r026-c026,26,26,5.400000095367432,5.40000057220459,0.44999998807907104,-39.79255510489367,1.0489251280887402e-06
grid-r026-c027,26,27,5.599999904632568,5.40000057220459,0.44999998807907104,-39.682799739724445,1.0757714790088357e-06
grid-r026-c028,26,28,5.800000190734863,5.40000057220459,0.44999998807907104,-40.187950679426166,9.57645852395217e-07
grid-r026-c029,26,29,6.0,5.40000057220459,0.44999998807907104,-39.30853591403335,1.1725906006176956e-06
grid-r026-c030,26,30,6.199999809265137,5.40000057220459,0.44999998807907104,-39.79938241486856,1.0472774647496408e-06
grid-r026-c031,26,31,6.400000095367432,5.40000057220459,0.44999998807907104,-40.17112359114313,9.613635256755515e-07
grid-r026-c032,26,32,6.599999904632568,5.40000057220459,0.44999998807907104,-39.83045700877558,1.0398107406217605e-06
grid-r026-c033,26,33,6.800000190734863,5.40000057220459,0.44999998807907104,-40.639025533481345,8.631722039353917e-07
grid-r026-c034,26,34,7.0,5.40000057220459,0.44999998807907104,-40.6302835751779,8.649114420222759e-07
grid-r026-c035,26,35,7.199999809265137,5.40000057220459,0.44999998807907104,-40.18092807888262,9.59195631367038e-07
grid-r026-c036,26,36,7.400000095367432,5.40000057220459,0.44999998807907104,-40.024579957573856,9.943562417902285e-07
grid-r026-c037,26,37,7.599999904632568,5.40000057220459,0.44999998807907104,-40.348539807075184,9.228816679751617e-07
grid-r026-c038,26,38,7.800000190734863,5.40000057220459,0.44999998807907104,-40.17534828795547,9.604287924958044e-07
grid-r026-c039,26,39,8.0,5.40000057220459,0.44999998807907104,-40.06886177073399,9.84269036052865e-07
grid-r026-c040,26,40,8.199999809265137,5.40000057220459,0.44999998807907104,-41.24176338818812,7.513177706641727e-07
grid-r026-c041,26,41,8.399999618530273,5.40000057220459,0.44999998807907104,-39.51057065714561,1.1192908004886704e-06
grid-r026-c042,26,42,8.600000381469727,5.40000057220459,0.44999998807907104,-40.795506987720046,8.326247211698501e-07
grid-r026-c043,26,43,8.800000190734863,5.40000057220459,0.44999998807907104,-39.47773062983167,1.1277866178716067e-06
grid-r026-c044,26,44,9.0,5.40000057220459,0.44999998807907104,-40.5187325632576,8.874149557414057e-07
grid-r026-c045,26,45,9.199999809265137,5.40000057220459,0.44999998807907104,-39.17166791245246,1.2101332913516671e-06
grid-r026-c046,26,46,9.399999618530273,5.40000057220459,0.44999998807907104,-40.76507620439129,8.384793659388379e-07
grid-r026-c047,26,47,9.600000381469727,5.40000057220459,0.44999998807907104,-40.589965421708804,8.729783189664886e-07
grid-r026-c048,26,48,9.800000190734863,5.40000057220459,0.44999998807907104,-40.07450622978864,9.829906275626854e-07
grid-r026-c049,26,49,10.0,5.40000057220459,0.44999998807907104,-40.96328807260768,8.010713372641476e-07
grid-r026-c050,26,50,10.200000762939453,5.40000057220459,0.44999998807907104,-40.46255061655585,8.989694606498233e-07
grid-r026-c051,26,51,10.399999618530273,5.40000057220459,0.44999998807907104,-39.86875104806317,1.0306824833605788e-06
grid-r026-c052,26,52,10.600000381469727,5.40000057220459,0.44999998807907104,-39.01465922632178,1.2546831840154482e-06
grid-r026-c053,26,53,10.800000190734863,5.40000057220459,0.44999998807907104,-40.37517114662265,9.172397881229699e-07
grid-r026-c054,26,54,11.0,5.40000057220459,0.44999998807907104,-39.16698780693957,1.2114380751881981e-06
grid-r026-c055,26,55,11.200000762939453,5.40000057220459,0.44999998807907104,-40.138564885740294,9.685978739071288e-07
grid-r026-c056,26,56,11.399999618530273,5.40000057220459,0.44999998807907104,-39.28302210483861,1.1794995771197136e-06
grid-r026-c057,26,57,11.600000381469727,5.40000057220459,0.44999998807907104,-40.76062415756006,8.39339350022783e-07
grid-r027-c000,27,0,0.19999980926513672,5.600000381469727,0.44999998807907104,-38.79186291278704,1.3207289839556324e-06
grid-r027-c001,27,1,0.40000009536743164,5.600000381469727,0.44999998807907104,-38.39697965225404,1.4464453670370858e-06
grid-r027-c002,27,2,0.5999999046325684,5.600000381469727,0.44999998807907104,-39.020728700067096,1.252930928785645e-06
grid-r027-c003,27,3,0.7999997138977051,5.600000381469727,0.44999998807907104,-38.835118815748345,1.3076397635813919e-06
grid-r027-c004,27,4,1.0,5.600000381469727,0.44999998807907104,-38.71308262816655,1.3449053994918359e-06
grid-r027-c005,27,5,1.1999998092651367,5.600000381469727,0.44999998807907104,-38.96782047613166,1.2682882015724317e-06
grid-r027-c006,27,6,1.4000000953674316,5.600000381469727,0.44999998807907104,-38.91620106626905,1.2834527751692804e-06
grid-r027-c007,27,7,1.5999999046325684,5.600000381469727,0.44999998807907104,-38.97815330398511,1.265274249817594e-06
grid-r027-c008,27,8,1.799999713897705,5.600000381469727,0.44999998807907104,-38.952033399882566,1.2729069567285478e-06
grid-r027-c009,27,9,2.0,5.600000381469727,0.44999998807907104,-38.47201359546397,1.4216694808055763e-06
grid-r027-c010,27,10,2.200000047683716,5.600000381469727,0.44999998807907104,-39.17589032734366,1.2089573147022747e-06
grid-r027-c011,27,11,2.3999998569488525,5.600000381469727,0.44999998807907104,-38.9965673690676,1.2599208503161208e-06
grid-r027-c012,27,12,2.5999999046325684,5.600000381469727,0.44999998807907104,-39.172520718388625,1.209895685860829e-06
grid-r027-c013,27,13,2.799999952316284,5.600000381469727,0.44999998807907104,-38.718200295886824,1.3433215144686983e-06
grid-r027-c014,27,14,3.0,5.600000381469727,0.44999998807907104,-39.08155249305848,1.235505692420702e-06
grid-r027-c015,27,15,3.200000047683716,5.600000381469727,0.44999998807907104,-38.95408771240632,1.2723049849228119e-06
grid-r027-c016,27,16,3.3999998569488525,5.600000381469727,0.44999998807907104,-39.16570784453046,1.2117951655454817e-06
grid-r027-c017,27,17,3.5999999046325684,5.600000381469727,0.44999998807907104,-38.853168997516185,1.3022162193010445e-06
grid-r027-c018,27,18,3.799999952316284,5.600000381469727,0.44999998807907104,-39.28369526190647,1.1793167686846573e-06
grid-r027-c019,27,19,4.0,5.600000381469727,0.44999998807907104,-39.169611258173035,1.2107065003874595e-06
grid-r027-c020,27,20,4.199999809265137,5.600000381469727,0.44999998807907104,-38.407429494242606,1.442969164600072e-06
grid-r027-c021,27,21,4.400000095367432,5.600000381469727,0.44999998807907104,-39.013603949428,1.2549880921142176e-06
grid-r027-c022,27,22,4.599999904632568,5.600000381469727,0.44999998807907104,-39.108864864703214,1.2277600944798905e-06
grid-r027-c023,27,23,4.800000190734863,5.600000381469727,0.44999998807907104,-39.35104845167824,1.1611682566581294e-06
grid-r027-c024,27,24,5.0,5.600000381469727,0.44999998807907104,-39.73289569406048,1.063433728631935e-06
grid-r027-c025,27,25,5.199999809265137,5.600000381469727,0.44999998807907104,-39.899727083776256,1.0233572993456619e-06
grid-r027-c026,27,26,5.400000095367432,5.600000381469727,0.44999998807907104,-39.80026882540205,1.0470637334947241e-06
grid-r027-c027,27,27,5.599999904632568,5.600000381469727,0.44999998807907104,-39.46160608551465,1.1319816621835344e-06
grid-r027-c028,27,28,5.800000190734863,5.600000381469727,0.44999998807907104,-39.77820816535541,1.052395987244381e-06
grid-r027-c029,27,29,6.0,5.600000381469727,0.44999998807907104,-40.117071844871745,9.734033028507838e-07
grid-r027-c030,27,30,6.199999809265137,5.600000381469727,0.44999998807907104,-39.878618447818475,1.0283433766744565e-06
grid-r027-c031,27,31,6.400000095367432,5.600000381469727,0.44999998807907104,-40.474890522228776,8.964187827587011e-07
grid-r027-c032,27,32,6.599999904632568,5.600000381469727,0.44999998807907104,-40.245123640766295,9.451214850741962e-07
grid-r027-c033,27,33,6.800000190734863,5.600000381469727,0.44999998807907104,-40.08893251507223,9.797307711778558e-07
grid-r027-c034,27,34,7.0,5.600000381469727,0.44999998807907104,-40.51552707812103,8.880701898306143e-07
grid-r027-c035,27,35,7.199999809265137,5.600000381469727,0.44999998807907104,-40.127551598764455,9.710572612675605e-07
grid-r027-c036,27,36,7.400000095367432,5.600000381469727,0.44999998807907104,-40.931929178163635,8.068765282587265e-07
grid-r027-c037,27,37,7.599999904632568,5.600000381469727,0.44999998807907104,-40.76553965133524,8.38389894397551e-07
grid-r027-c038,27,38,7.800000190734863,5.600000381469727,0.44999998807907104,-40.12704521044866,9.711704933579313e-07
grid-r027-c039,27,39,8.0,5.600000381469727,0.44999998807907104,-40.1044738971314,9.762310355654336e-07
grid-r027-c040,27,40,8.199999809265137,5.600000381469727,0.44999998807907104,-40.70500606828567,8.501575052832777e-07
grid-r027-c041,27,41,8.399999618530273,5.600000381469727,0.44999998807907104,-40.84466796086261,8.232527761720121e-07
grid-r027-c042,27,42,8.600000381469727,5.600000381469727,0.44999998807907104,-39.28644716463607,1.1785697324739886e-06
grid-r027-c043,27,43,8.800000190734863,5.600000381469727,0.44999998807907104,-40.8486154281404,8.225048304666416e-07
grid-r027-c044,27,44,9.0,5.600000381469727,0.44999998807907104,-40.4444860878864,9.027165219777089e-07
grid-r027-c045,27,45,9.199999809265137,5.600000381469727,0.44999998807907104,-39.5910664845022,1.0987359928549267e-06
grid-r027-c046,27,46,9.399999618530273,5.600000381469727,0.44999998807907104,-40.43413384135895,9.048708875525335e-07
grid-r027-c047,27,47,9.600000381469727,5.600000381469727,0.44999998807907104,-40.266349260877476,9.405135870110826e-07
grid-r027-c048,27,48,9.800000190734863,5.600000381469727,0.44999998807907104,-41.11033727166338,7.744016556898714e-07
grid-r027-c049,27,49,10.0,5.600000381469727,0.44999998807907104,-40.59125342943843,8.727194540369965e-07
grid-r027-c050,27,50,10.200000762939453,5.600000381469727,0.44999998807907104,-40.72149018284723,8.469367571706243e-07
grid-r027-c051,27,51,10.399999618530273,5.600000381469727,0.44999998807907104,-40.612760165988476,8.684083354637551e-07
grid-r027-c052,27,52,10.600000381469727,5.600000381469727,0.44999998807907104,-42.042386643965166,6.248292265809141e-07
grid-r027-c053,27,53,10.800000190734863,5.600000381469727,0.44999998807907104,-40.73682446247573,8.43951625029149e-07
grid-r027-c054,27,54,11.0,5.600000381469727,0.44999998807907104,-40.73847572648052,8.436308007730986e-07
grid-r027-c055,27,55,11.200000762939453,5.600000381469727,0.44999998807907104,-38.86514351175593,1.2986306501261424e-06
grid-r027-c056,27,56,11.399999618530273,5.600000381469727,0.44999998807907104,-39.91870917848178,1.0188941814703867e-06
grid-r027-c057,27,57,11.600000381469727,5.600000381469727,0.44999998807907104,-38.850879912261604,1.3029027741140453e-06
grid-r028-c000,28,0,0.19999980926513672,5.800000190734863,0.44999998807907104,-38.66750404900234,1.3590943126473576e-06
grid-r028-c001,28,1,0.40000009536743164,5.800000190734863,0.44999998807907104,-39.00097549337438,1.2586426691996166e-06
grid-r028-c002,28,2,0.5999999046325684,5.800000190734863,0.44999998807907104,-38.92084602792509,1.282080802411656e-06
grid-r028-c003,28,3,0.7999997138977051,5.800000190734863,0.44999998807907104,-38.8424742140179,1.3054269629719784e-06
grid-r028-c004,28,4,1.0,5.800000190734863,0.44999998807907104,-39.07709858909254,1.2367734143481357e-06
grid-r028-c005,28,5,1.1999998092651367,5.800000190734863,0.44999998807907104,-38.55484894835655,1.3948101695859805e-06
grid-r028-c006,28,6,1.4000000953674316,5.800000190734863,0.44999998807907104,-38.97777402644198,1.2653847534238594e-06
grid-r028-c007,28,7,1.5999999046325684,5.800000190734863,0.44999998807907104,-38.81814479572978,1.3127605598128866e-06
grid-r028-c008,28,8,1.799999713897705,5.800000190734863,0.44999998807907104,-38.82899542555842,1.309484787270776e-06
grid-r028-c009,28,9,2.0,5.800000190734863,0.44999998807907104,-39.36835646176174,1.1565498425625265e-06
grid-r028-c010,28,10,2.200000047683716,5.800000190734863,0.44999998807907104,-38.854764375799355,1.3017379387747496e-06
grid-r028-c011,28,11,2.3999998569488525,5.800000190734863,0.44999998807907104,-38.95188872290223,1.272949361919018e-06
grid-r028-c012,28,12,2.5999999046325684,5.800000190734863,0.44999998807907104,-38.57815230381625,1.38734594656853e-06
grid-r028-c013,28,13,2.799999952316284,5.800000190734863,0.44999998807907104,-39.02844424033521,1.2507069868661347e-06
grid-r028-c014,28,14,3.0,5.800000190734863,0.44999998807907104,-39.14022597804266,1.21892617244157e-06
grid-r028-c015,28,15,3.200000047683716,5.800000190734863,0.44999998807907104,-39.00254959103667,1.2581865576066775e-06
grid-r028-c016,28,16,3.3999998569488525,5.800000190734863,0.44999998807907104,-38.77261868069316,1.326594315287366e-06
grid-r028-c017,28,17,3.5999999046325684,5.800000190734863,0.44999998807907104,-39.21225149692938,1.1988776122962008e-06
grid-r028-c018,28,18,3.799999952316284,5.800000190734863,0.44999998807907104,-39.000275728871046,1.258845486518112e-06
grid-r028-c019,28,19,4.0,5.800000190734863,0.44999998807907104,-38.83097612139525,1.308887703999062e-06
grid-r028-c020,28,20,4.199999809265137,5.800000190734863,0.44999998807907104,-39.327833982222856,1.167391701528686e-06
grid-r028-c021,28,21,4.400000095367432,5.800000190734863,0.44999998807907104,-39.42785896386567,1.1408120599298854e-06
grid-r028-c022,28,22,4.599999904632568,5.800000190734863,0.44999998807907104,-39.66408839314248,1.0804163821376278e-06
grid-r028-c023,28,23,4.800000190734863,5.800000190734863,0.44999998807907104,-39.001570224933374,1.2584703199536307e-06
grid-r028-c024,28,24,5.0,5.800000190734863,0.44999998807907104,-39.91165893594249,1.0205495755144511e-06
grid-r028-c025,28,25,5.199999809265137,5.800000190734863,0.44999998807907104,-39.80980776461871,1.0447664635648835e-06
grid-r028-c026,28,26,5.400000095367432,5.800000190734863,0.44999998807907104,-39.73728028684107,1.0623606385706807e-06
grid-r028-c027,28,27,5.599999904632568,5.800000190734863,0.44999998807907104,-40.319224494925564,9.291322839999339e-07
grid-r028-c028,28,28,5.800000190734863,5.800000190734863,0.44999998807907104,-39.6907341336845,1.073807879947708e-06
grid-r028-c029,28,29,6.0,5.800000190734863,0.44999998807907104,-39.950355817513696,1.0114965789398411e-06
grid-r028-c030,28,30,6.199999809265137,5.800000190734863,0.44999998807907104,-40.25696046345545,9.425490361536504e-07
grid-r028-c031,28,31,6.400000095367432,5.800000190734863,0.44999998807907104,-40.296692409300846,9.339653388451552e-07
grid-r028-c032,28,32,6.599999904632568,5.800000190734863,0.44999998807907104,-40.38590945443662,9.149746347247856e-07
grid-r028-c033,28,33,6.800000190734863,5.800000190734863,0.44999998807907104,-40.117616132694835,9.732813168739085e-07
grid-r028-c034,28,34,7.0,5.800000190734863,0.44999998807907104,-40.6963069030475,8.518621257280756e-07
grid-r028-c035,28,35,7.199999809265137,5.800000190734863,0.44999998807907104,-40.90311438404093,8.122478334371408e-07
grid-r028-c036,28,36,7.400000095367432,5.800000190734863,0.44999998807907104,-40.1337861296448,9.696642564449576e-07
grid-r028-c037,28,37,7.599999904632568,5.800000190734863,0.44999998807907104,-40.5063611163446,8.899464774003718e-07
grid-r028-c038,28,38,7.800000190734863,5.800000190734863,0.44999998807907104,-40.52719603839176,8.856872568685503e-07
grid-r028-c039,28,39,8.0,5.800000190734863,0.44999998807907104,-41.17064262755186,7.637227668055857e-07
grid-r028-c040,28,40,8.199999809265137,5.800000190734863,0.44999998807907104,-39.96355715940659,1.0084265795740066e-06
grid-r028-c041,28,41,8.399999618530273,5.800000190734863,0.44999998807907104,-40.89303616361924,8.141349212564819e-07
grid-r028-c042,28,42,8.600000381469727,5.800000190734863,0.44999998807907104,-39.991086866384194,1.00205443231971e-06
grid-r028-c043,28,43,8.800000190734863,5.800000190734863,0.44999998807907104,-40.00450669892243,9.989628324547084e-07
grid-r028-c044,28,44,9.0,5.800000190734863,0.44999998807907104,-40.973715564986065,7.991502570803277e-07
grid-r028-c045,28,45,9.199999809265137,5.800000190734863,0.44999998807907104,-40.89551120248601,8.136710789585777e-07
grid-r028-c046,28,46,9.399999618530273,5.800000190734863,0.44999998807907104,-39.03450100270979,1.2489639402701869e-06
grid-r028-c047,28,47,9.600000381469727,5.800000190734863,0.44999998807907104,-41.171792554164924,7.635205747646978e-07
grid-r028-c048,28,48,9.800000190734863,5.800000190734863,0.44999998807907104,-40.4508821131177,9.01388034435513e-07
grid-r028-c049,28,49,10.0,5.800000190734863,0.44999998807907104,-40.269321573338246,9.398701195095782e-07
grid-r028-c050,28,50,10.200000762939453,5.800000190734863,0.44999998807907104,-41.68087628534067,6.790666020606295e-07
grid-r028-c051,28,51,10.399999618530273,5.800000190734863,0.44999998807907104,-40.5536207346794,8.803146442915022e-07
grid-r028-c052,28,52,10.600000381469727,5.800000190734863,0.44999998807907104,-40.40524725049873,9.109095913117926e-07
grid-r028-c053,28,53,10.800000190734863,5.800000190734863,0.44999998807907104,-40.315591808559155,9.29909788283112e-07
grid-r028-c054,28,54,11.0,5.800000190734863,0.44999998807907104,-41.89010425551736,6.471270808106055e-07
grid-r028-c055,28,55,11.200000762939453,5.800000190734863,0.44999998807907104,-42.214115457425635,6.006043236084224e-07
grid-r028-c056,28,56,11.399999618530273,5.800000190734863,0.44999998807907104,-41.350563799735994,7.327294042624999e-07
grid-r028-c057,28,57,11.600000381469727,5.800000190734863,0.44999998807907104,-41.9465586289941,6.387694497789198e-07
grid-r029-c000,29,0,0.19999980926513672,6.000000476837158,0.44999998807907104,-38.33411141077945,1.4675363217975246e-06
grid-r029-c001,29,1,0.40000009536743164,6.000000476837158,0.44999998807907104,-39.21341507700832,1.1985564469796373e-06
grid-r029-c002,29,2,0.5999999046325684,6.000000476837158,0.44999998807907104,-38.92736072578575,1.2801590401068097e-06
grid-r029-c003,29,3,0.7999997138977051,6.000000476837158,0.44999998807907104,-39.1952194614376,1.2035885674777091e-06
grid-r029-c004,29,4,1.0,6.000000476837158,0.44999998807907104,-38.43649607041601,1.4333438684843713e-06
grid-r029-c005,29,5,1.1999998092651367,6.000000476837158,0.44999998807907104,-39.20516924141634,1.2008342764602276e-06
grid-r029-c006,29,6,1.4000000953674316,6.000000476837158,0.44999998807907104,-38.96519860107213,1.2690541097981622e-06
grid-r029-c007,29,7,1.5999999046325684,6.000000476837158,0.44999998807907104,-38.68048718477521,1.3550373978432617e-06
grid-r029-c008,29,8,1.799999713897705,6.000000476837158,0.44999998807907104,-38.869174330863665,1.2974259107068065e-06
grid-r029-c009,29,9,2.0,6.000000476837158,0.44999998807907104,-38.7828769805882,1.32346451664489e-06
grid-r029-c010,29,10,2.200000047683716,6.000000476837158,0.44999998807907104,-38.606096780944526,1.3784477914668969e-06
grid-r029-c011,29,11,2.3999998569488525,6.000000476837158,0.44999998807907104,-39.266135681295935,1.1840946854135836e-06
grid-r029-c012,29,12,2.5999999046325684,6.000000476837158,0.44999998807907104,-39.39344450188072,1.1498880212457152e-06
grid-r029-c013,29,13,2.799999952316284,6.000000476837158,0.44999998807907104,-38.99107670736462,1.2615147397809778e-06
grid-r029-c014,29,14,3.0,6.000000476837158,0.44999998807907104,-39.33303586445419,1.165994262919412e-06
grid-r029-c015,29,15,3.200000047683716,6.000000476837158,0.44999998807907104,-39.04694359756516,1.2453907629605965e-06
grid-r029-c016,29,16,3.3999998569488525,6.000000476837158,0.44999998807907104,-39.38529570288722,1.152047616415075e-06
grid-r029-c017,29,17,3.5999999046325684,6.000000476837158,0.44999998807907104,-38.862846207938034,1.2993177733733319e-06
grid-r029-c018,29,18,3.799999952316284,6.000000476837158,0.44999998807907104,-39.150633438958955,1.2160086271251203e-06
grid-r029-c019,29,19,4.0,6.000000476837158,0.44999998807907104,-39.032967051518845,1.2494051588873845e-06
grid-r029-c020,29,20,4.199999809265137,6.000000476837158,0.44999998807907104,-39.37784836300643,1.1540248578967294e-06
grid-r029-c021,29,21,4.400000095367432,6.000000476837158,0.44999998807907104,-39.3764166253171,1.1544053677425836e-06
grid-r029-c022,29,22,4.599999904632568,6.000000476837158,0.44999998807907104,-38.811756841218504,1.314692894993641e-06
grid-r029-c023,29,23,4.800000190734863,6.000000476837158,0.44999998807907104,-39.271193173192714,1.1827165735667222e-06
grid-r029-c024,29,24,5.0,6.000000476837158,0.44999998807907104,-39.58750222060256,1.0996380979122478e-06
grid-r029-c025,29,25,5.199999809265137,6.000000476837158,0.44999998807907104,-39.71763874731198,1.067176185642893e-06
grid-r029-c026,29,26,5.400000095367432,6.000000476837158,0.44999998807907104,-40.185379765963425,9.582129223417724e-07
grid-r029-c027,29,27,5.599999904632568,6.000000476837158,0.44999998807907104,-39.69678516227849,1.072312784344831e-06
grid-r029-c028,29,28,5.800000190734863,6.000000476837158,0.44999998807907104,-40.311664819521916,9.307510140388331e-07
grid-r029-c029,29,29,6.0,6.000000476837158,0.44999998807907104,-40.1970109952496,9.55650079959014e-07
grid-r029-c030,29,30,6.199999809265137,6.000000476837158,0.44999998807907104,-39.93716674365838,1.0145730584554258e-06
grid-r029-c031,29,31,6.400000095367432,6.000000476837158,0.44999998807907104,-40.72630173696793,8.459989544462587e-07
grid-r029-c032,29,32,6.599999904632568,6.000000476837158,0.44999998807907104,-40.92102915077862,8.089041898529103e-07
grid-r029-c033,29,33,6.800000190734863,6.000000476837158,0.44999998807907104,-40.47168612531397,8.970804401542409e-07
grid-r029-c034,29,34,7.0,6.000000476837158,0.44999998807907104,-40.56206768437321,8.786041121311428e-07
grid-r029-c035,29,35,7.199999809265137,6.000000476837158,0.44999998807907104,-41.07522133720455,7.806886515027145e-07
grid-r029-c036,29,36,7.400000095367432,6.000000476837158,0.44999998807907104,-40.18187427273392,9.589866749593057e-07
grid-r029-c037,29,37,7.599999904632568,6.000000476837158,0.44999998807907104,-41.36499695492756,7.302983249246608e-07
grid-r029-c038,29,38,7.800000190734863,6.000000476837158,0.44999998807907104,-40.64119796585143,8.627405350125628e-07
grid-r029-c039,29,39,8.0,6.000000476837158,0.44999998807907104,-40.30175951438572,9.32876275783201e-07
grid-r029-c040,29,40,8.199999809265137,6.000000476837158,0.44999998807907104,-40.25463763583722,9.430532941223646e-07
grid-r029-c041,29,41,8.399999618530273,6.000000476837158,0.44999998807907104,-41.42173943960161,7.208187184915005e-07
grid-r029-c042,29,42,8.600000381469727,6.000000476837158,0.44999998807907104,-39.247269074414255,1.1892498150700703e-06
grid-r029-c043,29,43,8.800000190734863,6.000000476837158,0.44999998807907104,-40.829625334843826,8.261092148131866e-07
grid-r029-c044,29,44,9.0,6.000000476837158,0.44999998807907104,-40.28562507646046,9.363484423374757e-07
grid-r029-c045,29,45,9.199999809265137,6.000000476837158,0.44999998807907104,-40.636724123950714,8.636297366138024e-07
grid-r029-c046,29,46,9.399999618530273,6.000000476837158,0.44999998807907104,-40.51977617030182,8.872017360772588e-07
grid-r029-c047,29,47,9.600000381469727,6.000000476837158,0.44999998807907104,-40.290910245848124,9.352096412840183e-07
grid-r029-c048,29,48,9.800000190734863,6.000000476837158,0.44999998807907104,-41.253345813519175,7.493167117900157e-07
grid-r029-c049,29,49,10.0,6.000000476837158,0.44999998807907104,-40.82651799675274,8.267005000561767e-07
grid-r029-c050,29,50,10.200000762939453,6.000000476837158,0.44999998807907104,-40.661137241864225,8.587886100031028e-07
grid-r029-c051,29,51,10.399999618530273,6.000000476837158,0.44999998807907104,-40.50310709051295,8.906135349207034e-07
grid-r029-c052,29,52,10.600000381469727,6.000000476837158,0.44999998807907104,-40.372376198168695,9.17830277558096e-07
grid-r029-c053,29,53,10.800000190734863,6.000000476837158,0.44999998807907104,-41.552940301068595,6.993683427936048e-07
grid-r029-c054,29,54,11.0,6.000000476837158,0.44999998807907104,-40.7889126440046,8.33889941986854e-07
grid-r029-c055,29,55,11.200000762939453,6.000000476837158,0.44999998807907104,-39.900112109147784,1.02326657724916e-06
grid-r029-c056,29,56,11.399999618530273,6.000000476837158,0.44999998807907104,-40.75006098971876,8.4138332567818e-07
grid-r029-c057,29,57,11.600000381469727,6.000000476837158,0.44999998807907104,-40.7853458947974,8.345750757143833e-07
grid-r030-c000,30,0,0.19999980926513672,6.200000762939453,0.44999998807907104,-38.81339380568925,1.3141974477548501e-06
grid-r030-c001,30,1,0.40000009536743164,6.200000762939453,0.44999998807907104,-39.126396660316196,1.2228138075442985e-06
grid-r030-c002,30,2,0.5999999046325684,6.200000762939453,0.44999998807907104,-38.27298512585145,1.4883377161822864e-06
grid-r030-c003,30,3,0.7999997138977051,6.200000762939453,0.44999998807907104,-39.2014292913543,1.2018688266834943e-06
grid-r030-c004,30,4,1.0,6.200000762939453,0.44999998807907104,-39.21559726964969,1.1979543614870636e-06
grid-r030-c005,30,5,1.1999998092651367,6.200000762939453,0.44999998807907104,-39.1905930081858,1.2048714097545599e-06
grid-r030-c006,30,6,1.4000000953674316,6.200000762939453,0.44999998807907104,-39.1866375368523,1.2059692835464375e-06
grid-r030-c007,30,7,1.5999999046325684,6.200000762939453,0.44999998807907104,-39.31012740637553,1.1721609780579456e-06
grid-r030-c008,30,8,1.799999713897705,6.200000762939453,0.44999998807907104,-38.97698826253205,1.2656137187150307e-06
grid-r030-c009,30,9,2.0,6.200000762939453,0.44999998807907104,-39.41941170430192,1.1430331596784526e-06
grid-r030-c010,30,10,2.200000047683716,6.200000762939453,0.44999998807907104,-39.612054472026905,1.0934389820249635e-06
grid-r030-c011,30,11,2.3999998569488525,6.200000762939453,0.44999998807907104,-39.32165205306066,1.1690545989040402e-06
grid-r030-c012,30,12,2.5999999046325684,6.200000762939453,0.44999998807907104,-38.993758510061724,1.2607359849425848e-06
grid-r030-c013,30,13,2.799999952316284,6.200000762939453,0.44999998807907104,-39.52313411470382,1.1160575468238676e-06
grid-r030-c014,30,14,3.0,6.200000762939453,0.44999998807907104,-39.10235823476289,1.229600911756279e-06
grid-r030-c015,30,15,3.200000047683716,6.200000762939453,0.44999998807907104,-39.32336623711989,1.1685932577165659e-06
grid-r030-c016,30,16,3.3999998569488525,6.200000762939453,0.44999998807907104,-38.850224756259585,1.303099338656466e-06
grid-r030-c017,30,17,3.5999999046325684,6.200000762939453,0.44999998807907104,-39.205225570774864,1.2008187013634597e-06
grid-r030-c018,30,18,3.799999952316284,6.200000762939453,0.44999998807907104,-39.290287078506346,1.177528133666783e-06
grid-r030-c019,30,19,4.0,6.200000762939453,0.44999998807907104,-39.66661809285101,1.0797872391776764e-06
grid-r030-c020,30,20,4.199999809265137,6.200000762939453,0.44999998807907104,-38.97391718823183,1.2665090025620884e-06
grid-r030-c021,30,21,4.400000095367432,6.200000762939453,0.44999998807907104,-39.89565504586249,1.0243172710033832e-06
grid-r030-c022,30,22,4.599999904632568,6.200000762939453,0.44999998807907104,-39.230146980985495,1.1939476962652407e-06
grid-r030-c023,30,23,4.800000190734863,6.200000762939453,0.44999998807907104,-39.52763956576476,1.1149003285026993e-06
grid-r030-c024,30,24,5.0,6.200000762939453,0.44999998807907104,-38.99862953040618,1.2593227438628674e-06
grid-r030-c025,30,25,5.199999809265137,6.200000762939453,0.44999998807907104,-39.919996898225264,1.0185921155425604e-06
grid-r030-c026,30,26,5.400000095367432,6.200000762939453,0.44999998807907104,-40.17805163912013,9.598311407899018e-07
grid-r030-c027,30,27,5.599999904632568,6.200000762939453,0.44999998807907104,-40.88105824238272,8.1638341953294e-07
grid-r030-c028,30,28,5.800000190734863,6.200000762939453,0.44999998807907104,-39.8790611476925,1.0282385574100772e-06
grid-r030-c029,30,29,6.0,6.200000762939453,0.44999998807907104,-39.7213304616682,1.0662694194252254e-06
grid-r030-c030,30,30,6.199999809265137,6.200000762939453,0.44999998807907104,-41.02989170828707,7.888797881605569e-07
grid-r030-c031,30,31,6.400000095367432,6.200000762939453,0.44999998807907104,-39.99632669032668,1.0008461686084047e-06
grid-r030-c032,30,32,6.599999904632568,6.200000762939453,0.44999998807907104,-41.016821963081036,7.912574346846668e-07
grid-r030-c033,30,33,6.800000190734863,6.200000762939453,0.44999998807907104,-40.59825052555027,8.713145120964327e-07
grid-r030-c034,30,34,7.0,6.200000762939453,0.44999998807907104,-40.4533306998239,9.008799679577351e-07
grid-r030-c035,30,35,7.199999809265137,6.200000762939453,0.44999998807907104,-40.83928056214194,8.242746503128728e-07
grid-r030-c036,30,36,7.400000095367432,6.200000762939453,0.44999998807907104,-40.53440636130578,8.84218025021255e-07
grid-r030-c037,30,37,7.599999904632568,6.200000762939453,0.44999998807907104,-40.450828433909535,9.013991757456097e-07
grid-r030-c038,30,38,7.800000190734863,6.200000762939453,0.44999998807907104,-41.529319938804065,7.031824225123273e-07
grid-r030-c039,30,39,8.0,6.200000762939453,0.44999998807907104,-40.158781876775784,9.640993994253222e-07
grid-r030-c040,30,40,8.199999809265137,6.200000762939453,0.44999998807907104,-41.40186755754168,7.241245043587696e-07
grid-r030-c041,30,41,8.399999618530273,6.200000762939453,0.44999998807907104,-39.52955399331155,1.1144089739900664e-06
grid-r030-c042,30,42,8.600000381469727,6.200000762939453,0.44999998807907104,-41.403332733784886,7.238802481879247e-07
grid-r030-c043,30,43,8.800000190734863,6.200000762939453,0.44999998807907104,-40.816235912091486,8.286600632345653e-07
grid-r030-c044,30,44,9.0,6.200000762939453,0.44999998807907104,-40.40852095926777,9.102232070290484e-07
grid-r030-c045,30,45,9.199999809265137,6.200000762939453,0.44999998807907104,-40.284095914750246,9.366781910102873e-07
grid-r030-c046,30,46,9.399999618530273,6.200000762939453,0.44999998807907104,-41.54560084985238,7.005512543400982e-07
grid-r030-c047,30,47,9.600000381469727,6.200000762939453,0.44999998807907104,-41.27093718199424,7.462876965291798e-07
grid-r030-c048,30,48,9.800000190734863,6.200000762939453,0.44999998807907104,-41.33309823226141,7.356820788118057e-07
grid-r030-c049,30,49,10.0,6.200000762939453,0.44999998807907104,-41.51816771505081,7.04990441136033e-07
grid-r030-c050,30,50,10.200000762939453,6.200000762939453,0.44999998807907104,-41.7411022729417,6.697146091028117e-07
grid-r030-c051,30,51,10.399999618530273,6.200000762939453,0.44999998807907104,-41.218902266796455,7.552831107204838e-07
grid-r030-c052,30,52,10.600000381469727,6.200000762939453,0.44999998807907104,-41.2879611000489,7.433680480062321e-07
grid-r030-c053,30,53,10.800000190734863,6.200000762939453,0.44999998807907104,-41.48305508566701,7.107133797035203e-07
grid-r030-c054,30,54,11.0,6.200000762939453,0.44999998807907104,-40.54541997598981,8.819785080049769e-07
grid-r030-c055,30,55,11.200000762939453,6.200000762939453,0.44999998807907104,-42.07717835977809,6.198436608428892e-07
grid-r030-c056,30,56,11.399999618530273,6.200000762939453,0.44999998807907104,-41.72435775313697,6.723017236254236e-07
grid-r030-c057,30,57,11.600000381469727,6.200000762939453,0.44999998807907104,-40.94954410383447,8.03610475941241e-07
grid-r031-c000,31,0,0.19999980926513672,6.40000057220459,0.44999998807907104,-38.75850242048584,1.3309132782524102e-06
grid-r031-c001,31,1,0.40000009536743164,6.40000057220459,0.44999998807907104,-39.321205665204985,1.169174765891512e-06
grid-r031-c002,31,2,0.5999999046325684,6.40000057220459,0.44999998807907104,-39.44111442013032,1.1373354027455207e-06
grid-r031-c003,31,3,0.7999997138977051,6.40000057220459,0.44999998807907104,-39.20272927802529,1.201509121528943e-06
grid-r031-c004,31,4,1.0,6.40000057220459,0.44999998807907104,-38.92069006322103,1.2821268455809331e-06
grid-r031-c005,31,5,1.1999998092651367,6.40000057220459,0.44999998807907104,-39.00123754183446,1.2585667263920186e-06
grid-r031-c006,31,6,1.4000000953674316,6.40000057220459,0.44999998807907104,-39.36852167672178,1.1565058457563282e-06
grid-r031-c007,31,7,1.5999999046325684,6.40000057220459,0.44999998807907104,-39.10217232507716,1.229653548762144e-06
grid-r031-c008,31,8,1.799999713897705,6.40000057220459,0.44999998807907104,-39.54379425265499,1.1107608770544175e-06
grid-r031-c009,31,9,2.0,6.40000057220459,0.44999998807907104,-38.95962775243656,1.2706830148090376e-06
grid-r031-c010,31,10,2.200000047683716,6.40000057220459,0.44999998807907104,-39.21692665353867,1.1975877214354114e-06
grid-r031-c011,31,11,2.3999998569488525,6.40000057220459,0.44999998807907104,-39.39202607137432,1.1502636425575474e-06
grid-r031-c012,31,12,2.5999999046325684,6.40000057220459,0.44999998807907104,-39.18205129406885,1.2072434856236214e-06
grid-r031-c013,31,13,2.799999952316284,6.40000057220459,0.44999998807907104,-39.020068298094934,1.2531214679256664e-06
grid-r031-c014,31,14,3.0,6.40000057220459,0.44999998807907104,-39.63991676532971,1.08644644569722e-06
grid-r031-c015,31,15,3.200000047683716,6.40000057220459,0.44999998807907104,-38.95972800188489,1.2706536836049054e-06
grid-r031-c016,31,16,3.3999998569488525,6.40000057220459,0.44999998807907104,-39.677340634897355,1.0771245797513984e-06
grid-r031-c017,31,17,3.5999999046325684,6.40000057220459,0.44999998807907104,-39.37265067610144,1.1554068350960733e-06
grid-r031-c018,31,18,3.799999952316284,6.40000057220459,0.44999998807907104,-39.52341637039058,1.1159850146214012e-06
grid-r031-c019,31,19,4.0,6.40000057220459,0.44999998807907104,-39.165586836085204,1.211828930536285e-06
grid-r031-c020,31,20,4.199999809265137,6.40000057220459,0.44999998807907104,-39.28228041327238,1.1797010301961564e-06
grid-r031-c021,31,21,4.400000095367432,6.40000057220459,0.44999998807907104,-39.24227957482313,1.1906168992936728e-06
grid-r031-c022,31,22,4.599999904632568,6.40000057220459,0.44999998807907104,-39.786106981516156,1.0504836609470658e-06
grid-r031-c023,31,23,4.800000190734863,6.40000057220459,0.44999998807907104,-39.88246308746636,1.0274334272253327e-06
grid-r031-c024,31,24,5.0,6.40000057220459,0.44999998807907104,-40.085003983676806,9.806174148252467e-07
grid-r031-c025,31,25,5.199999809265137,6.40000057220459,0.44999998807907104,-39.574708467319894,1.1028822655134718e-06
grid-r031-c026,31,26,5.400000095367432,6.40000057220459,0.44999998807907104,-40.33517672298194,9.257257147510245e-07
grid-r031-c027,31,27,5.599999904632568,6.40000057220459,0.44999998807907104,-39.73356849422998,1.0632689964040765e-06
grid-r031-c028,31,28,5.800000190734863,6.40000057220459,0.44999998807907104,-40.665446400138336,8.579369250583113e-07
grid-r031-c029,31,29,6.0,6.40000057220459,0.44999998807907104,-40.62288223600105,8.663866992719704e-07
grid-r031-c030,31,30,6.199999809265137,6.40000057220459,0.44999998807907104,-41.06673475316383,7.822156931069912e-07
grid-r031-c031,31,31,6.400000095367432,6.40000057220459,0.44999998807907104,-40.72186883602331,8.468629175695241e-07
grid-r031-c032,31,32,6.599999904632568,6.40000057220459,0.44999998807907104,-40.47928968081875,8.955112207331695e-07
grid-r031-c033,31,33,6.800000190734863,6.40000057220459,0.44999998807907104,-40.95200054220448,8.031560696508677e-07
grid-r031-c034,31,34,7.0,6.40000057220459,0.44999998807907104,-40.6885975914859,8.533756385986635e-07
grid-r031-c035,31,35,7.199999809265137,6.40000057220459,0.44999998807907104,-40.603791421872195,8.702035643182171e-07
grid-r031-c036,31,36,7.400000095367432,6.40000057220459,0.44999998807907104,-41.21524368937191,7.559196433248871e-07
grid-r031-c037,31,37,7.599999904632568,6.40000057220459,0.44999998807907104,-41.91959473288995,6.427476932913123e-07
grid-r031-c038,31,38,7.800000190734863,6.40000057220459,0.44999998807907104,-40.26204459126773,9.414462738277507e-07
grid-r031-c039,31,39,8.0,6.40000057220459,0.44999998807907104,-40.525952522056826,8.859408922035072e-07
grid-r031-c040,31,40,8.199999809265137,6.40000057220459,0.44999998807907104,-40.38010732524974,9.161978482552513e-07
grid-r031-c041,31,41,8.399999618530273,6.40000057220459,0.44999998807907104,-40.08186683460488,9.813260248847655e-07
grid-r031-c042,31,42,8.600000381469727,6.40000057220459,0.44999998807907104,-41.103271727665856,7.756625564070418e-07
grid-r031-c043,31,43,8.800000190734863,6.40000057220459,0.44999998807907104,-40.83805489366079,8.245073104262701e-07
grid-r031-c044,31,44,9.0,6.40000057220459,0.44999998807907104,-41.396690379772394,7.249882401083596e-07
grid-r031-c045,31,45,9.199999809265137,6.40000057220459,0.44999998807907104,-41.66968677510699,6.808184593865008e-07
grid-r031-c046,31,46,9.399999618530273,6.40000057220459,0.44999998807907104,-41.5081101772948,7.066249736453756e-07
grid-r031-c047,31,47,9.600000381469727,6.40000057220459,0.44999998807907104,-40.51187009263316,8.888183060662413e-07
grid-r031-c048,31,48,9.800000190734863,6.40000057220459,0.44999998807907104,-40.58231511199204,8.745174682189827e-07
grid-r031-c049,31,49,10.0,6.40000057220459,0.44999998807907104,-40.90341680657092,8.121912742353743e-07
grid-r031-c050,31,50,10.200000762939453,6.40000057220459,0.44999998807907104,-40.54502617127923,8.820584866953141e-07
grid-r031-c051,31,51,10.399999618530273,6.40000057220459,0.44999998807907104,-41.08549665576895,7.788437415001681e-07
grid-r031-c052,31,52,10.600000381469727,6.40000057220459,0.44999998807907104,-41.542705515036175,7.010184503997152e-07
grid-r031-c053,31,53,10.800000190734863,6.40000057220459,0.44999998807907104,-40.10764564557241,9.755183327797567e-07
grid-r031-c054,31,54,11.0,6.40000057220459,0.44999998807907104,-41.82621051193138,6.567180435013142e-07
grid-r031-c055,31,55,11.200000762939453,6.40000057220459,0.44999998807907104,-40.26530523321817,9.407397101313109e-07
grid-r031-c056,31,56,11.399999618530273,6.40000057220459,0.44999998807907104,-40.84396212704134,8.233865855800104e-07
grid-r031-c057,31,57,11.600000381469727,6.40000057220459,0.44999998807907104,-41.155488004444436,7.663924179723836e-07
grid-r032-c000,32,0,0.19999980926513672,6.600000381469727,0.44999998807907104,-38.17620402908203,1.5218771522995667e-06
grid-r032-c001,32,1,0.40000009536743164,6.600000381469727,0.44999998807907104,-38.91522251680602,1.2837419944844441e-06
grid-r032-c002,32,2,0.5999999046325684,6.600000381469727,0.44999998807907104,-39.62217813558384,1.0908930789810256e-06
grid-r032-c003,32,3,0.7999997138977051,6.600000381469727,0.44999998807907104,-39.016865040038425,1.2540460829768563e-06
grid-r032-c004,32,4,1.0,6.600000381469727,0.44999998807907104,-39.41381289502253,1.144507677963702e-06
grid-r032-c005,32,5,1.1999998092651367,6.600000381469727,0.44999998807907104,-39.34292696264025,1.1633417216216912e-06
grid-r032-c006,32,6,1.4000000953674316,6.600000381469727,0.44999998807907104,-39.169947304874995,1.210612822433177e-06
grid-r032-c007,32,7,1.5999999046325684,6.600000381469727,0.44999998807907104,-39.30905343249564,1.1724508794941357e-06
grid-r032-c008,32,8,1.799999713897705,6.600000381469727,0.44999998807907104,-38.753846212328966,1.3323409575605183e-06
grid-r032-c009,32,9,2.0,6.600000381469727,0.44999998807907104,-39.37619380091888,1.1544645985850366e-06
grid-r032-c010,32,10,2.200000047683716,6.600000381469727,0.44999998807907104,-39.434046252378614,1.1391879297661944e-06
grid-r032-c011,32,11,2.3999998569488525,6.600000381469727,0.44999998807907104,-39.51277105365261,1.1187238442289527e-06
grid-r032-c012,32,12,2.5999999046325684,6.600000381469727,0.44999998807907104,-39.42105688976939,1.1426002402004087e-06
grid-r032-c013,32,13,2.799999952316284,6.600000381469727,0.44999998807907104,-39.552576711363315,1.1085169262514682e-06
grid-r032-c014,32,14,3.0,6.600000381469727,0.44999998807907104,-39.10055809628466,1.2301106835366227e-06
grid-r032-c015,32,15,3.200000047683716,6.600000381469727,0.44999998807907104,-39.856446689647484,1.0336067362004542e-06
grid-r032-c016,32,16,3.3999998569488525,6.600000381469727,0.44999998807907104,-39.238804213647036,1.1915700497411308e-06
grid-r032-c017,32,17,3.5999999046325684,6.600000381469727,0.44999998807907104,-39.959924793984754,1.0092703632835764e-06
grid-r032-c018,32,18,3.799999952316284,6.600000381469727,0.44999998807907104,-39.345772725412914,1.1625796787484433e-06
grid-r032-c019,32,19,4.0,6.600000381469727,0.44999998807907104,-39.693781830200514,1.0730545909609646e-06
grid-r032-c020,32,20,4.199999809265137,6.600000381469727,0.44999998807907104,-39.761514485553995,1.0564490366959944e-06
grid-r032-c021,32,21,4.400000095367432,6.600000381469727,0.44999998807907104,-39.77902128514756,1.0521989679546095e-06
grid-r032-c022,32,22,4.599999904632568,6.600000381469727,0.44999998807907104,-39.10569431702798,1.228656742569001e-06
grid-r032-c023,32,23,4.800000190734863,6.600000381469727,0.44999998807907104,-38.823754636779846,1.3110659438098082e-06
grid-r032-c024,32,24,5.0,6.600000381469727,0.44999998807907104,-39.03507583048618,1.2487986396081396e-06
grid-r032-c025,32,25,5.199999809265137,6.600000381469727,0.44999998807907104,-40.08809452649567,9.799198323889868e-07
grid-r032-c026,32,26,5.400000095367432,6.600000381469727,0.44999998807907104,-39.95911670978485,1.0094581739394926e-06
grid-r032-c027,32,27,5.599999904632568,6.600000381469727,0.44999998807907104,-40.14870172528929,9.663397122494644e-07
grid-r032-c028,32,28,5.800000190734863,6.600000381469727,0.44999998807907104,-40.68615614319263,8.538555107406864e-07
grid-r032-c029,32,29,6.0,6.600000381469727,0.44999998807907104,-40.6943216618418,8.522516168341099e-07
grid-r032-c030,32,30,6.199999809265137,6.600000381469727,0.44999998807907104,-40.772902839999986,8.369696615773137e-07
grid-r032-c031,32,31,6.400000095367432,6.600000381469727,0.44999998807907104,-40.52515899806413,8.861027822604228e-07
grid-r032-c032,32,32,6.599999904632568,6.600000381469727,0.44999998807907104,-40.92627789213936,8.079271651695308e-07
grid-r032-c033,32,33,6.800000190734863,6.600000381469727,0.44999998807907104,-41.11407472382673,7.737355076642416e-07
grid-r032-c034,32,34,7.0,6.600000381469727,0.44999998807907104,-40.861550059470986,8.200588013096421e-07
grid-r032-c035,32,35,7.199999809265137,6.600000381469727,0.44999998807907104,-40.941409434124836,8.051171107581467e-07
grid-r032-c036,32,36,7.400000095367432,6.600000381469727,0.44999998807907104,-41.03948937199356,7.871383331803372e-07
grid-r032-c037,32,37,7.599999904632568,6.600000381469727,0.44999998807907104,-40.94694137767839,8.040922239160864e-07
grid-r032-c038,32,38,7.800000190734863,6.600000381469727,0.44999998807907104,-40.85902148499138,8.205363997149107e-07
grid-r032-c039,32,39,8.0,6.600000381469727,0.44999998807907104,-39.80588192774458,1.0457113148731878e-06
grid-r032-c040,32,40,8.199999809265137,6.600000381469727,0.44999998807907104,-40.45688193156902,9.001436183098122e-07
grid-r032-c041,32,41,8.399999618530273,6.600000381469727,0.44999998807907104,-41.00338862871013,7.937086934362014e-07
grid-r032-c042,32,42,8.600000381469727,6.600000381469727,0.44999998807907104,-40.88222170031318,8.161647429005825e-07
grid-r032-c043,32,43,8.800000190734863,6.600000381469727,0.44999998807907104,-40.47365445709864,8.966739528659673e-07
grid-r032-c044,32,44,9.0,6.600000381469727,0.44999998807907104,-40.88634878799987,8.153895123541588e-07
grid-r032-c045,32,45,9.199999809265137,6.600000381469727,0.44999998807907104,-41.06803522279612,7.819814982212847e-07
grid-r032-c046,32,46,9.399999618530273,6.600000381469727,0.44999998807907104,-40.478410098897214,8.956926080827543e-07
grid-r032-c047,32,47,9.600000381469727,6.600000381469727,0.44999998807907104,-40.93280001312571,8.067147518886486e-07
grid-r032-c048,32,48,9.800000190734863,6.600000381469727,0.44999998807907104,-41.29694721464939,7.418315135510056e-07
grid-r032-c049,32,49,10.0,6.600000381469727,0.44999998807907104,-40.63628994078684,8.637160817670519e-07
grid-r032-c050,32,50,10.200000762939453,6.600000381469727,0.44999998807907104,-40.76307959042319,8.388649348489707e-07
grid-r032-c051,32,51,10.399999618530273,6.600000381469727,0.44999998807907104,-42.61428741816084,5.477359650285507e-07
grid-r032-c052,32,52,10.600000381469727,6.600000381469727,0.44999998807907104,-41.18020173015773,7.620436122124374e-07
grid-r032-c053,32,53,10.800000190734863,6.600000381469727,0.44999998807907104,-40.524887093420716,8.86158261437231e-07
grid-r032-c054,32,54,11.0,6.600000381469727,0.44999998807907104,-42.15735652889325,6.085052746129804e-07
grid-r032-c055,32,55,11.200000762939453,6.600000381469727,0.44999998807907104,-40.857283755671745,8.208647841456695e-07
grid-r032-c056,32,56,11.399999618530273,6.600000381469727,0.44999998807907104,-43.42871504701043,4.540759448445897e-07
grid-r032-c057,32,57,11.600000381469727,6.600000381469727,0.44999998807907104,-41.24500242094716,7.507576356147183e-07
grid-r033-c000,33,0,0.19999980926513672,6.800000190734863,0.44999998807907104,-37.85601240491283,1.6383201000280678e-06
grid-r033-c001,33,1,0.40000009536743164,6.800000190734863,0.44999998807907104,-39.004978555743264,1.2574830634548562e-06
grid-r033-c002,33,2,0.5999999046325684,6.800000190734863,0.44999998807907104,-39.08065823036098,1.235760123563523e-06
grid-r033-c003,33,3,0.7999997138977051,6.800000190734863,0.44999998807907104,-40.09863733917888,9.775438911674428e-07
grid-r033-c004,33,4,1.0,6.800000190734863,0.44999998807907104,-39.06881883092662,1.2391335530992365e-06
grid-r033-c005,33,5,1.1999998092651367,6.800000190734863,0.44999998807907104,-38.83397113108689,1.3079853715680656e-06
grid-r033-c006,33,6,1.4000000953674316,6.800000190734863,0.44999998807907104,-39.642719354097544,1.0857455663426663e-06
grid-r033-c007,33,7,1.5999999046325684,6.800000190734863,0.44999998807907104,-39.457944679476284,1.1329364042467205e-06
grid-r033-c008,33,8,1.799999713897705,6.800000190734863,0.44999998807907104,-39.296967444313694,1.175718239210255e-06
grid-r033-c009,33,9,2.0,6.800000190734863,0.44999998807907104,-39.39919724119925,1.1483658681754605e-06
grid-r033-c010,33,10,2.200000047683716,6.800000190734863,0.44999998807907104,-38.780672364767284,1.3241365195426624e-06
grid-r033-c011,33,11,2.3999998569488525,6.800000190734863,0.44999998807907104,-39.55020826403215,1.1091216265413095e-06
grid-r033-c012,33,12,2.5999999046325684,6.800000190734863,0.44999998807907104,-39.673033970165704,1.0781932360259816e-06
grid-r033-c013,33,13,2.799999952316284,6.800000190734863,0.44999998807907104,-39.16955171862928,1.2107230986657669e-06
grid-r033-c014,33,14,3.0,6.800000190734863,0.44999998807907104,-39.77839113922382,1.0523516493776697e-06
grid-r033-c015,33,15,3.200000047683716,6.800000190734863,0.44999998807907104,-39.2908850391887,1.177366016236192e-06
grid-r033-c016,33,16,3.3999998569488525,6.800000190734863,0.44999998807907104,-39.084793440270346,1.2345840332272928e-06
grid-r033-c017,33,17,3.5999999046325684,6.800000190734863,0.44999998807907104,-39.654035367572035,1.0829202210516087e-06
grid-r033-c018,33,18,3.799999952316284,6.800000190734863,0.44999998807907104,-39.529668300967344,1.1143796427859343e-06
grid-r033-c019,33,19,4.0,6.800000190734863,0.44999998807907104,-39.51543004797017,1.1180391084053554e-06
grid-r033-c020,33,20,4.199999809265137,6.800000190734863,0.44999998807907104,-39.732912872616296,1.0634295222189394e-06
grid-r033-c021,33,21,4.400000095367432,6.800000190734863,0.44999998807907104,-39.77187451707642,1.0539318964220001e-06
grid-r033-c022,33,22,4.599999904632568,6.800000190734863,0.44999998807907104,-39.76419886154815,1.055796246873797e-06
grid-r033-c023,33,23,4.800000190734863,6.800000190734863,0.44999998807907104,-40.00485466365177,9.988827969209524e-07
grid-r033-c024,33,24,5.0,6.800000190734863,0.44999998807907104,-39.90578143239776,1.0219316664006328e-06
grid-r033-c025,33,25,5.199999809265137,6.800000190734863,0.44999998807907104,-39.93801309964644,1.0143753570446279e-06
grid-r033-c026,33,26,5.400000095367432,6.800000190734863,0.44999998807907104,-40.443372105214976,9.029481020661478e-07
grid-r033-c027,33,27,5.599999904632568,6.800000190734863,0.44999998807907104,-40.00253064966763,9.994174661187571e-07
grid-r033-c028,33,28,5.800000190734863,6.800000190734863,0.44999998807907104,-40.209070812371834,9.530000397717231e-07
grid-r033-c029,33,29,6.0,6.800000190734863,0.44999998807907104,-40.608133761498316,8.693339168530656e-07
grid-r033-c030,33,30,6.199999809265137,6.800000190734863,0.44999998807907104,-40.60154688130905,8.706534231350815e-07
grid-r033-c031,33,31,6.400000095367432,6.800000190734863,0.44999998807907104,-41.473727588429774,7.122414444893366e-07
grid-r033-c032,33,32,6.599999904632568,6.800000190734863,0.44999998807907104,-41.055226800271626,7.842911600164371e-07
grid-r033-c033,33,33,6.800000190734863,6.800000190734863,0.44999998807907104,-41.26786617994188,7.468156013601401e-07
grid-r033-c034,33,34,7.0,6.800000190734863,0.44999998807907104,-41.18366975683014,7.614353307872079e-07
grid-r033-c035,33,35,7.199999809265137,6.800000190734863,0.44999998807907104,-40.747470391127216,8.418853667535586e-07
grid-r033-c036,33,36,7.400000095367432,6.800000190734863,0.44999998807907104,-42.025313360192854,6.272904329307494e-07
grid-r033-c037,33,37,7.599999904632568,6.800000190734863,0.44999998807907104,-41.190811571270615,7.601842071380815e-07
grid-r033-c038,33,38,7.800000190734863,6.800000190734863,0.44999998807907104,-40.2937691961315,9.345941975880123e-07
grid-r033-c039,33,39,8.0,6.800000190734863,0.44999998807907104,-40.37625457865573,9.170109933620552e-07
grid-r033-c040,33,40,8.199999809265137,6.800000190734863,0.44999998807907104,-40.35367851580055,9.21790331176453e-07
grid-r033-c041,33,41,8.399999618530273,6.800000190734863,0.44999998807907104,-40.92984643070822,8.072635750977497e-07
grid-r033-c042,33,42,8.600000381469727,6.800000190734863,0.44999998807907104,-40.5578890337145,8.794498853603727e-07
grid-r033-c043,33,43,8.800000190734863,6.800000190734863,0.44999998807907104,-40.73127638086858,8.450304562757083e-07
grid-r033-c044,33,44,9.0,6.800000190734863,0.44999998807907104,-41.78844683663952,6.624533739341132e-07
grid-r033-c045,33,45,9.199999809265137,6.800000190734863,0.44999998807907104,-41.15744852729064,7.660465257686155e-07
grid-r033-c046,33,46,9.399999618530273,6.800000190734863,0.44999998807907104,-41.35099979016714,7.32655848878494e-07
grid-r033-c047,33,47,9.600000381469727,6.800000190734863,0.44999998807907104,-41.19856859091296,7.588276389469684e-07
grid-r033-c048,33,48,9.800000190734863,6.800000190734863,0.44999998807907104,-40.89265441738546,8.142064871208277e-07
grid-r033-c049,33,49,10.0,6.800000190734863,0.44999998807907104,-41.24427084708537,7.508841122216836e-07
grid-r033-c050,33,50,10.200000762939453,6.800000190734863,0.44999998807907104,-42.552768017213154,5.555500592890894e-07
grid-r033-c051,33,51,10.399999618530273,6.800000190734863,0.44999998807907104,-40.65629335958515,8.59746990045096e-07
grid-r033-c052,33,52,10.600000381469727,6.800000190734863,0.44999998807907104,-40.36139813157877,9.201532975566806e-07
grid-r033-c053,33,53,10.800000190734863,6.800000190734863,0.44999998807907104,-43.512452237730564,4.4540468024933944e-07
grid-r033-c054,33,54,11.0,6.800000190734863,0.44999998807907104,-40.84670544756549,8.228666388276906e-07
grid-r033-c055,33,55,11.200000762939453,6.800000190734863,0.44999998807907104,-41.792623346997956,6.618166139560344e-07
grid-r033-c056,33,56,11.399999618530273,6.800000190734863,0.44999998807907104,-39.84322214722142,1.0367589311499614e-06
grid-r033-c057,33,57,11.600000381469727,6.800000190734863,0.44999998807907104,-41.25498780941709,7.490334610338323e-07
grid-r034-c000,34,0,0.19999980926513672,7.000000476837158,0.44999998807907104,-38.24925100279482,1.4964937236072728e-06
grid-r034-c001,34,1,0.40000009536743164,7.000000476837158,0.44999998807907104,-38.52022713629444,1.4059739896765677e-06
grid-r034-c002,34,2,0.5999999046325684,7.000000476837158,0.44999998807907104,-39.59058748572942,1.098857183023938e-06
grid-r034-c003,34,3,0.7999997138977051,7.000000476837158,0.44999998807907104,-39.1044796944658,1.2290004178794334e-06
grid-r034-c004,34,4,1.0,7.000000476837158,0.44999998807907104,-39.59690408806736,1.0972601103276247e-06
grid-r034-c005,34,5,1.1999998092651367,7.000000476837158,0.44999998807907104,-39.56597321962013,1.1051027968278504e-06
grid-r034-c006,34,6,1.4000000953674316,7.000000476837158,0.44999998807907104,-39.33913056348307,1.164359105132462e-06
grid-r034-c007,34,7,1.5999999046325684,7.000000476837158,0.44999998807907104,-39.52726182957214,1.1149973033752758e-06
grid-r034-c008,34,8,1.799999713897705,7.000000476837158,0.44999998807907104,-39.06383346859055,1.2405567986206734e-06
grid-r034-c009,34,9,2.0,7.000000476837158,0.44999998807907104,-39.769059923551744,1.054615154316707e-06
grid-r034-c010,34,10,2.200000047683716,7.000000476837158,0.44999998807907104,-39.91540221073228,1.0196703215115122e-06
grid-r034-c011,34,11,2.3999998569488525,7.000000476837158,0.44999998807907104,-39.74640460766285,1.0601310123092844e-06
grid-r034-c012,34,12,2.5999999046325684,7.000000476837158,0.44999998807907104,-39.31447233985906,1.1709888667610358e-06
grid-r034-c013,34,13,2.799999952316284,7.000000476837158,0.44999998807907104,-39.73995669638262,1.0617061434459174e-06
grid-r034-c014,34,14,3.0,7.000000476837158,0.44999998807907104,-39.42660923703124,1.1411403875172255e-06
grid-r034-c015,34,15,3.200000047683716,7.000000476837158,0.44999998807907104,-39.129826022155186,1.221848606292042e-06
grid-r034-c016,34,16,3.3999998569488525,7.000000476837158,0.44999998807907104,-39.78013024492593,1.0519303259570734e-06
grid-r034-c017,34,17,3.5999999046325684,7.000000476837158,0.44999998807907104,-39.42625619376865,1.1412331559768063e-06
grid-r034-c018,34,18,3.799999952316284,7.000000476837158,0.44999998807907104,-39.62522563947034,1.0901278528763214e-06
grid-r034-c019,34,19,4.0,7.000000476837158,0.44999998807907104,-39.36919412803442,1.1563267889869167e-06
grid-r034-c020,34,20,4.199999809265137,7.000000476837158,0.44999998807907104,-39.26622074464675,1.1840714932986884e-06
grid-r034-c021,34,21,4.400000095367432,7.000000476837158,0.44999998807907104,-39.511438416513165,1.119067178478872e-06
grid-r034-c022,34,22,4.599999904632568,7.000000476837158,0.44999998807907104,-39.64081576060758,1.0862215731322067e-06
grid-r034-c023,34,23,4.800000190734863,7.000000476837158,0.44999998807907104,-39.444777734415666,1.1363764542693389e-06
grid-r034-c024,34,24,5.0,7.000000476837158,0.44999998807907104,-39.8868075317597,1.0264061529596802e-06
grid-r034-c025,34,25,5.199999809265137,7.000000476837158,0.44999998807907104,-39.27991178310051,1.1803446113844984e-06
grid-r034-c026,34,26,5.400000095367432,7.000000476837158,0.44999998807907104,-39.89492871092048,1.0244885970678297e-06
grid-r034-c027,34,27,5.599999904632568,7.000000476837158,0.44999998807907104,-40.737059357727716,8.439059797638038e-07
grid-r034-c028,34,28,5.800000190734863,7.000000476837158,0.44999998807907104,-40.729073322060486,8.454592261841753e-07
grid-r034-c029,34,29,6.0,7.000000476837158,0.44999998807907104,-41.07717189178976,7.803380981385999e-07
grid-r034-c030,34,30,6.199999809265137,7.000000476837158,0.44999998807907104,-40.73932910609193,8.434650453637005e-07
grid-r034-c031,34,31,6.400000095367432,7.000000476837158,0.44999998807907104,-42.382879269844864,5.777129103989864e-07
grid-r034-c032,34,32,6.599999904632568,7.000000476837158,0.44999998807907104,-40.50180394570791,8.908808126761869e-07
grid-r034-c033,34,33,6.800000190734863,7.000000476837158,0.44999998807907104,-41.62599982829885,6.877015721329371e-07
grid-r034-c034,34,34,7.0,7.000000476837158,0.44999998807907104,-41.544339121622265,7.007548106230388e-07
grid-r034-c035,34,35,7.199999809265137,7.000000476837158,0.44999998807907104,-40.59737031454021,8.714911245988333e-07
grid-r034-c036,34,36,7.400000095367432,7.000000476837158,0.44999998807907104,-40.43901844722442,9.038537314154382e-07
grid-r034-c037,34,37,7.599999904632568,7.000000476837158,0.44999998807907104,-40.880918237134125,8.164097380358726e-07
grid-r034-c038,34,38,7.800000190734863,7.000000476837158,0.44999998807907104,-41.18973743977182,7.603722451676731e-07
grid-r034-c039,34,39,8.0,7.000000476837158,0.44999998807907104,-40.63018681699141,8.649307119412697e-07
grid-r034-c040,34,40,8.199999809265137,7.000000476837158,0.44999998807907104,-41.59272141967029,6.929914206921239e-07
grid-r034-c041,34,41,8.399999618530273,7.000000476837158,0.44999998807907104,-40.71703277819619,8.478064614791947e-07
grid-r034-c042,34,42,8.600000381469727,7.000000476837158,0.44999998807907104,-40.9611381799555,8.014679906409583e-07
grid-r034-c043,34,43,8.800000190734863,7.000000476837158,0.44999998807907104,-42.294563799388705,5.895811909795157e-07
grid-r034-c044,34,44,9.0,7.000000476837158,0.44999998807907104,-40.58007938350695,8.74967781783198e-07
grid-r034-c045,34,45,9.199999809265137,7.000000476837158,0.44999998807907104,-41.84868453707413,6.533284135912254e-07
grid-r034-c046,34,46,9.399999618530273,7.000000476837158,0.44999998807907104,-41.072785560434326,7.81126630045037e-07
grid-r034-c047,34,47,9.600000381469727,7.000000476837158,0.44999998807907104,-41.10878633956278,7.746782557660481e-07
grid-r034-c048,34,48,9.800000190734863,7.000000476837158,0.44999998807907104,-41.31318799791507,7.39062556931458e-07
grid-r034-c049,34,49,10.0,7.000000476837158,0.44999998807907104,-42.06533987374287,6.215356052052812e-07
grid-r034-c050,34,50,10.200000762939453,7.000000476837158,0.44999998807907104,-41.66708224297932,6.812268793510157e-07
grid-r034-c051,34,51,10.399999618530273,7.000000476837158,0.44999998807907104,-40.22577073147645,9.493425068285433e-07
grid-r034-c052,34,52,10.600000381469727,7.000000476837158,0.44999998807907104,-42.75155989019378,5.306937964633107e-07
grid-r034-c053,34,53,10.800000190734863,7.000000476837158,0.44999998807907104,-40.401564939920895,9.116822639043676e-07
grid-r034-c054,34,54,11.0,7.000000476837158,0.44999998807907104,-40.358548486555044,9.207572588820767e-07
grid-r034-c055,34,55,11.200000762939453,7.000000476837158,0.44999998807907104,-42.33048041266742,5.8472539876675e-07
grid-r034-c056,34,56,11.399999618530273,7.000000476837158,0.44999998807907104,-42.22030837447571,5.997484890940541e-07
grid-r034-c057,34,57,11.600000381469727,7.000000476837158,0.44999998807907104,-41.78257624260159,6.63349453589035e-07
grid-r035-c000,35,0,0.19999980926513672,7.200000286102295,0.44999998807907104,-39.24998095257291,1.1885074400197482e-06
grid-r035-c001,35,1,0.40000009536743164,7.200000286102295,0.44999998807907104,-38.33491658265263,1.4672642691948568e-06
grid-r035-c002,35,2,0.5999999046325684,7.200000286102295,0.44999998807907104,-38.570939879852524,1.3896518566980376e-06
grid-r035-c003,35,3,0.7999997138977051,7.200000286102295,0.44999998807907104,-39.633305007785474,1.0881017260544468e-06
grid-r035-c004,35,4,1.0,7.200000286102295,0.44999998807907104,-39.8557569711498,1.0337708999941242e-06
grid-r035-c005,35,5,1.1999998092651367,7.200000286102295,0.44999998807907104,-39.14507114684223,1.2175670462966082e-06
grid-r035-c006,35,6,1.4000000953674316,7.200000286102295,0.44999998807907104,-39.790679274761914,1.0493782838238985e-06
grid-r035-c007,35,7,1.5999999046325684,7.200000286102295,0.44999998807907104,-39.23379007197929,1.1929465699722641e-06
grid-r035-c008,35,8,1.799999713897705,7.200000286102295,0.44999998807907104,-39.85242694307657,1.0345638656872325e-06
grid-r035-c009,35,9,2.0,7.200000286102295,0.44999998807907104,-39.250275083408795,1.1884269497386413e-06
grid-r035-c010,35,10,2.200000047683716,7.200000286102295,0.44999998807907104,-39.50111551719074,1.1217302926525008e-06
grid-r035-c011,35,11,2.3999998569488525,7.200000286102295,0.44999998807907104,-39.70015182258027,1.0714818472479237e-06
grid-r035-c012,35,12,2.5999999046325684,7.200000286102295,0.44999998807907104,-39.33166877235684,1.166361357718415e-06
grid-r035-c013,35,13,2.799999952316284,7.200000286102295,0.44999998807907104,-39.43265262881765,1.1395535466363071e-06
grid-r035-c014,35,14,3.0,7.200000286102295,0.44999998807907104,-39.800208468306614,1.0470782854099525e-06
grid-r035-c015,35,15,3.200000047683716,7.200000286102295,0.44999998807907104,-39.58356270064065,1.100636040973768e-06
grid-r035-c016,35,16,3.3999998569488525,7.200000286102295,0.44999998807907104,-40.00579539537207,9.986664508687682e-07
grid-r035-c017,35,17,3.5999999046325684,7.200000286102295,0.44999998807907104,-39.47050214033537,1.1296652928649564e-06
grid-r035-c018,35,18,3.799999952316284,7.200000286102295,0.44999998807907104,-39.45348610223366,1.134100102717639e-06
grid-r035-c019,35,19,4.0,7.200000286102295,0.44999998807907104,-40.50119768154013,8.910051860766544e-07
grid-r035-c020,35,20,4.199999809265137,7.200000286102295,0.44999998807907104,-39.7363327581376,1.0625924460327951e-06
grid-r035-c021,35,21,4.400000095367432,7.200000286102295,0.44999998807907104,-39.72205751044524,1.0660909310900024e-06
grid-r035-c022,35,22,4.599999904632568,7.200000286102295,0.44999998807907104,-39.76091771552382,1.056594214787765e-06
grid-r035-c023,35,23,4.800000190734863,7.200000286102295,0.44999998807907104,-40.8474069264895,8.22733738914394e-07
grid-r035-c024,35,24,5.0,7.200000286102295,0.44999998807907104,-39.924567337751505,1.0175207307838718e-06
grid-r035-c025,35,25,5.199999809265137,7.200000286102295,0.44999998807907104,-40.36592143935973,9.191954291054572e-07
grid-r035-c026,35,26,5.400000095367432,7.200000286102295,0.44999998807907104,-41.074794147649804,7.807654469615954e-07
grid-r035-c027,35,27,5.599999904632568,7.200000286102295,0.44999998807907104,-40.56786924376284,8.774312050263688e-07
grid-r035-c028,35,28,5.800000190734863,7.200000286102295,0.44999998807907104,-41.43330127259687,7.189022994680272e-07
grid-r035-c029,35,29,6.0,7.200000286102295,0.44999998807907104,-41.044426156755264,7.86244072514819e-07
grid-r035-c030,35,30,6.199999809265137,7.200000286102295,0.44999998807907104,-41.804252739986225,6.600467941098032e-07
grid-r035-c031,35,31,6.400000095367432,7.200000286102295,0.44999998807907104,-40.766454912930605,8.382132250517316e-07
grid-r035-c032,35,32,6.599999904632568,7.200000286102295,0.44999998807907104,-40.89458684096685,8.138442808558466e-07
grid-r035-c033,35,33,6.800000190734863,7.200000286102295,0.44999998807907104,-41.62453725053277,6.879332090647949e-07
grid-r035-c034,35,34,7.0,7.200000286102295,0.44999998807907104,-40.27793174635913,9.380086112287245e-07
grid-r035-c035,35,35,7.199999809265137,7.200000286102295,0.44999998807907104,-41.13362181074824,7.70260839999537e-07
grid-r035-c036,35,36,7.400000095367432,7.200000286102295,0.44999998807907104,-40.912547414286294,8.104855169221992e-07
grid-r035-c037,35,37,7.599999904632568,7.200000286102295,0.44999998807907104,-40.88901056658984,8.148899155457912e-07
grid-r035-c038,35,38,7.800000190734863,7.200000286102295,0.44999998807907104,-40.488579021019916,8.935978144108958e-07
grid-r035-c039,35,39,8.0,7.200000286102295,0.44999998807907104,-40.4352342680821,9.046416380442679e-07
grid-r035-c040,35,40,8.199999809265137,7.200000286102295,0.44999998807907104,-40.735313889387044,8.442452212875651e-07
grid-r035-c041,35,41,8.399999618530273,7.200000286102295,0.44999998807907104,-40.59207015747575,8.725553470867453e-07
grid-r035-c042,35,42,8.600000381469727,7.200000286102295,0.44999998807907104,-41.20712630971218,7.573338507427252e-07
grid-r035-c043,35,43,8.800000190734863,7.200000286102295,0.44999998807907104,-41.09808198458563,7.765900136291748e-07
grid-r035-c044,35,44,9.0,7.200000286102295,0.44999998807907104,-42.40478797039661,5.748058811150258e-07
grid-r035-c045,35,45,9.199999809265137,7.200000286102295,0.44999998807907104,-41.616539296497535,6.892012720527418e-07
grid-r035-c046,35,46,9.399999618530273,7.200000286102295,0.44999998807907104,-41.34733802217993,7.332738505283487e-07
grid-r035-c047,35,47,9.600000381469727,7.200000286102295,0.44999998807907104,-41.038987911377646,7.872292258070956e-07
grid-r035-c048,35,48,9.800000190734863,7.200000286102295,0.44999998807907104,-40.72133482508341,8.469670547128771e-07
grid-r035-c049,35,49,10.0,7.200000286102295,0.44999998807907104,-42.78528576142435,5.265885647531832e-07
grid-r035-c050,35,50,10.200000762939453,7.200000286102295,0.44999998807907104,-41.46725433128651,7.133038479878451e-07
grid-r035-c051,35,51,10.399999618530273,7.200000286102295,0.44999998807907104,-41.60077944642913,6.917068162692885e-07
grid-r035-c052,35,52,10.600000381469727,7.200000286102295,0.44999998807907104,-41.903408223633356,6.451477361224534e-07
grid-r035-c053,35,53,10.800000190734863,7.200000286102295,0.44999998807907104,-41.28132496329658,7.445048026966106e-07
grid-r035-c054,35,54,11.0,7.200000286102295,0.44999998807907104,-43.34264711399086,4.6316452539940656e-07
grid-r035-c055,35,55,11.200000762939453,7.200000286102295,0.44999998807907104,-40.914716045249406,8.100809054667479e-07
grid-r035-c056,35,56,11.399999618530273,7.200000286102295,0.44999998807907104,-41.433068456672466,7.189408393060148e-07
grid-r035-c057,35,57,11.600000381469727,7.200000286102295,0.44999998807907104,-41.00697287086234,7.930539140943438e-07
grid-r036-c000,36,0,0.19999980926513672,7.40000057220459,0.44999998807907104,-43.54326759352852,4.422554980010318e-07
grid-r036-c001,36,1,0.40000009536743164,7.40000057220459,0.44999998807907104,-75.89610366631776,2.5727028840627497e-10
grid-r036-c004,36,4,1.0,7.40000057220459,0.44999998807907104,-51.25153302387476,7.496295495457161e-08
grid-r036-c006,36,6,1.4000000953674316,7.40000057220459,0.44999998807907104,-78.60643002573632,1.37834202385001e-10
grid-r036-c008,36,8,1.799999713897705,7.40000057220459,0.44999998807907104,-78.37458358117551,1.4539237869204413e-10
grid-r036-c011,36,11,2.3999998569488525,7.40000057220459,0.44999998807907104,-67.66935059157548,1.710271035904043e-09
grid-r036-c015,36,15,3.200000047683716,7.40000057220459,0.44999998807907104,-77.95659146324267,1.6008139258616438e-10
grid-r036-c022,36,22,4.599999904632568,7.40000057220459,0.44999998807907104,-72.71921508163244,5.34660982154378e-10
grid-r036-c023,36,23,4.800000190734863,7.40000057220459,0.44999998807907104,-78.59335181570944,1.3824989764099627e-10
grid-r036-c027,36,27,5.599999904632568,7.40000057220459,0.44999998807907104,-50.87237286007928,8.180177246686071e-08
grid-r036-c028,36,28,5.800000190734863,7.40000057220459,0.44999998807907104,-40.94123404902068,8.051496251937351e-07
grid-r036-c029,36,29,6.0,7.40000057220459,0.44999998807907104,-41.013010129738596,7.919522317934025e-07
grid-r036-c030,36,30,6.199999809265137,7.40000057220459,0.44999998807907104,-41.79799025113531,6.609992624362349e-07
grid-r036-c031,36,31,6.400000095367432,7.40000057220459,0.44999998807907104,-40.18885972850204,9.574454225003137e-07
grid-r036-c032,36,32,6.599999904632568,7.40000057220459,0.44999998807907104,-40.8875651477177,8.151611723405949e-07
grid-r036-c033,36,33,6.800000190734863,7.40000057220459,0.44999998807907104,-41.38068278216959,7.276653946064471e-07
grid-r036-c034,36,34,7.0,7.40000057220459,0.44999998807907104,-40.887322575307,8.152067039191024e-07
grid-r036-c035,36,35,7.199999809265137,7.40000057220459,0.44999998807907104,-42.12587292612988,6.129325811343733e-07
grid-r036-c036,36,36,7.400000095367432,7.40000057220459,0.44999998807907104,-40.4913654725085,8.930246622185223e-07
grid-r036-c037,36,37,7.599999904632568,7.40000057220459,0.44999998807907104,-41.140876913833324,7.689751555517432e-07
grid-r036-c038,36,38,7.800000190734863,7.40000057220459,0.44999998807907104,-40.460966119594026,8.99297504020069e-07
grid-r036-c039,36,39,8.0,7.40000057220459,0.44999998807907104,-40.82340094416951,8.272940590359212e-07
grid-r036-c040,36,40,8.199999809265137,7.40000057220459,0.44999998807907104,-41.25237007073207,7.494850819966814e-07
grid-r036-c041,36,41,8.399999618530273,7.40000057220459,0.44999998807907104,-41.42612440171795,7.200912932603387e-07
grid-r036-c042,36,42,8.600000381469727,7.40000057220459,0.44999998807907104,-41.22111629105337,7.548981670879584e-07
grid-r036-c043,36,43,8.800000190734863,7.40000057220459,0.44999998807907104,-41.9720361548379,6.350331318571989e-07
grid-r036-c044,36,44,9.0,7.40000057220459,0.44999998807907104,-41.18226192456716,7.616822017553204e-07
grid-r036-c045,36,45,9.199999809265137,7.40000057220459,0.44999998807907104,-43.25170932336054,4.7296506977545505e-07
grid-r036-c046,36,46,9.399999618530273,7.40000057220459,0.44999998807907104,-40.78091085489308,8.354277838407143e-07
grid-r036-c047,36,47,9.600000381469727,7.40000057220459,0.44999998807907104,-41.11150163149549,7.741940635241917e-07
grid-r036-c048,36,48,9.800000190734863,7.40000057220459,0.44999998807907104,-40.92483223687349,8.081961482275801e-07
grid-r036-c049,36,49,10.0,7.40000057220459,0.44999998807907104,-43.42862588591474,4.5408526716528286e-07
grid-r036-c050,36,50,10.200000762939453,7.40000057220459,0.44999998807907104,-41.1329122839176,7.703866913288948e-07
grid-r036-c051,36,51,10.399999618530273,7.40000057220459,0.44999998807907104,-41.885021302912584,6.478849172708578e-07
grid-r036-c052,36,52,10.600000381469727,7.40000057220459,0.44999998807907104,-42.31636997808046,5.866282890565344e-07
grid-r036-c053,36,53,10.800000190734863,7.40000057220459,0.44999998807907104,-41.39931005424752,7.245510573739011e-07
grid-r036-c054,36,54,11.0,7.40000057220459,0.44999998807907104,-40.93045564339589,8.07150343007379e-07
grid-r036-c055,36,55,11.200000762939453,7.40000057220459,0.44999998807907104,-42.21872722240897,5.999668815093173e-07
grid-r036-c056,36,56,11.399999618530273,7.40000057220459,0.44999998807907104,-41.3497734680889,7.328627589231473e-07
grid-r036-c057,36,57,11.600000381469727,7.40000057220459,0.44999998807907104,-41.57789815649127,6.953607680770801e-07
grid-r037-c000,37,0,0.19999980926513672,7.600000381469727,0.44999998807907104,-50.90955110538039,8.11044884585499e-08
grid-r037-c028,37,28,5.800000190734863,7.600000381469727,0.44999998807907104,-43.42646428956962,4.543113334420923e-07
grid-r037-c029,37,29,6.0,7.600000381469727,0.44999998807907104,-42.54576999809036,5.564459684137546e-07
grid-r037-c030,37,30,6.199999809265137,7.600000381469727,0.44999998807907104,-41.137117617959305,7.696410762036976e-07
grid-r037-c031,37,31,6.400000095367432,7.600000381469727,0.44999998807907104,-42.007504174664625,6.298680546024116e-07
grid-r037-c032,37,32,6.599999904632568,7.600000381469727,0.44999998807907104,-41.76137513303441,6.66595667553338e-07
grid-r037-c033,37,33,6.800000190734863,7.600000381469727,0.44999998807907104,-40.8727365296956,8.179492283488798e-07
grid-r037-c034,37,34,7.0,7.600000381469727,0.44999998807907104,-41.69164495429862,6.773848895136325e-07
grid-r037-c035,37,35,7.199999809265137,7.600000381469727,0.44999998807907104,-42.79019505778814,5.259936415313859e-07
grid-r037-c036,37,36,7.400000095367432,7.600000381469727,0.44999998807907104,-45.44454559376298,2.854601177659788e-07
grid-r037-c037,37,37,7.599999904632568,7.600000381469727,0.44999998807907104,-43.92784403869528,4.047767845349881e-07
grid-r037-c038,37,38,7.800000190734863,7.600000381469727,0.44999998807907104,-44.398639800098806,3.6319178775556793e-07
grid-r037-c039,37,39,8.0,7.600000381469727,0.44999998807907104,-43.571021968137345,4.39438196053743e-07
grid-r037-c040,37,40,8.199999809265137,7.600000381469727,0.44999998807907104,-43.97059116535314,4.0081215502141276e-07
grid-r037-c041,37,41,8.399999618530273,7.600000381469727,0.44999998807907104,-41.74220236378944,6.69544988340931e-07
grid-r037-c042,37,42,8.600000381469727,7.600000381469727,0.44999998807907104,-41.56149382448879,6.979922773098224e-07
grid-r037-c043,37,43,8.800000190734863,7.600000381469727,0.44999998807907104,-41.62408009414011,6.880056275804236e-07
grid-r037-c044,37,44,9.0,7.600000381469727,0.44999998807907104,-41.2908270176396,7.428776598317199e-07
grid-r037-c045,37,45,9.199999809265137,7.600000381469727,0.44999998807907104,-43.191213108109146,4.79599464142666e-07
grid-r037-c046,37,46,9.399999618530273,7.600000381469727,0.44999998807907104,-41.295793946979884,7.420285328407772e-07
grid-r037-c047,37,47,9.600000381469727,7.600000381469727,0.44999998807907104,-41.0176965712428,7.910981025816e-07
grid-r037-c048,37,48,9.800000190734863,7.600000381469727,0.44999998807907104,-41.71466573658543,6.738037541254016e-07
grid-r037-c049,37,49,10.0,7.600000381469727,0.44999998807907104,-42.91821159076518,5.10715267409978e-07
grid-r037-c050,37,50,10.200000762939453,7.600000381469727,0.44999998807907104,-40.488125144962595,8.936912081480841e-07
grid-r037-c051,37,51,10.399999618530273,7.600000381469727,0.44999998807907104,-44.15820261960691,3.8386608025575697e-07
grid-r037-c052,37,52,10.600000381469727,7.600000381469727,0.44999998807907104,-41.32911625203563,7.363569238805212e-07
grid-r037-c053,37,53,10.800000190734863,7.600000381469727,0.44999998807907104,-42.23375081524921,5.978949957352597e-07
grid-r037-c054,37,54,11.0,7.600000381469727,0.44999998807907104,-41.31203942638304,7.392580414489203e-07
grid-r037-c055,37,55,11.200000762939453,7.600000381469727,0.44999998807907104,-42.10900690467242,6.153175604595162e-07
grid-r037-c056,37,56,11.399999618530273,7.600000381469727,0.44999998807907104,-40.08530760158866,9.805488616621005e-07
grid-r037-c057,37,57,11.600000381469727,7.600000381469727,0.44999998807907104,-43.63716319743658,4.327964404637896e-07
grid-r038-c000,38,0,0.19999980926513672,7.8000006675720215,0.44999998807907104,-48.08055365496219,1.5557672838895087e-07
grid-r038-c027,38,27,5.599999904632568,7.8000006675720215,0.44999998807907104,-50.55580275828041,8.79872459336184e-08
grid-r038-c028,38,28,5.800000190734863,7.8000006675720215,0.44999998807907104,-47.18600690310102,1.911610070237657e-07
grid-r038-c029,38,29,6.0,7.8000006675720215,0.44999998807907104,-41.75884199752835,6.669845902251836e-07
grid-r038-c030,38,30,6.199999809265137,7.8000006675720215,0.44999998807907104,-41.725115715895946,6.721843988088949e-07
grid-r038-c031,38,31,6.400000095367432,7.8000006675720215,0.44999998807907104,-41.76788913249948,6.655965876234404e-07
grid-r038-c032,38,32,6.599999904632568,7.8000006675720215,0.44999998807907104,-42.49605045120366,5.628529606838129e-07
grid-r038-c033,38,33,6.800000190734863,7.8000006675720215,0.44999998807907104,-41.12299074084386,7.721486667833233e-07
grid-r038-c034,38,34,7.0,7.8000006675720215,0.44999998807907104,-41.85060827949448,6.530390805892239e-07
grid-r038-c035,38,35,7.199999809265137,7.8000006675720215,0.44999998807907104,-50.20078585215913,9.548197965614236e-08
grid-r038-c040,38,40,8.199999809265137,7.8000006675720215,0.44999998807907104,-51.20902892215919,7.57002140971963e-08
grid-r038-c041,38,41,8.399999618530273,7.8000006675720215,0.44999998807907104,-44.536883447438655,3.518128153245925e-07
grid-r038-c042,38,42,8.600000381469727,7.8000006675720215,0.44999998807907104,-41.19257758180459,7.598751494697353e-07
grid-r038-c043,38,43,8.800000190734863,7.8000006675720215,0.44999998807907104,-41.34245743600605,7.340983643189247e-07
grid-r038-c044,38,44,9.0,7.8000006675720215,0.44999998807907104,-41.386056592798504,7.267655632858805e-07
grid-r038-c045,38,45,9.199999809265137,7.8000006675720215,0.44999998807907104,-42.500292477436155,5.623034553536854e-07
grid-r038-c046,38,46,9.399999618530273,7.8000006675720215,0.44999998807907104,-41.93266163698624,6.408167223526107e-07
grid-r038-c047,38,47,9.600000381469727,7.8000006675720215,0.44999998807907104,-40.57520862438282,8.759496381571807e-07
grid-r038-c048,38,48,9.800000190734863,7.8000006675720215,0.44999998807907104,-41.39939693829258,7.245365623020916e-07
grid-r038-c049,38,49,10.0,7.8000006675720215,0.44999998807907104,-41.72082344234698,6.728490689056343e-07
grid-r038-c050,38,50,10.200000762939453,7.8000006675720215,0.44999998807907104,-40.828546386691905,8.263144763986929e-07
grid-r038-c051,38,51,10.399999618530273,7.8000006675720215,0.44999998807907104,-43.02916008891859,4.978333549843228e-07
grid-r038-c052,38,52,10.600000381469727,7.8000006675720215,0.44999998807907104,-40.17700599293597,9.600622661309899e-07
grid-r038-c053,38,53,10.800000190734863,7.8000006675720215,0.44999998807907104,-44.369953131786545,3.6559873706210055e-07
grid-r038-c054,38,54,11.0,7.8000006675720215,0.44999998807907104,-40.55723138676301,8.795830694907636e-07
grid-r038-c055,38,55,11.200000762939453,7.8000006675720215,0.44999998807907104,-42.35610963021739,5.812848939967807e-07
grid-r038-c056,38,56,11.399999618530273,7.8000006675720215,0.44999998807907104,-43.58936148008215,4.375864364192239e-07
grid-r038-c057,38,57,11.600000381469727,7.8000006675720215,0.44999998807907104,-40.01106835104683,9.974546628654934e-07
grid-r039-c000,39,0,0.19999980926513672,8.000000953674316,0.44999998807907104,-46.59767041590567,2.1889354684390128e-07
grid-r039-c028,39,28,5.800000190734863,8.000000953674316,0.44999998807907104,-61.596202652075476,6.924361528604095e-09
grid-r039-c029,39,29,6.0,8.000000953674316,0.44999998807907104,-42.28178327352034,5.913187806072528e-07
grid-r039-c030,39,30,6.199999809265137,8.000000953674316,0.44999998807907104,-41.52040589002632,7.046272116895125e-07
grid-r039-c031,39,31,6.400000095367432,8.000000953674316,0.44999998807907104,-41.49940721527352,7.080424211380887e-07
grid-r039-c032,39,32,6.599999904632568,8.000000953674316,0.44999998807907104,-41.16814791034025,7.641615979991911e-07
grid-r039-c033,39,33,6.800000190734863,8.000000953674316,0.44999998807907104,-43.85064835705649,4.1203600176231703e-07
grid-r039-c034,39,34,7.0,8.000000953674316,0.44999998807907104,-40.348082679216844,9.229788133779948e-07
grid-r039-c035,39,35,7.199999809265137,8.000000953674316,0.44999998807907104,-48.04069208605985,1.5701125732903165e-07
grid-r039-c040,39,40,8.199999809265137,8.000000953674316,0.44999998807907104,-70.72771121458983,8.457244349280302e-10
grid-r039-c041,39,41,8.399999618530273,8.000000953674316,0.44999998807907104,-51.07160293903087,7.813393665401236e-08
grid-r039-c042,39,42,8.600000381469727,8.000000953674316,0.44999998807907104,-44.03283767147619,3.9510837268608157e-07
grid-r039-c043,39,43,8.800000190734863,8.000000953674316,0.44999998807907104,-41.9063993053409,6.44703561647475e-07
grid-r039-c044,39,44,9.0,8.000000953674316,0.44999998807907104,-41.1733402793005,7.6324852216203e-07
grid-r039-c045,39,45,9.199999809265137,8.000000953674316,0.44999998807907104,-41.075860777143745,7.805737141097779e-07
grid-r039-c046,39,46,9.399999618530273,8.000000953674316,0.44999998807907104,-43.2516025842917,4.729766942546121e-07
grid-r039-c047,39,47,9.600000381469727,8.000000953674316,0.44999998807907104,-41.69451442883865,6.769374749637791e-07
grid-r039-c048,39,48,9.800000190734863,8.000000953674316,0.44999998807907104,-42.6722661662416,5.404722287494224e-07
grid-r039-c049,39,49,10.0,8.000000953674316,0.44999998807907104,-41.636041915327795,6.861132533231284e-07
grid-r039-c050,39,50,10.200000762939453,8.000000953674316,0.44999998807907104,-41.71043721260172,6.744601250829874e-07
grid-r039-c051,39,51,10.399999618530273,8.000000953674316,0.44999998807907104,-42.628885952721006,5.458978762362676e-07
grid-r039-c052,39,52,10.600000381469727,8.000000953674316,0.44999998807907104,-42.41171542728692,5.738897357332462e-07
grid-r039-c053,39,53,10.800000190734863,8.000000953674316,0.44999998807907104,-40.800363003929434,8.316942512465175e-07
grid-r039-c054,39,54,11.0,8.000000953674316,0.44999998807907104,-43.48947330521484,4.4776760432796436e-07
grid-r039-c055,39,55,11.200000762939453,8.000000953674316,0.44999998807907104,-40.87945616260197,8.166846328094834e-07
grid-r039-c056,39,56,11.399999618530273,8.000000953674316,0.44999998807907104,-41.42942778201956,7.195437774498714e-07
grid-r039-c057,39,57,11.600000381469727,8.000000953674316,0.44999998807907104,-41.801211935486286,6.605091016353981e-07
grid-r040-c000,40,0,0.19999980926513672,8.200000762939453,0.44999998807907104,-46.3589493597207,2.3126241899262823e-07
grid-r040-c027,40,27,5.599999904632568,8.200000762939453,0.44999998807907104,-67.44806058757203,1.7996744094972428e-09
grid-r040-c028,40,28,5.800000190734863,8.200000762939453,0.44999998807907104,-50.43886939013444,9.038847537112815e-08
grid-r040-c029,40,29,6.0,8.200000762939453,0.44999998807907104,-46.65769565703238,2.1588896004232083e-07
grid-r040-c030,40,30,6.199999809265137,8.200000762939453,0.44999998807907104,-43.68095739487223,4.284540580101748e-07
grid-r040-c031,40,31,6.400000095367432,8.200000762939453,0.44999998807907104,-42.64933063473373,5.433340675153886e-07
grid-r040-c032,40,32,6.599999904632568,8.200000762939453,0.44999998807907104,-42.56450625423526,5.540505298995413e-07
grid-r040-c033,40,33,6.800000190734863,8.200000762939453,0.44999998807907104,-40.76495990875924,8.385018190892879e-07
grid-r040-c034,40,34,7.0,8.200000762939453,0.44999998807907104,-42.07766547662593,6.197741413416225e-07
grid-r040-c035,40,35,7.199999809265137,8.200000762939453,0.44999998807907104,-47.81850837378511,1.6525292778624134e-07
grid-r040-c041,40,41,8.399999618530273,8.200000762939453,0.44999998807907104,-50.900153579519426,8.128017725539394e-08
grid-r040-c042,40,42,8.600000381469727,8.200000762939453,0.44999998807907104,-46.62902731334688,2.1731878518949088e-07
grid-r040-c043,40,43,8.800000190734863,8.200000762939453,0.44999998807907104,-43.99157532708475,3.9888018932288105e-07
grid-r040-c044,40,44,9.0,8.200000762939453,0.44999998807907104,-41.57014715354822,6.966029104660265e-07
grid-r040-c045,40,45,9.199999809265137,8.200000762939453,0.44999998807907104,-41.9919912676954,6.321219530036615e-07
grid-r040-c046,40,46,9.399999618530273,8.200000762939453,0.44999998807907104,-42.667622454383896,5.410504400060745e-07
grid-r040-c047,40,47,9.600000381469727,8.200000762939453,0.44999998807907104,-41.77401622157264,6.646582164648862e-07
grid-r040-c048,40,48,9.800000190734863,8.200000762939453,0.44999998807907104,-42.99188618270872,5.021244646741252e-07
grid-r040-c049,40,49,10.0,8.200000762939453,0.44999998807907104,-40.99401153941944,7.954242846608395e-07
grid-r040-c050,40,50,10.200000762939453,8.200000762939453,0.44999998807907104,-41.978699739324995,6.34059517778951e-07
grid-r040-c051,40,51,10.399999618530273,8.200000762939453,0.44999998807907104,-42.187467940622895,6.043008511369408e-07
grid-r040-c052,40,52,10.600000381469727,8.200000762939453,0.44999998807907104,-41.62857444371277,6.872940048197052e-07
grid-r040-c053,40,53,10.800000190734863,8.200000762939453,0.44999998807907104,-41.08773597152006,7.784422564327542e-07
grid-r040-c054,40,54,11.0,8.200000762939453,0.44999998807907104,-42.41187287088361,5.738689310419431e-07
grid-r040-c055,40,55,11.200000762939453,8.200000762939453,0.44999998807907104,-40.52748927251514,8.856274575919088e-07
grid-r040-c056,40,56,11.399999618530273,8.200000762939453,0.44999998807907104,-44.89142005492877,3.2423358220512455e-07
grid-r040-c057,40,57,11.600000381469727,8.200000762939453,0.44999998807907104,-41.73933880124017,6.699866048620606e-07
grid-r041-c000,41,0,0.19999980926513672,8.40000057220459,0.44999998807907104,-52.1526506791903,6.091649851214243e-08
grid-r041-c028,41,28,5.800000190734863,8.40000057220459,0.44999998807907104,-67.35535417200084,1.8385040156942978e-09
grid-r041-c029,41,29,6.0,8.40000057220459,0.44999998807907104,-49.68912525059602,1.0742057554580242e-07
grid-r041-c030,41,30,6.199999809265137,8.40000057220459,0.44999998807907104,-41.784644419906854,6.630336315538443e-07
grid-r041-c031,41,31,6.400000095367432,8.40000057220459,0.44999998807907104,-43.4655410633152,4.502418846641376e-07
grid-r041-c032,41,32,6.599999904632568,8.40000057220459,0.44999998807907104,-42.9158224339291,5.109963012728258e-07
grid-r041-c033,41,33,6.800000190734863,8.40000057220459,0.44999998807907104,-42.09386741322261,6.174662985358736e-07
grid-r041-c034,41,34,7.0,8.40000057220459,0.44999998807907104,-40.931547363226706,8.069474688454648e-07
grid-r041-c035,41,35,7.199999809265137,8.40000057220459,0.44999998807907104,-47.48980559618914,1.7824585540893167e-07
grid-r041-c040,41,40,8.199999809265137,8.40000057220459,0.44999998807907104,-50.918996082951594,8.092829517636346e-08
grid-r041-c041,41,41,8.399999618530273,8.40000057220459,0.44999998807907104,-50.82310098393796,8.27351200882731e-08
grid-r041-c042,41,42,8.600000381469727,8.40000057220459,0.44999998807907104,-50.99061892378516,7.960458958677918e-08
grid-r041-c043,41,43,8.800000190734863,8.40000057220459,0.44999998807907104,-44.02902331732757,3.9545554386677395e-07
grid-r041-c044,41,44,9.0,8.40000057220459,0.44999998807907104,-43.881446523939104,4.091243681614287e-07
grid-r041-c045,41,45,9.199999809265137,8.40000057220459,0.44999998807907104,-41.46111798112326,7.143124207686924e-07
grid-r041-c046,41,46,9.399999618530273,8.40000057220459,0.44999998807907104,-42.97651259273949,5.0390508476994e-07
grid-r041-c047,41,47,9.600000381469727,8.40000057220459,0.44999998807907104,-40.6739928000784,8.562502671338734e-07
grid-r041-c048,41,48,9.800000190734863,8.40000057220459,0.44999998807907104,-43.47273798372146,4.494963832257781e-07
grid-r041-c049,41,49,10.0,8.40000057220459,0.44999998807907104,-41.073197381032145,7.810525630702614e-07
grid-r041-c050,41,50,10.200000762939453,8.40000057220459,0.44999998807907104,-43.90291283575248,4.071071373346058e-07
grid-r041-c051,41,51,10.399999618530273,8.40000057220459,0.44999998807907104,-40.03342634469256,9.923328434524592e-07
grid-r041-c052,41,52,10.600000381469727,8.40000057220459,0.44999998807907104,-44.17605467336264,3.8229140386647487e-07
grid-r041-c053,41,53,10.800000190734863,8.40000057220459,0.44999998807907104,-40.67898261036668,8.55267046517838e-07
grid-r041-c054,41,54,11.0,8.40000057220459,0.44999998807907104,-43.20827150860797,4.777193680638447e-07
grid-r041-c055,41,55,11.200000762939453,8.40000057220459,0.44999998807907104,-42.95010170225851,5.069788358014193e-07
grid-r041-c056,41,56,11.399999618530273,8.40000057220459,0.44999998807907104,-39.73963629574686,1.0617844736771076e-06
grid-r041-c057,41,57,11.600000381469727,8.40000057220459,0.44999998807907104,-40.148444733170095,9.663968967288383e-07
grid-r042-c001,42,1,0.40000009536743164,8.600000381469727,0.44999998807907104,-51.92207738036201,6.423803711186338e-08
grid-r042-c030,42,30,6.199999809265137,8.600000381469727,0.44999998807907104,-44.60387571197933,3.4642755508684786e-07
grid-r042-c031,42,31,6.400000095367432,8.600000381469727,0.44999998807907104,-43.280051265689394,4.6988856183816097e-07
grid-r042-c032,42,32,6.599999904632568,8.600000381469727,0.44999998807907104,-42.75676138383177,5.300585712575412e-07
grid-r042-c033,42,33,6.800000190734863,8.600000381469727,0.44999998807907104,-41.560897556298706,6.980881153140217e-07
grid-r042-c034,42,34,7.0,8.600000381469727,0.44999998807907104,-40.78351054396955,8.349278459718334e-07
grid-r042-c035,42,35,7.199999809265137,8.600000381469727,0.44999998807907104,-48.90601528220466,1.2864664711287332e-07
grid-r042-c040,42,40,8.199999809265137,8.600000381469727,0.44999998807907104,-70.03806938170486,9.912725085214902e-10
grid-r042-c041,42,41,8.399999618530273,8.600000381469727,0.44999998807907104,-50.697835348604215,8.515623761695679e-08
grid-r042-c042,42,42,8.600000381469727,8.600000381469727,0.44999998807907104,-47.84987744170937,1.6406360714427137e-07
grid-r042-c043,42,43,8.800000190734863,8.600000381469727,0.44999998807907104,-50.8062571273056,8.305662646534984e-08
grid-r042-c044,42,44,9.0,8.600000381469727,0.44999998807907104,-45.776752019696715,2.644385688199691e-07
grid-r042-c045,42,45,9.199999809265137,8.600000381469727,0.44999998807907104,-41.23796239815624,7.519756195506488e-07
grid-r042-c046,42,46,9.399999618530273,8.600000381469727,0.44999998807907104,-45.566714642776404,2.775418863620871e-07
grid-r042-c047,42,47,9.600000381469727,8.600000381469727,0.44999998807907104,-41.2397841460602,7.516602522628091e-07
grid-r042-c048,42,48,9.800000190734863,8.600000381469727,0.44999998807907104,-43.1764195546668,4.812359293282498e-07
grid-r042-c049,42,49,10.0,8.600000381469727,0.44999998807907104,-41.43082232114898,7.193127657956211e-07
grid-r042-c050,42,50,10.200000762939453,8.600000381469727,0.44999998807907104,-42.61769428787459,5.473064561556384e-07
grid-r042-c051,42,51,10.399999618530273,8.600000381469727,0.44999998807907104,-40.97371834520314,7.99149745489558e-07
grid-r042-c052,42,52,10.600000381469727,8.600000381469727,0.44999998807907104,-42.197262986493236,6.029394512552244e-07
grid-r042-c053,42,53,10.800000190734863,8.600000381469727,0.44999998807907104,-42.32064218966517,5.860514988853538e-07
grid-r042-c054,42,54,11.0,8.600000381469727,0.44999998807907104,-40.46211180869584,8.990602964331629e-07
grid-r042-c055,42,55,11.200000762939453,8.600000381469727,0.44999998807907104,-41.97620358804478,6.344240546241053e-07
grid-r042-c056,42,56,11.399999618530273,8.600000381469727,0.44999998807907104,-40.09080912760642,9.793075150810182e-07
grid-r042-c057,42,57,11.600000381469727,8.600000381469727,0.44999998807907104,-40.06873987714801,9.842966619544313e-07
grid-r043-c001,43,1,0.40000009536743164,8.800000190734863,0.44999998807907104,-74.61367438450483,3.45646816723999e-10
grid-r043-c030,43,30,6.199999809265137,8.800000190734863,0.44999998807907104,-46.1963630822914,2.4008426180444076e-07
grid-r043-c031,43,31,6.400000095367432,8.800000190734863,0.44999998807907104,-41.745587701879685,6.690232794426265e-07
grid-r043-c032,43,32,6.599999904632568,8.800000190734863,0.44999998807907104,-41.06373600391275,7.827559898032632e-07
grid-r043-c033,43,33,6.800000190734863,8.800000190734863,0.44999998807907104,-41.75456101889448,6.676423822682409e-07
grid-r043-c034,43,34,7.0,8.800000190734863,0.44999998807907104,-41.64477310910797,6.847352551631047e-07
grid-r043-c035,43,35,7.199999809265137,8.800000190734863,0.44999998807907104,-47.141073624765454,1.9314907717671304e-07
grid-r043-c040,43,40,8.199999809265137,8.800000190734863,0.44999998807907104,-50.72780217235855,8.457067224298953e-08
grid-r043-c041,43,41,8.399999618530273,8.800000190734863,0.44999998807907104,-50.62367971253042,8.662276229642885e-08
grid-r043-c042,43,42,8.600000381469727,8.800000190734863,0.44999998807907104,-63.07262518546169,4.9287578463008686e-09
grid-r043-c043,43,43,8.800000190734863,8.800000190734863,0.44999998807907104,-50.65930549850373,8.591509015332122e-08
grid-r043-c044,43,44,9.0,8.800000190734863,0.44999998807907104,-49.49708952165027,1.1227706409044913e-07
grid-r043-c045,43,45,9.199999809265137,8.800000190734863,0.44999998807907104,-42.353202727889105,5.816741008857207e-07
grid-r043-c046,43,46,9.399999618530273,8.800000190734863,0.44999998807907104,-43.3682261953825,4.604445962286263e-07
grid-r043-c047,43,47,9.600000381469727,8.800000190734863,0.44999998807907104,-42.72048107843343,5.345051476979279e-07
grid-r043-c048,43,48,9.800000190734863,8.800000190734863,0.44999998807907104,-43.49537047640078,4.471600050237612e-07
grid-r043-c049,43,49,10.0,8.800000190734863,0.44999998807907104,-41.697533597512084,6.76467038829287e-07
grid-r043-c050,43,50,10.200000762939453,8.800000190734863,0.44999998807907104,-43.06156274603131,4.941328484164842e-07
grid-r043-c051,43,51,10.399999618530273,8.800000190734863,0.44999998807907104,-41.23623067310451,7.522755254285585e-07
grid-r043-c052,43,52,10.600000381469727,8.800000190734863,0.44999998807907104,-42.705371699403344,5.363679633774154e-07
grid-r043-c053,43,53,10.800000190734863,8.800000190734863,0.44999998807907104,-42.01888835563639,6.282191407080973e-07
grid-r043-c054,43,54,11.0,8.800000190734863,0.44999998807907104,-41.74307740040801,6.694100989079743e-07
grid-r043-c055,43,55,11.200000762939453,8.800000190734863,0.44999998807907104,-40.034240413537674,9.921468517859466e-07
grid-r043-c056,43,56,11.399999618530273,8.800000190734863,0.44999998807907104,-42.82369608496885,5.219517902332882e-07
grid-r043-c057,43,57,11.600000381469727,8.800000190734863,0.44999998807907104,-41.290963932713645,7.428542403431493e-07
grid-r044-c001,44,1,0.40000009536743164,9.000000953674316,0.44999998807907104,-80.25335268833169,9.433323566732099e-11
grid-r044-c002,44,2,0.5999999046325684,9.000000953674316,0.44999998807907104,-51.48974659358835,7.096191723121592e-08
grid-r044-c030,44,30,6.199999809265137,9.000000953674316,0.44999998807907104,-49.02763455358803,1.2509401869920111e-07
grid-r044-c031,44,31,6.400000095367432,9.000000953674316,0.44999998807907104,-43.003610067228884,5.007707954973739e-07
grid-r044-c032,44,32,6.599999904632568,9.000000953674316,0.44999998807907104,-42.53550319222527,5.577629735853407e-07
grid-r044-c033,44,33,6.800000190734863,9.000000953674316,0.44999998807907104,-41.545394001366674,7.005846214269695e-07
grid-r044-c034,44,34,7.0,9.000000953674316,0.44999998807907104,-41.94947130116471,6.383411914612225e-07
grid-r044-c035,44,35,7.199999809265137,9.000000953674316,0.44999998807907104,-48.729444729764936,1.339847983672371e-07
grid-r044-c040,44,40,8.199999809265137,9.000000953674316,0.44999998807907104,-66.42205982461098,2.2792607801136455e-09
grid-r044-c041,44,41,8.399999618530273,9.000000953674316,0.44999998807907104,-50.44840178606104,9.01902978966973e-08
grid-r044-c042,44,42,8.600000381469727,9.000000953674316,0.44999998807907104,-50.62157164063437,8.666481932095849e-08
grid-r044-c043,44,43,8.800000190734863,9.000000953674316,0.44999998807907104,-50.62558815236605,8.658470562750153e-08
grid-r044-c044,44,44,9.0,9.000000953674316,0.44999998807907104,-50.69731718347997,8.516639837807816e-08
grid-r044-c045,44,45,9.199999809265137,9.000000953674316,0.44999998807907104,-49.4178039519618,1.1434563873535808e-07
grid-r044-c046,44,46,9.399999618530273,9.000000953674316,0.44999998807907104,-41.07350081950575,7.80997993388155e-07
grid-r044-c047,44,47,9.600000381469727,9.000000953674316,0.44999998807907104,-43.94722212837267,4.0297470604855334e-07
grid-r044-c048,44,48,9.800000190734863,9.000000953674316,0.44999998807907104,-44.19585996693277,3.8055199524933414e-07
grid-r044-c049,44,49,10.0,9.000000953674316,0.44999998807907104,-41.27776418836949,7.451154715454322e-07
grid-r044-c050,44,50,10.200000762939453,9.000000953674316,0.44999998807907104,-44.016394774015225,3.9660713468947506e-07
grid-r044-c051,44,51,10.399999618530273,9.000000953674316,0.44999998807907104,-41.51432522845176,7.05614468188287e-07
grid-r044-c052,44,52,10.600000381469727,9.000000953674316,0.44999998807907104,-41.305417438122745,7.40386099096213e-07
grid-r044-c053,44,53,10.800000190734863,9.000000953674316,0.44999998807907104,-41.27185655708936,7.461297286681656e-07
grid-r044-c054,44,54,11.0,9.000000953674316,0.44999998807907104,-40.560550671809736,8.789110665929911e-07
grid-r044-c055,44,55,11.200000762939453,9.000000953674316,0.44999998807907104,-42.77619903304579,5.276914976093394e-07
grid-r044-c056,44,56,11.399999618530273,9.000000953674316,0.44999998807907104,-40.67977039170252,8.551119208277669e-07
grid-r044-c057,44,57,11.600000381469727,9.000000953674316,0.44999998807907104,-40.99117887718336,7.959432650750387e-07
grid-r045-c030,45,30,6.199999809265137,9.200000762939453,0.44999998807907104,-49.2439555525126,1.1901575192041491e-07
grid-r045-c031,45,31,6.400000095367432,9.200000762939453,0.44999998807907104,-44.16110819433348,3.8360934695447213e-07
grid-r045-c032,45,32,6.599999904632568,9.200000762939453,0.44999998807907104,-41.44017874651198,7.177647489697847e-07
grid-r045-c033,45,33,6.800000190734863,9.200000762939453,0.44999998807907104,-41.83987757984522,6.546546273966669e-07
grid-r045-c034,45,34,7.0,9.200000762939453,0.44999998807907104,-42.687091025019186,5.386304451349133e-07
grid-r045-c035,45,35,7.199999809265137,9.200000762939453,0.44999998807907104,-46.92866847261668,2.0283044932511984e-07
grid-r045-c040,45,40,8.199999809265137,9.200000762939453,0.44999998807907104,-50.54386609637018,8.822941310882015e-08
grid-r045-c041,45,41,8.399999618530273,9.200000762939453,0.44999998807907104,-63.3284894020813,4.646768747562646e-09
grid-r045-c042,45,42,8.600000381469727,9.200000762939453,0.44999998807907104,-50.44647078689407,9.023040803413096e-08
grid-r045-c043,45,43,8.800000190734863,9.200000762939453,0.44999998807907104,-50.45437775634964,9.006627976759773e-08
grid-r045-c044,45,44,9.0,9.200000762939453,0.44999998807907104,-50.52734655533557,8.856565614223655e-08
grid-r045-c045,45,45,9.199999809265137,9.200000762939453,0.44999998807907104,-50.60343448391292,8.702750875499987e-08
grid-r045-c046,45,46,9.399999618530273,9.200000762939453,0.44999998807907104,-45.31494056338039,2.941073944384698e-07
grid-r045-c047,45,47,9.600000381469727,9.200000762939453,0.44999998807907104,-43.36441503027413,4.6084883820185496e-07
grid-r045-c048,45,48,9.800000190734863,9.200000762939453,0.44999998807907104,-43.1403950667636,4.852443566960574e-07
grid-r045-c049,45,49,10.0,9.200000762939453,0.44999998807907104,-42.36777036242397,5.797262474516174e-07
grid-r045-c050,45,50,10.200000762939453,9.200000762939453,0.44999998807907104,-42.8997125845111,5.128953262101277e-07
grid-r045-c051,45,51,10.399999618530273,9.200000762939453,0.44999998807907104,-40.536597744644695,8.837719747134543e-07
grid-r045-c052,45,52,10.600000381469727,9.200000762939453,0.44999998807907104,-42.906339667019026,5.121132744534407e-07
grid-r045-c053,45,53,10.800000190734863,9.200000762939453,0.44999998807907104,-41.07839637794514,7.801181141076086e-07
grid-r045-c054,45,54,11.0,9.200000762939453,0.44999998807907104,-40.16424964963359,9.628863608668325e-07
grid-r045-c055,45,55,11.200000762939453,9.200000762939453,0.44999998807907104,-40.96304000115715,8.011170962163305e-07
grid-r045-c056,45,56,11.399999618530273,9.200000762939453,0.44999998807907104,-39.84828074941356,1.0355520316807088e-06
grid-r045-c057,45,57,11.600000381469727,9.200000762939453,0.44999998807907104,-40.63456821312046,8.640585633656883e-07
grid-r046-c030,46,30,6.199999809265137,9.40000057220459,0.44999998807907104,-52.09714537461028,6.170004240857452e-08
grid-r046-c031,46,31,6.400000095367432,9.40000057220459,0.44999998807907104,-43.355998005869054,4.6174287149369775e-07
grid-r046-c032,46,32,6.599999904632568,9.40000057220459,0.44999998807907104,-42.16153923422127,6.079195031816198e-07
grid-r046-c033,46,33,6.800000190734863,9.40000057220459,0.44999998807907104,-42.106828111480255,6.156263339107682e-07
grid-r046-c034,46,34,7.0,9.40000057220459,0.44999998807907104,-41.59807822227368,6.921371777934837e-07
grid-r046-c035,46,35,7.199999809265137,9.40000057220459,0.44999998807907104,-48.42679852622044,1.4365480183187174e-07
grid-r046-c040,46,40,8.199999809265137,9.40000057220459,0.44999998807907104,-68.97728960071842,1.2655259062910318e-09
grid-r046-c041,46,41,8.399999618530273,9.40000057220459,0.44999998807907104,-50.363670940385475,9.196718764314937e-08
grid-r046-c042,46,42,8.600000381469727,9.40000057220459,0.44999998807907104,-50.261386267528664,9.415889934416555e-08
grid-r046-c043,46,43,8.800000190734863,9.40000057220459,0.44999998807907104,-63.55786223849779,4.407717746346407e-09
grid-r046-c044,46,44,9.0,9.40000057220459,0.44999998807907104,-50.44828956278921,9.01926284768706e-08
grid-r046-c045,46,45,9.199999809265137,9.40000057220459,0.44999998807907104,-50.458456159555624,8.9981739392897e-08
grid-r046-c046,46,46,9.399999618530273,9.40000057220459,0.44999998807907104,-49.174761151778924,1.2092716872302844e-07
grid-r046-c047,46,47,9.600000381469727,9.40000057220459,0.44999998807907104,-45.37664655962192,2.8995816592214396e-07
grid-r046-c048,46,48,9.800000190734863,9.40000057220459,0.44999998807907104,-45.03977548863733,3.133447705749859e-07
grid-r046-c049,46,49,10.0,9.40000057220459,0.44999998807907104,-40.53406910878089,8.842866918712389e-07
grid-r046-c050,46,50,10.200000762939453,9.40000057220459,0.44999998807907104,-44.83181899720172,3.287139236363146e-07
grid-r046-c051,46,51,10.399999618530273,9.40000057220459,0.44999998807907104,-41.45251997010546,7.157279924285831e-07
grid-r046-c052,46,52,10.600000381469727,9.40000057220459,0.44999998807907104,-41.61323657023976,6.897255957483139e-07
grid-r046-c053,46,53,10.800000190734863,9.40000057220459,0.44999998807907104,-43.06806388359175,4.933937134410371e-07
grid-r046-c054,46,54,11.0,9.40000057220459,0.44999998807907104,-42.778315993988016,5.274343379824131e-07
grid-r046-c055,46,55,11.200000762939453,9.40000057220459,0.44999998807907104,-39.89950756704513,1.0234090268568252e-06
grid-r046-c056,46,56,11.399999618530273,9.40000057220459,0.44999998807907104,-40.55905496681486,8.792138146418438e-07
grid-r046-c057,46,57,11.600000381469727,9.40000057220459,0.44999998807907104,-40.53854374400713,8.833760603010887e-07
grid-r047-c029,47,29,6.0,9.600000381469727,0.44999998807907104,-51.90546796007048,6.448418332638539e-08
grid-r047-c030,47,30,6.199999809265137,9.600000381469727,0.44999998807907104,-48.90870121805369,1.2856710895903234e-07
grid-r047-c031,47,31,6.400000095367432,9.600000381469727,0.44999998807907104,-45.839782432780154,2.60628411297148e-07
grid-r047-c032,47,32,6.599999904632568,9.600000381469727,0.44999998807907104,-42.47654936498871,5.653860171150882e-07
grid-r047-c033,47,33,6.800000190734863,9.600000381469727,0.44999998807907104,-41.481666593692125,7.109406396921258e-07
grid-r047-c034,47,34,7.0,9.600000381469727,0.44999998807907104,-42.34881528063187,5.82262032366998e-07
grid-r047-c035,47,35,7.199999809265137,9.600000381469727,0.44999998807907104,-46.57639172925448,2.1996866905737988e-07
grid-r047-c040,47,40,8.199999809265137,9.600000381469727,0.44999998807907104,-65.75684967375393,2.656531883360458e-09
grid-r047-c041,47,41,8.399999618530273,9.600000381469727,0.44999998807907104,-50.23840203887326,9.465853878509733e-08
grid-r047-c042,47,42,8.600000381469727,9.600000381469727,0.44999998807907104,-50.24393383174305,9.453804494796714e-08
grid-r047-c043,47,43,8.800000190734863,9.600000381469727,0.44999998807907104,-50.31064113272173,9.309704296356358e-08
grid-r047-c044,47,44,9.0,9.600000381469727,0.44999998807907104,-50.31841001016352,9.293065517113064e-08
grid-r047-c045,47,45,9.199999809265137,9.600000381469727,0.44999998807907104,-50.32881458825781,9.270828371654716e-08
grid-r047-c046,47,46,9.399999618530273,9.600000381469727,0.44999998807907104,-64.0252589917104,3.95798460672836e-09
grid-r047-c047,47,47,9.600000381469727,9.600000381469727,0.44999998807907104,-49.09118026814386,1.2327697618275124e-07
grid-r047-c048,47,48,9.800000190734863,9.600000381469727,0.44999998807907104,-41.15134723561069,7.671234811823524e-07
grid-r047-c049,47,49,10.0,9.600000381469727,0.44999998807907104,-46.12158397249132,2.4425395395155647e-07
grid-r047-c050,47,50,10.200000762939453,9.600000381469727,0.44999998807907104,-43.05800656434378,4.94537630402192e-07
grid-r047-c051,47,51,10.399999618530273,9.600000381469727,0.44999998807907104,-41.37955522799689,7.278543421307404e-07
grid-r047-c052,47,52,10.600000381469727,9.600000381469727,0.44999998807907104,-39.357758279907145,1.159375642600935e-06
grid-r047-c053,47,53,10.800000190734863,9.600000381469727,0.44999998807907104,-42.759724947116965,5.296969902701676e-07
grid-r047-c054,47,54,11.0,9.600000381469727,0.44999998807907104,-41.06538103710143,7.824595513739041e-07
grid-r047-c055,47,55,11.200000762939453,9.600000381469727,0.44999998807907104,-40.20743500593884,9.53359062805248e-07
grid-r047-c056,47,56,11.399999618530273,9.600000381469727,0.44999998807907104,-41.36490467181579,7.303138431780098e-07
grid-r047-c057,47,57,11.600000381469727,9.600000381469727,0.44999998807907104,-41.27136822855883,7.462136295544042e-07
grid-r048-c028,48,28,5.800000190734863,9.800000190734863,0.44999998807907104,-81.34828453936271,7.331140555733029e-11
grid-r048-c029,48,29,6.0,9.800000190734863,0.44999998807907104,-48.74289649037044,1.3357043826545123e-07
grid-r048-c030,48,30,6.199999809265137,9.800000190734863,0.44999998807907104,-45.67904453639353,2.704553310195479e-07
grid-r048-c031,48,31,6.400000095367432,9.800000190734863,0.44999998807907104,-48.615468877240446,1.3754763017459481e-07
grid-r048-c032,48,32,6.599999904632568,9.800000190734863,0.44999998807907104,-42.36852117474466,5.796260325041658e-07
grid-r048-c033,48,33,6.800000190734863,9.800000190734863,0.44999998807907104,-42.239607962096706,5.970891834294889e-07
grid-r048-c034,48,34,7.0,9.800000190734863,0.44999998807907104,-41.23142052198972,7.531091910095711e-07
grid-r048-c035,48,35,7.199999809265137,9.800000190734863,0.44999998807907104,-48.113937613496844,1.5438540401646605e-07
grid-r048-c040,48,40,8.199999809265137,9.800000190734863,0.44999998807907104,-68.5594113047215,1.3933456610715211e-09
grid-r048-c041,48,41,8.399999618530273,9.800000190734863,0.44999998807907104,-50.05260260589088,9.879608597884726e-08
grid-r048-c042,48,42,8.600000381469727,9.800000190734863,0.44999998807907104,-50.062339315878376,9.857483718178628e-08
grid-r048-c043,48,43,8.800000190734863,9.800000190734863,0.44999998807907104,-50.30082361595821,9.330773309557117e-08
grid-r048-c044,48,44,9.0,9.800000190734863,0.44999998807907104,-50.19125811025788,9.569168213374724e-08
grid-r048-c045,48,45,9.199999809265137,9.800000190734863,0.44999998807907104,-50.148957966170755,9.66282698300347e-08
grid-r048-c046,48,46,9.399999618530273,9.800000190734863,0.44999998807907104,-50.32188340975671,9.285636082267956e-08
grid-r048-c047,48,47,9.600000381469727,9.800000190734863,0.44999998807907104,-50.31834957580976,9.293194835890972e-08
grid-r048-c048,48,48,9.800000190734863,9.800000190734863,0.44999998807907104,-42.90163781806778,5.126680093781033e-07
grid-r048-c049,48,49,10.0,9.800000190734863,0.44999998807907104,-41.53139913519534,7.028458526292525e-07
grid-r048-c050,48,50,10.200000762939453,9.800000190734863,0.44999998807907104,-40.019302979691844,9.955651876225602e-07
grid-r048-c051,48,51,10.399999618530273,9.800000190734863,0.44999998807907104,-42.95000382859695,5.069902613286104e-07
grid-r048-c052,48,52,10.600000381469727,9.800000190734863,0.44999998807907104,-41.33423157704997,7.354901185863127e-07
grid-r048-c053,48,53,10.800000190734863,9.800000190734863,0.44999998807907104,-41.42051044364763,7.210227295217919e-07
grid-r048-c054,48,54,11.0,9.800000190734863,0.44999998807907104,-41.38501899391689,7.269392199305003e-07
grid-r048-c055,48,55,11.200000762939453,9.800000190734863,0.44999998807907104,-41.04219336467995,7.866483997531759e-07
grid-r048-c056,48,56,11.399999618530273,9.800000190734863,0.44999998807907104,-41.304776297237225,7.404954089906823e-07
grid-r048-c057,48,57,11.600000381469727,9.800000190734863,0.44999998807907104,-42.475427792202616,5.655320478581416e-07
grid-r049-c028,49,28,5.800000190734863,10.0,0.44999998807907104,-48.545141270271685,1.3979314417156274e-07
grid-r049-c029,49,29,6.0,10.0,0.44999998807907104,-48.48898836635307,1.4161236094878404e-07
grid-r049-c030,49,30,6.199999809265137,10.0,0.44999998807907104,-46.69974156948632,2.1380893144851143e-07
grid-r049-c031,49,31,6.400000095367432,10.0,0.44999998807907104,-51.42010208237042,7.210905295096381e-08
grid-r049-c032,49,32,6.599999904632568,10.0,0.44999998807907104,-51.36357709375184,7.305371241272951e-08
grid-r049-c033,49,33,6.800000190734863,10.0,0.44999998807907104,-41.07581365397439,7.805821837791882e-07
grid-r049-c034,49,34,7.0,10.0,0.44999998807907104,-44.01386245503453,3.968384589825291e-07
grid-r049-c035,49,35,7.199999809265137,10.0,0.44999998807907104,-51.20008675506348,7.585624217654185e-08
grid-r049-c041,49,41,8.399999618530273,10.0,0.44999998807907104,-49.921038451820195,1.0183478593717155e-07
grid-r049-c042,49,42,8.600000381469727,10.0,0.44999998807907104,-62.52657234425698,5.589111395920554e-09
grid-r049-c043,49,43,8.800000190734863,10.0,0.44999998807907104,-50.0603231402787,9.862061034482394e-08
grid-r049-c044,49,44,9.0,10.0,0.44999998807907104,-50.12304905199451,9.72064526649774e-08
grid-r049-c045,49,45,9.199999809265137,10.0,0.44999998807907104,-50.12735362491719,9.711015280799984e-08
grid-r049-c046,49,46,9.399999618530273,10.0,0.44999998807907104,-50.04157708588596,9.904722020337431e-08
grid-r049-c047,49,47,9.600000381469727,10.0,0.44999998807907104,-45.282236284161456,2.9633051212840655e-07
grid-r049-c048,49,48,9.800000190734863,10.0,0.44999998807907104,-45.06576975758554,3.114748778898502e-07
grid-r049-c049,49,49,10.0,10.0,0.44999998807907104,-42.952121021260766,5.067431629868224e-07
grid-r049-c050,49,50,10.200000762939453,10.0,0.44999998807907104,-42.7464919275155,5.313134465723124e-07
grid-r049-c051,49,51,10.399999618530273,10.0,0.44999998807907104,-42.72365153521072,5.34115088157705e-07
grid-r049-c052,49,52,10.600000381469727,10.0,0.44999998807907104,-40.37830993906258,9.165771075458906e-07
grid-r049-c053,49,53,10.800000190734863,10.0,0.44999998807907104,-42.617386225093824,5.473452802107204e-07
grid-r049-c054,49,54,11.0,10.0,0.44999998807907104,-42.83732291220603,5.203166324463382e-07
grid-r049-c055,49,55,11.200000762939453,10.0,0.44999998807907104,-42.781207190526295,5.270833298709476e-07
grid-r049-c056,49,56,11.399999618530273,10.0,0.44999998807907104,-42.82380770745587,5.21938375186437e-07
grid-r049-c057,49,57,11.600000381469727,10.0,0.44999998807907104,-41.19862812633378,7.588172366013168e-07
grid-r050-c027,50,27,5.599999904632568,10.200000762939453,0.44999998807907104,-78.92075050414417,1.282109002298526e-10
grid-r050-c028,50,28,5.800000190734863,10.200000762939453,0.44999998807907104,-51.35758219361108,7.315462369206216e-08
grid-r050-c029,50,29,6.0,10.200000762939453,0.44999998807907104,-48.32047168425839,1.4721526042649202e-07
grid-r050-c030,50,30,6.199999809265137,10.200000762939453,0.44999998807907104,-51.24776477107574,7.502802645831252e-08
grid-r050-c031,50,31,6.400000095367432,10.200000762939453,0.44999998807907104,-45.25529274941647,2.981746547447983e-07
grid-r050-c032,50,32,6.599999904632568,10.200000762939453,0.44999998807907104,-48.19159011969401,1.5164950184498593e-07
grid-r050-c033,50,33,6.800000190734863,10.200000762939453,0.44999998807907104,-44.05594234259162,3.9301195897678554e-07
grid-r050-c034,50,34,7.0,10.200000762939453,0.44999998807907104,-42.46907578957344,5.663598017235927e-07
grid-r050-c035,50,35,7.199999809265137,10.200000762939453,0.44999998807907104,-47.86021655033137,1.6367349076062965e-07
grid-r050-c040,50,40,8.199999809265137,10.200000762939453,0.44999998807907104,-64.96683299440123,3.1865203808933984e-09
grid-r050-c041,50,41,8.399999618530273,10.200000762939453,0.44999998807907104,-49.92444396875713,1.0175496356623626e-07
grid-r050-c042,50,42,8.600000381469727,10.200000762939453,0.44999998807907104,-49.91520943847631,1.0197155830837801e-07
grid-r050-c043,50,43,8.800000190734863,10.200000762939453,0.44999998807907104,-49.92879371952722,1.0165310015963769e-07
grid-r050-c044,50,44,9.0,10.200000762939453,0.44999998807907104,-49.93759665388066,1.0144726303451534e-07
grid-r050-c045,50,45,9.199999809265137,10.200000762939453,0.44999998807907104,-65.95423047047085,2.5384987445420393e-09
grid-r050-c046,50,46,9.399999618530273,10.200000762939453,0.44999998807907104,-44.00992208124909,3.9719867572785006e-07
grid-r050-c047,50,47,9.600000381469727,10.200000762939453,0.44999998807907104,-45.20476531857972,3.01663988011569e-07
grid-r050-c048,50,48,9.800000190734863,10.200000762939453,0.44999998807907104,-45.26649500678576,2.974065296257322e-07
grid-r050-c049,50,49,10.0,10.200000762939453,0.44999998807907104,-45.077577358964845,3.106291899257485e-07
grid-r050-c050,50,50,10.200000762939453,10.200000762939453,0.44999998807907104,-42.824647332938255,5.218374781179591e-07
grid-r050-c051,50,51,10.399999618530273,10.200000762939453,0.44999998807907104,-41.300121113312606,7.412895683955867e-07
grid-r050-c052,50,52,10.600000381469727,10.200000762939453,0.44999998807907104,-39.03236642464607,1.2495779628807213e-06
grid-r050-c053,50,53,10.800000190734863,10.200000762939453,0.44999998807907104,-42.80048146772178,5.24749282249104e-07
grid-r050-c054,50,54,11.0,10.200000762939453,0.44999998807907104,-42.759791127404576,5.296889185046894e-07
grid-r050-c055,50,55,11.200000762939453,10.200000762939453,0.44999998807907104,-42.48994240593891,5.636451305690571e-07
grid-r050-c056,50,56,11.399999618530273,10.200000762939453,0.44999998807907104,-39.93644267808391,1.0147422244699555e-06
grid-r050-c057,50,57,11.600000381469727,10.200000762939453,0.44999998807907104,-42.7076192621259,5.36090453806537e-07
grid-r051-c027,51,27,5.599999904632568,10.40000057220459,0.44999998807907104,-48.23157745023035,1.502596091995656e-07
grid-r051-c028,51,28,5.800000190734863,10.40000057220459,0.44999998807907104,-48.189246192075785,1.517313705790002e-07
grid-r051-c029,51,29,6.0,10.40000057220459,0.44999998807907104,-46.39933353959982,2.2912192321200564e-07
grid-r051-c030,51,30,6.199999809265137,10.40000057220459,0.44999998807907104,-46.304879003812985,2.3415967120854475e-07
grid-r051-c031,51,31,6.400000095367432,10.40000057220459,0.44999998807907104,-48.01798669345486,1.5783427897986257e-07
grid-r051-c032,51,32,6.599999904632568,10.40000057220459,0.44999998807907104,-46.23170002316408,2.381387105288013e-07
grid-r051-c033,51,33,6.800000190734863,10.40000057220459,0.44999998807907104,-42.36708141575002,5.798182201033342e-07
grid-r051-c034,51,34,7.0,10.40000057220459,0.44999998807907104,-41.22233821476797,7.546858000750944e-07
grid-r051-c035,51,35,7.199999809265137,10.40000057220459,0.44999998807907104,-50.740652307718136,8.432080988995949e-08
grid-r051-c040,51,40,8.199999809265137,10.40000057220459,0.44999998807907104,-49.7921408442722,1.0490251867167899e-07
grid-r051-c041,51,41,8.399999618530273,10.40000057220459,0.44999998807907104,-63.13862335824433,4.854423529820906e-09
grid-r051-c042,51,42,8.600000381469727,10.40000057220459,0.44999998807907104,-49.92070392518117,1.0184263032897434e-07
grid-r051-c043,51,43,8.800000190734863,10.40000057220459,0.44999998807907104,-49.79909160082937,1.0473475953176603e-07
grid-r051-c044,51,44,9.0,10.40000057220459,0.44999998807907104,-65.45582731486738,2.8471953683606444e-09
grid-r051-c045,51,45,9.199999809265137,10.40000057220459,0.44999998807907104,-45.03353510257439,3.137953399345861e-07
grid-r051-c046,51,46,9.399999618530273,10.40000057220459,0.44999998807907104,-58.134922913191474,1.5364120642402668e-08
grid-r051-c047,51,47,9.600000381469727,10.40000057220459,0.44999998807907104,-45.11317598009772,3.0809340501036786e-07
grid-r051-c048,51,48,9.800000190734863,10.40000057220459,0.44999998807907104,-45.17547234062985,3.037055762433738e-07
grid-r051-c049,51,49,10.0,10.40000057220459,0.44999998807907104,-45.061678025392894,3.1176847414826625e-07
grid-r051-c050,51,50,10.200000762939453,10.40000057220459,0.44999998807907104,-42.78836174845072,5.262157287688751e-07
grid-r051-c051,51,51,10.399999618530273,10.40000057220459,0.44999998807907104,-42.569121237383854,5.534620868274942e-07
grid-r051-c052,51,52,10.600000381469727,10.40000057220459,0.44999998807907104,-41.186080955553265,7.610126999679778e-07
grid-r051-c053,51,53,10.800000190734863,10.40000057220459,0.44999998807907104,-42.48481575853656,5.643108806907549e-07
grid-r051-c054,51,54,11.0,10.40000057220459,0.44999998807907104,-41.122024987961716,7.723203907517018e-07
grid-r051-c055,51,55,11.200000762939453,10.40000057220459,0.44999998807907104,-41.28766222602019,7.434192070832069e-07
grid-r051-c056,51,56,11.399999618530273,10.40000057220459,0.44999998807907104,-42.373613769632044,5.789467536487791e-07
grid-r051-c057,51,57,11.600000381469727,10.40000057220459,0.44999998807907104,-42.656359776107884,5.424553819466382e-07
grid-r052-c026,52,26,5.400000095367432,10.600000381469727,0.44999998807907104,-73.72127057074493,4.244953555332387e-10
grid-r052-c027,52,27,5.599999904632568,10.600000381469727,0.44999998807907104,-48.051509564122895,1.566206577763296e-07
grid-r052-c028,52,28,5.800000190734863,10.600000381469727,0.44999998807907104,-50.960730150189164,8.015432939600942e-08
grid-r052-c029,52,29,6.0,10.600000381469727,0.44999998807907104,-50.94169958630994,8.050633226730497e-08
grid-r052-c030,52,30,6.199999809265137,10.600000381469727,0.44999998807907104,-47.88399569204529,1.627797701075906e-07
grid-r052-c031,52,31,6.400000095367432,10.600000381469727,0.44999998807907104,-50.812637359495554,8.29346973318934e-08
grid-r052-c032,52,32,6.599999904632568,10.600000381469727,0.44999998807907104,-50.751950795770796,8.410172824824258e-08
grid-r052-c033,52,33,6.800000190734863,10.600000381469727,0.44999998807907104,-47.714809477531745,1.6924624901548668e-07
grid-r052-c034,52,34,7.0,10.600000381469727,0.44999998807907104,-43.566301925815445,4.399160502543964e-07
grid-r052-c035,52,35,7.199999809265137,10.600000381469727,0.44999998807907104,-47.520557352811124,1.7698818055578158e-07
grid-r052-c041,52,41,8.399999618530273,10.600000381469727,0.44999998807907104,-49.65152881877083,1.0835454133939493e-07
grid-r052-c042,52,42,8.600000381469727,10.600000381469727,0.44999998807907104,-49.792288222623654,1.0489895885257283e-07
grid-r052-c043,52,43,8.800000190734863,10.600000381469727,0.44999998807907104,-58.46573061142382,1.4237277135009663e-08
grid-r052-c044,52,44,9.0,10.600000381469727,0.44999998807907104,-45.0044131466594,3.159065897762048e-07
grid-r052-c045,52,45,9.199999809265137,10.600000381469727,0.44999998807907104,-44.940305025114526,3.2060441412795626e-07
grid-r052-c046,52,46,9.399999618530273,10.600000381469727,0.44999998807907104,-44.94911822820579,3.199544664767018e-07
grid-r052-c047,52,47,9.600000381469727,10.600000381469727,0.44999998807907104,-45.070720240083986,3.111200328476116e-07
grid-r052-c048,52,48,9.800000190734863,10.600000381469727,0.44999998807907104,-58.436972770456535,1.4331865472172467e-08
grid-r052-c049,52,49,10.0,10.600000381469727,0.44999998807907104,-42.33942578716704,5.835222509631421e-07
grid-r052-c050,52,50,10.200000762939453,10.600000381469727,0.44999998807907104,-45.06139653872164,3.1178868198367127e-07
grid-r052-c051,52,51,10.399999618530273,10.600000381469727,0.44999998807907104,-45.014851507139724,3.151482133034733e-07
grid-r052-c052,52,52,10.600000381469727,10.600000381469727,0.44999998807907104,-45.77534444754764,2.645242886956112e-07
grid-r052-c053,52,53,10.800000190734863,10.600000381469727,0.44999998807907104,-39.954106228019455,1.0106234640261391e-06
grid-r052-c054,52,54,11.0,10.600000381469727,0.44999998807907104,-40.88367199820172,8.158922355505638e-07
grid-r052-c055,52,55,11.200000762939453,10.600000381469727,0.44999998807907104,-42.35081989971134,5.81993333526043e-07
grid-r052-c056,52,56,11.399999618530273,10.600000381469727,0.44999998807907104,-45.32874383444056,2.931741107659036e-07
grid-r052-c057,52,57,11.600000381469727,10.600000381469727,0.44999998807907104,-43.16349511417516,4.826702024729457e-07
grid-r053-c026,53,26,5.400000095367432,10.800000190734863,0.44999998807907104,-47.93095885129969,1.6102900701753242e-07
grid-r053-c027,53,27,5.599999904632568,10.800000190734863,0.44999998807907104,-47.87386087747646,1.6316008100147883e-07
grid-r053-c028,53,28,5.800000190734863,10.800000190734863,0.44999998807907104,-44.823117867270966,3.293731651865528e-07
grid-r053-c029,53,29,6.0,10.800000190734863,0.44999998807907104,-47.750156996010176,1.6787433310128108e-07
grid-r053-c030,53,30,6.199999809265137,10.800000190734863,0.44999998807907104,-47.71581240216332,1.6920716916501988e-07
grid-r053-c031,53,31,6.400000095367432,10.800000190734863,0.44999998807907104,-45.92786532091479,2.5539563353049743e-07
grid-r053-c032,53,32,6.599999904632568,10.800000190734863,0.44999998807907104,-45.82960720127093,2.6123976226699597e-07
grid-r053-c033,53,33,6.800000190734863,10.800000190734863,0.44999998807907104,-47.53629506829151,1.7634798155086173e-07
grid-r053-c034,53,34,7.0,10.800000190734863,0.44999998807907104,-42.013841694926306,6.289495786404586e-07
grid-r053-c035,53,35,7.199999809265137,10.800000190734863,0.44999998807907104,-50.39638328728768,9.127706590561502e-08
grid-r053-c041,53,41,8.399999618530273,10.800000190734863,0.44999998807907104,-49.51945485614253,1.1170034497354209e-07
grid-r053-c042,53,42,8.600000381469727,10.800000190734863,0.44999998807907104,-44.809858346089214,3.303803168819286e-07
grid-r053-c043,53,43,8.800000190734863,10.800000190734863,0.44999998807907104,-56.947538240781114,2.0195107808262946e-08
grid-r053-c044,53,44,9.0,10.800000190734863,0.44999998807907104,-44.85009759280727,3.273333391007327e-07
grid-r053-c045,53,45,9.199999809265137,10.800000190734863,0.44999998807907104,-44.91021481416841,3.2283344353345456e-07
grid-r053-c046,53,46,9.399999618530273,10.800000190734863,0.44999998807907104,-44.91090920911448,3.2278182970912894e-07
grid-r053-c047,53,47,9.600000381469727,10.800000190734863,0.44999998807907104,-44.92046036736305,3.220727364805498e-07
grid-r053-c048,53,48,9.800000190734863,10.800000190734863,0.44999998807907104,-45.06578719431505,3.1147362733463524e-07
grid-r053-c049,53,49,10.0,10.800000190734863,0.44999998807907104,-45.13098755996921,3.068324190280691e-07
grid-r053-c050,53,50,10.200000762939453,10.800000190734863,0.44999998807907104,-45.190577398378494,3.026511024017964e-07
grid-r053-c051,53,51,10.399999618530273,10.800000190734863,0.44999998807907104,-44.79763306457447,3.3131163945654407e-07
grid-r053-c052,53,52,10.600000381469727,10.800000190734863,0.44999998807907104,-42.61247595827639,5.479644755723712e-07
grid-r053-c053,53,53,10.800000190734863,10.800000190734863,0.44999998807907104,-39.8944415031976,1.0246035344607662e-06
grid-r053-c054,53,54,11.0,10.800000190734863,0.44999998807907104,-42.34032743223618,5.834011176375498e-07
grid-r053-c055,53,55,11.200000762939453,10.800000190734863,0.44999998807907104,-45.758506732823975,2.65551847178358e-07
grid-r053-c056,53,56,11.399999618530273,10.800000190734863,0.44999998807907104,-44.0884169188414,3.9008415342323133e-07
grid-r053-c057,53,57,11.600000381469727,10.800000190734863,0.44999998807907104,-43.6556134747828,4.309616770115099e-07
grid-r054-c026,54,26,5.400000095367432,11.0,0.44999998807907104,-50.7147680286631,8.482486890670771e-08
grid-r054-c027,54,27,5.599999904632568,11.0,0.44999998807907104,-50.62056551195346,8.668489925867107e-08
grid-r054-c028,54,28,5.800000190734863,11.0,0.44999998807907104,-50.61422258687753,8.681159613388445e-08
grid-r054-c029,54,29,6.0,11.0,0.44999998807907104,-47.570966996678536,1.7494571125098446e-07
grid-r054-c030,54,30,6.199999809265137,11.0,0.44999998807907104,-50.49825076158601,8.916099858424786e-08
grid-r054-c031,54,31,6.400000095367432,11.0,0.44999998807907104,-50.43757431780169,9.041543336252289e-08
grid-r054-c032,54,32,6.599999904632568,11.0,0.44999998807907104,-47.4053533488985,1.8174591787101235e-07
grid-r054-c033,54,33,6.800000190734863,11.0,0.44999998807907104,-50.32315606817265,9.282915414132731e-08
grid-r054-c034,54,34,7.0,11.0,0.44999998807907104,-50.22054478056107,9.504855569275605e-08
grid-r054-c035,54,35,7.199999809265137,11.0,0.44999998807907104,-45.454972535798106,2.847755808943475e-07
grid-r054-c041,54,41,8.399999618530273,11.0,0.44999998807907104,-43.45521268204106,4.51313923122143e-07
grid-r054-c042,54,42,8.600000381469727,11.0,0.44999998807907104,-56.46830377239765,2.2551198242126702e-08
grid-r054-c043,54,43,8.800000190734863,11.0,0.44999998807907104,-44.67814037960346,3.4055398145937943e-07
grid-r054-c044,54,44,9.0,11.0,0.44999998807907104,-58.23109486281459,1.5027630695385596e-08
grid-r054-c045,54,45,9.199999809265137,11.0,0.44999998807907104,-44.88271317062872,3.248842688208242e-07
grid-r054-c046,54,46,9.399999618530273,11.0,0.44999998807907104,-44.87983424083184,3.250997053783067e-07
grid-r054-c047,54,47,9.600000381469727,11.0,0.44999998807907104,-57.62391852912475,1.7282562936316026e-08
grid-r054-c048,54,48,9.800000190734863,11.0,0.44999998807907104,-45.02618003213361,3.1432722380486666e-07
grid-r054-c049,54,49,10.0,11.0,0.44999998807907104,-45.08945858962295,3.0978054610386607e-07
grid-r054-c050,54,50,10.200000762939453,11.0,0.44999998807907104,-45.15217558940083,3.0533911399288627e-07
grid-r054-c051,54,51,10.399999618530273,11.0,0.44999998807907104,-45.2935125229117,2.9556210279224615e-07
grid-r054-c052,54,52,10.600000381469727,11.0,0.44999998807907104,-45.021739773525255,3.146487586036528e-07
grid-r054-c053,54,53,10.800000190734863,11.0,0.44999998807907104,-42.464219693673556,5.669934353136341e-07
grid-r054-c054,54,54,11.0,11.0,0.44999998807907104,-42.50904764314409,5.611710207631404e-07
grid-r054-c055,54,55,11.200000762939453,11.0,0.44999998807907104,-45.29988429486282,2.951287854102702e-07
grid-r054-c056,54,56,11.399999618530273,11.0,0.44999998807907104,-43.97111657606174,4.007636675851245e-07
grid-r054-c057,54,57,11.600000381469727,11.0,0.44999998807907104,-43.923813341247204,4.0515263322049577e-07
grid-r055-c026,55,26,5.400000095367432,11.200000762939453,0.44999998807907104,-50.57619238874909,8.757512404145018e-08
grid-r055-c027,55,27,5.599999904632568,11.200000762939453,0.44999998807907104,-50.50761450418227,8.896896730448134e-08
grid-r055-c028,55,28,5.800000190734863,11.200000762939453,0.44999998807907104,-50.45744185684852,9.000275724702078e-08
grid-r055-c029,55,29,6.0,11.200000762939453,0.44999998807907104,-50.43449009206452,9.04796664258356e-08
grid-r055-c030,55,30,6.199999809265137,11.200000762939453,0.44999998807907104,-47.394775136618335,1.821891402187248e-07
grid-r055-c031,55,31,6.400000095367432,11.200000762939453,0.44999998807907104,-47.2796698638594,1.8708243487708387e-07
grid-r055-c032,55,32,6.599999904632568,11.200000762939453,0.44999998807907104,-47.225028684371054,1.8945110014101374e-07
grid-r055-c033,55,33,6.800000190734863,11.200000762939453,0.44999998807907104,-45.43927088276989,2.858070331512863e-07
grid-r055-c034,55,34,7.0,11.200000762939453,0.44999998807907104,-45.34019566932395,2.924020634509361e-07
grid-r055-c035,55,35,7.199999809265137,11.200000762939453,0.44999998807907104,-70.65342652124507,8.603147083618978e-10
grid-r055-c041,55,41,8.399999618530273,11.200000762939453,0.44999998807907104,-57.41936553375109,1.8116047328931018e-08
grid-r055-c042,55,42,8.600000381469727,11.200000762939453,0.44999998807907104,-44.74064348792166,3.3568787216609053e-07
grid-r055-c043,55,43,8.800000190734863,11.200000762939453,0.44999998807907104,-44.65273241261451,3.425521981625934e-07
grid-r055-c044,55,44,9.0,11.200000762939453,0.44999998807907104,-44.651958479681525,3.426132479944499e-07
grid-r055-c045,55,45,9.199999809265137,11.200000762939453,0.44999998807907104,-44.8436244014498,3.278215956470376e-07
grid-r055-c046,55,46,9.399999618530273,11.200000762939453,0.44999998807907104,-57.187904080435146,1.910775182523139e-08
grid-r055-c047,55,47,9.600000381469727,11.200000762939453,0.44999998807907104,-44.93194809328094,3.2122193260875065e-07
grid-r055-c048,55,48,9.800000190734863,11.200000762939453,0.44999998807907104,-44.932978042010404,3.2114576242747717e-07
grid-r055-c049,55,49,10.0,11.200000762939453,0.44999998807907104,-44.996838048287245,3.1645808462599234e-07
grid-r055-c050,55,50,10.200000762939453,11.200000762939453,0.44999998807907104,-45.16464767336504,3.044634979687544e-07
grid-r055-c051,55,51,10.399999618530273,11.200000762939453,0.44999998807907104,-45.116427171934845,3.078628481034684e-07
grid-r055-c052,55,52,10.600000381469727,11.200000762939453,0.44999998807907104,-45.240623444855785,2.9918351174273994e-07
grid-r055-c053,55,53,10.800000190734863,11.200000762939453,0.44999998807907104,-45.01366334468686,3.1523444476988516e-07
grid-r055-c054,55,54,11.0,11.200000762939453,0.44999998807907104,-42.48482625777611,5.643095164487022e-07
grid-r055-c055,55,55,11.200000762939453,11.200000762939453,0.44999998807907104,-43.94765189815716,4.029348303902225e-07
grid-r055-c056,55,56,11.399999618530273,11.200000762939453,0.44999998807907104,-43.956052737516565,4.021561608169577e-07
grid-r055-c057,55,57,11.600000381469727,11.200000762939453,0.44999998807907104,-40.22093458503758,9.504002491667052e-07
grid-r056-c026,56,26,5.400000095367432,11.40000057220459,0.44999998807907104,-47.412602599499024,1.814428003399371e-07
grid-r056-c027,56,27,5.599999904632568,11.40000057220459,0.44999998807907104,-47.33538619678754,1.8469765450390696e-07
grid-r056-c028,56,28,5.800000190734863,11.40000057220459,0.44999998807907104,-47.298627504953984,1.8626757025685947e-07
grid-r056-c029,56,29,6.0,11.40000057220459,0.44999998807907104,-47.267139533993756,1.8762298736874072e-07
grid-r056-c030,56,30,6.199999809265137,11.40000057220459,0.44999998807907104,-45.479129042221274,2.8319598754933395e-07
grid-r056-c031,56,31,6.400000095367432,11.40000057220459,0.44999998807907104,-47.1006057341005,1.9495726633067534e-07
grid-r056-c032,56,32,6.599999904632568,11.40000057220459,0.44999998807907104,-49.99068759401645,1.0021465612908287e-07
grid-r056-c033,56,33,6.800000190734863,11.40000057220459,0.44999998807907104,-49.962008860436356,1.0087861568308654e-07
grid-r056-c034,56,34,7.0,11.40000057220459,0.44999998807907104,-49.885607939967684,1.0266897021438126e-07
grid-r056-c035,56,35,7.199999809265137,11.40000057220459,0.44999998807907104,-49.93622379122914,1.0147933693360756e-07
grid-r056-c040,56,40,8.199999809265137,11.40000057220459,0.44999998807907104,-44.67274865415773,3.40977038604251e-07
grid-r056-c041,56,41,8.399999618530273,11.40000057220459,0.44999998807907104,-55.957107122214026,2.5368178668827568e-08
grid-r056-c042,56,42,8.600000381469727,11.40000057220459,0.44999998807907104,-44.57478449097404,3.48755889945096e-07
grid-r056-c043,56,43,8.800000190734863,11.40000057220459,0.44999998807907104,-44.48856040917403,3.557492220807035e-07
grid-r056-c044,56,44,9.0,11.40000057220459,0.44999998807907104,-44.555663301573446,3.502947834022052e-07
grid-r056-c045,56,45,9.199999809265137,11.40000057220459,0.44999998807907104,-59.748814370523704,1.0595429422721736e-08
grid-r056-c046,56,46,9.399999618530273,11.40000057220459,0.44999998807907104,-44.762306681257,3.3401758514628455e-07
grid-r056-c047,56,47,9.600000381469727,11.40000057220459,0.44999998807907104,-44.827688147861096,3.290267329703056e-07
grid-r056-c048,56,48,9.800000190734863,11.40000057220459,0.44999998807907104,-57.416555443308994,1.81277730604279e-08
grid-r056-c049,56,49,10.0,11.40000057220459,0.44999998807907104,-44.90348997783212,3.2333372246284853e-07
grid-r056-c050,56,50,10.200000762939453,11.40000057220459,0.44999998807907104,-45.07560606934963,3.1077021844794217e-07
grid-r056-c051,56,51,10.399999618530273,11.40000057220459,0.44999998807907104,-45.02408513076125,3.144788820463873e-07
grid-r056-c052,56,52,10.600000381469727,11.40000057220459,0.44999998807907104,-44.89666423996775,3.238423005313962e-07
grid-r056-c053,56,53,10.800000190734863,11.40000057220459,0.44999998807907104,-55.59378458559627,2.7581732453541008e-08
grid-r056-c054,56,54,11.0,11.40000057220459,0.44999998807907104,-43.995588285771674,3.9851178712524415e-07
grid-r056-c055,56,55,11.200000762939453,11.40000057220459,0.44999998807907104,-43.90473391922431,4.069364649694762e-07
grid-r056-c056,56,56,11.399999618530273,11.40000057220459,0.44999998807907104,-43.78961836548251,4.17867084934187e-07
grid-r056-c057,56,57,11.600000381469727,11.40000057220459,0.44999998807907104,-42.44107822577295,5.700227347915643e-07
grid-r057-c026,57,26,5.400000095367432,11.600000381469727,0.44999998807907104,-67.20746469535237,1.902188406788241e-09
grid-r057-c027,57,27,5.599999904632568,11.600000381469727,0.44999998807907104,-47.161816495277506,1.9222875380364712e-07
grid-r057-c028,57,28,5.800000190734863,11.600000381469727,0.44999998807907104,-50.05718869162888,9.869181383237446e-08
grid-r057-c029,57,29,6.0,11.600000381469727,0.44999998807907104,-50.01863860154012,9.957174995633977e-08
grid-r057-c030,57,30,6.199999809265137,11.600000381469727,0.44999998807907104,-49.944703300801066,1.0128139393827951e-07
grid-r057-c031,57,31,6.400000095367432,11.600000381469727,0.44999998807907104,-49.94522890669262,1.0126913707608765e-07
grid-r057-c032,57,32,6.599999904632568,11.600000381469727,0.44999998807907104,-46.919560019422605,2.032562917975156e-07
grid-r057-c033,57,33,6.800000190734863,11.600000381469727,0.44999998807907104,-46.77974812536378,2.0990616178551136e-07
grid-r057-c034,57,34,7.0,11.600000381469727,0.44999998807907104,-49.78938364388456,1.0496913915858386e-07
grid-r057-c041,57,41,8.399999618530273,11.600000381469727,0.44999998807907104,-44.313875244655264,3.703501079144189e-07
grid-r057-c042,57,42,8.600000381469727,11.600000381469727,0.44999998807907104,-44.38250002681666,3.645440358468477e-07
grid-r057-c043,57,43,8.800000190734863,11.600000381469727,0.44999998807907104,-44.59592669747656,3.470622118584288e-07
grid-r057-c044,57,44,9.0,11.600000381469727,0.44999998807907104,-56.35285559504685,2.3158714057558427e-08
grid-r057-c045,57,45,9.199999809265137,11.600000381469727,0.44999998807907104,-44.60820876172781,3.460820892087213e-07
grid-r057-c046,57,46,9.399999618530273,11.600000381469727,0.44999998807907104,-44.80509442322494,3.307429210508417e-07
grid-r057-c047,57,47,9.600000381469727,11.600000381469727,0.44999998807907104,-44.732784302632865,3.3629589779593516e-07
grid-r057-c048,57,48,9.800000190734863,11.600000381469727,0.44999998807907104,-44.860141660605336,3.265771795213368e-07
grid-r057-c049,57,49,10.0,11.600000381469727,0.44999998807907104,-44.859740660943615,3.2660733495504246e-07
grid-r057-c050,57,50,10.200000762939453,11.600000381469727,0.44999998807907104,-45.03741258965441,3.135153008315683e-07
grid-r057-c051,57,51,10.399999618530273,11.600000381469727,0.44999998807907104,-57.8414864607352,1.6438090000292505e-08
grid-r057-c052,57,52,10.600000381469727,11.600000381469727,0.44999998807907104,-45.21974079319993,3.006255724358198e-07
grid-r057-c053,57,53,10.800000190734863,11.600000381469727,0.44999998807907104,-49.445399306085065,1.1362138252479781e-07
grid-r057-c054,57,54,11.0,11.600000381469727,0.44999998807907104,-55.46924485099838,2.8384125272395977e-08
grid-r057-c055,57,55,11.200000762939453,11.600000381469727,0.44999998807907104,-41.68469986339173,6.784690071981458e-07
grid-r057-c056,57,56,11.399999618530273,11.600000381469727,0.44999998807907104,-42.21541245827305,6.004249826219166e-07
grid-r057-c057,57,57,11.600000381469727,11.600000381469727,0.44999998807907104,-42.11394692892554,6.146180453470151e-07
grid-r058-c026,58,26,5.400000095367432,11.80000114440918,0.44999998807907104,-66.56810618741348,2.203887294882634e-09
grid-r058-c027,58,27,5.599999904632568,11.80000114440918,0.44999998807907104,-50.00569769166657,9.986889182300729e-08
grid-r058-c028,58,28,5.800000190734863,11.80000114440918,0.44999998807907104,-46.98629116030932,2.0015704649267718e-07
grid-r058-c029,58,29,6.0,11.80000114440918,0.44999998807907104,-49.85009386435911,1.0351197943236912e-07
grid-r058-c030,58,30,6.199999809265137,11.80000114440918,0.44999998807907104,-49.83320751436918,1.039152408566224e-07
grid-r058-c031,58,31,6.400000095367432,11.80000114440918,0.44999998807907104,-46.779610819419716,2.0991279825466336e-07
grid-r058-c032,58,32,6.599999904632568,11.80000114440918,0.44999998807907104,-46.736862577597364,2.1198920308052038e-07
grid-r058-c033,58,33,6.800000190734863,11.80000114440918,0.44999998807907104,-46.68482529148599,2.1454454213198915e-07
grid-r058-c034,58,34,7.0,11.80000114440918,0.44999998807907104,-49.61085172573469,1.0937418437606539e-07
grid-r058-c041,58,41,8.399999618530273,11.80000114440918,0.44999998807907104,-44.29600904923342,3.718768084581825e-07
grid-r058-c042,58,42,8.600000381469727,11.80000114440918,0.44999998807907104,-44.362079180337744,3.662621850253345e-07
grid-r058-c043,58,43,8.800000190734863,11.80000114440918,0.44999998807907104,-58.98534528397782,1.2631806711738136e-08
grid-r058-c044,58,44,9.0,11.80000114440918,0.44999998807907104,-57.42928540490816,1.8074715057991853e-08
grid-r058-c045,58,45,9.199999809265137,11.80000114440918,0.44999998807907104,-44.51147420416602,3.538771977673605e-07
grid-r058-c046,58,46,9.399999618530273,11.80000114440918,0.44999998807907104,-44.71304798322623,3.3782765740397735e-07
grid-r058-c047,58,47,9.600000381469727,11.80000114440918,0.44999998807907104,-44.63712837881326,3.437851887611032e-07
grid-r058-c048,58,48,9.800000190734863,11.80000114440918,0.44999998807907104,-44.70312404242823,3.386005005268089e-07
grid-r058-c049,58,49,10.0,11.80000114440918,0.44999998807907104,-44.82695104343304,3.2908258162933635e-07
grid-r058-c050,58,50,10.200000762939453,11.80000114440918,0.44999998807907104,-58.58365385489921,1.3855895986125688e-08
grid-r058-c051,58,51,10.399999618530273,11.80000114440918,0.44999998807907104,-60.57801291582764,8.75384209564345e-09
grid-r058-c052,58,52,10.600000381469727,11.80000114440918,0.44999998807907104,-49.41274467501617,1.1447892234173196e-07
grid-r058-c053,58,53,10.800000190734863,11.80000114440918,0.44999998807907104,-49.2965320893321,1.1758361040392629e-07
grid-r058-c054,58,54,11.0,11.80000114440918,0.44999998807907104,-49.096165964241266,1.2313553554577084e-07
grid-r058-c055,58,55,11.200000762939453,11.80000114440918,0.44999998807907104,-54.51657349022848,3.534619352763002e-08
grid-r058-c056,58,56,11.399999618530273,11.80000114440918,0.44999998807907104,-42.166251986262836,6.072601763662533e-07
grid-r058-c057,58,57,11.600000381469727,11.80000114440918,0.44999998807907104,-42.156054847231914,6.086876851441048e-07
grid-r059-c026,59,26,5.400000095367432,12.0,0.44999998807907104,-49.92282181661699,1.0179297760259942e-07
grid-r059-c027,59,27,5.599999904632568,12.0,0.44999998807907104,-49.863727772019445,1.0318753140836634e-07
grid-r059-c028,59,28,5.800000190734863,12.0,0.44999998807907104,-49.80271623405605,1.0464738409154961e-07
grid-r059-c029,59,29,6.0,12.0,0.44999998807907104,-46.8059109037432,2.086454458094522e-07
grid-r059-c030,59,30,6.199999809265137,12.0,0.44999998807907104,-44.94034006060107,3.206018277523981e-07
grid-r059-c031,59,31,6.400000095367432,12.0,0.44999998807907104,-49.52220093236109,1.116297383418896e-07
grid-r059-c032,59,32,6.599999904632568,12.0,0.44999998807907104,-49.48137995284699,1.1268393507180008e-07
grid-r059-c033,59,33,6.800000190734863,12.0,0.44999998807907104,-49.439849915371454,1.1376666009255132e-07
grid-r059-c034,59,34,7.0,12.0,0.44999998807907104,-73.0312053423166,4.975989620348287e-10
grid-r059-c040,59,40,8.199999809265137,12.0,0.44999998807907104,-44.2812278763992,3.7314464407245396e-07
grid-r059-c041,59,41,8.399999618530273,12.0,0.44999998807907104,-58.4590959927483,1.4259043723541254e-08
grid-r059-c042,59,42,8.600000381469727,12.0,0.44999998807907104,-55.60162690742543,2.753197136939889e-08
grid-r059-c043,59,43,8.800000190734863,12.0,0.44999998807907104,-44.49417104919941,3.5528992725630815e-07
grid-r059-c044,59,44,9.0,12.0,0.44999998807907104,-44.40094941463681,3.6299869066169776e-07
grid-r059-c045,59,45,9.199999809265137,12.0,0.44999998807907104,-44.54184029275592,3.514115007874352e-07
grid-r059-c046,59,46,9.399999618530273,12.0,0.44999998807907104,-59.32638568356006,1.1677810718424553e-08
grid-r059-c047,59,47,9.600000381469727,12.0,0.44999998807907104,-44.54069992795199,3.5150378607795574e-07
grid-r059-c048,59,48,9.800000190734863,12.0,0.44999998807907104,-44.607308999734556,3.461537971816142e-07
grid-r059-c049,59,49,10.0,12.0,0.44999998807907104,-62.96722220414232,5.049841877990957e-09
grid-r059-c050,59,50,10.200000762939453,12.0,0.44999998807907104,-44.9383569578915,3.2074825639938354e-07
grid-r059-c051,59,51,10.399999618530273,12.0,0.44999998807907104,-61.59633634940104,6.924148365783367e-09
grid-r059-c052,59,52,10.600000381469727,12.0,0.44999998807907104,-49.28712624737523,1.1783854603208965e-07
grid-r059-c053,59,53,10.800000190734863,12.0,0.44999998807907104,-49.167034472995624,1.211425058045279e-07
grid-r059-c054,59,54,11.0,12.0,0.44999998807907104,-45.20339152007814,3.017594281118363e-07
grid-r059-c055,59,55,11.200000762939453,12.0,0.44999998807907104,-44.788860287208706,3.319815675695281e-07
grid-r059-c056,59,56,11.399999618530273,12.0,0.44999998807907104,-52.77811379930151,5.27458894339361e-08
grid-r059-c057,59,57,11.600000381469727,12.0,0.44999998807907104,-42.05569925805538,6.229168434401799e-07
grid-r060-c026,60,26,5.400000095367432,12.200000762939453,0.44999998807907104,-49.80950674163556,1.0448388820805121e-07
grid-r060-c027,60,27,5.599999904632568,12.200000762939453,0.44999998807907104,-46.69749208859491,2.1391970506101643e-07
grid-r060-c028,60,28,5.800000190734863,12.200000762939453,0.44999998807907104,-46.65858452906404,2.1584477849501127e-07
grid-r060-c029,60,29,6.0,12.200000762939453,0.44999998807907104,-46.632782184181195,2.1713097453357477e-07
grid-r060-c030,60,30,6.199999809265137,12.200000762939453,0.44999998807907104,-49.47760848765452,1.127818336499331e-07
grid-r060-c031,60,31,6.400000095367432,12.200000762939453,0.44999998807907104,-46.453790169117696,2.2626687723459327e-07
grid-r060-c032,60,32,6.599999904632568,12.200000762939453,0.44999998807907104,-49.33213094867038,1.1662372401133325e-07
grid-r060-c033,60,33,6.800000190734863,12.200000762939453,0.44999998807907104,-49.33410133246733,1.1657082410465591e-07
grid-r060-c040,60,40,8.199999809265137,12.200000762939453,0.44999998807907104,-61.13727056164201,7.69613972551042e-09
grid-r060-c041,60,41,8.399999618530273,12.200000762939453,0.44999998807907104,-58.245400652612034,1.4978210671756642e-08
grid-r060-c042,60,42,8.600000381469727,12.200000762939453,0.44999998807907104,-44.25787981445818,3.751561052922625e-07
grid-r060-c043,60,43,8.800000190734863,12.200000762939453,0.44999998807907104,-44.4847950006524,3.5605779657998937e-07
grid-r060-c044,60,44,9.0,12.200000762939453,0.44999998807907104,-44.30237598575533,3.713320211318205e-07
grid-r060-c045,60,45,9.199999809265137,12.200000762939453,0.44999998807907104,-44.37099751999054,3.655108287148323e-07
grid-r060-c046,60,46,9.399999618530273,12.200000762939453,0.44999998807907104,-44.658128192563325,3.421268672809674e-07
grid-r060-c047,60,47,9.600000381469727,12.200000762939453,0.44999998807907104,-56.30784766025826,2.3399966408987893e-08
grid-r060-c048,60,48,9.800000190734863,12.200000762939453,0.44999998807907104,-56.55772137149087,2.2091635187848624e-08
grid-r060-c049,60,49,10.0,12.200000762939453,0.44999998807907104,-44.86327723498442,3.2634147828503046e-07
grid-r060-c050,60,50,10.200000762939453,12.200000762939453,0.44999998807907104,-62.41574539745659,5.733574504063199e-09
grid-r060-c051,60,51,10.399999618530273,12.200000762939453,0.44999998807907104,-49.15837316783626,1.213843461300712e-07
grid-r060-c052,60,52,10.600000381469727,12.200000762939453,0.44999998807907104,-49.03309360866389,1.249368750677604e-07
grid-r060-c053,60,53,10.800000190734863,12.200000762939453,0.44999998807907104,-43.608017574847,4.3571071728365496e-07
grid-r060-c054,60,54,11.0,12.200000762939453,0.44999998807907104,-45.02101684115404,3.1470113981413306e-07
grid-r060-c055,60,55,11.200000762939453,12.200000762939453,0.44999998807907104,-45.009071181672795,3.155679451083415e-07
grid-r060-c056,60,56,11.399999618530273,12.200000762939453,0.44999998807907104,-44.72695009109806,3.3674797350613517e-07
grid-r060-c057,60,57,11.600000381469727,12.200000762939453,0.44999998807907104,-42.03045099649566,6.265487968448724e-07
grid-r061-c026,61,26,5.400000095367432,12.40000057220459,0.44999998807907104,-46.64059695522246,2.167406165654029e-07
grid-r061-c027,61,27,5.599999904632568,12.40000057220459,0.44999998807907104,-49.408195066944856,1.1459891169351977e-07
grid-r061-c028,61,28,5.800000190734863,12.40000057220459,0.44999998807907104,-49.40202903819346,1.147617325614192e-07
grid-r061-c029,61,29,6.0,12.40000057220459,0.44999998807907104,-49.36791810692104,1.1566665847340118e-07
grid-r061-c030,61,30,6.199999809265137,12.40000057220459,0.44999998807907104,-49.303361384724965,1.1739885508177395e-07
grid-r061-c031,61,31,6.400000095367432,12.40000057220459,0.44999998807907104,-49.264297531591524,1.1845959591028077e-07
grid-r061-c032,61,32,6.599999904632568,12.40000057220459,0.44999998807907104,-49.2245105795858,1.1954982426232164e-07
grid-r061-c033,61,33,6.800000190734863,12.40000057220459,0.44999998807907104,-49.30827475695331,1.1726611148787924e-07
grid-r061-c040,61,40,8.199999809265137,12.40000057220459,0.44999998807907104,-57.96825423786092,1.5965207822432603e-08
grid-r061-c041,61,41,8.399999618530273,12.40000057220459,0.44999998807907104,-44.237401591052105,3.769292504784971e-07
grid-r061-c042,61,42,8.600000381469727,12.40000057220459,0.44999998807907104,-44.127988897098234,3.8654593481624033e-07
grid-r061-c043,61,43,8.800000190734863,12.40000057220459,0.44999998807907104,-58.4434132720566,1.4310627349800598e-08
grid-r061-c044,61,44,9.0,12.40000057220459,0.44999998807907104,-44.28404086486924,3.729030311205861e-07
grid-r061-c045,61,45,9.199999809265137,12.40000057220459,0.44999998807907104,-44.272256429684305,3.7391626506178e-07
grid-r061-c046,61,46,9.399999618530273,12.40000057220459,0.44999998807907104,-58.99517265318917,1.2603255328258456e-08
grid-r061-c047,61,47,9.600000381469727,12.40000057220459,0.44999998807907104,-44.555785928604024,3.5028489264732343e-07
grid-r061-c048,61,48,9.800000190734863,12.40000057220459,0.44999998807907104,-59.31013443546172,1.1721590809088411e-08
grid-r061-c049,61,49,10.0,12.40000057220459,0.44999998807907104,-49.02621636200459,1.2513487490650732e-07
grid-r061-c050,61,50,10.200000762939453,12.40000057220459,0.44999998807907104,-60.91060116153743,8.10848810317566e-09
grid-r061-c051,61,51,10.399999618530273,12.40000057220459,0.44999998807907104,-49.030724114544725,1.2500505874868395e-07
grid-r061-c052,61,52,10.600000381469727,12.40000057220459,0.44999998807907104,-48.96752403966292,1.2683747740993567e-07
grid-r061-c053,61,53,10.800000190734863,12.40000057220459,0.44999998807907104,-44.86721569482627,3.260456651332788e-07
grid-r061-c054,61,54,11.0,12.40000057220459,0.44999998807907104,-44.86987943352402,3.2584574682914536e-07
grid-r061-c055,61,55,11.200000762939453,12.40000057220459,0.44999998807907104,-44.93095911123312,3.212950900888245e-07
grid-r061-c056,61,56,11.399999618530273,12.40000057220459,0.44999998807907104,-44.67941929278895,3.4045370966850896e-07
grid-r061-c057,61,57,11.600000381469727,12.40000057220459,0.44999998807907104,-54.1804562927324,3.819041438646309e-08
grid-r062-c026,62,26,5.400000095367432,12.600000381469727,0.44999998807907104,-49.39297843797286,1.150011428308062e-07
grid-r062-c027,62,27,5.599999904632568,12.600000381469727,0.44999998807907104,-49.32354210809095,1.1685459355703642e-07
grid-r062-c028,62,28,5.800000190734863,12.600000381469727,0.44999998807907104,-49.25567553907071,1.1869500582406545e-07
grid-r062-c029,62,29,6.0,12.600000381469727,0.44999998807907104,-49.188488668383,1.205455362196517e-07
grid-r062-c030,62,30,6.199999809265137,12.600000381469727,0.44999998807907104,-49.15030862731622,1.2160995765952975e-07
grid-r062-c031,62,31,6.400000095367432,12.600000381469727,0.44999998807907104,-49.11139840344859,1.2270440663542104e-07
grid-r062-c032,62,32,6.599999904632568,12.600000381469727,0.44999998807907104,-49.12792429033172,1.222383758658907e-07
grid-r062-c033,62,33,6.800000190734863,12.600000381469727,0.44999998807907104,-71.2072408437062,7.573138782746014e-10
grid-r062-c040,62,40,8.199999809265137,12.600000381469727,0.44999998807907104,-60.82128374330165,8.276974661214354e-09
grid-r062-c041,62,41,8.399999618530273,12.600000381469727,0.44999998807907104,-44.23552688893113,3.770919931866956e-07
grid-r062-c042,62,42,8.600000381469727,12.600000381469727,0.44999998807907104,-44.11473988146986,3.8772697052991134e-07
grid-r062-c043,62,43,8.800000190734863,12.600000381469727,0.44999998807907104,-56.47320668708046,2.2525753706759133e-08
grid-r062-c044,62,44,9.0,12.600000381469727,0.44999998807907104,-56.66762645969192,2.1539586114727172e-08
grid-r062-c045,62,45,9.199999809265137,12.600000381469727,0.44999998807907104,-56.81413351794643,2.082507855050153e-08
grid-r062-c046,62,46,9.399999618530273,12.600000381469727,0.44999998807907104,-44.48189886037447,3.5629531680569926e-07
grid-r062-c047,62,47,9.600000381469727,12.600000381469727,0.44999998807907104,-44.46190391979559,3.579394842745387e-07
grid-r062-c048,62,48,9.800000190734863,12.600000381469727,0.44999998807907104,-66.35106777749562,2.3168249541072328e-09
grid-r062-c049,62,49,10.0,12.600000381469727,0.44999998807907104,-48.74722903503856,1.3343725413506036e-07
grid-r062-c050,62,50,10.200000762939453,12.600000381469727,0.44999998807907104,-48.757556815209924,1.331203094423472e-07
grid-r062-c051,62,51,10.399999618530273,12.600000381469727,0.44999998807907104,-61.25169017399611,7.496024245767785e-09
grid-r062-c052,62,52,10.600000381469727,12.600000381469727,0.44999998807907104,-44.758163861700254,3.3433636303925596e-07
grid-r062-c053,62,53,10.800000190734863,12.600000381469727,0.44999998807907104,-44.71004636570257,3.380612270120764e-07
grid-r062-c054,62,54,11.0,12.600000381469727,0.44999998807907104,-44.77546125617931,3.330073923279997e-07
grid-r062-c055,62,55,11.200000762939453,12.600000381469727,0.44999998807907104,-44.8370608378047,3.28317412368051e-07
grid-r062-c056,62,56,11.399999618530273,12.600000381469727,0.44999998807907104,-60.644264309607095,8.621316105461574e-09
grid-r062-c057,62,57,11.600000381469727,12.600000381469727,0.44999998807907104,-45.05789709670893,3.1204001516016433e-07
grid-r063-c026,63,26,5.400000095367432,12.80000114440918,0.44999998807907104,-65.19638950788999,3.0224633906783538e-09
grid-r063-c027,63,27,5.599999904632568,12.80000114440918,0.44999998807907104,-49.181429590223345,1.2074163180386677e-07
grid-r063-c028,63,28,5.800000190734863,12.80000114440918,0.44999998807907104,-46.18400973294469,2.4076814497675514e-07
grid-r063-c029,63,29,6.0,12.80000114440918,0.44999998807907104,-49.03353821803415,1.2492408529851673e-07
grid-r063-c030,63,30,6.199999809265137,12.80000114440918,0.44999998807907104,-48.99552793825859,1.2602224330748868e-07
grid-r063-c031,63,31,6.400000095367432,12.80000114440918,0.44999998807907104,-48.98706678361246,1.2626800582893338e-07
grid-r063-c032,63,32,6.599999904632568,12.80000114440918,0.44999998807907104,-49.0136696508318,1.254969106412318e-07
grid-r063-c041,63,41,8.399999618530273,12.80000114440918,0.44999998807907104,-57.71848076220097,1.6910323807906025e-08
grid-r063-c042,63,42,8.600000381469727,12.80000114440918,0.44999998807907104,-56.15253975932022,2.425191425459161e-08
grid-r063-c043,63,43,8.800000190734863,12.80000114440918,0.44999998807907104,-44.16944617066336,3.8287356574073783e-07
grid-r063-c044,63,44,9.0,12.80000114440918,0.44999998807907104,-58.25494585416655,1.4945326753945665e-08
grid-r063-c045,63,45,9.199999809265137,12.80000114440918,0.44999998807907104,-44.160722087696996,3.836434530057886e-07
grid-r063-c046,63,46,9.399999618530273,12.80000114440918,0.44999998807907104,-44.47198752727874,3.571093714072049e-07
grid-r063-c047,63,47,9.600000381469727,12.80000114440918,0.44999998807907104,-62.96482094915824,5.052634755031704e-09
grid-r063-c048,63,48,9.800000190734863,12.80000114440918,0.44999998807907104,-48.76730976096738,1.3282169675221667e-07
grid-r063-c049,63,49,10.0,12.80000114440918,0.44999998807907104,-48.69006474088381,1.3520524078103335e-07
grid-r063-c050,63,50,10.200000762939453,12.80000114440918,0.44999998807907104,-43.32029093486118,4.6555490484934126e-07
grid-r063-c051,63,51,10.399999618530273,12.80000114440918,0.44999998807907104,-58.67698147703581,1.3561316514199007e-08
grid-r063-c052,63,52,10.600000381469727,12.80000114440918,0.44999998807907104,-44.62027744030932,3.451216912253585e-07
grid-r063-c053,63,53,10.800000190734863,12.80000114440918,0.44999998807907104,-44.61426158827807,3.456000854384911e-07
grid-r063-c054,63,54,11.0,12.80000114440918,0.44999998807907104,-57.0324345478427,1.98041654186909e-08
grid-r063-c055,63,55,11.200000762939453,12.80000114440918,0.44999998807907104,-60.14955878960792,9.661490274481821e-09
grid-r063-c056,63,56,11.399999618530273,12.80000114440918,0.44999998807907104,-44.88152984381166,3.249728024456999e-07
grid-r063-c057,63,57,11.600000381469727,12.80000114440918,0.44999998807907104,-56.05938451109611,2.477773186626564e-08
grid-r064-c026,64,26,5.400000095367432,13.0,0.44999998807907104,-64.72153615627876,3.371680268315913e-09
grid-r064-c027,64,27,5.599999904632568,13.0,0.44999998807907104,-48.98930498356734,1.262029485360472e-07
grid-r064-c028,64,28,5.800000190734863,13.0,0.44999998807907104,-49.07093074328556,1.2385311265461496e-07
grid-r064-c029,64,29,6.0,13.0,0.44999998807907104,-48.99424943967885,1.2605934784915007e-07
grid-r064-c030,64,30,6.199999809265137,13.0,0.44999998807907104,-45.99644799010342,2.513941694815003e-07
grid-r064-c031,64,31,6.400000095367432,13.0,0.44999998807907104,-48.907800282226674,1.2859378273333277e-07
grid-r064-c032,64,32,6.599999904632568,13.0,0.44999998807907104,-69.96398326334729,1.0083276436034794e-09
grid-r064-c040,64,40,8.199999809265137,13.0,0.44999998807907104,-44.2375875993427,3.7691310694754065e-07
grid-r064-c041,64,41,8.399999618530273,13.0,0.44999998807907104,-55.87868942426043,2.583039560022371e-08
grid-r064-c042,64,42,8.600000381469727,13.0,0.44999998807907104,-44.10306916865987,3.8877030306139204e-07
grid-r064-c043,64,43,8.800000190734863,13.0,0.44999998807907104,-44.07593624264749,3.9120678252402286e-07
grid-r064-c044,64,44,9.0,13.0,0.44999998807907104,-44.224939189491565,3.7801243024659925e-07
grid-r064-c045,64,45,9.199999809265137,13.0,0.44999998807907104,-58.246724033507036,1.4973647211036223e-08
grid-r064-c046,64,46,9.399999618530273,13.0,0.44999998807907104,-48.714407842073356,1.344495075272789e-07
grid-r064-c047,64,47,9.600000381469727,13.0,0.44999998807907104,-48.46764797490397,1.4230992917418916e-07
grid-r064-c048,64,48,9.800000190734863,13.0,0.44999998807907104,-62.878215808112245,5.154403570628574e-09
grid-r064-c049,64,49,10.0,13.0,0.44999998807907104,-48.562288022429584,1.3924230302109208e-07
grid-r064-c050,64,50,10.200000762939453,13.0,0.44999998807907104,-59.14094331885633,1.2187248543682472e-08
grid-r064-c051,64,51,10.399999618530273,13.0,0.44999998807907104,-59.20920627235026,1.1997185467294003e-08
grid-r064-c052,64,52,10.600000381469727,13.0,0.44999998807907104,-57.655114539789196,1.715886455144755e-08
grid-r064-c053,64,53,10.800000190734863,13.0,0.44999998807907104,-56.551365165147175,2.21239915276783e-08
grid-r064-c054,64,54,11.0,13.0,0.44999998807907104,-44.80035734240735,3.311038767606078e-07
grid-r064-c055,64,55,11.200000762939453,13.0,0.44999998807907104,-44.72145353507909,3.371744412561384e-07
grid-r064-c056,64,56,11.399999618530273,13.0,0.44999998807907104,-63.17378118181165,4.815283727310771e-09
grid-r065-c026,65,26,5.400000095367432,13.200000762939453,0.44999998807907104,-49.040771981380516,1.2471618049403332e-07
grid-r065-c027,65,27,5.599999904632568,13.200000762939453,0.44999998807907104,-48.91824282488014,1.28284952438662e-07
grid-r065-c028,65,28,5.800000190734863,13.200000762939453,0.44999998807907104,-48.84569621681082,1.3044588342836505e-07
grid-r065-c029,65,29,6.0,13.200000762939453,0.44999998807907104,-48.76789666647139,1.3280374844271137e-07
grid-r065-c030,65,30,6.199999809265137,13.200000762939453,0.44999998807907104,-48.76864818859988,1.3278076949063689e-07
grid-r065-c031,65,31,6.400000095367432,13.200000762939453,0.44999998807907104,-45.74700419416638,2.66256108716334e-07
grid-r065-c041,65,41,8.399999618530273,13.200000762939453,0.44999998807907104,-43.808062363103446,4.160962134847068e-07
grid-r065-c042,65,42,8.600000381469727,13.200000762939453,0.44999998807907104,-60.597387470151034,8.714876820192785e-09
grid-r065-c043,65,43,8.800000190734863,13.200000762939453,0.44999998807907104,-43.88595751064813,4.0869963413570076e-07
grid-r065-c044,65,44,9.0,13.200000762939453,0.44999998807907104,-44.222480105102576,3.782265309837385e-07
grid-r065-c045,65,45,9.199999809265137,13.200000762939453,0.44999998807907104,-61.065907248032374,7.82364750762099e-09
grid-r065-c046,65,46,9.399999618530273,13.200000762939453,0.44999998807907104,-48.407202301650344,1.443044652660319e-07
grid-r065-c047,65,47,9.600000381469727,13.200000762939453,0.44999998807907104,-60.79565243875635,8.325968359201852e-09
grid-r065-c048,65,48,9.800000190734863,13.200000762939453,0.44999998807907104,-62.61669000703532,5.4743303223858675e-09
grid-r065-c049,65,49,10.0,13.200000762939453,0.44999998807907104,-57.250529864914085,1.883419287196375e-08
grid-r065-c050,65,50,10.200000762939453,13.200000762939453,0.44999998807907104,-44.37033803710858,3.655663363133499e-07
grid-r065-c051,65,51,10.399999618530273,13.200000762939453,0.44999998807907104,-44.583339526241886,3.480695625057706e-07
grid-r065-c052,65,52,10.600000381469727,13.200000762939453,0.44999998807907104,-56.1907085992587,2.403970533748634e-08
grid-r065-c053,65,53,10.800000190734863,13.200000762939453,0.44999998807907104,-44.57564709526504,3.486866262392141e-07
grid-r065-c054,65,54,11.0,13.200000762939453,0.44999998807907104,-44.708289019372984,3.381980491212744e-07
grid-r065-c055,65,55,11.200000762939453,13.200000762939453,0.44999998807907104,-44.8354467694443,3.2843945518834516e-07
grid-r066-c026,66,26,5.400000095367432,13.40000057220459,0.44999998807907104,-48.80701658179143,1.3161286460672272e-07
grid-r066-c027,66,27,5.599999904632568,13.40000057220459,0.44999998807907104,-48.81494118785605,1.3137292853571125e-07
grid-r066-c028,66,28,5.800000190734863,13.40000057220459,0.44999998807907104,-48.73457038135081,1.3382675945194933e-07
grid-r066-c029,66,29,6.0,13.40000057220459,0.44999998807907104,-48.69670230050107,1.3499875706202147e-07
grid-r066-c030,66,30,6.199999809265137,13.40000057220459,0.44999998807907104,-48.70021384692305,1.3488964611951815e-07
grid-r066-c031,66,31,6.400000095367432,13.40000057220459,0.44999998807907104,-65.8992990532313,2.57081067545073e-09
grid-r066-c041,66,41,8.399999618530273,13.40000057220459,0.44999998807907104,-43.80203392481987,4.166741973676835e-07
grid-r066-c042,66,42,8.600000381469727,13.40000057220459,0.44999998807907104,-57.4313593835017,1.8066085516466046e-08
grid-r066-c043,66,43,8.800000190734863,13.40000057220459,0.44999998807907104,-55.77281187346611,2.6467859015610884e-08
grid-r066-c045,66,45,9.199999809265137,13.40000057220459,0.44999998807907104,-62.088387558114164,6.182458989201223e-09
grid-r066-c046,66,46,9.399999618530273,13.40000057220459,0.44999998807907104,-60.385796709719855,9.14998388168442e-09
grid-r066-c047,66,47,9.600000381469727,13.40000057220459,0.44999998807907104,-48.49159227684292,1.4152747951357014e-07
grid-r066-c048,66,48,9.800000190734863,13.40000057220459,0.44999998807907104,-62.32863747629422,5.8497358068621e-09
grid-r066-c049,66,49,10.0,13.40000057220459,0.44999998807907104,-44.28520020988867,3.728034982941608e-07
grid-r066-c050,66,50,10.200000762939453,13.40000057220459,0.44999998807907104,-44.35145817353303,3.6715900364470144e-07
grid-r066-c051,66,51,10.399999618530273,13.40000057220459,0.44999998807907104,-44.48808751631242,3.557879608706571e-07
grid-r066-c052,66,52,10.600000381469727,13.40000057220459,0.44999998807907104,-44.3964390924978,3.6337587516754866e-07
grid-r066-c053,66,53,10.800000190734863,13.40000057220459,0.44999998807907104,-59.08273698529882,1.2351687672662592e-08
grid-r066-c054,66,54,11.0,13.40000057220459,0.44999998807907104,-44.5413720993689,3.5144938692610594e-07
grid-r067-c026,67,26,5.400000095367432,13.600000381469727,0.44999998807907104,-48.751823330032394,1.3329616876944783e-07
grid-r067-c027,67,27,5.599999904632568,13.600000381469727,0.44999998807907104,-48.57489326412944,1.3883874316888978e-07
grid-r067-c028,67,28,5.800000190734863,13.600000381469727,0.44999998807907104,-48.53658219903535,1.4006892001816595e-07
grid-r067-c029,67,29,6.0,13.600000381469727,0.44999998807907104,-48.456973496200234,1.426601414777906e-07
grid-r067-c030,67,30,6.199999809265137,13.600000381469727,0.44999998807907104,-45.49611500655631,2.820905251610384e-07
grid-r067-c031,67,31,6.400000095367432,13.600000381469727,0.44999998807907104,-68.64524634831724,1.3660775843860051e-09
grid-r067-c041,67,41,8.399999618530273,13.600000381469727,0.44999998807907104,-55.36267102826193,2.9089274988791658e-08
grid-r067-c042,67,42,8.600000381469727,13.600000381469727,0.44999998807907104,-43.956453300045055,4.0211907048615103e-07
grid-r067-c043,67,43,8.800000190734863,13.600000381469727,0.44999998807907104,-60.350877203831914,9.22385101631562e-09
grid-r067-c044,67,44,9.0,13.600000381469727,0.44999998807907104,-48.34839937431812,1.4627161704083846e-07
grid-r067-c045,67,45,9.199999809265137,13.600000381469727,0.44999998807907104,-61.83382753850617,6.555672449337635e-09
grid-r067-c046,67,46,9.399999618530273,13.600000381469727,0.44999998807907104,-48.263219264587335,1.4916882662419084e-07
grid-r067-c047,67,47,9.600000381469727,13.600000381469727,0.44999998807907104,-48.21917740269727,1.506892459701703e-07
grid-r067-c048,67,48,9.800000190734863,13.600000381469727,0.44999998807907104,-58.117712779101495,1.542512606533819e-08
grid-r067-c049,67,49,10.0,13.600000381469727,0.44999998807907104,-44.19251909906873,3.80844852543305e-07
grid-r067-c050,67,50,10.200000762939453,13.600000381469727,0.44999998807907104,-44.33562980596764,3.6849959883511474e-07
grid-r067-c051,67,51,10.399999618530273,13.600000381469727,0.44999998807907104,-44.315828428774196,3.701835851188662e-07
grid-r067-c052,67,52,10.600000381469727,13.600000381469727,0.44999998807907104,-44.376585699696975,3.650408189059817e-07
grid-r067-c053,67,53,10.800000190734863,13.600000381469727,0.44999998807907104,-58.82954247090285,1.3093198525382377e-08
grid-r067-c054,67,54,11.0,13.600000381469727,0.44999998807907104,-62.106305473483886,6.157004239781827e-09
grid-r068-c026,68,26,5.400000095367432,13.80000114440918,0.44999998807907104,-48.60786611437047,1.3778863205970993e-07
grid-r068-c027,68,27,5.599999904632568,13.80000114440918,0.44999998807907104,-48.52019263399457,1.405985159408374e-07
grid-r068-c028,68,28,5.800000190734863,13.80000114440918,0.44999998807907104,-48.43229555297728,1.4347308763262845e-07
grid-r068-c029,68,29,6.0,13.80000114440918,0.44999998807907104,-48.44155782041658,1.4316742635855917e-07
grid-r068-c030,68,30,6.199999809265137,13.80000114440918,0.44999998807907104,-63.26291836921838,4.717459312075789e-09
grid-r068-c040,68,40,8.199999809265137,13.80000114440918,0.44999998807907104,-44.01278637878559,3.969367980971583e-07
grid-r068-c041,68,41,8.399999618530273,13.80000114440918,0.44999998807907104,-53.91584267357379,4.0589689831449505e-08
grid-r068-c042,68,42,8.600000381469727,13.80000114440918,0.44999998807907104,-44.07159621331583,3.915979220892041e-07
grid-r068-c043,68,43,8.800000190734863,13.80000114440918,0.44999998807907104,-64.44887330641956,3.590150621235466e-09
grid-r068-c044,68,44,9.0,13.80000114440918,0.44999998807907104,-48.015422725421246,1.5792748797593958e-07
grid-r068-c045,68,45,9.199999809265137,13.80000114440918,0.44999998807907104,-48.317717382549404,1.4730865416368033e-07
grid-r068-c046,68,46,9.399999618530273,13.80000114440918,0.44999998807907104,-60.003224005168846,9.992579208528696e-09
grid-r068-c047,68,47,9.600000381469727,13.80000114440918,0.44999998807907104,-44.021656411707795,3.9612692148693895e-07
grid-r068-c048,68,48,9.800000190734863,13.80000114440918,0.44999998807907104,-44.266678494519425,3.7439681932482927e-07
grid-r068-c049,68,49,10.0,13.80000114440918,0.44999998807907104,-55.09956781890425,3.090602973543355e-08
grid-r068-c050,68,50,10.200000762939453,13.80000114440918,0.44999998807907104,-44.23952904510497,3.7674465147574665e-07
grid-r068-c051,68,51,10.399999618530273,13.80000114440918,0.44999998807907104,-44.136571577169704,3.8578278349632456e-07
grid-r068-c052,68,52,10.600000381469727,13.80000114440918,0.44999998807907104,-44.35973321540463,3.664600853880984e-07
grid-r068-c053,68,53,10.800000190734863,13.80000114440918,0.44999998807907104,-61.64437462870279,6.847980849045143e-09
grid-r069-c026,69,26,5.400000095367432,14.0,0.44999998807907104,-62.687138418953595,5.386245671701317e-09
grid-r069-c027,69,27,5.599999904632568,14.0,0.44999998807907104,-48.358122748056346,1.4594449737614923e-07
grid-r069-c028,69,28,5.800000190734863,14.0,0.44999998807907104,-48.322019335514895,1.471628081617382e-07
grid-r069-c029,69,29,6.0,14.0,0.44999998807907104,-48.336582749644734,1.466701462504716e-07
grid-r069-c030,69,30,6.199999809265137,14.0,0.44999998807907104,-48.39712575000716,1.446396709070541e-07
grid-r069-c040,69,40,8.199999809265137,14.0,0.44999998807907104,-43.80081271532631,4.167913800756651e-07
grid-r069-c041,69,41,8.399999618530273,14.0,0.44999998807907104,-59.75332406535074,1.0584432885707429e-08
grid-r069-c042,69,42,8.600000381469727,14.0,0.44999998807907104,-48.176896894872854,1.5216343740576121e-07
grid-r069-c043,69,43,8.800000190734863,14.0,0.44999998807907104,-61.250549498259915,7.49799333732426e-09
grid-r069-c044,69,44,9.0,14.0,0.44999998807907104,-48.07959890812509,1.5561093391625036e-07
grid-r069-c045,69,45,9.199999809265137,14.0,0.44999998807907104,-61.454645403698024,7.153778014412637e-09
grid-r069-c046,69,46,9.399999618530273,14.0,0.44999998807907104,-56.72282076157383,2.126757259190981e-08
grid-r069-c047,69,47,9.600000381469727,14.0,0.44999998807907104,-55.846296134104236,2.6023780463901858e-08
grid-r069-c048,69,48,9.800000190734863,14.0,0.44999998807907104,-57.801821542288124,1.6588909801384943e-08
grid-r069-c049,69,49,10.0,14.0,0.44999998807907104,-56.14460333381275,2.4296273437585114e-08
grid-r069-c050,69,50,10.200000762939453,14.0,0.44999998807907104,-61.05992743535029,7.83442732910089e-09
grid-r069-c051,69,51,10.399999618530273,14.0,0.44999998807907104,-55.19011258501433,3.026834960451197e-08
grid-r070-c025,70,25,5.199999809265137,14.200000762939453,0.44999998807907104,-67.12107676335967,1.940404725786493e-09
grid-r070-c026,70,26,5.400000095367432,14.200000762939453,0.44999998807907104,-48.23733978325757,1.5006037301645847e-07
grid-r070-c027,70,27,5.599999904632568,14.200000762939453,0.44999998807907104,-48.09507721998513,1.5505732164911024e-07
grid-r070-c028,70,28,5.800000190734863,14.200000762939453,0.44999998807907104,-48.11191090847568,1.5445746726072684e-07
grid-r070-c029,70,29,6.0,14.200000762939453,0.44999998807907104,-48.079688146444255,1.5560773647393944e-07
grid-r070-c030,70,30,6.199999809265137,14.200000762939453,0.44999998807907104,-48.30889041752525,1.4760836108962394e-07
grid-r070-c039,70,39,8.0,14.200000762939453,0.44999998807907104,-59.327506573572364,1.167479712904651e-08
grid-r070-c040,70,40,8.199999809265137,14.200000762939453,0.44999998807907104,-59.48955082465504,1.1247212938769735e-08
grid-r070-c041,70,41,8.399999618530273,14.200000762939453,0.44999998807907104,-60.95027308915449,8.034755971664254e-09
grid-r070-c042,70,42,8.600000381469727,14.200000762939453,0.44999998807907104,-60.97587656220432,7.9875270841967e-09
grid-r070-c043,70,43,8.800000190734863,14.200000762939453,0.44999998807907104,-64.07434640695043,3.913500190577679e-09
grid-r070-c044,70,44,9.0,14.200000762939453,0.44999998807907104,-58.154354144064754,1.5295531952119745e-08
grid-r070-c045,70,45,9.199999809265137,14.200000762939453,0.44999998807907104,-42.584138673520286,5.515515795195824e-07
grid-r070-c046,70,46,9.399999618530273,14.200000762939453,0.44999998807907104,-57.298047707478915,1.8629243925261108e-08
grid-r070-c047,70,47,9.600000381469727,14.200000762939453,0.44999998807907104,-44.1075965135972,3.883652368585899e-07
grid-r070-c048,70,48,9.800000190734863,14.200000762939453,0.44999998807907104,-43.87890632704976,4.093637357982516e-07
grid-r070-c049,70,49,10.0,14.200000762939453,0.44999998807907104,-44.134044332102434,3.860073434225342e-07
grid-r070-c050,70,50,10.200000762939453,14.200000762939453,0.44999998807907104,-56.091115862347635,2.459735526372242e-08
grid-r070-c051,70,51,10.399999618530273,14.200000762939453,0.44999998807907104,-44.19552654286433,3.805812127666286e-07
grid-r071-c025,71,25,5.199999809265137,14.40000057220459,0.44999998807907104,-63.71228421358636,4.253746244131662e-09
grid-r071-c026,71,26,5.400000095367432,14.40000057220459,0.44999998807907104,-60.72519275926879,8.462150091759213e-09
grid-r071-c027,71,27,5.599999904632568,14.40000057220459,0.44999998807907104,-48.10852824658694,1.545778189893099e-07
grid-r071-c028,71,28,5.800000190734863,14.40000057220459,0.44999998807907104,-48.06926008215393,1.5598182301346242e-07
grid-r071-c029,71,29,6.0,14.40000057220459,0.44999998807907104,-48.090192200215114,1.5523183094501292e-07
grid-r071-c030,71,30,6.199999809265137,14.40000057220459,0.44999998807907104,-48.1670917253615,1.5250736851157853e-07
grid-r071-c038,71,38,7.800000190734863,14.40000057220459,0.44999998807907104,-59.166187455145106,1.211661349032056e-08
grid-r071-c039,71,39,8.0,14.40000057220459,0.44999998807907104,-59.22771170154445,1.1946173827936946e-08
grid-r071-c040,71,40,8.199999809265137,14.40000057220459,0.44999998807907104,-48.153065062750954,1.530007267547262e-07
grid-r071-c041,71,41,8.399999618530273,14.40000057220459,0.44999998807907104,-58.946058166172165,1.274659489070018e-08
grid-r071-c042,71,42,8.600000381469727,14.40000057220459,0.44999998807907104,-48.03880770769837,1.5707939837739104e-07
grid-r071-c043,71,43,8.800000190734863,14.40000057220459,0.44999998807907104,-47.93138544740863,1.610131903362344e-07
grid-r071-c044,71,44,9.0,14.40000057220459,0.44999998807907104,-57.34195790738664,1.844183827870438e-08
grid-r071-c045,71,45,9.199999809265137,14.40000057220459,0.44999998807907104,-43.84092021701583,4.1295999153589946e-07
grid-r071-c046,71,46,9.399999618530273,14.40000057220459,0.44999998807907104,-43.90366392120488,4.070367367603467e-07
grid-r071-c047,71,47,9.600000381469727,14.40000057220459,0.44999998807907104,-57.25875559784876,1.8798553824694864e-08
grid-r071-c048,71,48,9.800000190734863,14.40000057220459,0.44999998807907104,-43.87236000229747,4.0998125427904597e-07
grid-r071-c049,71,49,10.0,14.40000057220459,0.44999998807907104,-44.03466843945078,3.9494184989052883e-07
grid-r071-c050,71,50,10.200000762939453,14.40000057220459,0.44999998807907104,-43.99960774614882,3.981431291322224e-07
grid-r072-c024,72,24,5.0,14.600000381469727,0.44999998807907104,-66.31768877450855,2.3347002109375126e-09
grid-r072-c025,72,25,5.199999809265137,14.600000381469727,0.44999998807907104,-48.16672874094792,1.5252011564825807e-07
grid-r072-c026,72,26,5.400000095367432,14.600000381469727,0.44999998807907104,-48.12894127160999,1.5385296592285158e-07
grid-r072-c027,72,27,5.599999904632568,14.600000381469727,0.44999998807907104,-47.896427777997914,1.6231446409165073e-07
grid-r072-c028,72,28,5.800000190734863,14.600000381469727,0.44999998807907104,-47.92165048544176,1.6137451552822313e-07
grid-r072-c029,72,29,6.0,14.600000381469727,0.44999998807907104,-66.41799162582888,2.2813968492130243e-09
grid-r072-c038,72,38,7.800000190734863,14.600000381469727,0.44999998807907104,-43.413428948549736,4.556769965802232e-07
grid-r072-c039,72,39,8.0,14.600000381469727,0.44999998807907104,-63.33273747039881,4.64222571494588e-09
grid-r072-c040,72,40,8.199999809265137,14.600000381469727,0.44999998807907104,-47.77600850611431,1.6687802428805298e-07
grid-r072-c041,72,41,8.399999618530273,14.600000381469727,0.44999998807907104,-47.67319961290724,1.7087559456285817e-07
grid-r072-c042,72,42,8.600000381469727,14.600000381469727,0.44999998807907104,-60.60509797422384,8.699418074797904e-09
grid-r072-c043,72,43,8.800000190734863,14.600000381469727,0.44999998807907104,-58.172876253273,1.5230437355739923e-08
grid-r072-c044,72,44,9.0,14.600000381469727,0.44999998807907104,-59.76239076043136,1.0562358987442622e-08
grid-r072-c045,72,45,9.199999809265137,14.600000381469727,0.44999998807907104,-59.82496658273955,1.0411261186504817e-08
grid-r072-c046,72,46,9.399999618530273,14.600000381469727,0.44999998807907104,-53.94895831632559,4.0281364022121124e-08
grid-r072-c047,72,47,9.600000381469727,14.600000381469727,0.44999998807907104,-60.11552067546852,9.737510353602374e-09
grid-r072-c048,72,48,9.800000190734863,14.600000381469727,0.44999998807907104,-55.48357949504086,2.8290592979374196e-08
grid-r072-c049,72,49,10.0,14.600000381469727,0.44999998807907104,-43.93578286213309,4.040375358727033e-07
grid-r072-c050,72,50,10.200000762939453,14.600000381469727,0.44999998807907104,-44.09531865234436,3.894647306879051e-07
grid-r073-c024,73,24,5.0,14.80000114440918,0.44999998807907104,-66.00726257630433,2.5076893894748764e-09
grid-r073-c025,73,25,5.199999809265137,14.80000114440918,0.44999998807907104,-47.94794234190255,1.604005177568979e-07
grid-r073-c026,73,26,5.400000095367432,14.80000114440918,0.44999998807907104,-47.98094700066446,1.5918615758891974e-07
grid-r073-c027,73,27,5.599999904632568,14.80000114440918,0.44999998807907104,-61.34702219956674,7.333271767606675e-09
grid-r073-c028,73,28,5.800000190734863,14.80000114440918,0.44999998807907104,-47.770647392497125,1.67084152735697e-07
grid-r073-c037,73,37,7.599999904632568,14.80000114440918,0.44999998807907104,-53.96279109255096,4.0153267377718294e-08
grid-r073-c038,73,38,7.800000190734863,14.80000114440918,0.44999998807907104,-63.064918593681966,4.937511732805433e-09
grid-r073-c039,73,39,8.0,14.80000114440918,0.44999998807907104,-63.210851989720354,4.774356021641779e-09
grid-r073-c040,73,40,8.199999809265137,14.80000114440918,0.44999998807907104,-63.235311110214894,4.747542803329452e-09
grid-r073-c041,73,41,8.399999618530273,14.80000114440918,0.44999998807907104,-58.57780997814592,1.3874553062009909e-08
grid-r073-c042,73,42,8.600000381469727,14.80000114440918,0.44999998807907104,-63.431324720203364,4.538031728174019e-09
grid-r073-c043,73,43,8.800000190734863,14.80000114440918,0.44999998807907104,-43.6653421399413,4.299973568322457e-07
grid-r073-c044,73,44,9.0,14.80000114440918,0.44999998807907104,-56.6004097860871,2.187555203647662e-08
grid-r073-c045,73,45,9.199999809265137,14.80000114440918,0.44999998807907104,-43.735055395486626,4.231501122831105e-07
grid-r073-c046,73,46,9.399999618530273,14.80000114440918,0.44999998807907104,-43.798463082775015,4.1701693476170476e-07
grid-r073-c047,73,47,9.600000381469727,14.80000114440918,0.44999998807907104,-56.95191707178185,2.0174756087953938e-08
grid-r073-c048,73,48,9.800000190734863,14.80000114440918,0.44999998807907104,-43.662101610198,4.3031832319684327e-07
grid-r073-c049,73,49,10.0,14.80000114440918,0.44999998807907104,-60.20295788475522,9.543423828972664e-09
grid-r074-c024,74,24,5.0,15.0,0.44999998807907104,-47.89678863201439,1.62300977990526e-07
grid-r074-c025,74,25,5.199999809265137,15.0,0.44999998807907104,-47.93391330449914,1.6091949817109708e-07
grid-r074-c026,74,26,5.400000095367432,15.0,0.44999998807907104,-47.75979685711225,1.675021223945805e-07
grid-r074-c027,74,27,5.599999904632568,15.0,0.44999998807907104,-47.79365908912294,1.6620117548882263e-07
grid-r074-c028,74,28,5.800000190734863,15.0,0.44999998807907104,-62.844380615771854,5.194717545009553e-09
grid-r074-c036,74,36,7.400000095367432,15.0,0.44999998807907104,-43.229647230997934,4.753738380713912e-07
grid-r074-c037,74,37,7.599999904632568,15.0,0.44999998807907104,-62.919563911497235,5.105562639329264e-09
grid-r074-c038,74,38,7.800000190734863,15.0,0.44999998807907104,-47.74767982355419,1.6797011426206154e-07
grid-r074-c039,74,39,8.0,15.0,0.44999998807907104,-60.01776256871139,9.959183699947971e-09
grid-r074-c040,74,40,8.199999809265137,15.0,0.44999998807907104,-47.75673865407518,1.6762011512128083e-07
grid-r074-c041,74,41,8.399999618530273,15.0,0.44999998807907104,-47.64081583710488,1.721545146438075e-07
grid-r074-c042,74,42,8.600000381469727,15.0,0.44999998807907104,-59.17510304578781,1.209176492267261e-08
grid-r074-c043,74,43,8.800000190734863,15.0,0.44999998807907104,-43.453593322787974,4.514822364853899e-07
grid-r074-c044,74,44,9.0,15.0,0.44999998807907104,-56.39953677870341,2.2911120112212302e-08
grid-r074-c045,74,45,9.199999809265137,15.0,0.44999998807907104,-43.74928546654948,4.2176588976872154e-07
grid-r074-c046,74,46,9.399999618530273,15.0,0.44999998807907104,-43.485281359647,4.4820001221523853e-07
grid-r074-c047,74,47,9.600000381469727,15.0,0.44999998807907104,-43.76086416866777,4.2064291960741684e-07
grid-r074-c048,74,48,9.800000190734863,15.0,0.44999998807907104,-59.87279972453322,1.029722085377216e-08
grid-r074-c049,74,49,10.0,15.0,0.44999998807907104,-44.04376089931088,3.9411585817106243e-07
grid-r074-c050,74,50,10.200000762939453,15.0,0.44999998807907104,-44.10236818895717,3.888330581958144e-07
grid-r075-c023,75,23,4.800000190734863,15.200000762939453,0.44999998807907104,-65.5431886335596,2.7904942800915933e-09
grid-r075-c024,75,24,5.0,15.200000762939453,0.44999998807907104,-47.74389806233417,1.6811644343306398e-07
grid-r075-c025,75,25,5.199999809265137,15.200000762939453,0.44999998807907104,-47.712165784279364,1.6934930613388133e-07
grid-r075-c026,75,26,5.400000095367432,15.200000762939453,0.44999998807907104,-47.674587851989344,1.7082098224818765e-07
grid-r075-c027,75,27,5.599999904632568,15.200000762939453,0.44999998807907104,-47.570169792091846,1.7497782778264082e-07
grid-r075-c035,75,35,7.199999809265137,15.200000762939453,0.44999998807907104,-58.234508523580246,1.5015823251474103e-08
grid-r075-c037,75,37,7.599999904632568,15.200000762939453,0.44999998807907104,-57.93867423560715,1.6074318764935924e-08
grid-r075-c038,75,38,7.800000190734863,15.200000762939453,0.44999998807907104,-62.82264512375008,5.220781140735653e-09
grid-r075-c039,75,39,8.0,15.200000762939453,0.44999998807907104,-62.84655495953031,5.192117402685881e-09
grid-r075-c040,75,40,8.199999809265137,15.200000762939453,0.44999998807907104,-59.92043797367873,1.0184886711783747e-08
grid-r075-c041,75,41,8.399999618530273,15.200000762939453,0.44999998807907104,-57.4884133035587,1.7830300791388254e-08
grid-r075-c042,75,42,8.600000381469727,15.200000762939453,0.44999998807907104,-56.01555619679935,2.5029050831903987e-08
grid-r075-c043,75,43,8.800000190734863,15.200000762939453,0.44999998807907104,-56.15743049106095,2.4224618755397387e-08
grid-r075-c044,75,44,9.0,15.200000762939453,0.44999998807907104,-59.260168909304184,1.1857226311917657e-08
grid-r075-c045,75,45,9.199999809265137,15.200000762939453,0.44999998807907104,-56.361292040908495,2.311377045316476e-08
grid-r075-c046,75,46,9.399999618530273,15.200000762939453,0.44999998807907104,-54.699415869954265,3.388897340528274e-08
grid-r075-c047,75,47,9.600000381469727,15.200000762939453,0.44999998807907104,-43.773755369019696,4.1939617290154274e-07
grid-r075-c048,75,48,9.800000190734863,15.200000762939453,0.44999998807907104,-59.771447512862196,1.054035525527297e-08
grid-r076-c023,76,23,4.800000190734863,15.40000057220459,0.44999998807907104,-47.761756741800724,1.6742654906920507e-07
grid-r076-c024,76,24,5.0,15.40000057220459,0.44999998807907104,-60.43717749332366,9.042369519818294e-09
grid-r076-c025,76,25,5.199999809265137,15.40000057220459,0.44999998807907104,-47.556191720377655,1.7554191344970604e-07
grid-r076-c026,76,26,5.400000095367432,15.40000057220459,0.44999998807907104,-47.52385702232698,1.7685376008103049e-07
grid-r076-c027,76,27,5.599999904632568,15.40000057220459,0.44999998807907104,-60.43504979822926,9.046800641954178e-09
grid-r076-c034,76,34,7.0,15.40000057220459,0.44999998807907104,-55.018247433303145,3.1490188234784e-08
grid-r076-c035,76,35,7.199999809265137,15.40000057220459,0.44999998807907104,-58.13726844305533,1.535582505596267e-08
grid-r076-c036,76,36,7.400000095367432,15.40000057220459,0.44999998807907104,-47.59311218859881,1.740559127938468e-07
grid-r076-c037,76,37,7.599999904632568,15.40000057220459,0.44999998807907104,-59.5354628598553,1.1128937771331948e-08
grid-r076-c038,76,38,7.800000190734863,15.40000057220459,0.44999998807907104,-47.47219284138491,1.7897019688462024e-07
grid-r076-c039,76,39,8.0,15.40000057220459,0.44999998807907104,-47.61352403542213,1.7323976919669803e-07
grid-r076-c040,76,40,8.199999809265137,15.40000057220459,0.44999998807907104,-54.91476022127284,3.224957367820025e-08
grid-r076-c041,76,41,8.399999618530273,15.40000057220459,0.44999998807907104,-43.5165110041963,4.4498861484498775e-07
grid-r076-c042,76,42,8.600000381469727,15.40000057220459,0.44999998807907104,-58.87768740668787,1.2948851768612712e-08
grid-r076-c043,76,43,8.800000190734863,15.40000057220459,0.44999998807907104,-43.34063736030429,4.633789103536401e-07
grid-r076-c044,76,44,9.0,15.40000057220459,0.44999998807907104,-43.51993641591552,4.4463777726377884e-07
grid-r076-c045,76,45,9.199999809265137,15.40000057220459,0.44999998807907104,-59.22206994452807,1.1961702739426983e-08
grid-r076-c046,76,46,9.399999618530273,15.40000057220459,0.44999998807907104,-43.47842905330755,4.48907741201765e-07
grid-r077-c022,77,22,4.599999904632568,15.600000381469727,0.44999998807907104,-64.79347801317225,3.316287688903685e-09
grid-r077-c023,77,23,4.800000190734863,15.600000381469727,0.44999998807907104,-47.61041115540729,1.7336398627776362e-07
grid-r077-c024,77,24,5.0,15.600000381469727,0.44999998807907104,-47.574444660841266,1.7480567748862086e-07
grid-r077-c025,77,25,5.199999809265137,15.600000381469727,0.44999998807907104,-60.15911566454153,9.640253040288371e-09
grid-r077-c026,77,26,5.400000095367432,15.600000381469727,0.44999998807907104,-60.12422045276054,9.718023719074154e-09
grid-r077-c027,77,27,5.599999904632568,15.600000381469727,0.44999998807907104,-47.52523358486229,1.7679771247003373e-07
grid-r077-c033,77,33,6.800000190734863,15.600000381469727,0.44999998807907104,-43.23177122130713,4.751414053316694e-07
grid-r077-c035,77,35,7.199999809265137,15.600000381469727,0.44999998807907104,-62.2472454896328,5.960400617510686e-09
grid-r077-c036,77,36,7.400000095367432,15.600000381469727,0.44999998807907104,-47.31545676468231,1.8554716518792702e-07
grid-r077-c037,77,37,7.599999904632568,15.600000381469727,0.44999998807907104,-47.33000468449191,1.8492666242764244e-07
grid-r077-c038,77,38,7.800000190734863,15.600000381469727,0.44999998807907104,-62.460752221265636,5.674463121607687e-09
grid-r077-c039,77,39,8.0,15.600000381469727,0.44999998807907104,-42.027175233257694,6.270215635595378e-07
grid-r077-c040,77,40,8.199999809265137,15.600000381469727,0.44999998807907104,-55.51863829396294,2.8063134038802673e-08
grid-r077-c041,77,41,8.399999618530273,15.600000381469727,0.44999998807907104,-43.287708526897006,4.690608079727099e-07
grid-r077-c042,77,42,8.600000381469727,15.600000381469727,0.44999998807907104,-43.34939216527532,4.6244574036791164e-07
grid-r077-c043,77,43,8.800000190734863,15.600000381469727,0.44999998807907104,-58.83996568835501,1.3061812076387014e-08
grid-r077-c044,77,44,9.0,15.600000381469727,0.44999998807907104,-43.3018691230395,4.6753388005527086e-07
grid-r077-c045,77,45,9.199999809265137,15.600000381469727,0.44999998807907104,-43.48413557481776,4.4831827494817844e-07
grid-r077-c046,77,46,9.399999618530273,15.600000381469727,0.44999998807907104,-59.184008207519966,1.2066996291082432e-08
grid-r078-c022,78,22,4.599999904632568,15.80000114440918,0.44999998807907104,-64.50148079128806,3.5469243098162906e-09
grid-r078-c023,78,23,4.800000190734863,15.80000114440918,0.44999998807907104,-47.37049229249679,1.8321067329907237e-07
grid-r078-c024,78,24,5.0,15.80000114440918,0.44999998807907104,-47.50471802666149,1.7763485971045156e-07
grid-r078-c025,78,25,5.199999809265137,15.80000114440918,0.44999998807907104,-47.30538503465549,1.8597796724861837e-07
grid-r078-c026,78,26,5.400000095367432,15.80000114440918,0.44999998807907104,-61.61518031923163,6.8941696795832286e-09
grid-r078-c027,78,27,5.599999904632568,15.80000114440918,0.44999998807907104,-64.70700383517175,3.3829814505281774e-09
grid-r078-c032,78,32,6.599999904632568,15.80000114440918,0.44999998807907104,-61.93911580706272,6.39865094242964e-09
grid-r078-c033,78,33,6.800000190734863,15.80000114440918,0.44999998807907104,-61.96226555070882,6.364634153044335e-09
grid-r078-c034,78,34,7.0,15.80000114440918,0.44999998807907104,-61.9853855058177,6.3308416287100044e-09
grid-r078-c035,78,35,7.199999809265137,15.80000114440918,0.44999998807907104,-62.12778104197797,6.126633422809391e-09
grid-r078-c036,78,36,7.400000095367432,15.80000114440918,0.44999998807907104,-59.15226103496087,1.2155529915958141e-08
grid-r078-c037,78,37,7.599999904632568,15.80000114440918,0.44999998807907104,-59.246552505739345,1.1894460527628326e-08
grid-r078-c038,78,38,7.800000190734863,15.80000114440918,0.44999998807907104,-62.34049513622834,5.833785898801125e-09
grid-r078-c039,78,39,8.0,15.80000114440918,0.44999998807907104,-58.24322714452089,1.498570867397575e-08
grid-r078-c040,78,40,8.199999809265137,15.80000114440918,0.44999998807907104,-53.61689421549717,4.348210680404918e-08
grid-r078-c041,78,41,8.399999618530273,15.80000114440918,0.44999998807907104,-58.52186390712379,1.4054442054600713e-08
grid-r078-c042,78,42,8.600000381469727,15.80000114440918,0.44999998807907104,-58.58242745223633,1.3859809300242887e-08
grid-r078-c043,78,43,8.800000190734863,15.80000114440918,0.44999998807907104,-55.681661483373546,2.7029241067566545e-08
grid-r078-c044,78,44,9.0,15.80000114440918,0.44999998807907104,-54.01806536016079,3.9645460248038944e-08
grid-r078-c045,78,45,9.199999809265137,15.80000114440918,0.44999998807907104,-58.92429425426309,1.281063255476056e-08
grid-r078-c046,78,46,9.399999618530273,15.80000114440918,0.44999998807907104,-59.08460456934753,1.2346377253891205e-08
grid-r079-c022,79,22,4.599999904632568,16.0,0.44999998807907104,-47.3792288662287,1.828424842642562e-07
grid-r079-c023,79,23,4.800000190734863,16.0,0.44999998807907104,-61.288032272459105,7.433558657510275e-09
grid-r079-c024,79,24,5.0,16.0,0.44999998807907104,-47.17982350115793,1.9143337226523727e-07
grid-r079-c025,79,25,5.199999809265137,16.0,0.44999998807907104,-61.31283761633169,7.391221856778429e-09
grid-r079-c026,79,26,5.400000095367432,16.0,0.44999998807907104,-47.3170912411515,1.8547734725871123e-07
grid-r079-c031,79,31,6.400000095367432,16.0,0.44999998807907104,-42.945958366554144,5.074627438261814e-07
grid-r079-c032,79,32,6.599999904632568,16.0,0.44999998807907104,-61.82035866036678,6.57603527187689e-09
grid-r079-c033,79,33,6.800000190734863,16.0,0.44999998807907104,-47.29969950584221,1.862215981418558e-07
grid-r079-c034,79,34,7.0,16.0,0.44999998807907104,-61.86636781451058,6.506736482947417e-09
grid-r079-c035,79,35,7.199999809265137,16.0,0.44999998807907104,-47.16355185001393,1.9215195834476617e-07
grid-r079-c036,79,36,7.400000095367432,16.0,0.44999998807907104,-59.03273690430464,1.2494713708122163e-08
grid-r079-c037,79,37,7.599999904632568,16.0,0.44999998807907104,-47.32100710434199,1.853101849746963e-07
grid-r079-c038,79,38,7.800000190734863,16.0,0.44999998807907104,-58.0859740448096,1.553826756151011e-08
grid-r079-c039,79,39,8.0,16.0,0.44999998807907104,-43.24054517485186,4.7418245685548754e-07
grid-r079-c040,79,40,8.199999809265137,16.0,0.44999998807907104,-53.506943388633104,4.459700164716196e-08
grid-r079-c041,79,41,8.399999618530273,16.0,0.44999998807907104,-43.17548140256782,4.813398959413462e-07
grid-r079-c042,79,42,8.600000381469727,16.0,0.44999998807907104,-43.37254811378589,4.599866088028648e-07
grid-r079-c043,79,43,8.800000190734863,16.0,0.44999998807907104,-58.54497510850612,1.3979849278200618e-08
grid-r079-c044,79,44,9.0,16.0,0.44999998807907104,-43.18610271364772,4.801641466656292e-07
grid-r080-c021,80,21,4.400000095367432,16.200000762939453,0.44999998807907104,-64.06501010000873,3.921922342442485e-09
grid-r080-c022,80,22,4.599999904632568,16.200000762939453,0.44999998807907104,-47.50369459727402,1.7767672488844255e-07
grid-r080-c023,80,23,4.800000190734863,16.200000762939453,0.44999998807907104,-47.37616135846393,1.829716751444721e-07
grid-r080-c024,80,24,5.0,16.200000762939453,0.44999998807907104,-64.09599024399412,3.8940450863833576e-09
grid-r080-c025,80,25,5.199999809265137,16.200000762939453,0.44999998807907104,-61.09730831666354,7.76728370510682e-09
grid-r080-c026,80,26,5.400000095367432,16.200000762939453,0.44999998807907104,-63.97049895170571,4.008206655470303e-09
grid-r080-c030,80,30,6.199999809265137,16.200000762939453,0.44999998807907104,-61.53762345653294,7.018392533808537e-09
grid-r080-c031,80,31,6.400000095367432,16.200000762939453,0.44999998807907104,-61.560462132866576,6.981581091025646e-09
grid-r080-c032,80,32,6.599999904632568,16.200000762939453,0.44999998807907104,-58.63180244402922,1.3703129297937267e-08
grid-r080-c033,80,33,6.800000190734863,16.200000762939453,0.44999998807907104,-61.7246495017273,6.722565615291387e-09
grid-r080-c034,80,34,7.0,16.200000762939453,0.44999998807907104,-61.747501709359014,6.687284948014849e-09
grid-r080-c035,80,35,7.199999809265137,16.200000762939453,0.44999998807907104,-58.77139592975621,1.3269678689198372e-08
grid-r080-c036,80,36,7.400000095367432,16.200000762939453,0.44999998807907104,-58.91337376982965,1.284288586589355e-08
grid-r080-c037,80,37,7.599999904632568,16.200000762939453,0.44999998807907104,-57.83256178273908,1.6471904729087328e-08
grid-r080-c038,80,38,7.800000190734863,16.200000762939453,0.44999998807907104,-54.93007790051699,3.2136028949025786e-08
grid-r080-c039,80,39,8.0,16.200000762939453,0.44999998807907104,-54.98990423832967,3.1696373525846866e-08
grid-r080-c040,80,40,8.199999809265137,16.200000762939453,0.44999998807907104,-55.128471396243455,3.0701023945312045e-08
grid-r080-c041,80,41,8.399999618530273,16.200000762939453,0.44999998807907104,-58.228991100186065,1.5034911982070298e-08
grid-r080-c042,80,42,8.600000381469727,16.200000762939453,0.44999998807907104,-55.32736156302249,2.93267437001532e-08
grid-r080-c043,80,43,8.800000190734863,16.200000762939453,0.44999998807907104,-55.387675051869394,2.89222779059628e-08
grid-r080-c044,80,44,9.0,16.200000762939453,0.44999998807907104,-58.50754699092505,1.4100850265208464e-08
