grid_id,row,column,x,y,z,sionna_rssi_dbm,path_gain_linear
grid-r000-c000,0,0,0.19999980926513672,0.20000028610229492,0.44999998807907104,-39.06649528011263,1.2397966884236666e-06
grid-r000-c001,0,1,0.40000009536743164,0.20000028610229492,0.44999998807907104,-38.307780971269594,1.4764607385586714e-06
grid-r000-c002,0,2,0.5999999046325684,0.20000028610229492,0.44999998807907104,-38.27087247948982,1.489061901338573e-06
grid-r000-c003,0,3,0.7999997138977051,0.20000028610229492,0.44999998807907104,-37.77830155662194,1.6678993688401533e-06
grid-r000-c004,0,4,1.0,0.20000028610229492,0.44999998807907104,-37.46863356989217,1.7911693248606753e-06
grid-r000-c005,0,5,1.1999998092651367,0.20000028610229492,0.44999998807907104,-37.139220872838905,1.932314944497193e-06
grid-r000-c006,0,6,1.4000000953674316,0.20000028610229492,0.44999998807907104,-36.575913381048636,2.199928985646693e-06
grid-r000-c007,0,7,1.5999999046325684,0.20000028610229492,0.44999998807907104,-35.52019839171264,2.805305484798737e-06
grid-r000-c008,0,8,1.799999713897705,0.20000028610229492,0.44999998807907104,-34.61428973243799,3.4559784580778796e-06
grid-r000-c009,0,9,2.0,0.20000028610229492,0.44999998807907104,-32.90965478518253,5.1172251005482394e-06
grid-r000-c010,0,10,2.200000047683716,0.20000028610229492,0.44999998807907104,-31.33559661474966,7.352589818765409e-06
grid-r000-c011,0,11,2.3999998569488525,0.20000028610229492,0.44999998807907104,-29.59540306292891,1.0976394150929991e-05
grid-r000-c012,0,12,2.5999999046325684,0.20000028610229492,0.44999998807907104,-28.178140177422442,1.5211988284136169e-05
grid-r000-c013,0,13,2.799999952316284,0.20000028610229492,0.44999998807907104,-27.17443659741963,1.916709697979968e-05
grid-r000-c014,0,14,3.0,0.20000028610229492,0.44999998807907104,-26.67467965390017,2.150463296857197e-05
grid-r000-c015,0,15,3.200000047683716,0.20000028610229492,0.44999998807907104,-26.57714218840251,2.1993066184222698e-05
grid-r000-c016,0,16,3.3999998569488525,0.20000028610229492,0.44999998807907104,-26.574803748764914,2.200491144321859e-05
grid-r000-c017,0,17,3.5999999046325684,0.20000028610229492,0.44999998807907104,-26.948518993440793,2.019054772972595e-05
grid-r000-c018,0,18,3.799999952316284,0.20000028610229492,0.44999998807907104,-27.9783054993434,1.5928300854284316e-05
grid-r000-c019,0,19,4.0,0.20000028610229492,0.44999998807907104,-29.555071500861686,1.1078803254349623e-05
grid-r000-c020,0,20,4.199999809265137,0.20000028610229492,0.44999998807907104,-31.303610483561606,7.406942131638061e-06
grid-r000-c021,0,21,4.400000095367432,0.20000028610229492,0.44999998807907104,-33.231046797396104,4.752206677949289e-06
grid-r000-c022,0,22,4.599999904632568,0.20000028610229492,0.44999998807907104,-35.47832164230556,2.832486416082247e-06
grid-r000-c023,0,23,4.800000190734863,0.20000028610229492,0.44999998807907104,-37.41699392075665,1.8125942915503401e-06
grid-r000-c024,0,24,5.0,0.20000028610229492,0.44999998807907104,-38.692809441252194,1.3511981933334027e-06
grid-r000-c025,0,25,5.199999809265137,0.20000028610229492,0.44999998807907104,-39.050626597183104,1.2443350669855135e-06
grid-r000-c026,0,26,5.400000095367432,0.20000028610229492,0.44999998807907104,-38.50291250271969,1.4115905742073664e-06
grid-r000-c027,0,27,5.599999904632568,0.20000028610229492,0.44999998807907104,-37.785760323225155,1.6650373027005116e-06
grid-r000-c028,0,28,5.800000190734863,0.20000028610229492,0.44999998807907104,-37.665802363132876,1.7116689150498132e-06
grid-r000-c029,0,29,6.0,0.20000028610229492,0.44999998807907104,-37.766862342363616,1.6722983673389535e-06
grid-r000-c030,0,30,6.199999809265137,0.20000028610229492,0.44999998807907104,-37.5714830706617,1.7492492361270706e-06
grid-r000-c031,0,31,6.400000095367432,0.20000028610229492,0.44999998807907104,-37.62208514445071,1.728986035232083e-06
grid-r000-c032,0,32,6.599999904632568,0.20000028610229492,0.44999998807907104,-37.349161285584586,1.841127527768549e-06
grid-r000-c033,0,33,6.800000190734863,0.20000028610229492,0.44999998807907104,-37.02048669014455,1.9858723590004956e-06
grid-r000-c034,0,34,7.0,0.20000028610229492,0.44999998807907104,-37.41648130980771,1.8128082501789322e-06
grid-r000-c035,0,35,7.199999809265137,0.20000028610229492,0.44999998807907104,-37.611376582588406,1.7332545212411787e-06
grid-r000-c036,0,36,7.400000095367432,0.20000028610229492,0.44999998807907104,-38.11040925496779,1.5451088302143035e-06
grid-r000-c037,0,37,7.599999904632568,0.20000028610229492,0.44999998807907104,-37.95552943010237,1.6012054402381182e-06
grid-r000-c038,0,38,7.800000190734863,0.20000028610229492,0.44999998807907104,-38.42905650776885,1.4358013231685618e-06
grid-r000-c039,0,39,8.0,0.20000028610229492,0.44999998807907104,-38.982782612159575,1.2639262649827288e-06
grid-r000-c040,0,40,8.199999809265137,0.20000028610229492,0.44999998807907104,-39.685574577907175,1.0750843557616463e-06
grid-r000-c041,0,41,8.399999618530273,0.20000028610229492,0.44999998807907104,-39.87938719955794,1.0281613640472642e-06
grid-r000-c042,0,42,8.600000381469727,0.20000028610229492,0.44999998807907104,-40.119176328976764,9.729317298479145e-07
grid-r000-c043,0,43,8.800000190734863,0.20000028610229492,0.44999998807907104,-39.75853379026113,1.0571743587206583e-06
grid-r000-c044,0,44,9.0,0.20000028610229492,0.44999998807907104,-39.8875522353402,1.0262301657348871e-06
grid-r000-c045,0,45,9.199999809265137,0.20000028610229492,0.44999998807907104,-39.69836660102204,1.071922383744095e-06
grid-r000-c046,0,46,9.399999618530273,0.20000028610229492,0.44999998807907104,-39.15338597457263,1.2152381714258809e-06
grid-r000-c047,0,47,9.600000381469727,0.20000028610229492,0.44999998807907104,-39.65879560350112,1.0817338988999836e-06
grid-r000-c048,0,48,9.800000190734863,0.20000028610229492,0.44999998807907104,-39.361821639527804,1.158291411229584e-06
grid-r000-c049,0,49,10.0,0.20000028610229492,0.44999998807907104,-39.32755273678984,1.167467303275771e-06
grid-r000-c050,0,50,10.200000762939453,0.20000028610229492,0.44999998807907104,-39.48908558045676,1.1248417877141037e-06
grid-r000-c051,0,51,10.399999618530273,0.20000028610229492,0.44999998807907104,-39.35370297316357,1.1604587371039088e-06
grid-r000-c052,0,52,10.600000381469727,0.20000028610229492,0.44999998807907104,-39.25692700924199,1.1866080740219331e-06
grid-r000-c053,0,53,10.800000190734863,0.20000028610229492,0.44999998807907104,-40.15690228694339,9.645167438065982e-07
grid-r000-c054,0,54,11.0,0.20000028610229492,0.44999998807907104,-40.41657162216581,9.085374585993122e-07
grid-r000-c055,0,55,11.200000762939453,0.20000028610229492,0.44999998807907104,-41.25992016491991,7.481832540179312e-07
grid-r000-c056,0,56,11.399999618530273,0.20000028610229492,0.44999998807907104,-39.41964323684101,1.1429722235334339e-06
grid-r000-c057,0,57,11.600000381469727,0.20000028610229492,0.44999998807907104,-41.45167845048007,7.158666903706035e-07
grid-r001-c000,1,0,0.19999980926513672,0.40000057220458984,0.44999998807907104,-37.432794381009884,1.8060117099594208e-06
grid-r001-c001,1,1,0.40000009536743164,0.40000057220458984,0.44999998807907104,-37.53612918445729,1.7635471749599674e-06
grid-r001-c002,1,2,0.5999999046325684,0.40000057220458984,0.44999998807907104,-37.623115009279786,1.7285760804952588e-06
grid-r001-c003,1,3,0.7999997138977051,0.40000057220458984,0.44999998807907104,-37.69659601853256,1.6995752503135009e-06
grid-r001-c004,1,4,1.0,0.40000057220458984,0.44999998807907104,-37.51037896491822,1.7740346720529487e-06
grid-r001-c005,1,5,1.1999998092651367,0.40000057220458984,0.44999998807907104,-37.669785703099905,1.7100996956287418e-06
grid-r001-c006,1,6,1.4000000953674316,0.40000057220458984,0.44999998807907104,-37.518368584540326,1.770774019860255e-06
grid-r001-c007,1,7,1.5999999046325684,0.40000057220458984,0.44999998807907104,-36.8937724641357,2.044667780864984e-06
grid-r001-c008,1,8,1.799999713897705,0.40000057220458984,0.44999998807907104,-34.91347086525626,3.225914952054154e-06
grid-r001-c009,1,9,2.0,0.40000057220458984,0.44999998807907104,-33.248772685459436,4.732849902211456e-06
grid-r001-c010,1,10,2.200000047683716,0.40000057220458984,0.44999998807907104,-31.30672188351788,7.401637503789971e-06
grid-r001-c011,1,11,2.3999998569488525,0.40000057220458984,0.44999998807907104,-29.51905911333177,1.117105239245575e-05
grid-r001-c012,1,12,2.5999999046325684,0.40000057220458984,0.44999998807907104,-27.96507664175519,1.597689333721064e-05
grid-r001-c013,1,13,2.799999952316284,0.40000057220458984,0.44999998807907104,-26.814784515928594,2.082195715047419e-05
grid-r001-c014,1,14,3.0,0.40000057220458984,0.44999998807907104,-26.199588187810136,2.399060394964181e-05
grid-r001-c015,1,15,3.200000047683716,0.40000057220458984,0.44999998807907104,-26.0772659785599,2.467592275934294e-05
grid-r001-c016,1,16,3.3999998569488525,0.40000057220458984,0.44999998807907104,-26.422779291894443,2.278883221151773e-05
grid-r001-c017,1,17,3.5999999046325684,0.40000057220458984,0.44999998807907104,-27.079350948671305,1.9591374439187348e-05
grid-r001-c018,1,18,3.799999952316284,0.40000057220458984,0.44999998807907104,-28.31638543353246,1.4735383956576698e-05
grid-r001-c019,1,19,4.0,0.40000057220458984,0.44999998807907104,-29.9030826802245,1.0225669029750861e-05
grid-r001-c020,1,20,4.199999809265137,0.40000057220458984,0.44999998807907104,-31.701885387868685,6.7578953348856885e-06
grid-r001-c021,1,21,4.400000095367432,0.40000057220458984,0.44999998807907104,-33.60811548210617,4.357008947408758e-06
grid-r001-c022,1,22,4.599999904632568,0.40000057220458984,0.44999998807907104,-35.18511452553757,3.030320385732921e-06
grid-r001-c023,1,23,4.800000190734863,0.40000057220458984,0.44999998807907104,-36.46763381330886,2.2554677343578078e-06
grid-r001-c024,1,24,5.0,0.40000057220458984,0.44999998807907104,-37.327712446309825,1.8502429384170682e-06
grid-r001-c025,1,25,5.199999809265137,0.40000057220458984,0.44999998807907104,-38.21526217557579,1.5082515574249555e-06
grid-r001-c026,1,26,5.400000095367432,0.40000057220458984,0.44999998807907104,-38.82215592559544,1.3115486581227742e-06
grid-r001-c027,1,27,5.599999904632568,0.40000057220458984,0.44999998807907104,-39.433605063210436,1.139303662966995e-06
grid-r001-c028,1,28,5.800000190734863,0.40000057220458984,0.44999998807907104,-39.075943022055114,1.2371025377433398e-06
grid-r001-c029,1,29,6.0,0.40000057220458984,0.44999998807907104,-38.666529470459196,1.3593993344329647e-06
grid-r001-c030,1,30,6.199999809265137,0.40000057220458984,0.44999998807907104,-37.79937284975049,1.659826580180379e-06
grid-r001-c031,1,31,6.400000095367432,0.40000057220458984,0.44999998807907104,-37.47877774735814,1.786990424079704e-06
grid-r001-c032,1,32,6.599999904632568,0.40000057220458984,0.44999998807907104,-37.88765642812349,1.6264261830656324e-06
grid-r001-c033,1,33,6.800000190734863,0.40000057220458984,0.44999998807907104,-38.29983876530047,1.4791633020649897e-06
grid-r001-c034,1,34,7.0,0.40000057220458984,0.44999998807907104,-38.38185647808154,1.4514910162688466e-06
grid-r001-c035,1,35,7.199999809265137,0.40000057220458984,0.44999998807907104,-38.63377954749243,1.3696892438019859e-06
grid-r001-c036,1,36,7.400000095367432,0.40000057220458984,0.44999998807907104,-38.32013170256383,1.4722678542966605e-06
grid-r001-c037,1,37,7.599999904632568,0.40000057220458984,0.44999998807907104,-38.14809902584685,1.53175778905279e-06
grid-r001-c038,1,38,7.800000190734863,0.40000057220458984,0.44999998807907104,-37.730614609632454,1.6863143628143007e-06
grid-r001-c039,1,39,8.0,0.40000057220458984,0.44999998807907104,-37.65512716456611,1.71588146713475e-06
grid-r001-c040,1,40,8.199999809265137,0.40000057220458984,0.44999998807907104,-37.730408783273084,1.686394284661219e-06
grid-r001-c041,1,41,8.399999618530273,0.40000057220458984,0.44999998807907104,-37.734938924984846,1.6846361177158542e-06
grid-r001-c042,1,42,8.600000381469727,0.40000057220458984,0.44999998807907104,-38.107132253825995,1.5462751434824895e-06
grid-r001-c043,1,43,8.800000190734863,0.40000057220458984,0.44999998807907104,-38.61343245814435,1.3761214177065995e-06
grid-r001-c044,1,44,9.0,0.40000057220458984,0.44999998807907104,-38.73553867070115,1.3379692518356023e-06
grid-r001-c045,1,45,9.199999809265137,0.40000057220458984,0.44999998807907104,-38.86127900690585,1.2997867315789335e-06
grid-r001-c046,1,46,9.399999618530273,0.40000057220458984,0.44999998807907104,-39.89509305344913,1.0244498298561666e-06
grid-r001-c047,1,47,9.600000381469727,0.40000057220458984,0.44999998807907104,-39.9209184556055,1.0183759968640516e-06
grid-r001-c048,1,48,9.800000190734863,0.40000057220458984,0.44999998807907104,-40.15924639547179,9.639962854635087e-07
grid-r001-c049,1,49,10.0,0.40000057220458984,0.44999998807907104,-41.09125246996265,7.77812203978101e-07
grid-r001-c050,1,50,10.200000762939453,0.40000057220458984,0.44999998807907104,-40.214853387925196,9.517319767837762e-07
grid-r001-c051,1,51,10.399999618530273,0.40000057220458984,0.44999998807907104,-40.84308314352488,8.235532504841103e-07
grid-r001-c052,1,52,10.600000381469727,0.40000057220458984,0.44999998807907104,-40.992281937584146,7.957411298775696e-07
grid-r001-c053,1,53,10.800000190734863,0.40000057220458984,0.44999998807907104,-40.73044678037927,8.45191891585273e-07
grid-r001-c054,1,54,11.0,0.40000057220458984,0.44999998807907104,-39.76217537436585,1.056288283507456e-06
grid-r001-c055,1,55,11.200000762939453,0.40000057220458984,0.44999998807907104,-40.65257734703418,8.604829417890869e-07
grid-r001-c056,1,56,11.399999618530273,0.40000057220458984,0.44999998807907104,-40.39053805470695,9.139999974649982e-07
grid-r001-c057,1,57,11.600000381469727,0.40000057220458984,0.44999998807907104,-40.32678111646689,9.275170214095851e-07
grid-r002-c000,2,0,0.19999980926513672,0.6000003814697266,0.44999998807907104,-37.13445608669996,1.934436113515403e-06
grid-r002-c001,2,1,0.40000009536743164,0.6000003814697266,0.44999998807907104,-37.255355094991685,1.8813278757079388e-06
grid-r002-c002,2,2,0.5999999046325684,0.6000003814697266,0.44999998807907104,-37.299973927585654,1.862098315541516e-06
grid-r002-c003,2,3,0.7999997138977051,0.6000003814697266,0.44999998807907104,-38.21117018594897,1.509673325017502e-06
grid-r002-c004,2,4,1.0,0.6000003814697266,0.44999998807907104,-39.15943329809701,1.2135471934016095e-06
grid-r002-c005,2,5,1.1999998092651367,0.6000003814697266,0.44999998807907104,-38.56073183987678,1.3929220585850999e-06
grid-r002-c006,2,6,1.4000000953674316,0.6000003814697266,0.44999998807907104,-37.300885344308185,1.8617075738802669e-06
grid-r002-c007,2,7,1.5999999046325684,0.6000003814697266,0.44999998807907104,-36.09227752525772,2.459077677485766e-06
grid-r002-c008,2,8,1.799999713897705,0.6000003814697266,0.44999998807907104,-34.677436268110625,3.406091991564608e-06
grid-r002-c009,2,9,2.0,0.6000003814697266,0.44999998807907104,-33.12077496089056,4.874415026279166e-06
grid-r002-c010,2,10,2.200000047683716,0.6000003814697266,0.44999998807907104,-31.330230784871134,7.361679763562279e-06
grid-r002-c011,2,11,2.3999998569488525,0.6000003814697266,0.44999998807907104,-29.53840596267525,1.1121398529212456e-05
grid-r002-c012,2,12,2.5999999046325684,0.6000003814697266,0.44999998807907104,-27.99517799505061,1.586653888807632e-05
grid-r002-c013,2,13,2.799999952316284,0.6000003814697266,0.44999998807907104,-26.88302180245629,2.0497354853432626e-05
grid-r002-c014,2,14,3.0,0.6000003814697266,0.44999998807907104,-26.22238478491238,2.386500455031637e-05
grid-r002-c015,2,15,3.200000047683716,0.6000003814697266,0.44999998807907104,13.724522315361053,0.23575028777122498
grid-r002-c016,2,16,3.3999998569488525,0.6000003814697266,0.44999998807907104,-26.508106139462164,2.2345464458339848e-05
grid-r002-c017,2,17,3.5999999046325684,0.6000003814697266,0.44999998807907104,-27.326200475682576,1.8508872017264366e-05
grid-r002-c018,2,18,3.799999952316284,0.6000003814697266,0.44999998807907104,-28.55003634772607,1.3963566743768752e-05
grid-r002-c019,2,19,4.0,0.6000003814697266,0.44999998807907104,-30.076828284063232,9.824651897361036e-06
grid-r002-c020,2,20,4.199999809265137,0.6000003814697266,0.44999998807907104,-31.839509700285873,6.547100838361075e-06
grid-r002-c021,2,21,4.400000095367432,0.6000003814697266,0.44999998807907104,-33.45863347776026,4.5095857785781845e-06
grid-r002-c022,2,22,4.599999904632568,0.6000003814697266,0.44999998807907104,-34.94039503993435,3.2059776913229143e-06
grid-r002-c023,2,23,4.800000190734863,0.6000003814697266,0.44999998807907104,-36.22258753879973,2.38638904193067e-06
grid-r002-c024,2,24,5.0,0.6000003814697266,0.44999998807907104,-36.79264192588057,2.0928389403707115e-06
grid-r002-c025,2,25,5.199999809265137,0.6000003814697266,0.44999998807907104,-37.078003673933694,1.9597453047026647e-06
grid-r002-c026,2,26,5.400000095367432,0.6000003814697266,0.44999998807907104,-37.377206787343724,1.829276357057097e-06
grid-r002-c027,2,27,5.599999904632568,0.6000003814697266,0.44999998807907104,-37.47471149102611,1.7886643490783172e-06
grid-r002-c028,2,28,5.800000190734863,0.6000003814697266,0.44999998807907104,-37.629145732153674,1.7261774019061704e-06
grid-r002-c029,2,29,6.0,0.6000003814697266,0.44999998807907104,-38.25691242360211,1.4938560752852936e-06
grid-r002-c030,2,30,6.199999809265137,0.6000003814697266,0.44999998807907104,-39.1441689807116,1.2178199995105388e-06
grid-r002-c031,2,31,6.400000095367432,0.6000003814697266,0.44999998807907104,-39.23284570253727,1.1932060033359448e-06
grid-r002-c032,2,32,6.599999904632568,0.6000003814697266,0.44999998807907104,-38.150106978175906,1.5310497474274598e-06
grid-r002-c033,2,33,6.800000190734863,0.6000003814697266,0.44999998807907104,-37.99811161239062,1.585582481311576e-06
grid-r002-c034,2,34,7.0,0.6000003814697266,0.44999998807907104,-37.42318652860193,1.8100115539709805e-06
grid-r002-c035,2,35,7.199999809265137,0.6000003814697266,0.44999998807907104,-37.53416173953398,1.7643462797423126e-06
grid-r002-c036,2,36,7.400000095367432,0.6000003814697266,0.44999998807907104,-38.01122474624164,1.5808021771590575e-06
grid-r002-c037,2,37,7.599999904632568,0.6000003814697266,0.44999998807907104,-38.3281830395078,1.4695409618070698e-06
grid-r002-c038,2,38,7.800000190734863,0.6000003814697266,0.44999998807907104,-39.055913823392345,1.2428210993675748e-06
grid-r002-c039,2,39,8.0,0.6000003814697266,0.44999998807907104,-39.54706702175072,1.1099241419287864e-06
grid-r002-c040,2,40,8.199999809265137,0.6000003814697266,0.44999998807907104,-39.72951562664185,1.0642617098710616e-06
grid-r002-c041,2,41,8.399999618530273,0.6000003814697266,0.44999998807907104,-39.67922637377246,1.0766569857878494e-06
grid-r002-c042,2,42,8.600000381469727,0.6000003814697266,0.44999998807907104,-39.37395763639267,1.1550591807463206e-06
grid-r002-c043,2,43,8.800000190734863,0.6000003814697266,0.44999998807907104,-38.793220522438084,1.3203161870478652e-06
grid-r002-c044,2,44,9.0,0.6000003814697266,0.44999998807907104,-38.70117908200457,1.348596697425819e-06
grid-r002-c045,2,45,9.199999809265137,0.6000003814697266,0.44999998807907104,-38.73680237453914,1.3375799881032435e-06
grid-r002-c046,2,46,9.399999618530273,0.6000003814697266,0.44999998807907104,-38.213581198933475,1.5088354530234938e-06
grid-r002-c047,2,47,9.600000381469727,0.6000003814697266,0.44999998807907104,-38.747455859149305,1.3343028513190802e-06
grid-r002-c048,2,48,9.800000190734863,0.6000003814697266,0.44999998807907104,-38.86025844574664,1.3000922081118915e-06
grid-r002-c049,2,49,10.0,0.6000003814697266,0.44999998807907104,-38.35205469120649,1.461485567233467e-06
grid-r002-c050,2,50,10.200000762939453,0.6000003814697266,0.44999998807907104,-39.16769131527059,1.2112418517062906e-06
grid-r002-c051,2,51,10.399999618530273,0.6000003814697266,0.44999998807907104,-38.47862726460551,1.4195061339705717e-06
grid-r002-c052,2,52,10.600000381469727,0.6000003814697266,0.44999998807907104,-39.26389919643285,1.1847046152979601e-06
grid-r002-c053,2,53,10.800000190734863,0.6000003814697266,0.44999998807907104,-39.4007190877861,1.1479635304567637e-06
grid-r002-c054,2,54,11.0,0.6000003814697266,0.44999998807907104,-40.738036517909784,8.437161227448087e-07
grid-r002-c055,2,55,11.200000762939453,0.6000003814697266,0.44999998807907104,-40.52257213607692,8.86630743934802e-07
grid-r002-c056,2,56,11.399999618530273,0.6000003814697266,0.44999998807907104,-40.98503187432187,7.970706406013051e-07
grid-r002-c057,2,57,11.600000381469727,0.6000003814697266,0.44999998807907104,-40.42960164824761,9.05815682017419e-07
grid-r003-c000,3,0,0.19999980926513672,0.8000001907348633,0.44999998807907104,-36.10241110193903,2.4533464966225438e-06
grid-r003-c001,3,1,0.40000009536743164,0.8000001907348633,0.44999998807907104,-36.941644506597214,2.02225328393979e-06
grid-r003-c002,3,2,0.5999999046325684,0.8000001907348633,0.44999998807907104,-37.88468791232354,1.6275382677122252e-06
grid-r003-c003,3,3,0.7999997138977051,0.8000001907348633,0.44999998807907104,-37.67762481261919,1.7070157127818675e-06
grid-r003-c004,3,4,1.0,0.8000001907348633,0.44999998807907104,-37.26948209646479,1.8752181176751037e-06
grid-r003-c005,3,5,1.1999998092651367,0.8000001907348633,0.44999998807907104,-36.91001008433646,2.0370373476907844e-06
grid-r003-c006,3,6,1.4000000953674316,0.8000001907348633,0.44999998807907104,-36.50068580930767,2.2383676423487486e-06
grid-r003-c007,3,7,1.5999999046325684,0.8000001907348633,0.44999998807907104,-35.80277151584225,2.6285899821232306e-06
grid-r003-c008,3,8,1.799999713897705,0.8000001907348633,0.44999998807907104,-35.11242196477373,3.0814690035185777e-06
grid-r003-c009,3,9,2.0,0.8000001907348633,0.44999998807907104,-33.49669986623119,4.470231488085119e-06
grid-r003-c010,3,10,2.200000047683716,0.8000001907348633,0.44999998807907104,-31.86838150035753,6.503720214823261e-06
grid-r003-c011,3,11,2.3999998569488525,0.8000001907348633,0.44999998807907104,-30.16451978331399,9.628264706407208e-06
grid-r003-c012,3,12,2.5999999046325684,0.8000001907348633,0.44999998807907104,-28.603622517527505,1.3792333447781857e-05
grid-r003-c013,3,13,2.799999952316284,0.8000001907348633,0.44999998807907104,-27.44927082373256,1.7991729691857472e-05
grid-r003-c014,3,14,3.0,0.8000001907348633,0.44999998807907104,-26.82311265375715,2.078206671285443e-05
grid-r003-c015,3,15,3.200000047683716,0.8000001907348633,0.44999998807907104,-26.663012443120742,2.1562482288572937e-05
grid-r003-c016,3,16,3.3999998569488525,0.8000001907348633,0.44999998807907104,-27.076729957945034,1.9603201508289203e-05
grid-r003-c017,3,17,3.5999999046325684,0.8000001907348633,0.44999998807907104,-28.02405874959519,1.576137583469972e-05
grid-r003-c018,3,18,3.799999952316284,0.8000001907348633,0.44999998807907104,-29.19266446278072,1.2042968592140824e-05
grid-r003-c019,3,19,4.0,0.8000001907348633,0.44999998807907104,-30.800452289874258,8.316771527461242e-06
grid-r003-c020,3,20,4.199999809265137,0.8000001907348633,0.44999998807907104,-32.393576525002466,5.762916771345772e-06
grid-r003-c021,3,21,4.400000095367432,0.8000001907348633,0.44999998807907104,-33.98019261573272,3.999270120402798e-06
grid-r003-c022,3,22,4.599999904632568,0.8000001907348633,0.44999998807907104,-35.20760806371073,3.0146659355523298e-06
grid-r003-c023,3,23,4.800000190734863,0.8000001907348633,0.44999998807907104,-36.19006547589827,2.4043265511863865e-06
grid-r003-c024,3,24,5.0,0.8000001907348633,0.44999998807907104,-36.826966258511774,2.076363443848095e-06
grid-r003-c025,3,25,5.199999809265137,0.8000001907348633,0.44999998807907104,-37.35899360698971,1.8369639747106703e-06
grid-r003-c026,3,26,5.400000095367432,0.8000001907348633,0.44999998807907104,-37.08492641714628,1.95662391888618e-06
grid-r003-c027,3,27,5.599999904632568,0.8000001907348633,0.44999998807907104,-37.19529019711451,1.9075282580161e-06
grid-r003-c028,3,28,5.800000190734863,0.8000001907348633,0.44999998807907104,-37.07443667958473,1.9613555650721537e-06
grid-r003-c029,3,29,6.0,0.8000001907348633,0.44999998807907104,-36.965958122472536,2.010963498833007e-06
grid-r003-c030,3,30,6.199999809265137,0.8000001907348633,0.44999998807907104,-37.0214141569418,1.985448307095794e-06
grid-r003-c031,3,31,6.400000095367432,0.8000001907348633,0.44999998807907104,-37.40736765071305,1.8166164181820932e-06
grid-r003-c032,3,32,6.599999904632568,0.8000001907348633,0.44999998807907104,-38.071458730539476,1.5590287603117758e-06
grid-r003-c033,3,33,6.800000190734863,0.8000001907348633,0.44999998807907104,-38.65354882311655,1.3634685274155345e-06
grid-r003-c034,3,34,7.0,0.8000001907348633,0.44999998807907104,-39.156083746461114,1.2144835181970848e-06
grid-r003-c035,3,35,7.199999809265137,0.8000001907348633,0.44999998807907104,-38.52046734310866,1.4058962278795661e-06
grid-r003-c036,3,36,7.400000095367432,0.8000001907348633,0.44999998807907104,-37.88947003574638,1.6257471315839211e-06
grid-r003-c037,3,37,7.599999904632568,0.8000001907348633,0.44999998807907104,-37.6231527127926,1.7285610738326795e-06
grid-r003-c038,3,38,7.800000190734863,0.8000001907348633,0.44999998807907104,-37.97006262897231,1.595856133462803e-06
grid-r003-c039,3,39,8.0,0.8000001907348633,0.44999998807907104,-37.923425854343535,1.6130856010931893e-06
grid-r003-c040,3,40,8.199999809265137,0.8000001907348633,0.44999998807907104,-38.17553738597293,1.5221107787510846e-06
grid-r003-c041,3,41,8.399999618530273,0.8000001907348633,0.44999998807907104,-38.82658337979918,1.3102122693453566e-06
grid-r003-c042,3,42,8.600000381469727,0.8000001907348633,0.44999998807907104,-39.3713940914257,1.1557411880858126e-06
grid-r003-c043,3,43,8.800000190734863,0.8000001907348633,0.44999998807907104,-40.329888580042365,9.268536018680607e-07
grid-r003-c044,3,44,9.0,0.8000001907348633,0.44999998807907104,-40.52074293385787,8.870042620401364e-07
grid-r003-c045,3,45,9.199999809265137,0.8000001907348633,0.44999998807907104,-40.58854718847368,8.732634455554944e-07
grid-r003-c046,3,46,9.399999618530273,0.8000001907348633,0.44999998807907104,-40.36751085573715,9.188590865960578e-07
grid-r003-c047,3,47,9.600000381469727,0.8000001907348633,0.44999998807907104,-40.04888535329562,9.888068461805233e-07
grid-r003-c048,3,48,9.800000190734863,0.8000001907348633,0.44999998807907104,-39.33389554501281,1.1657634786388371e-06
grid-r003-c049,3,49,10.0,0.8000001907348633,0.44999998807907104,-39.6763694297918,1.0773654821605305e-06
grid-r003-c050,3,50,10.200000762939453,0.8000001907348633,0.44999998807907104,-39.182544549183795,1.2071063792973291e-06
grid-r003-c051,3,51,10.399999618530273,0.8000001907348633,0.44999998807907104,-39.329321714032034,1.1669918649204192e-06
grid-r003-c052,3,52,10.600000381469727,0.8000001907348633,0.44999998807907104,-38.8964332649963,1.2893079883724567e-06
grid-r003-c053,3,53,10.800000190734863,0.8000001907348633,0.44999998807907104,-39.51782113331933,1.1174237215527683e-06
grid-r003-c054,3,54,11.0,0.8000001907348633,0.44999998807907104,-39.02376642362888,1.2520548580141622e-06
grid-r003-c055,3,55,11.200000762939453,0.8000001907348633,0.44999998807907104,-38.276199844992576,1.487236431785277e-06
grid-r003-c056,3,56,11.399999618530273,0.8000001907348633,0.44999998807907104,-39.00393387162453,1.2577855841300334e-06
grid-r003-c057,3,57,11.600000381469727,0.8000001907348633,0.44999998807907104,-39.24758461176454,1.189163413073402e-06
grid-r004-c000,4,0,0.19999980926513672,1.0000004768371582,0.44999998807907104,-37.10758707724517,1.9464412162051303e-06
grid-r004-c001,4,1,0.40000009536743164,1.0000004768371582,0.44999998807907104,-37.04252985506102,1.975818349819747e-06
grid-r004-c002,4,2,0.5999999046325684,1.0000004768371582,0.44999998807907104,-36.68953438838477,2.143120354958228e-06
grid-r004-c003,4,3,0.7999997138977051,1.0000004768371582,0.44999998807907104,-36.279786701855755,2.355164951950428e-06
grid-r004-c004,4,4,1.0,1.0000004768371582,0.44999998807907104,-36.1544741323176,2.4241114715550793e-06
grid-r004-c005,4,5,1.1999998092651367,1.0000004768371582,0.44999998807907104,-36.12912732069282,2.4383007257711142e-06
grid-r004-c006,4,6,1.4000000953674316,1.0000004768371582,0.44999998807907104,-35.89267934417906,2.5747322069946676e-06
grid-r004-c007,4,7,1.5999999046325684,1.0000004768371582,0.44999998807907104,-35.55172301979573,2.7850160222442355e-06
grid-r004-c008,4,8,1.799999713897705,1.0000004768371582,0.44999998807907104,-34.75351801359871,3.346942094140104e-06
grid-r004-c009,4,9,2.0,1.0000004768371582,0.44999998807907104,-33.82786440223367,4.142033048992744e-06
grid-r004-c010,4,10,2.200000047683716,1.0000004768371582,0.44999998807907104,-32.35192111638841,5.818457793793641e-06
grid-r004-c011,4,11,2.3999998569488525,1.0000004768371582,0.44999998807907104,-30.822600996803935,8.27446456241887e-06
grid-r004-c012,4,12,2.5999999046325684,1.0000004768371582,0.44999998807907104,-29.46428324539668,1.1312840797472745e-05
grid-r004-c013,4,13,2.799999952316284,1.0000004768371582,0.44999998807907104,-28.438768888748655,1.4325939446280245e-05
grid-r004-c014,4,14,3.0,1.0000004768371582,0.44999998807907104,-27.7907545863836,1.6631236576358788e-05
grid-r004-c015,4,15,3.200000047683716,1.0000004768371582,0.44999998807907104,-27.703678383815912,1.6968058844213374e-05
grid-r004-c016,4,16,3.3999998569488525,1.0000004768371582,0.44999998807907104,-28.077949099013082,1.5567005902994424e-05
grid-r004-c017,4,17,3.5999999046325684,1.0000004768371582,0.44999998807907104,-29.006856242508192,1.2569395039463416e-05
grid-r004-c018,4,18,3.799999952316284,1.0000004768371582,0.44999998807907104,-30.168731693015673,9.618931471777614e-06
grid-r004-c019,4,19,4.0,1.0000004768371582,0.44999998807907104,-31.669362256211727,6.808693342463812e-06
grid-r004-c020,4,20,4.199999809265137,1.0000004768371582,0.44999998807907104,-33.18974686849767,4.797614110430004e-06
grid-r004-c021,4,21,4.400000095367432,1.0000004768371582,0.44999998807907104,-34.58086020468613,3.4826832688850118e-06
grid-r004-c022,4,22,4.599999904632568,1.0000004768371582,0.44999998807907104,-35.741844896826855,2.665726015038672e-06
grid-r004-c023,4,23,4.800000190734863,1.0000004768371582,0.44999998807907104,-36.65586319357436,2.1598007151624188e-06
grid-r004-c024,4,24,5.0,1.0000004768371582,0.44999998807907104,-36.782841687905915,2.097566948577878e-06
grid-r004-c025,4,25,5.199999809265137,1.0000004768371582,0.44999998807907104,-37.235580191644864,1.8899137330663507e-06
grid-r004-c026,4,26,5.400000095367432,1.0000004768371582,0.44999998807907104,-37.50053842337361,1.7780589587346185e-06
grid-r004-c027,4,27,5.599999904632568,1.0000004768371582,0.44999998807907104,-37.278560249668324,1.871302401923458e-06
grid-r004-c028,4,28,5.800000190734863,1.0000004768371582,0.44999998807907104,-37.196527606150475,1.9069848349317908e-06
grid-r004-c029,4,29,6.0,1.0000004768371582,0.44999998807907104,-37.13432132474864,1.93449614016572e-06
grid-r004-c030,4,30,6.199999809265137,1.0000004768371582,0.44999998807907104,-37.068241951219406,1.964155217137886e-06
grid-r004-c031,4,31,6.400000095367432,1.0000004768371582,0.44999998807907104,-36.89921871874057,2.0421052795427386e-06
grid-r004-c032,4,32,6.599999904632568,1.0000004768371582,0.44999998807907104,-37.137101636646285,1.9332580905029317e-06
grid-r004-c033,4,33,6.800000190734863,1.0000004768371582,0.44999998807907104,-37.033264358621665,1.9800381778622977e-06
grid-r004-c034,4,34,7.0,1.0000004768371582,0.44999998807907104,-37.35352580370187,1.8392781839793315e-06
grid-r004-c035,4,35,7.199999809265137,1.0000004768371582,0.44999998807907104,-38.04132458730986,1.569883920637949e-06
grid-r004-c036,4,36,7.400000095367432,1.0000004768371582,0.44999998807907104,-38.971593974465115,1.267186689801747e-06
grid-r004-c037,4,37,7.599999904632568,1.0000004768371582,0.44999998807907104,-39.24754475314999,1.1891743270098232e-06
grid-r004-c038,4,38,7.800000190734863,1.0000004768371582,0.44999998807907104,-38.84965721111946,1.303269641539373e-06
grid-r004-c039,4,39,8.0,1.0000004768371582,0.44999998807907104,-38.54316032519282,1.3985692248752457e-06
grid-r004-c040,4,40,8.199999809265137,1.0000004768371582,0.44999998807907104,-37.97327895974056,1.5946746998452e-06
grid-r004-c041,4,41,8.399999618530273,1.0000004768371582,0.44999998807907104,-38.366482068968565,1.456638528907206e-06
grid-r004-c042,4,42,8.600000381469727,1.0000004768371582,0.44999998807907104,-38.31742152056279,1.473186898692802e-06
grid-r004-c043,4,43,8.800000190734863,1.0000004768371582,0.44999998807907104,-38.267618295874286,1.490178078711324e-06
grid-r004-c044,4,44,9.0,1.0000004768371582,0.44999998807907104,-38.492026893484876,1.4151331697576097e-06
grid-r004-c045,4,45,9.199999809265137,1.0000004768371582,0.44999998807907104,-39.644132016919826,1.085392455024703e-06
grid-r004-c046,4,46,9.399999618530273,1.0000004768371582,0.44999998807907104,-39.834404658311364,1.0388660030002939e-06
grid-r004-c047,4,47,9.600000381469727,1.0000004768371582,0.44999998807907104,-40.39013157910438,9.140855468103837e-07
grid-r004-c048,4,48,9.800000190734863,1.0000004768371582,0.44999998807907104,-40.28005773177972,9.375495437780046e-07
grid-r004-c049,4,49,10.0,1.0000004768371582,0.44999998807907104,-41.65919155121791,6.824657248216681e-07
grid-r004-c050,4,50,10.200000762939453,1.0000004768371582,0.44999998807907104,-41.25203411281273,7.495430622839194e-07
grid-r004-c051,4,51,10.399999618530273,1.0000004768371582,0.44999998807907104,-41.35856448296824,7.313807941500272e-07
grid-r004-c052,4,52,10.600000381469727,1.0000004768371582,0.44999998807907104,-40.75584113983734,8.402642492910672e-07
grid-r004-c053,4,53,10.800000190734863,1.0000004768371582,0.44999998807907104,-40.32315566926592,9.282916266784014e-07
grid-r004-c054,4,54,11.0,1.0000004768371582,0.44999998807907104,-39.977286937908474,1.0052435754914768e-06
grid-r004-c055,4,55,11.200000762939453,1.0000004768371582,0.44999998807907104,-40.98865089838634,7.964067094690108e-07
grid-r004-c056,4,56,11.399999618530273,1.0000004768371582,0.44999998807907104,-39.30733604746055,1.1729146081052022e-06
grid-r004-c057,4,57,11.600000381469727,1.0000004768371582,0.44999998807907104,-39.64512015338477,1.0851455272131716e-06
grid-r005-c000,5,0,0.19999980926513672,1.200000286102295,0.44999998807907104,-36.93100084629569,2.027215487032663e-06
grid-r005-c001,5,1,0.40000009536743164,1.200000286102295,0.44999998807907104,-36.272736799138634,2.3589911961607868e-06
grid-r005-c002,5,2,0.5999999046325684,1.200000286102295,0.44999998807907104,-36.070946036907685,2.471185780450469e-06
grid-r005-c003,5,3,0.7999997138977051,1.200000286102295,0.44999998807907104,-36.200565536374484,2.3985205643839436e-06
grid-r005-c004,5,4,1.0,1.200000286102295,0.44999998807907104,-36.248509435212625,2.3721877369098365e-06
grid-r005-c005,5,5,1.1999998092651367,1.200000286102295,0.44999998807907104,-36.1859747178822,2.4065923298621783e-06
grid-r005-c006,5,6,1.4000000953674316,1.200000286102295,0.44999998807907104,-36.23345159866564,2.3804268494131975e-06
grid-r005-c007,5,7,1.5999999046325684,1.200000286102295,0.44999998807907104,-35.86866783108973,2.589006953712669e-06
grid-r005-c008,5,8,1.799999713897705,1.200000286102295,0.44999998807907104,-35.498398488920444,2.819422434185981e-06
grid-r005-c009,5,9,2.0,1.200000286102295,0.44999998807907104,-34.50331197370026,3.5454290809866507e-06
grid-r005-c010,5,10,2.200000047683716,1.200000286102295,0.44999998807907104,-33.36344753798694,4.609515144693432e-06
grid-r005-c011,5,11,2.3999998569488525,1.200000286102295,0.44999998807907104,-31.988229904284466,6.326696620817529e-06
grid-r005-c012,5,12,2.5999999046325684,1.200000286102295,0.44999998807907104,-30.85748381330241,8.208269719034433e-06
grid-r005-c013,5,13,2.799999952316284,1.200000286102295,0.44999998807907104,-29.84756257989102,1.0357232895330526e-05
grid-r005-c014,5,14,3.0,1.200000286102295,0.44999998807907104,-29.312300846896647,1.1715745131368749e-05
grid-r005-c015,5,15,3.200000047683716,1.200000286102295,0.44999998807907104,-29.187063507714868,1.205851003760472e-05
grid-r005-c016,5,16,3.3999998569488525,1.200000286102295,0.44999998807907104,-29.549319550169727,1.1093486136815045e-05
grid-r005-c017,5,17,3.5999999046325684,1.200000286102295,0.44999998807907104,-30.327247240685445,9.274174772144761e-06
grid-r005-c018,5,18,3.799999952316284,1.200000286102295,0.44999998807907104,-31.531428850231592,7.0284104367601685e-06
grid-r005-c019,5,19,4.0,1.200000286102295,0.44999998807907104,-32.515208452362586,5.603755198535509e-06
grid-r005-c020,5,20,4.199999809265137,1.200000286102295,0.44999998807907104,-33.887735662852705,4.085323325853096e-06
grid-r005-c021,5,21,4.400000095367432,1.200000286102295,0.44999998807907104,-34.828262538338265,3.2898321933316765e-06
grid-r005-c022,5,22,4.599999904632568,1.200000286102295,0.44999998807907104,-36.01375592240017,2.503942823750549e-06
grid-r005-c023,5,23,4.800000190734863,1.200000286102295,0.44999998807907104,-36.127126353747826,2.4394244064751547e-06
grid-r005-c024,5,24,5.0,1.200000286102295,0.44999998807907104,-36.59109491712546,2.192252168242703e-06
grid-r005-c025,5,25,5.199999809265137,1.200000286102295,0.44999998807907104,-36.66065185285699,2.157420567527879e-06
grid-r005-c026,5,26,5.400000095367432,1.200000286102295,0.44999998807907104,-36.70931709637565,2.133380348823266e-06
grid-r005-c027,5,27,5.599999904632568,1.200000286102295,0.44999998807907104,-36.536380073899,2.2200460989552084e-06
grid-r005-c028,5,28,5.800000190734863,1.200000286102295,0.44999998807907104,-36.57881087383365,2.198461743319058e-06
grid-r005-c029,5,29,6.0,1.200000286102295,0.44999998807907104,-36.52383667450954,2.2264673589234008e-06
grid-r005-c030,5,30,6.199999809265137,1.200000286102295,0.44999998807907104,-36.44939002367211,2.2649624042969663e-06
grid-r005-c031,5,31,6.400000095367432,1.200000286102295,0.44999998807907104,-36.85307722049743,2.063917236228008e-06
grid-r005-c032,5,32,6.599999904632568,1.200000286102295,0.44999998807907104,-36.720956194530075,2.1276705410855357e-06
grid-r005-c033,5,33,6.800000190734863,1.200000286102295,0.44999998807907104,-36.5483286378482,2.2139465727377683e-06
grid-r005-c034,5,34,7.0,1.200000286102295,0.44999998807907104,-36.850381061899675,2.0651989416364813e-06
grid-r005-c035,5,35,7.199999809265137,1.200000286102295,0.44999998807907104,-36.96637700310508,2.010769549087854e-06
grid-r005-c036,5,36,7.400000095367432,1.200000286102295,0.44999998807907104,-37.19417993557584,1.908015974549926e-06
grid-r005-c037,5,37,7.599999904632568,1.200000286102295,0.44999998807907104,-37.5037740729013,1.7767347344488371e-06
grid-r005-c038,5,38,7.800000190734863,1.200000286102295,0.44999998807907104,-38.52888648131258,1.4031734281161334e-06
grid-r005-c039,5,39,8.0,1.200000286102295,0.44999998807907104,-39.17584907934877,1.2089687970728846e-06
grid-r005-c040,5,40,8.199999809265137,1.200000286102295,0.44999998807907104,-39.79241860221278,1.0489580972716794e-06
grid-r005-c041,5,41,8.399999618530273,1.200000286102295,0.44999998807907104,-39.501446086488215,1.1216449138373719e-06
grid-r005-c042,5,42,8.600000381469727,1.200000286102295,0.44999998807907104,-38.76733206471486,1.3282101463119034e-06
grid-r005-c043,5,43,8.800000190734863,1.200000286102295,0.44999998807907104,-38.35183848451528,1.4615583268096088e-06
grid-r005-c044,5,44,9.0,1.200000286102295,0.44999998807907104,-38.50952894132189,1.4094416656007525e-06
grid-r005-c045,5,45,9.199999809265137,1.200000286102295,0.44999998807907104,-38.96160907947718,1.2701034393103328e-06
grid-r005-c046,5,46,9.399999618530273,1.200000286102295,0.44999998807907104,-39.06663904684966,1.2397556474752491e-06
grid-r005-c047,5,47,9.600000381469727,1.200000286102295,0.44999998807907104,-39.21727957541033,1.1974904055023217e-06
grid-r005-c048,5,48,9.800000190734863,1.200000286102295,0.44999998807907104,-39.489093920284375,1.124839627664187e-06
grid-r005-c049,5,49,10.0,1.200000286102295,0.44999998807907104,-39.42029081595439,1.1428018069636892e-06
grid-r005-c050,5,50,10.200000762939453,1.200000286102295,0.44999998807907104,-39.70089561269029,1.071298356691841e-06
grid-r005-c051,5,51,10.399999618530273,1.200000286102295,0.44999998807907104,-40.42804438140753,9.061405421562085e-07
grid-r005-c052,5,52,10.600000381469727,1.200000286102295,0.44999998807907104,-41.172460601870355,7.634031362613314e-07
grid-r005-c053,5,53,10.800000190734863,1.200000286102295,0.44999998807907104,-41.545417962867305,7.00580756074487e-07
grid-r005-c054,5,54,11.0,1.200000286102295,0.44999998807907104,-41.42850051041328,7.196974252110522e-07
grid-r005-c055,5,55,11.200000762939453,1.200000286102295,0.44999998807907104,-41.3253633458071,7.369935133283434e-07
grid-r005-c056,5,56,11.399999618530273,1.200000286102295,0.44999998807907104,-41.56498430716249,6.974315169827605e-07
grid-r005-c057,5,57,11.600000381469727,1.200000286102295,0.44999998807907104,-41.4513818881603,7.159155757108238e-07
grid-r006-c000,6,0,0.19999980926513672,1.4000005722045898,0.44999998807907104,-36.17769457632516,2.411185050732456e-06
grid-r006-c001,6,1,0.40000009536743164,1.4000005722045898,0.44999998807907104,-35.9832196687745,2.52161066782719e-06
grid-r006-c002,6,2,0.5999999046325684,1.4000005722045898,0.44999998807907104,-36.270074488572604,2.3604377474839566e-06
grid-r006-c003,6,3,0.7999997138977051,1.4000005722045898,0.44999998807907104,-36.16782324768673,2.4166718048945768e-06
grid-r006-c004,6,4,1.0,1.4000005722045898,0.44999998807907104,-36.39398437783857,2.2940430426388048e-06
grid-r006-c005,6,5,1.1999998092651367,1.4000005722045898,0.44999998807907104,-36.45221563711939,2.2634892502537696e-06
grid-r006-c006,6,6,1.4000000953674316,1.4000005722045898,0.44999998807907104,-36.302661067067596,2.3427928681485355e-06
grid-r006-c007,6,7,1.5999999046325684,1.4000005722045898,0.44999998807907104,-36.367440592534166,2.3081070139596704e-06
grid-r006-c008,6,8,1.799999713897705,1.4000005722045898,0.44999998807907104,-35.92602403032408,2.5550393729645293e-06
grid-r006-c009,6,9,2.0,1.4000005722045898,0.44999998807907104,-35.39191053011572,2.8894085062347585e-06
grid-r006-c010,6,10,2.200000047683716,1.4000005722045898,0.44999998807907104,-34.3706477418408,3.6554026792146033e-06
grid-r006-c011,6,11,2.3999998569488525,1.4000005722045898,0.44999998807907104,-33.40704568879651,4.563472430163529e-06
grid-r006-c012,6,12,2.5999999046325684,1.4000005722045898,0.44999998807907104,-32.31762741677653,5.864584636583459e-06
grid-r006-c013,6,13,2.799999952316284,1.4000005722045898,0.44999998807907104,-31.570149421633104,6.966025466681458e-06
grid-r006-c014,6,14,3.0,1.4000005722045898,0.44999998807907104,-31.092178641812353,7.77646346250549e-06
grid-r006-c015,6,15,3.200000047683716,1.4000005722045898,0.44999998807907104,-30.98271003704216,7.974968866619747e-06
grid-r006-c016,6,16,3.3999998569488525,1.4000005722045898,0.44999998807907104,-31.29545940360468,7.420856945827836e-06
grid-r006-c017,6,17,3.5999999046325684,1.4000005722045898,0.44999998807907104,-31.901796710942,6.4538717197137885e-06
grid-r006-c018,6,18,3.799999952316284,1.4000005722045898,0.44999998807907104,-32.98955630413673,5.023939138482092e-06
grid-r006-c019,6,19,4.0,1.4000005722045898,0.44999998807907104,-33.92351338309197,4.0518061723560095e-06
grid-r006-c020,6,20,4.199999809265137,1.4000005722045898,0.44999998807907104,-34.84963741734667,3.2736802495492157e-06
grid-r006-c021,6,21,4.400000095367432,1.4000005722045898,0.44999998807907104,-35.85799196800859,2.5953791009669658e-06
grid-r006-c022,6,22,4.599999904632568,1.4000005722045898,0.44999998807907104,-36.13563785162811,2.434648195048794e-06
grid-r006-c023,6,23,4.800000190734863,1.4000005722045898,0.44999998807907104,-36.60056486026066,2.18747709368472e-06
grid-r006-c024,6,24,5.0,1.4000005722045898,0.44999998807907104,-36.76493104055716,2.106235342580476e-06
grid-r006-c025,6,25,5.199999809265137,1.4000005722045898,0.44999998807907104,-36.52553655602962,2.2255960629991023e-06
grid-r006-c026,6,26,5.400000095367432,1.4000005722045898,0.44999998807907104,-36.60003537665566,2.1877438030060148e-06
grid-r006-c027,6,27,5.599999904632568,1.4000005722045898,0.44999998807907104,-36.79481951105408,2.0917898382322164e-06
grid-r006-c028,6,28,5.800000190734863,1.4000005722045898,0.44999998807907104,-36.544908987305206,2.215690528828418e-06
grid-r006-c029,6,29,6.0,1.4000005722045898,0.44999998807907104,-36.69616245605873,2.139852085747407e-06
grid-r006-c030,6,30,6.199999809265137,1.4000005722045898,0.44999998807907104,-36.35937669268423,2.3123966457205825e-06
grid-r006-c031,6,31,6.400000095367432,1.4000005722045898,0.44999998807907104,-36.280097398745916,2.3549964680569246e-06
grid-r006-c032,6,32,6.599999904632568,1.4000005722045898,0.44999998807907104,-36.16762630311769,2.4167813990061404e-06
grid-r006-c033,6,33,6.800000190734863,1.4000005722045898,0.44999998807907104,-36.765081069509726,2.106162583004334e-06
grid-r006-c034,6,34,7.0,1.4000005722045898,0.44999998807907104,-36.58042052907931,2.1976470634399448e-06
grid-r006-c035,6,35,7.199999809265137,1.4000005722045898,0.44999998807907104,-36.450016131654465,2.26463589569903e-06
grid-r006-c036,6,36,7.400000095367432,1.4000005722045898,0.44999998807907104,-36.387196749949496,2.2976312266109744e-06
grid-r006-c037,6,37,7.599999904632568,1.4000005722045898,0.44999998807907104,-36.76924503385212,2.1041441868874244e-06
grid-r006-c038,6,38,7.800000190734863,1.4000005722045898,0.44999998807907104,-36.3125525456518,2.3374630018224707e-06
grid-r006-c039,6,39,8.0,1.4000005722045898,0.44999998807907104,-37.412732537036064,1.8143737179343589e-06
grid-r006-c040,6,40,8.199999809265137,1.4000005722045898,0.44999998807907104,-37.176320234534444,1.915878556246753e-06
grid-r006-c041,6,41,8.399999618530273,1.4000005722045898,0.44999998807907104,-38.21196367691534,1.5093975207491894e-06
grid-r006-c042,6,42,8.600000381469727,1.4000005722045898,0.44999998807907104,-39.142185279895386,1.2183763828943484e-06
grid-r006-c043,6,43,8.800000190734863,1.4000005722045898,0.44999998807907104,-39.73671518353786,1.0624988817653502e-06
grid-r006-c044,6,44,9.0,1.4000005722045898,0.44999998807907104,-38.42339967303338,1.4376727222042973e-06
grid-r006-c045,6,45,9.199999809265137,1.4000005722045898,0.44999998807907104,-38.703302310695264,1.347937541140709e-06
grid-r006-c046,6,46,9.399999618530273,1.4000005722045898,0.44999998807907104,-38.98302246956024,1.2638564612643677e-06
grid-r006-c047,6,47,9.600000381469727,1.4000005722045898,0.44999998807907104,-38.412686298393844,1.4412236168936943e-06
grid-r006-c048,6,48,9.800000190734863,1.4000005722045898,0.44999998807907104,-39.14463037979522,1.2176906238892116e-06
grid-r006-c049,6,49,10.0,1.4000005722045898,0.44999998807907104,-38.644799471150144,1.3662181572726695e-06
grid-r006-c050,6,50,10.200000762939453,1.4000005722045898,0.44999998807907104,-39.17888328163242,1.2081244449291262e-06
grid-r006-c051,6,51,10.399999618530273,1.4000005722045898,0.44999998807907104,-39.35223663965306,1.1608506156335352e-06
grid-r006-c052,6,52,10.600000381469727,1.4000005722045898,0.44999998807907104,-39.8491419084753,1.0353467132517835e-06
grid-r006-c053,6,53,10.800000190734863,1.4000005722045898,0.44999998807907104,-40.891222940463614,8.144749017446884e-07
grid-r006-c054,6,54,11.0,1.4000005722045898,0.44999998807907104,-39.58791621678891,1.0995332786478684e-06
grid-r006-c055,6,55,11.200000762939453,1.4000005722045898,0.44999998807907104,-40.44769756460104,9.020492370837019e-07
grid-r006-c056,6,56,11.399999618530273,1.4000005722045898,0.44999998807907104,-42.18528904327391,6.046041107765632e-07
grid-r006-c057,6,57,11.600000381469727,1.4000005722045898,0.44999998807907104,-41.039373958792325,7.87159251558478e-07
grid-r007-c000,7,0,0.19999980926513672,1.6000003814697266,0.44999998807907104,-36.41686962243114,2.281986326124752e-06
grid-r007-c001,7,1,0.40000009536743164,1.6000003814697266,0.44999998807907104,-36.16933127283292,2.4158327960321913e-06
grid-r007-c002,7,2,0.5999999046325684,1.6000003814697266,0.44999998807907104,-36.2183482292448,2.388719622103963e-06
grid-r007-c003,7,3,0.7999997138977051,1.6000003814697266,0.44999998807907104,-36.52235026714524,2.2272295154834865e-06
grid-r007-c004,7,4,1.0,1.6000003814697266,0.44999998807907104,-36.30445826450034,2.341823574170121e-06
grid-r007-c005,7,5,1.1999998092651367,1.6000003814697266,0.44999998807907104,-36.66275278864454,2.15637714973127e-06
grid-r007-c006,7,6,1.4000000953674316,1.6000003814697266,0.44999998807907104,-36.634820651739865,2.1702908270526677e-06
grid-r007-c007,7,7,1.5999999046325684,1.6000003814697266,0.44999998807907104,-36.34297757142715,2.321144847883261e-06
grid-r007-c008,7,8,1.799999713897705,1.6000003814697266,0.44999998807907104,-36.41351254564889,2.283750973219867e-06
grid-r007-c009,7,9,2.0,1.6000003814697266,0.44999998807907104,-36.082202794049,2.464788849465549e-06
grid-r007-c010,7,10,2.200000047683716,1.6000003814697266,0.44999998807907104,-35.6165564649619,2.743748837019666e-06
grid-r007-c011,7,11,2.3999998569488525,1.6000003814697266,0.44999998807907104,-34.65064498298236,3.4271688491571695e-06
grid-r007-c012,7,12,2.5999999046325684,1.6000003814697266,0.44999998807907104,-33.992276042804505,3.988158368883887e-06
grid-r007-c013,7,13,2.799999952316284,1.6000003814697266,0.44999998807907104,-33.30791336235282,4.668836481869221e-06
grid-r007-c014,7,14,3.0,1.6000003814697266,0.44999998807907104,-33.02755183667715,4.980177436664235e-06
grid-r007-c015,7,15,3.200000047683716,1.6000003814697266,0.44999998807907104,-32.787053331833846,5.263742878014455e-06
grid-r007-c016,7,16,3.3999998569488525,1.6000003814697266,0.44999998807907104,-33.220199474290425,4.764091045217356e-06
grid-r007-c017,7,17,3.5999999046325684,1.6000003814697266,0.44999998807907104,-33.75435495042506,4.212738531350624e-06
grid-r007-c018,7,18,3.799999952316284,1.6000003814697266,0.44999998807907104,-34.408886998619046,3.6233584523870377e-06
grid-r007-c019,7,19,4.0,1.6000003814697266,0.44999998807907104,-35.135796233213334,3.0649287054984597e-06
grid-r007-c020,7,20,4.199999809265137,1.6000003814697266,0.44999998807907104,-35.66041161102419,2.716181825235253e-06
grid-r007-c021,7,21,4.400000095367432,1.6000003814697266,0.44999998807907104,-36.16502518474884,2.418229314571363e-06
grid-r007-c022,7,22,4.599999904632568,1.6000003814697266,0.44999998807907104,-36.55646457897863,2.209802914876491e-06
grid-r007-c023,7,23,4.800000190734863,1.6000003814697266,0.44999998807907104,-36.81458562204567,2.0822910755669e-06
grid-r007-c024,7,24,5.0,1.6000003814697266,0.44999998807907104,-37.17056583923728,1.9184187749488046e-06
grid-r007-c025,7,25,5.199999809265137,1.6000003814697266,0.44999998807907104,-36.86855616066354,2.0565742033795686e-06
grid-r007-c026,7,26,5.400000095367432,1.6000003814697266,0.44999998807907104,-36.690085957145236,2.1428481886687223e-06
grid-r007-c027,7,27,5.599999904632568,1.6000003814697266,0.44999998807907104,-36.580679800903326,2.197515868829214e-06
grid-r007-c028,7,28,5.800000190734863,1.6000003814697266,0.44999998807907104,-36.705280920934264,2.135363956767833e-06
grid-r007-c029,7,29,6.0,1.6000003814697266,0.44999998807907104,-36.21519273456873,2.3904558474896476e-06
grid-r007-c030,7,30,6.199999809265137,1.6000003814697266,0.44999998807907104,-36.702450803887686,2.1367559384088963e-06
grid-r007-c031,7,31,6.400000095367432,1.6000003814697266,0.44999998807907104,-36.51760089957109,2.229666506536887e-06
grid-r007-c032,7,32,6.599999904632568,1.6000003814697266,0.44999998807907104,-36.612383307315426,2.1815324089402566e-06
grid-r007-c033,7,33,6.800000190734863,1.6000003814697266,0.44999998807907104,-36.581751651979495,2.196973582613282e-06
grid-r007-c034,7,34,7.0,1.6000003814697266,0.44999998807907104,-36.558768750605054,2.208630803579581e-06
grid-r007-c035,7,35,7.199999809265137,1.6000003814697266,0.44999998807907104,-36.84990246184174,2.0654265426856e-06
grid-r007-c036,7,36,7.400000095367432,1.6000003814697266,0.44999998807907104,-36.81443434738935,2.0823636077693664e-06
grid-r007-c037,7,37,7.599999904632568,1.6000003814697266,0.44999998807907104,-36.56313684487489,2.206410499638878e-06
grid-r007-c038,7,38,7.800000190734863,1.6000003814697266,0.44999998807907104,-36.964320308943016,2.011722017414286e-06
grid-r007-c039,7,39,8.0,1.6000003814697266,0.44999998807907104,-37.088468704737856,1.9550286651792703e-06
grid-r007-c040,7,40,8.199999809265137,1.6000003814697266,0.44999998807907104,-37.114296001778484,1.9434367004578235e-06
grid-r007-c041,7,41,8.399999618530273,1.6000003814697266,0.44999998807907104,-37.305311231639976,1.8598112774270703e-06
grid-r007-c042,7,42,8.600000381469727,1.6000003814697266,0.44999998807907104,-36.7630715806376,2.107137333950959e-06
grid-r007-c043,7,43,8.800000190734863,1.6000003814697266,0.44999998807907104,-37.800368569864425,1.6594460703345248e-06
grid-r007-c044,7,44,9.0,1.6000003814697266,0.44999998807907104,-38.25771299469935,1.4935807257643319e-06
grid-r007-c045,7,45,9.199999809265137,1.6000003814697266,0.44999998807907104,-39.577537815699905,1.1021639920727466e-06
grid-r007-c046,7,46,9.399999618530273,1.6000003814697266,0.44999998807907104,-38.858633335407724,1.30057878777734e-06
grid-r007-c047,7,47,9.600000381469727,1.6000003814697266,0.44999998807907104,-39.2888537338318,1.1779168289649533e-06
grid-r007-c048,7,48,9.800000190734863,1.6000003814697266,0.44999998807907104,-38.835321202131084,1.307578827436373e-06
grid-r007-c049,7,49,10.0,1.6000003814697266,0.44999998807907104,-38.98733395760172,1.2626023817574605e-06
grid-r007-c050,7,50,10.200000762939453,1.6000003814697266,0.44999998807907104,-38.466273513830856,1.4235497474146541e-06
grid-r007-c051,7,51,10.399999618530273,1.6000003814697266,0.44999998807907104,-38.630760196048556,1.3706418258152553e-06
grid-r007-c052,7,52,10.600000381469727,1.6000003814697266,0.44999998807907104,-38.355379210468925,1.4603672298107995e-06
grid-r007-c053,7,53,10.800000190734863,1.6000003814697266,0.44999998807907104,-38.6445262699642,1.366304104521987e-06
grid-r007-c054,7,54,11.0,1.6000003814697266,0.44999998807907104,-38.320428168469924,1.4721673551321146e-06
grid-r007-c055,7,55,11.200000762939453,1.6000003814697266,0.44999998807907104,-39.7929123856689,1.0488388397789095e-06
grid-r007-c056,7,56,11.399999618530273,1.6000003814697266,0.44999998807907104,-39.10941020543993,1.22760593512794e-06
grid-r007-c057,7,57,11.600000381469727,1.6000003814697266,0.44999998807907104,-40.575302756220644,8.759306524552812e-07
grid-r008-c000,8,0,0.19999980926513672,1.8000001907348633,0.44999998807907104,-37.6612255876411,1.7134736935986439e-06
grid-r008-c001,8,1,0.40000009536743164,1.8000001907348633,0.44999998807907104,-37.52476786418613,1.7681667259239475e-06
grid-r008-c002,8,2,0.5999999046325684,1.8000001907348633,0.44999998807907104,-36.903471253280635,2.0401066649355926e-06
grid-r008-c003,8,3,0.7999997138977051,1.8000001907348633,0.44999998807907104,-36.418768832620415,2.280988610436907e-06
grid-r008-c004,8,4,1.0,1.8000001907348633,0.44999998807907104,-36.38357050828113,2.2995504878053907e-06
grid-r008-c005,8,5,1.1999998092651367,1.8000001907348633,0.44999998807907104,-36.3461264267798,2.3194625100586563e-06
grid-r008-c006,8,6,1.4000000953674316,1.8000001907348633,0.44999998807907104,-36.72213147786227,2.1270948309393134e-06
grid-r008-c007,8,7,1.5999999046325684,1.8000001907348633,0.44999998807907104,-36.53398060865824,2.2212730073079e-06
grid-r008-c008,8,8,1.799999713897705,1.8000001907348633,0.44999998807907104,-36.66274408796971,2.1563814698311035e-06
grid-r008-c009,8,9,2.0,1.8000001907348633,0.44999998807907104,-36.52519049280643,2.225773414465948e-06
grid-r008-c010,8,10,2.200000047683716,1.8000001907348633,0.44999998807907104,-36.25855190285825,2.366708713452681e-06
grid-r008-c011,8,11,2.3999998569488525,1.8000001907348633,0.44999998807907104,-35.95480177006901,2.53816483564151e-06
grid-r008-c012,8,12,2.5999999046325684,1.8000001907348633,0.44999998807907104,-35.21481043366527,3.009670535902842e-06
grid-r008-c013,8,13,2.799999952316284,1.8000001907348633,0.44999998807907104,-34.85293981547117,3.271191872045165e-06
grid-r008-c014,8,14,3.0,1.8000001907348633,0.44999998807907104,-34.3602468406861,3.664167479655589e-06
grid-r008-c015,8,15,3.200000047683716,1.8000001907348633,0.44999998807907104,-34.65364487941432,3.4248023439431563e-06
grid-r008-c016,8,16,3.3999998569488525,1.8000001907348633,0.44999998807907104,-34.75382751830562,3.346703579154564e-06
grid-r008-c017,8,17,3.5999999046325684,1.8000001907348633,0.44999998807907104,-34.971047327093466,3.1834297260502353e-06
grid-r008-c018,8,18,3.799999952316284,1.8000001907348633,0.44999998807907104,-35.73202879702244,2.6717580112745054e-06
grid-r008-c019,8,19,4.0,1.8000001907348633,0.44999998807907104,-36.48723901028413,2.2453089059126796e-06
grid-r008-c020,8,20,4.199999809265137,1.8000001907348633,0.44999998807907104,-36.752543887070615,2.1122514226590283e-06
grid-r008-c021,8,21,4.400000095367432,1.8000001907348633,0.44999998807907104,-36.90153701910851,2.041015477516339e-06
grid-r008-c022,8,22,4.599999904632568,1.8000001907348633,0.44999998807907104,-37.18008903291871,1.9142166820529383e-06
grid-r008-c023,8,23,4.800000190734863,1.8000001907348633,0.44999998807907104,-37.26869280960804,1.8755589508145931e-06
grid-r008-c024,8,24,5.0,1.8000001907348633,0.44999998807907104,-36.86465282678989,2.0584234334819485e-06
grid-r008-c025,8,25,5.199999809265137,1.8000001907348633,0.44999998807907104,-36.96736077028671,2.0103141196159413e-06
grid-r008-c026,8,26,5.400000095367432,1.8000001907348633,0.44999998807907104,-37.247383976596815,1.8847840692615137e-06
grid-r008-c027,8,27,5.599999904632568,1.8000001907348633,0.44999998807907104,-37.09588879518173,1.9516912743711146e-06
grid-r008-c028,8,28,5.800000190734863,1.8000001907348633,0.44999998807907104,-36.76052250385533,2.1083744741190458e-06
grid-r008-c029,8,29,6.0,1.8000001907348633,0.44999998807907104,-36.9002904100398,2.0416014194779564e-06
grid-r008-c030,8,30,6.199999809265137,1.8000001907348633,0.44999998807907104,-36.798789545882855,2.0898785351164406e-06
grid-r008-c031,8,31,6.400000095367432,1.8000001907348633,0.44999998807907104,-36.80870591322386,2.085112100758124e-06
grid-r008-c032,8,32,6.599999904632568,1.8000001907348633,0.44999998807907104,-36.65321632713337,2.1611174361169105e-06
grid-r008-c033,8,33,6.800000190734863,1.8000001907348633,0.44999998807907104,-36.39046042065392,2.295905233040685e-06
grid-r008-c034,8,34,7.0,1.8000001907348633,0.44999998807907104,-36.91885477921018,2.0328930077084806e-06
grid-r008-c035,8,35,7.199999809265137,1.8000001907348633,0.44999998807907104,-36.360933509571424,2.311567868673592e-06
grid-r008-c036,8,36,7.400000095367432,1.8000001907348633,0.44999998807907104,-37.070984291204525,1.9629153484856943e-06
grid-r008-c037,8,37,7.599999904632568,1.8000001907348633,0.44999998807907104,-37.02403799616483,1.9842491383315064e-06
grid-r008-c038,8,38,7.800000190734863,1.8000001907348633,0.44999998807907104,-36.699147789583876,2.1383816601883154e-06
grid-r008-c039,8,39,8.0,1.8000001907348633,0.44999998807907104,-37.06737027700857,1.9645494830911048e-06
grid-r008-c040,8,40,8.199999809265137,1.8000001907348633,0.44999998807907104,-37.212578003899104,1.8999501207872527e-06
grid-r008-c041,8,41,8.399999618530273,1.8000001907348633,0.44999998807907104,-37.179591254778344,1.914436097649741e-06
grid-r008-c042,8,42,8.600000381469727,1.8000001907348633,0.44999998807907104,-37.11080671749127,1.9449987576081185e-06
grid-r008-c043,8,43,8.800000190734863,1.8000001907348633,0.44999998807907104,-37.53977000596717,1.762069359756424e-06
grid-r008-c044,8,44,9.0,1.8000001907348633,0.44999998807907104,-37.258378931209606,1.8800184307110612e-06
grid-r008-c045,8,45,9.199999809265137,1.8000001907348633,0.44999998807907104,-37.2885852950185,1.8669877590582473e-06
grid-r008-c046,8,46,9.399999618530273,1.8000001907348633,0.44999998807907104,-38.242964481698294,1.4986615042289486e-06
grid-r008-c047,8,47,9.600000381469727,1.8000001907348633,0.44999998807907104,-38.033954768392945,1.572550218043034e-06
grid-r008-c048,8,48,9.800000190734863,1.8000001907348633,0.44999998807907104,-38.943809206054794,1.2753197324855137e-06
grid-r008-c049,8,49,10.0,1.8000001907348633,0.44999998807907104,-39.2555911499688,1.1869731224578572e-06
grid-r008-c050,8,50,10.200000762939453,1.8000001907348633,0.44999998807907104,-38.98898448549544,1.2621226233022753e-06
grid-r008-c051,8,51,10.399999618530273,1.8000001907348633,0.44999998807907104,-39.21405940198993,1.1983786407654407e-06
grid-r008-c052,8,52,10.600000381469727,1.8000001907348633,0.44999998807907104,-38.608117041011425,1.3778067113889847e-06
grid-r008-c053,8,53,10.800000190734863,1.8000001907348633,0.44999998807907104,-38.31629623932877,1.4735686590938712e-06
grid-r008-c054,8,54,11.0,1.8000001907348633,0.44999998807907104,-38.05893791580325,1.5635299632776878e-06
grid-r008-c055,8,55,11.200000762939453,1.8000001907348633,0.44999998807907104,-38.33496100099101,1.4672492625322775e-06
grid-r008-c056,8,56,11.399999618530273,1.8000001907348633,0.44999998807907104,-38.4166335957557,1.4399142855836544e-06
grid-r008-c057,8,57,11.600000381469727,1.8000001907348633,0.44999998807907104,-37.914895787303976,1.6162570091182715e-06
grid-r009-c000,9,0,0.19999980926513672,2.000000476837158,0.44999998807907104,-37.92093904210291,1.614009534023353e-06
grid-r009-c001,9,1,0.40000009536743164,2.000000476837158,0.44999998807907104,-37.70857990437457,1.694891921033559e-06
grid-r009-c002,9,2,0.5999999046325684,2.000000476837158,0.44999998807907104,-37.95900749661559,1.599923621142807e-06
grid-r009-c003,9,3,0.7999997138977051,2.000000476837158,0.44999998807907104,-38.06143995090575,1.5626294498360949e-06
grid-r009-c004,9,4,1.0,2.000000476837158,0.44999998807907104,-37.44194435147396,1.8022107042270363e-06
grid-r009-c005,9,5,1.1999998092651367,2.000000476837158,0.44999998807907104,-37.20274587330066,1.904256350826472e-06
grid-r009-c006,9,6,1.4000000953674316,2.000000476837158,0.44999998807907104,-36.86514744849725,2.0581890112225665e-06
grid-r009-c007,9,7,1.5999999046325684,2.000000476837158,0.44999998807907104,-36.639487311134296,2.167960019505699e-06
grid-r009-c008,9,8,1.799999713897705,2.000000476837158,0.44999998807907104,-37.020530945454,1.985852122743381e-06
grid-r009-c009,9,9,2.0,2.000000476837158,0.44999998807907104,-36.93210818219403,2.0266986666683806e-06
grid-r009-c010,9,10,2.200000047683716,2.000000476837158,0.44999998807907104,-36.65289740430829,2.16127614294237e-06
grid-r009-c011,9,11,2.3999998569488525,2.000000476837158,0.44999998807907104,-36.6982834151812,2.138807303708745e-06
grid-r009-c012,9,12,2.5999999046325684,2.000000476837158,0.44999998807907104,-36.58131164420526,2.197196181441541e-06
grid-r009-c013,9,13,2.799999952316284,2.000000476837158,0.44999998807907104,-36.129262992251995,2.4382245555898407e-06
grid-r009-c014,9,14,3.0,2.000000476837158,0.44999998807907104,-35.88037417045537,2.5820377231866587e-06
grid-r009-c015,9,15,3.200000047683716,2.000000476837158,0.44999998807907104,-35.9731839045503,2.527444394218037e-06
grid-r009-c016,9,16,3.3999998569488525,2.000000476837158,0.44999998807907104,-36.04380467833451,2.4866778858267935e-06
grid-r009-c017,9,17,3.5999999046325684,2.000000476837158,0.44999998807907104,-36.14074887060457,2.431784650980262e-06
grid-r009-c018,9,18,3.799999952316284,2.000000476837158,0.44999998807907104,-36.580319880063584,2.197697995143244e-06
grid-r009-c019,9,19,4.0,2.000000476837158,0.44999998807907104,-37.13059966822765,1.936154603754403e-06
grid-r009-c020,9,20,4.199999809265137,2.000000476837158,0.44999998807907104,-37.40055952099092,1.8194664335169364e-06
grid-r009-c021,9,21,4.400000095367432,2.000000476837158,0.44999998807907104,-37.45957634406443,1.7949087123270147e-06
grid-r009-c022,9,22,4.599999904632568,2.000000476837158,0.44999998807907104,-37.28226860498779,1.8697052155403071e-06
grid-r009-c023,9,23,4.800000190734863,2.000000476837158,0.44999998807907104,-37.22202745094342,1.8958206737806904e-06
grid-r009-c024,9,24,5.0,2.000000476837158,0.44999998807907104,-37.22022171842742,1.8966090920002898e-06
grid-r009-c025,9,25,5.199999809265137,2.000000476837158,0.44999998807907104,-37.6074188262471,1.7348347682855092e-06
grid-r009-c026,9,26,5.400000095367432,2.000000476837158,0.44999998807907104,-36.832581699508964,2.0736804344778648e-06
grid-r009-c027,9,27,5.599999904632568,2.000000476837158,0.44999998807907104,-36.7265690429644,2.1249225028441288e-06
grid-r009-c028,9,28,5.800000190734863,2.000000476837158,0.44999998807907104,-36.90432371247044,2.039706259893137e-06
grid-r009-c029,9,29,6.0,2.000000476837158,0.44999998807907104,-36.61729054482832,2.179068815166829e-06
grid-r009-c030,9,30,6.199999809265137,2.000000476837158,0.44999998807907104,-36.24367132364081,2.374831865381566e-06
grid-r009-c031,9,31,6.400000095367432,2.000000476837158,0.44999998807907104,-36.86106263138207,2.060125780189992e-06
grid-r009-c032,9,32,6.599999904632568,2.000000476837158,0.44999998807907104,-36.663143421110234,2.156183199986117e-06
grid-r009-c033,9,33,6.800000190734863,2.000000476837158,0.44999998807907104,-36.78143101972715,2.0982483874831814e-06
grid-r009-c034,9,34,7.0,2.000000476837158,0.44999998807907104,-36.85509194210169,2.062959993054392e-06
grid-r009-c035,9,35,7.199999809265137,2.000000476837158,0.44999998807907104,-37.04775167909547,1.9734441139007686e-06
grid-r009-c036,9,36,7.400000095367432,2.000000476837158,0.44999998807907104,-36.42402325368434,2.2782305677537806e-06
grid-r009-c037,9,37,7.599999904632568,2.000000476837158,0.44999998807907104,-37.18767831325629,1.910874516397598e-06
grid-r009-c038,9,38,7.800000190734863,2.000000476837158,0.44999998807907104,-37.27116803862665,1.87449029454001e-06
grid-r009-c039,9,39,8.0,2.000000476837158,0.44999998807907104,-36.772799075938025,2.102422968164319e-06
grid-r009-c040,9,40,8.199999809265137,2.000000476837158,0.44999998807907104,-37.21624316483854,1.8983473637490533e-06
grid-r009-c041,9,41,8.399999618530273,2.000000476837158,0.44999998807907104,-37.295083600950754,1.8641962924448308e-06
grid-r009-c042,9,42,8.600000381469727,2.000000476837158,0.44999998807907104,-37.46868677065062,1.791147383300995e-06
grid-r009-c043,9,43,8.800000190734863,2.000000476837158,0.44999998807907104,-37.78950475493173,1.6636023474347894e-06
grid-r009-c044,9,44,9.0,2.000000476837158,0.44999998807907104,-38.029053303370134,1.5743260064482456e-06
grid-r009-c045,9,45,9.199999809265137,2.000000476837158,0.44999998807907104,-37.97859583054907,1.5927236063362216e-06
grid-r009-c046,9,46,9.399999618530273,2.000000476837158,0.44999998807907104,-37.5383431707147,1.7626483668209403e-06
grid-r009-c047,9,47,9.600000381469727,2.000000476837158,0.44999998807907104,-37.933250237092224,1.6094406873889966e-06
grid-r009-c048,9,48,9.800000190734863,2.000000476837158,0.44999998807907104,-38.02194284018413,1.5769056744829868e-06
grid-r009-c049,9,49,10.0,2.000000476837158,0.44999998807907104,-38.29039000033225,1.4823849596723448e-06
grid-r009-c050,9,50,10.200000762939453,2.000000476837158,0.44999998807907104,-39.48942313679984,1.1247543625358958e-06
grid-r009-c051,9,51,10.399999618530273,2.000000476837158,0.44999998807907104,-39.235059210748126,1.1925980061278096e-06
grid-r009-c052,9,52,10.600000381469727,2.000000476837158,0.44999998807907104,-39.785185393732185,1.0507066008358379e-06
grid-r009-c053,9,53,10.800000190734863,2.000000476837158,0.44999998807907104,-39.33393789820704,1.165752109955065e-06
grid-r009-c054,9,54,11.0,2.000000476837158,0.44999998807907104,-39.338012935987976,1.1646587836366962e-06
grid-r009-c055,9,55,11.200000762939453,2.000000476837158,0.44999998807907104,-40.01831667689926,9.957913107427885e-07
grid-r009-c056,9,56,11.399999618530273,2.000000476837158,0.44999998807907104,-38.63493429524925,1.3693251048607635e-06
grid-r009-c057,9,57,11.600000381469727,2.000000476837158,0.44999998807907104,-38.574434185462074,1.3885342013963964e-06
grid-r010-c000,10,0,0.19999980926513672,2.200000286102295,0.44999998807907104,-37.61815670842158,1.7305507071796455e-06
grid-r010-c001,10,1,0.40000009536743164,2.200000286102295,0.44999998807907104,-38.00627928163721,1.582603317729081e-06
grid-r010-c002,10,2,0.5999999046325684,2.200000286102295,0.44999998807907104,-37.73778157322451,1.6835338101373054e-06
grid-r010-c003,10,3,0.7999997138977051,2.200000286102295,0.44999998807907104,-38.09991299055256,1.5488476492464542e-06
grid-r010-c004,10,4,1.0,2.200000286102295,0.44999998807907104,-38.24549243659034,1.497789412496786e-06
grid-r010-c005,10,5,1.1999998092651367,2.200000286102295,0.44999998807907104,-38.07204782205699,1.5588173027936136e-06
grid-r010-c006,10,6,1.4000000953674316,2.200000286102295,0.44999998807907104,-38.27038045009978,1.489230612605752e-06
grid-r010-c007,10,7,1.5999999046325684,2.200000286102295,0.44999998807907104,-37.96454637679261,1.5978844203345943e-06
grid-r010-c008,10,8,1.799999713897705,2.200000286102295,0.44999998807907104,-37.35619008151321,1.8381501831754576e-06
grid-r010-c009,10,9,2.0,2.200000286102295,0.44999998807907104,-37.30452018455948,1.8601500642034807e-06
grid-r010-c010,10,10,2.200000047683716,2.200000286102295,0.44999998807907104,-37.051773591140496,1.9716173937922576e-06
grid-r010-c011,10,11,2.3999998569488525,2.200000286102295,0.44999998807907104,-37.20760698222406,1.9021260868612444e-06
grid-r010-c012,10,12,2.5999999046325684,2.200000286102295,0.44999998807907104,-36.91153734236316,2.036321120613138e-06
grid-r010-c013,10,13,2.799999952316284,2.200000286102295,0.44999998807907104,-36.77578164452168,2.1009796000726055e-06
grid-r010-c014,10,14,3.0,2.200000286102295,0.44999998807907104,-36.85902166268345,2.0610941646737047e-06
grid-r010-c015,10,15,3.200000047683716,2.200000286102295,0.44999998807907104,-36.985762323163456,2.001814209506847e-06
grid-r010-c016,10,16,3.3999998569488525,2.200000286102295,0.44999998807907104,-36.78837817374247,2.0948946257703938e-06
grid-r010-c017,10,17,3.5999999046325684,2.200000286102295,0.44999998807907104,-37.21133393556768,1.9004944533662638e-06
grid-r010-c018,10,18,3.799999952316284,2.200000286102295,0.44999998807907104,-37.326391210564054,1.8508059156374657e-06
grid-r010-c019,10,19,4.0,2.200000286102295,0.44999998807907104,-37.18200639867536,1.9133717614749912e-06
grid-r010-c020,10,20,4.199999809265137,2.200000286102295,0.44999998807907104,-37.67988262123134,1.706128500700288e-06
grid-r010-c021,10,21,4.400000095367432,2.200000286102295,0.44999998807907104,-37.458368379862925,1.795408024918288e-06
grid-r010-c022,10,22,4.599999904632568,2.200000286102295,0.44999998807907104,-37.39697738042868,1.820967781895888e-06
grid-r010-c023,10,23,4.800000190734863,2.200000286102295,0.44999998807907104,-37.726617233826126,1.6878672113307402e-06
grid-r010-c024,10,24,5.0,2.200000286102295,0.44999998807907104,-37.53878856865961,1.762467604748963e-06
grid-r010-c025,10,25,5.199999809265137,2.200000286102295,0.44999998807907104,-37.0384605672796,1.9776705357799074e-06
grid-r010-c026,10,26,5.400000095367432,2.200000286102295,0.44999998807907104,-37.249128448210335,1.8840271422959631e-06
grid-r010-c027,10,27,5.599999904632568,2.200000286102295,0.44999998807907104,-37.043473039305525,1.9753892956941854e-06
grid-r010-c028,10,28,5.800000190734863,2.200000286102295,0.44999998807907104,-36.63935248993238,2.1680273221136304e-06
grid-r010-c029,10,29,6.0,2.200000286102295,0.44999998807907104,-37.2476800000633,1.8846556031348882e-06
grid-r010-c030,10,30,6.199999809265137,2.200000286102295,0.44999998807907104,-37.04016804490727,1.976893145183567e-06
grid-r010-c031,10,31,6.400000095367432,2.200000286102295,0.44999998807907104,-36.87572596614924,2.0531817881419556e-06
grid-r010-c032,10,32,6.599999904632568,2.200000286102295,0.44999998807907104,-36.43235975774614,2.273861582580139e-06
grid-r010-c033,10,33,6.800000190734863,2.200000286102295,0.44999998807907104,-37.34307272699098,1.8437104927215842e-06
grid-r010-c034,10,34,7.0,2.200000286102295,0.44999998807907104,-36.89212881503599,2.0454417608561926e-06
grid-r010-c035,10,35,7.199999809265137,2.200000286102295,0.44999998807907104,-37.034334729203344,1.9795502339547966e-06
grid-r010-c036,10,36,7.400000095367432,2.200000286102295,0.44999998807907104,-36.73791905144156,2.1193764041527174e-06
grid-r010-c037,10,37,7.599999904632568,2.200000286102295,0.44999998807907104,-37.1331066140796,1.935037289513275e-06
grid-r010-c038,10,38,7.800000190734863,2.200000286102295,0.44999998807907104,-36.92816729388532,2.0285385744500672e-06
grid-r010-c039,10,39,8.0,2.200000286102295,0.44999998807907104,-37.802110662217984,1.6587805475865025e-06
grid-r010-c040,10,40,8.199999809265137,2.200000286102295,0.44999998807907104,-37.84376946429941,1.6429451079602586e-06
grid-r010-c041,10,41,8.399999618530273,2.200000286102295,0.44999998807907104,-37.47924360490502,1.7867987480713055e-06
grid-r010-c042,10,42,8.600000381469727,2.200000286102295,0.44999998807907104,-37.84021518232569,1.6442902506241808e-06
grid-r010-c043,10,43,8.800000190734863,2.200000286102295,0.44999998807907104,-37.44736339437559,1.7999633428189554e-06
grid-r010-c044,10,44,9.0,2.200000286102295,0.44999998807907104,-37.37925127905356,1.828415406635031e-06
grid-r010-c045,10,45,9.199999809265137,2.200000286102295,0.44999998807907104,-37.640572710926534,1.7216415244547534e-06
grid-r010-c046,10,46,9.399999618530273,2.200000286102295,0.44999998807907104,-38.36822227622936,1.4560549743691809e-06
grid-r010-c047,10,47,9.600000381469727,2.200000286102295,0.44999998807907104,-37.472701034546986,1.7894925576911191e-06
grid-r010-c048,10,48,9.800000190734863,2.200000286102295,0.44999998807907104,-37.56888427287247,1.7502962919024867e-06
grid-r010-c049,10,49,10.0,2.200000286102295,0.44999998807907104,-39.318134139393024,1.1700019513227744e-06
grid-r010-c050,10,50,10.200000762939453,2.200000286102295,0.44999998807907104,-37.55102348257851,1.75750938069541e-06
grid-r010-c051,10,51,10.399999618530273,2.200000286102295,0.44999998807907104,-39.01501812611126,1.254579501619446e-06
grid-r010-c052,10,52,10.600000381469727,2.200000286102295,0.44999998807907104,-37.38640985559741,1.825404069677461e-06
grid-r010-c053,10,53,10.800000190734863,2.200000286102295,0.44999998807907104,-39.67882742563653,1.0767558933366672e-06
grid-r010-c054,10,54,11.0,2.200000286102295,0.44999998807907104,-39.503384670905504,1.1211443506908836e-06
grid-r010-c055,10,55,11.200000762939453,2.200000286102295,0.44999998807907104,-40.12061677351767,9.726090866024606e-07
grid-r010-c056,10,56,11.399999618530273,2.200000286102295,0.44999998807907104,-39.69288100541653,1.0732771897892235e-06
grid-r010-c057,10,57,11.600000381469727,2.200000286102295,0.44999998807907104,-39.554712493664724,1.1079719115514308e-06
grid-r011-c000,11,0,0.19999980926513672,2.40000057220459,0.44999998807907104,-37.90554958191224,1.6197390095840092e-06
grid-r011-c001,11,1,0.40000009536743164,2.40000057220459,0.44999998807907104,-37.7963876529425,1.6609678823442664e-06
grid-r011-c002,11,2,0.5999999046325684,2.40000057220459,0.44999998807907104,-37.9949757947047,1.5867277625147835e-06
grid-r011-c003,11,3,0.7999997138977051,2.40000057220459,0.44999998807907104,-38.12062377027733,1.5414790368595277e-06
grid-r011-c004,11,4,1.0,2.40000057220459,0.44999998807907104,-38.096140638761575,1.5501935877182405e-06
grid-r011-c005,11,5,1.1999998092651367,2.40000057220459,0.44999998807907104,-38.45420624584297,1.427510710527713e-06
grid-r011-c006,11,6,1.4000000953674316,2.40000057220459,0.44999998807907104,-38.174350981935575,1.5225266452034703e-06
grid-r011-c007,11,7,1.5999999046325684,2.40000057220459,0.44999998807907104,-38.54434560567825,1.3981875781610142e-06
grid-r011-c008,11,8,1.799999713897705,2.40000057220459,0.44999998807907104,-38.84855832420419,1.3035994470556034e-06
grid-r011-c009,11,9,2.0,2.40000057220459,0.44999998807907104,-38.33573334699595,1.4669883512397064e-06
grid-r011-c010,11,10,2.200000047683716,2.40000057220459,0.44999998807907104,-38.12712495748258,1.5391732404168579e-06
grid-r011-c011,11,11,2.3999998569488525,2.40000057220459,0.44999998807907104,-37.44980153666589,1.7989531215789611e-06
grid-r011-c012,11,12,2.5999999046325684,2.40000057220459,0.44999998807907104,-37.373606632422955,1.8307933942196541e-06
grid-r011-c013,11,13,2.799999952316284,2.40000057220459,0.44999998807907104,-37.4245451874598,1.8094453935191268e-06
grid-r011-c014,11,14,3.0,2.40000057220459,0.44999998807907104,-37.055771158105316,1.9698034066095715e-06
grid-r011-c015,11,15,3.200000047683716,2.40000057220459,0.44999998807907104,-37.380327770896926,1.8279622508998727e-06
grid-r011-c016,11,16,3.3999998569488525,2.40000057220459,0.44999998807907104,-37.15033107098649,1.9273779798822943e-06
grid-r011-c017,11,17,3.5999999046325684,2.40000057220459,0.44999998807907104,-38.03475327085448,1.572261112414708e-06
grid-r011-c018,11,18,3.799999952316284,2.40000057220459,0.44999998807907104,-37.08974879907859,1.954452500285697e-06
grid-r011-c019,11,19,4.0,2.40000057220459,0.44999998807907104,-38.070593291006375,1.559339466439269e-06
grid-r011-c020,11,20,4.199999809265137,2.40000057220459,0.44999998807907104,-37.78614049298074,1.6648915561745525e-06
grid-r011-c021,11,21,4.400000095367432,2.40000057220459,0.44999998807907104,-37.39934452795677,1.8199755231762538e-06
grid-r011-c022,11,22,4.599999904632568,2.40000057220459,0.44999998807907104,-37.92922997552418,1.6109312355183647e-06
grid-r011-c023,11,23,4.800000190734863,2.40000057220459,0.44999998807907104,-37.51149235680927,1.7735799247020623e-06
grid-r011-c024,11,24,5.0,2.40000057220459,0.44999998807907104,-37.29661365419061,1.8635396372701507e-06
grid-r011-c025,11,25,5.199999809265137,2.40000057220459,0.44999998807907104,-37.42240890132503,1.8103356751453248e-06
grid-r011-c026,11,26,5.400000095367432,2.40000057220459,0.44999998807907104,-36.827473729141275,2.076120836136397e-06
grid-r011-c027,11,27,5.599999904632568,2.40000057220459,0.44999998807907104,-37.52608270591507,1.7676314882919542e-06
grid-r011-c028,11,28,5.800000190734863,2.40000057220459,0.44999998807907104,-37.29748329101404,1.8631665170687484e-06
grid-r011-c029,11,29,6.0,2.40000057220459,0.44999998807907104,-36.59784049126176,2.1888497485633707e-06
grid-r011-c030,11,30,6.199999809265137,2.40000057220459,0.44999998807907104,-37.08357155945677,1.957234417204745e-06
grid-r011-c031,11,31,6.400000095367432,2.40000057220459,0.44999998807907104,-37.12489887383582,1.9386977783142356e-06
grid-r011-c032,11,32,6.599999904632568,2.40000057220459,0.44999998807907104,-37.308102017698516,1.8586165424494538e-06
grid-r011-c033,11,33,6.800000190734863,2.40000057220459,0.44999998807907104,-36.83491090592423,2.0725685772049474e-06
grid-r011-c034,11,34,7.0,2.40000057220459,0.44999998807907104,-36.92281493509827,2.0310401396272937e-06
grid-r011-c035,11,35,7.199999809265137,2.40000057220459,0.44999998807907104,-37.10449757431466,1.9478263766359305e-06
grid-r011-c036,11,36,7.400000095367432,2.40000057220459,0.44999998807907104,-37.39447792567656,1.822016088226519e-06
grid-r011-c037,11,37,7.599999904632568,2.40000057220459,0.44999998807907104,-36.870764948254475,2.0555285118462052e-06
grid-r011-c038,11,38,7.800000190734863,2.40000057220459,0.44999998807907104,-37.55732367296953,1.7549616586620687e-06
grid-r011-c039,11,39,8.0,2.40000057220459,0.44999998807907104,-37.432244366165065,1.8062404478769167e-06
grid-r011-c040,11,40,8.199999809265137,2.40000057220459,0.44999998807907104,-37.395962082986756,1.8213935391031555e-06
grid-r011-c041,11,41,8.399999618530273,2.40000057220459,0.44999998807907104,-37.61020710305512,1.7337213193968637e-06
grid-r011-c042,11,42,8.600000381469727,2.40000057220459,0.44999998807907104,-37.27183448490134,1.8742026668405742e-06
grid-r011-c043,11,43,8.800000190734863,2.40000057220459,0.44999998807907104,-37.4148597113893,1.8134852552975644e-06
grid-r011-c044,11,44,9.0,2.40000057220459,0.44999998807907104,-38.41641106429046,1.4399880683413357e-06
grid-r011-c045,11,45,9.199999809265137,2.40000057220459,0.44999998807907104,-38.07716107138495,1.556983079353813e-06
grid-r011-c046,11,46,9.399999618530273,2.40000057220459,0.44999998807907104,-37.631732770816235,1.7251494455194916e-06
grid-r011-c047,11,47,9.600000381469727,2.40000057220459,0.44999998807907104,-38.22114449468387,1.5062100828799885e-06
grid-r011-c048,11,48,9.800000190734863,2.40000057220459,0.44999998807907104,-38.39461614592548,1.4472327620751457e-06
grid-r011-c049,11,49,10.0,2.40000057220459,0.44999998807907104,-37.69436202623829,1.7004497294692555e-06
grid-r011-c050,11,50,10.200000762939453,2.40000057220459,0.44999998807907104,-38.46361376370823,1.4244218391468166e-06
grid-r011-c051,11,51,10.399999618530273,2.40000057220459,0.44999998807907104,-37.70899678620387,1.6947292351687793e-06
grid-r011-c052,11,52,10.600000381469727,2.40000057220459,0.44999998807907104,-38.06213038853964,1.5623810440956731e-06
grid-r011-c053,11,53,10.800000190734863,2.40000057220459,0.44999998807907104,-38.421219115522796,1.4383947473106673e-06
grid-r011-c054,11,54,11.0,2.40000057220459,0.44999998807907104,-37.93497342555068,1.608802222108352e-06
grid-r011-c055,11,55,11.200000762939453,2.40000057220459,0.44999998807907104,-38.6613075965494,1.3610348332804278e-06
grid-r011-c056,11,56,11.399999618530273,2.40000057220459,0.44999998807907104,-39.50989712717818,1.1194644002898713e-06
grid-r011-c057,11,57,11.600000381469727,2.40000057220459,0.44999998807907104,-38.727288979797876,1.340513222203299e-06
grid-r012-c000,12,0,0.19999980926513672,2.6000003814697266,0.44999998807907104,-37.98010824735793,1.5921690419418155e-06
grid-r012-c001,12,1,0.40000009536743164,2.6000003814697266,0.44999998807907104,-38.03062386848004,1.5737567764517735e-06
grid-r012-c002,12,2,0.5999999046325684,2.6000003814697266,0.44999998807907104,-37.76620458907155,1.6725516616133973e-06
grid-r012-c003,12,3,0.7999997138977051,2.6000003814697266,0.44999998807907104,-38.03625427504048,1.5717178030172363e-06
grid-r012-c004,12,4,1.0,2.6000003814697266,0.44999998807907104,-38.26537811182432,1.4909469427948352e-06
grid-r012-c005,12,5,1.1999998092651367,2.6000003814697266,0.44999998807907104,-38.12354749126807,1.540441644465318e-06
grid-r012-c006,12,6,1.4000000953674316,2.6000003814697266,0.44999998807907104,-38.47390918624184,1.4210490917321295e-06
grid-r012-c007,12,7,1.5999999046325684,2.6000003814697266,0.44999998807907104,-38.32025578650989,1.4722257901667035e-06
grid-r012-c008,12,8,1.799999713897705,2.6000003814697266,0.44999998807907104,-38.664960360953884,1.3598905752587598e-06
grid-r012-c009,12,9,2.0,2.6000003814697266,0.44999998807907104,-38.804887045415384,1.3167741599318106e-06
grid-r012-c010,12,10,2.200000047683716,2.6000003814697266,0.44999998807907104,-38.5900423134226,1.383552898914786e-06
grid-r012-c011,12,11,2.3999998569488525,2.6000003814697266,0.44999998807907104,-38.77820911415061,1.3248877621663269e-06
grid-r012-c012,12,12,2.5999999046325684,2.6000003814697266,0.44999998807907104,-38.43353709770752,1.4343207794809132e-06
grid-r012-c013,12,13,2.799999952316284,2.6000003814697266,0.44999998807907104,-38.18527437238419,1.5187019926088396e-06
grid-r012-c014,12,14,3.0,2.6000003814697266,0.44999998807907104,-37.44337137540977,1.8016186231761822e-06
grid-r012-c015,12,15,3.200000047683716,2.6000003814697266,0.44999998807907104,-37.41577949592291,1.8131012211597408e-06
grid-r012-c016,12,16,3.3999998569488525,2.6000003814697266,0.44999998807907104,-37.91699739342186,1.6154750710484223e-06
grid-r012-c017,12,17,3.5999999046325684,2.6000003814697266,0.44999998807907104,-37.55315682076855,1.7566462702234276e-06
grid-r012-c018,12,18,3.799999952316284,2.6000003814697266,0.44999998807907104,-37.64959592061252,1.7180682334583253e-06
grid-r012-c019,12,19,4.0,2.6000003814697266,0.44999998807907104,-37.700322766866314,1.6981174439933966e-06
grid-r012-c020,12,20,4.199999809265137,2.6000003814697266,0.44999998807907104,-38.264942663835356,1.4910964409864391e-06
grid-r012-c021,12,21,4.400000095367432,2.6000003814697266,0.44999998807907104,-37.90656202111347,1.6193614555959357e-06
grid-r012-c022,12,22,4.599999904632568,2.6000003814697266,0.44999998807907104,-37.47866778353103,1.7870356714411173e-06
grid-r012-c023,12,23,4.800000190734863,2.6000003814697266,0.44999998807907104,-37.40893669801072,1.815960217754764e-06
grid-r012-c024,12,24,5.0,2.6000003814697266,0.44999998807907104,-37.25767095790918,1.8803249304255587e-06
grid-r012-c025,12,25,5.199999809265137,2.6000003814697266,0.44999998807907104,-37.61604196828035,1.7313935813945136e-06
grid-r012-c026,12,26,5.400000095367432,2.6000003814697266,0.44999998807907104,-37.78167722814234,1.6666034525769646e-06
grid-r012-c027,12,27,5.599999904632568,2.6000003814697266,0.44999998807907104,-36.68765442008926,2.1440482669277117e-06
grid-r012-c028,12,28,5.800000190734863,2.6000003814697266,0.44999998807907104,-37.662124993670616,1.7131188769781147e-06
grid-r012-c029,12,29,6.0,2.6000003814697266,0.44999998807907104,-37.195371472161504,1.9074925603490556e-06
grid-r012-c030,12,30,6.199999809265137,2.6000003814697266,0.44999998807907104,-36.94055670488177,2.0227598724886775e-06
grid-r012-c031,12,31,6.400000095367432,2.6000003814697266,0.44999998807907104,-37.10370628083222,1.9481813069432974e-06
grid-r012-c032,12,32,6.599999904632568,2.6000003814697266,0.44999998807907104,-36.9846106479351,2.002345127039007e-06
grid-r012-c033,12,33,6.800000190734863,2.6000003814697266,0.44999998807907104,-37.08753892802915,1.9554472601157613e-06
grid-r012-c034,12,34,7.0,2.6000003814697266,0.44999998807907104,-37.038082605807844,1.977842657652218e-06
grid-r012-c035,12,35,7.199999809265137,2.6000003814697266,0.44999998807907104,-37.190449569517924,1.909655566123547e-06
grid-r012-c036,12,36,7.400000095367432,2.6000003814697266,0.44999998807907104,-37.08753741307473,1.9554479422367876e-06
grid-r012-c037,12,37,7.599999904632568,2.6000003814697266,0.44999998807907104,-37.87763558682678,1.6301833056786563e-06
grid-r012-c038,12,38,7.800000190734863,2.6000003814697266,0.44999998807907104,-37.128611567947004,1.9370411337149562e-06
grid-r012-c039,12,39,8.0,2.6000003814697266,0.44999998807907104,-38.06977044424648,1.5596349385305075e-06
grid-r012-c040,12,40,8.199999809265137,2.6000003814697266,0.44999998807907104,-37.042671794444956,1.975753775695921e-06
grid-r012-c041,12,41,8.399999618530273,2.6000003814697266,0.44999998807907104,-37.3525799244852,1.8396788163954625e-06
grid-r012-c042,12,42,8.600000381469727,2.6000003814697266,0.44999998807907104,-37.68150668930681,1.705490603853832e-06
grid-r012-c043,12,43,8.800000190734863,2.6000003814697266,0.44999998807907104,-38.62519508763267,1.3723993106395938e-06
grid-r012-c044,12,44,9.0,2.6000003814697266,0.44999998807907104,-37.981128604567175,1.5917950122457114e-06
grid-r012-c045,12,45,9.199999809265137,2.6000003814697266,0.44999998807907104,-37.767889616900696,1.67190285083052e-06
grid-r012-c046,12,46,9.399999618530273,2.6000003814697266,0.44999998807907104,-38.49161067935491,1.4152687981550116e-06
grid-r012-c047,12,47,9.600000381469727,2.6000003814697266,0.44999998807907104,-37.485800751009386,1.7841030057752505e-06
grid-r012-c048,12,48,9.800000190734863,2.6000003814697266,0.44999998807907104,-38.1249858831855,1.539931531624461e-06
grid-r012-c049,12,49,10.0,2.6000003814697266,0.44999998807907104,-38.246791753649575,1.4973413726693252e-06
grid-r012-c050,12,50,10.200000762939453,2.6000003814697266,0.44999998807907104,-38.24118383420827,1.4992760952736717e-06
grid-r012-c051,12,51,10.399999618530273,2.6000003814697266,0.44999998807907104,-38.62724872877847,1.3717504998567165e-06
grid-r012-c052,12,52,10.600000381469727,2.6000003814697266,0.44999998807907104,-38.501901427922505,1.4119192428552196e-06
grid-r012-c053,12,53,10.800000190734863,2.6000003814697266,0.44999998807907104,-38.21306420689548,1.509015078227094e-06
grid-r012-c054,12,54,11.0,2.6000003814697266,0.44999998807907104,-39.13841210260013,1.2194353757877252e-06
grid-r012-c055,12,55,11.200000762939453,2.6000003814697266,0.44999998807907104,-37.27677042338919,1.8720737671173993e-06
grid-r012-c056,12,56,11.399999618530273,2.6000003814697266,0.44999998807907104,-38.9790813469433,1.265003902517492e-06
grid-r012-c057,12,57,11.600000381469727,2.6000003814697266,0.44999998807907104,-38.32085512834829,1.472022631787695e-06
grid-r013-c000,13,0,0.19999980926513672,2.8000001907348633,0.44999998807907104,-37.67319101681635,1.708759327812004e-06
grid-r013-c001,13,1,0.40000009536743164,2.8000001907348633,0.44999998807907104,-37.960412777568415,1.5994060049706604e-06
grid-r013-c002,13,2,0.5999999046325684,2.8000001907348633,0.44999998807907104,-38.12654021529963,1.5393804915220244e-06
grid-r013-c003,13,3,0.7999997138977051,2.8000001907348633,0.44999998807907104,-37.93837547707426,1.6075424582595588e-06
grid-r013-c004,13,4,1.0,2.8000001907348633,0.44999998807907104,-38.120934792668336,1.5413686469401e-06
grid-r013-c005,13,5,1.1999998092651367,2.8000001907348633,0.44999998807907104,-38.298000283989815,1.479789602853998e-06
grid-r013-c006,13,6,1.4000000953674316,2.8000001907348633,0.44999998807907104,-38.257832002176414,1.493539798502752e-06
grid-r013-c007,13,7,1.5999999046325684,2.8000001907348633,0.44999998807907104,-38.451575304577766,1.4283757536759367e-06
grid-r013-c008,13,8,1.799999713897705,2.8000001907348633,0.44999998807907104,-38.3708734233372,1.4551663980455487e-06
grid-r013-c009,13,9,2.0,2.8000001907348633,0.44999998807907104,-38.77656114169983,1.3253905990495696e-06
grid-r013-c010,13,10,2.200000047683716,2.8000001907348633,0.44999998807907104,-38.83470878568254,1.3077632274871576e-06
grid-r013-c011,13,11,2.3999998569488525,2.8000001907348633,0.44999998807907104,-38.71528037062171,1.344224983768072e-06
grid-r013-c012,13,12,2.5999999046325684,2.8000001907348633,0.44999998807907104,-38.93605886985431,1.2775976756529417e-06
grid-r013-c013,13,13,2.799999952316284,2.8000001907348633,0.44999998807907104,-38.68876664668037,1.3524565929401433e-06
grid-r013-c014,13,14,3.0,2.8000001907348633,0.44999998807907104,-39.0694823047485,1.23894426451443e-06
grid-r013-c015,13,15,3.200000047683716,2.8000001907348633,0.44999998807907104,-38.58411426560886,1.3854427152182325e-06
grid-r013-c016,13,16,3.3999998569488525,2.8000001907348633,0.44999998807907104,-37.53451295364623,1.764203602760972e-06
grid-r013-c017,13,17,3.5999999046325684,2.8000001907348633,0.44999998807907104,-38.088222959529304,1.5530223436144297e-06
grid-r013-c018,13,18,3.799999952316284,2.8000001907348633,0.44999998807907104,-37.233845591955486,1.89066872735566e-06
grid-r013-c019,13,19,4.0,2.8000001907348633,0.44999998807907104,-37.69086029405021,1.7018213611663668e-06
grid-r013-c020,13,20,4.199999809265137,2.8000001907348633,0.44999998807907104,-37.98925162576219,1.588820509823563e-06
grid-r013-c021,13,21,4.400000095367432,2.8000001907348633,0.44999998807907104,-37.93832633544275,1.6075606481535942e-06
grid-r013-c022,13,22,4.599999904632568,2.8000001907348633,0.44999998807907104,-37.492059066537315,1.7815339106164174e-06
grid-r013-c023,13,23,4.800000190734863,2.8000001907348633,0.44999998807907104,-37.7114222530282,1.6937830196184223e-06
grid-r013-c024,13,24,5.0,2.8000001907348633,0.44999998807907104,-37.76927574484254,1.6713693185010925e-06
grid-r013-c025,13,25,5.199999809265137,2.8000001907348633,0.44999998807907104,-37.11327736925626,1.943892584677087e-06
grid-r013-c026,13,26,5.400000095367432,2.8000001907348633,0.44999998807907104,-37.42768482383521,1.8081377675116528e-06
grid-r013-c027,13,27,5.599999904632568,2.8000001907348633,0.44999998807907104,-37.56579567353758,1.7515415038360516e-06
grid-r013-c028,13,28,5.800000190734863,2.8000001907348633,0.44999998807907104,-36.8541064781098,2.0634281554521294e-06
grid-r013-c029,13,29,6.0,2.8000001907348633,0.44999998807907104,-37.30989603584227,1.8578489289211575e-06
grid-r013-c030,13,30,6.199999809265137,2.8000001907348633,0.44999998807907104,-37.41424145773779,1.8137434381060302e-06
grid-r013-c031,13,31,6.400000095367432,2.8000001907348633,0.44999998807907104,-37.30651453654207,1.859296048678516e-06
grid-r013-c032,13,32,6.599999904632568,2.8000001907348633,0.44999998807907104,-37.09106768072022,1.9538590549927903e-06
grid-r013-c033,13,33,6.800000190734863,2.8000001907348633,0.44999998807907104,-37.65128114696835,1.7174016875287634e-06
grid-r013-c034,13,34,7.0,2.8000001907348633,0.44999998807907104,-37.499070009482196,1.7786602484193281e-06
grid-r013-c035,13,35,7.199999809265137,2.8000001907348633,0.44999998807907104,-36.93136034631227,2.027047685260186e-06
grid-r013-c036,13,36,7.400000095367432,2.8000001907348633,0.44999998807907104,-37.72684511322897,1.6877786492841551e-06
grid-r013-c037,13,37,7.599999904632568,2.8000001907348633,0.44999998807907104,-37.81401628895101,1.6542394405405503e-06
grid-r013-c038,13,38,7.800000190734863,2.8000001907348633,0.44999998807907104,-37.3400249554608,1.8450048173690448e-06
grid-r013-c039,13,39,8.0,2.8000001907348633,0.44999998807907104,-37.840407361179516,1.644217491048039e-06
grid-r013-c040,13,40,8.199999809265137,2.8000001907348633,0.44999998807907104,-38.09563170660808,1.5503752592849196e-06
grid-r013-c041,13,41,8.399999618530273,2.8000001907348633,0.44999998807907104,-37.17411173021155,1.9168530798197025e-06
grid-r013-c042,13,42,8.600000381469727,2.8000001907348633,0.44999998807907104,-38.54760653094126,1.397138134962006e-06
grid-r013-c043,13,43,8.800000190734863,2.8000001907348633,0.44999998807907104,-37.365772371185415,1.8340989527132479e-06
grid-r013-c044,13,44,9.0,2.8000001907348633,0.44999998807907104,-37.84142214647119,1.6438333432233776e-06
grid-r013-c045,13,45,9.199999809265137,2.8000001907348633,0.44999998807907104,-37.76116344981293,1.6744942286095466e-06
grid-r013-c046,13,46,9.399999618530273,2.8000001907348633,0.44999998807907104,-38.370732277487214,1.455213691770041e-06
grid-r013-c047,13,47,9.600000381469727,2.8000001907348633,0.44999998807907104,-38.507158718227565,1.4102110981184524e-06
grid-r013-c048,13,48,9.800000190734863,2.8000001907348633,0.44999998807907104,-38.36722953019817,1.4563878494300297e-06
grid-r013-c049,13,49,10.0,2.8000001907348633,0.44999998807907104,-37.51079032997349,1.7738666429067962e-06
grid-r013-c050,13,50,10.200000762939453,2.8000001907348633,0.44999998807907104,-38.414541770196564,1.4406080026674317e-06
grid-r013-c051,13,51,10.399999618530273,2.8000001907348633,0.44999998807907104,-38.163550423135895,1.526317760180973e-06
grid-r013-c052,13,52,10.600000381469727,2.8000001907348633,0.44999998807907104,-39.18886447829277,1.2053510545229074e-06
grid-r013-c053,13,53,10.800000190734863,2.8000001907348633,0.44999998807907104,-38.57931335599068,1.3869751001038821e-06
grid-r013-c054,13,54,11.0,2.8000001907348633,0.44999998807907104,-38.15131645328668,1.5306234217860037e-06
grid-r013-c055,13,55,11.200000762939453,2.8000001907348633,0.44999998807907104,-38.681794014009576,1.354629716843192e-06
grid-r013-c056,13,56,11.399999618530273,2.8000001907348633,0.44999998807907104,-39.18924953797848,1.205244188895449e-06
grid-r013-c057,13,57,11.600000381469727,2.8000001907348633,0.44999998807907104,-38.302473531900006,1.4782661992285284e-06
grid-r014-c000,14,0,0.19999980926513672,3.000000476837158,0.44999998807907104,-38.06902909753564,1.5599011931044515e-06
grid-r014-c001,14,1,0.40000009536743164,3.000000476837158,0.44999998807907104,-38.07247702237493,1.5586632571285008e-06
grid-r014-c002,14,2,0.5999999046325684,3.000000476837158,0.44999998807907104,-37.90903512095377,1.6184395690288511e-06
grid-r014-c003,14,3,0.7999997138977051,3.000000476837158,0.44999998807907104,-38.12556624747084,1.539725758448185e-06
grid-r014-c004,14,4,1.0,3.000000476837158,0.44999998807907104,-37.91116471921595,1.617646148588392e-06
grid-r014-c005,14,5,1.1999998092651367,3.000000476837158,0.44999998807907104,-38.24804429265445,1.4969095900596585e-06
grid-r014-c006,14,6,1.4000000953674316,3.000000476837158,0.44999998807907104,-38.36265931681923,1.457921257497219e-06
grid-r014-c007,14,7,1.5999999046325684,3.000000476837158,0.44999998807907104,-38.33266900221268,1.4680238109576749e-06
grid-r014-c008,14,8,1.799999713897705,3.000000476837158,0.44999998807907104,-38.571290925006736,1.3895395341023686e-06
grid-r014-c009,14,9,2.0,3.000000476837158,0.44999998807907104,-38.39106136563209,1.4484178336715559e-06
grid-r014-c010,14,10,2.200000047683716,3.000000476837158,0.44999998807907104,-38.826605990041486,1.3102054481350933e-06
grid-r014-c011,14,11,2.3999998569488525,3.000000476837158,0.44999998807907104,-38.732831286587235,1.3388035995376413e-06
grid-r014-c012,14,12,2.5999999046325684,3.000000476837158,0.44999998807907104,-38.81521291967776,1.3136470897734398e-06
grid-r014-c013,14,13,2.799999952316284,3.000000476837158,0.44999998807907104,-39.01101406030851,1.2557367199406144e-06
grid-r014-c014,14,14,3.0,3.000000476837158,0.44999998807907104,-38.60561935012174,1.3785993360215798e-06
grid-r014-c015,14,15,3.200000047683716,3.000000476837158,0.44999998807907104,-38.76789192629926,1.3280389339342946e-06
grid-r014-c016,14,16,3.3999998569488525,3.000000476837158,0.44999998807907104,-39.21759294129614,1.1974040035056532e-06
grid-r014-c017,14,17,3.5999999046325684,3.000000476837158,0.44999998807907104,-38.6376621322278,1.368465291307075e-06
grid-r014-c018,14,18,3.799999952316284,3.000000476837158,0.44999998807907104,-38.23138950172597,1.5026611208668328e-06
grid-r014-c019,14,19,4.0,3.000000476837158,0.44999998807907104,-37.88136704890486,1.6287832522721146e-06
grid-r014-c020,14,20,4.199999809265137,3.000000476837158,0.44999998807907104,-37.87525627638818,1.6310766568494728e-06
grid-r014-c021,14,21,4.400000095367432,3.000000476837158,0.44999998807907104,-37.81070993803978,1.6554993180761812e-06
grid-r014-c022,14,22,4.599999904632568,3.000000476837158,0.44999998807907104,-37.681474555177374,1.705503223092819e-06
grid-r014-c023,14,23,4.800000190734863,3.000000476837158,0.44999998807907104,-37.32266072987741,1.852396394497191e-06
grid-r014-c024,14,24,5.0,3.000000476837158,0.44999998807907104,-37.70763733381294,1.695259811640426e-06
grid-r014-c025,14,25,5.199999809265137,3.000000476837158,0.44999998807907104,-37.20573666101536,1.902945427900704e-06
grid-r014-c026,14,26,5.400000095367432,3.000000476837158,0.44999998807907104,-37.719154432471754,1.690770091045124e-06
grid-r014-c027,14,27,5.599999904632568,3.000000476837158,0.44999998807907104,-37.488048198127935,1.7831799823397887e-06
grid-r014-c028,14,28,5.800000190734863,3.000000476837158,0.44999998807907104,-37.58122418966765,1.7453301097702933e-06
grid-r014-c029,14,29,6.0,3.000000476837158,0.44999998807907104,-37.39876591137566,1.820218017201114e-06
grid-r014-c030,14,30,6.199999809265137,3.000000476837158,0.44999998807907104,-37.44563809583645,1.8006785467150621e-06
grid-r014-c031,14,31,6.400000095367432,3.000000476837158,0.44999998807907104,-36.80645982166518,2.086190761474427e-06
grid-r014-c032,14,32,6.599999904632568,3.000000476837158,0.44999998807907104,-37.66674224399641,1.7112985233325162e-06
grid-r014-c033,14,33,6.800000190734863,3.000000476837158,0.44999998807907104,-37.23510291827785,1.890121438918868e-06
grid-r014-c034,14,34,7.0,3.000000476837158,0.44999998807907104,-36.80364721735135,2.0875422706012614e-06
grid-r014-c035,14,35,7.199999809265137,3.000000476837158,0.44999998807907104,-37.43989724860356,1.8030603996521677e-06
grid-r014-c036,14,36,7.400000095367432,3.000000476837158,0.44999998807907104,-37.99416279416053,1.5870248262217501e-06
grid-r014-c037,14,37,7.599999904632568,3.000000476837158,0.44999998807907104,-37.3077641280273,1.8587611521070357e-06
grid-r014-c038,14,38,7.800000190734863,3.000000476837158,0.44999998807907104,-38.506224012519574,1.410514641975169e-06
grid-r014-c039,14,39,8.0,3.000000476837158,0.44999998807907104,-37.28096402419108,1.8702669422054896e-06
grid-r014-c040,14,40,8.199999809265137,3.000000476837158,0.44999998807907104,-38.30384881301743,1.4777981505176285e-06
grid-r014-c041,14,41,8.399999618530273,3.000000476837158,0.44999998807907104,-38.11888104763753,1.5420977206304087e-06
grid-r014-c042,14,42,8.600000381469727,3.000000476837158,0.44999998807907104,-37.07784596317798,1.9598164726630785e-06
grid-r014-c043,14,43,8.800000190734863,3.000000476837158,0.44999998807907104,-38.64838881999045,1.3650894743477693e-06
grid-r014-c044,14,44,9.0,3.000000476837158,0.44999998807907104,-38.56513647046544,1.3915100680605974e-06
grid-r014-c045,14,45,9.199999809265137,3.000000476837158,0.44999998807907104,-38.30066732075092,1.4788811313337646e-06
grid-r014-c046,14,46,9.399999618530273,3.000000476837158,0.44999998807907104,-38.093027786387594,1.5513051039306447e-06
grid-r014-c047,14,47,9.600000381469727,3.000000476837158,0.44999998807907104,-37.595560623725994,1.7395781242157682e-06
grid-r014-c048,14,48,9.800000190734863,3.000000476837158,0.44999998807907104,-38.55345944304669,1.3952565041108755e-06
grid-r014-c049,14,49,10.0,3.000000476837158,0.44999998807907104,-38.59837765179311,1.3809000165565521e-06
grid-r014-c050,14,50,10.200000762939453,3.000000476837158,0.44999998807907104,-38.13573198289549,1.53612586473173e-06
grid-r014-c051,14,51,10.399999618530273,3.000000476837158,0.44999998807907104,-38.25459616022901,1.4946530200177222e-06
grid-r014-c052,14,52,10.600000381469727,3.000000476837158,0.44999998807907104,-38.48257370803602,1.4182168115439708e-06
grid-r014-c053,14,53,10.800000190734863,3.000000476837158,0.44999998807907104,-38.6419616910591,1.3671111673829728e-06
grid-r014-c054,14,54,11.0,3.000000476837158,0.44999998807907104,-38.49750034771979,1.4133507875158102e-06
grid-r014-c055,14,55,11.200000762939453,3.000000476837158,0.44999998807907104,-39.25803519808476,1.1863053259730805e-06
grid-r014-c056,14,56,11.399999618530273,3.000000476837158,0.44999998807907104,-38.743313469285695,1.3355761439015623e-06
grid-r014-c057,14,57,11.600000381469727,3.000000476837158,0.44999998807907104,-39.59278565338316,1.0983011407006416e-06
grid-r015-c000,15,0,0.19999980926513672,3.200000286102295,0.44999998807907104,-37.718647810420755,1.690967337708571e-06
grid-r015-c001,15,1,0.40000009536743164,3.200000286102295,0.44999998807907104,-38.05115453620406,1.56633461756428e-06
grid-r015-c002,15,2,0.5999999046325684,3.200000286102295,0.44999998807907104,-38.04905916239386,1.567090521348291e-06
grid-r015-c003,15,3,0.7999997138977051,3.200000286102295,0.44999998807907104,-37.95708010315954,1.6006338228180539e-06
grid-r015-c004,15,4,1.0,3.200000286102295,0.44999998807907104,-38.23381834405364,1.50182097513607e-06
grid-r015-c005,15,5,1.1999998092651367,3.200000286102295,0.44999998807907104,-37.912479799953886,1.6171563856914872e-06
grid-r015-c006,15,6,1.4000000953674316,3.200000286102295,0.44999998807907104,-38.284566208172066,1.48437413827196e-06
grid-r015-c007,15,7,1.5999999046325684,3.200000286102295,0.44999998807907104,-38.33930710870736,1.4657816791441292e-06
grid-r015-c008,15,8,1.799999713897705,3.200000286102295,0.44999998807907104,-38.22766867907525,1.503949079051381e-06
grid-r015-c009,15,9,2.0,3.200000286102295,0.44999998807907104,-38.822617104292235,1.3114093917465652e-06
grid-r015-c010,15,10,2.200000047683716,3.200000286102295,0.44999998807907104,-38.3602446844029,1.4587320720238495e-06
grid-r015-c011,15,11,2.3999998569488525,3.200000286102295,0.44999998807907104,-38.80310148519172,1.3173156503398786e-06
grid-r015-c012,15,12,2.5999999046325684,3.200000286102295,0.44999998807907104,-38.629460708656474,1.3710520079257549e-06
grid-r015-c013,15,13,2.799999952316284,3.200000286102295,0.44999998807907104,-38.68888858037294,1.3524186215363443e-06
grid-r015-c014,15,14,3.0,3.200000286102295,0.44999998807907104,-38.91909915813873,1.2825965995943989e-06
grid-r015-c015,15,15,3.200000047683716,3.200000286102295,0.44999998807907104,-38.67784557341021,1.3558618547904189e-06
grid-r015-c016,15,16,3.3999998569488525,3.200000286102295,0.44999998807907104,-38.55185141386562,1.3957732107883203e-06
grid-r015-c017,15,17,3.5999999046325684,3.200000286102295,0.44999998807907104,-38.73572945755537,1.3379104757405003e-06
grid-r015-c018,15,18,3.799999952316284,3.200000286102295,0.44999998807907104,-38.745641967759965,1.3348602578844293e-06
grid-r015-c019,15,19,4.0,3.200000286102295,0.44999998807907104,-38.69718116346945,1.3498387261279277e-06
grid-r015-c020,15,20,4.199999809265137,3.200000286102295,0.44999998807907104,-38.66545561686383,1.3597355064121075e-06
grid-r015-c021,15,21,4.400000095367432,3.200000286102295,0.44999998807907104,-38.35356032872664,1.4609789786845795e-06
grid-r015-c022,15,22,4.599999904632568,3.200000286102295,0.44999998807907104,-37.88026833587043,1.6291953670588555e-06
grid-r015-c023,15,23,4.800000190734863,3.200000286102295,0.44999998807907104,-37.968939393406,1.5962689303705702e-06
grid-r015-c024,15,24,5.0,3.200000286102295,0.44999998807907104,-37.45029641121792,1.798748144210549e-06
grid-r015-c025,15,25,5.199999809265137,3.200000286102295,0.44999998807907104,-37.9713127286098,1.5953968386384076e-06
grid-r015-c026,15,26,5.400000095367432,3.200000286102295,0.44999998807907104,-37.16507866204508,1.9208441699447576e-06
grid-r015-c027,15,27,5.599999904632568,3.200000286102295,0.44999998807907104,-37.8404439962386,1.644203621253837e-06
grid-r015-c028,15,28,5.800000190734863,3.200000286102295,0.44999998807907104,-37.35031564381991,1.8406382196189952e-06
grid-r015-c029,15,29,6.0,3.200000286102295,0.44999998807907104,-37.66696786875595,1.7112096202254179e-06
grid-r015-c030,15,30,6.199999809265137,3.200000286102295,0.44999998807907104,-37.54754725191742,1.758916710059566e-06
grid-r015-c031,15,31,6.400000095367432,3.200000286102295,0.44999998807907104,-37.72427682346411,1.6887770470930263e-06
grid-r015-c032,15,32,6.599999904632568,3.200000286102295,0.44999998807907104,-37.284082361940904,1.8689245280256728e-06
grid-r015-c033,15,33,6.800000190734863,3.200000286102295,0.44999998807907104,-37.19247601628835,1.9087647160631604e-06
grid-r015-c034,15,34,7.0,3.200000286102295,0.44999998807907104,-37.72450545722737,1.688688143985928e-06
grid-r015-c035,15,35,7.199999809265137,3.200000286102295,0.44999998807907104,-37.718750882049235,1.6909272062548553e-06
grid-r015-c036,15,36,7.400000095367432,3.200000286102295,0.44999998807907104,-37.90598794124759,1.6195755279113655e-06
grid-r015-c037,15,37,7.599999904632568,3.200000286102295,0.44999998807907104,-37.79694445249825,1.6607549468972138e-06
grid-r015-c038,15,38,7.800000190734863,3.200000286102295,0.44999998807907104,-37.45941212701208,1.7949765833691345e-06
grid-r015-c039,15,39,8.0,3.200000286102295,0.44999998807907104,-38.438455480324336,1.4326973314382485e-06
grid-r015-c040,15,40,8.199999809265137,3.200000286102295,0.44999998807907104,-37.615621653016134,1.7315611557933153e-06
grid-r015-c041,15,41,8.399999618530273,3.200000286102295,0.44999998807907104,-38.59619323593211,1.381594756821869e-06
grid-r015-c042,15,42,8.600000381469727,3.200000286102295,0.44999998807907104,-38.31736856749945,1.473204861213162e-06
grid-r015-c043,15,43,8.800000190734863,3.200000286102295,0.44999998807907104,-37.74335205962987,1.6813758065836737e-06
grid-r015-c044,15,44,9.0,3.200000286102295,0.44999998807907104,-37.71764466873981,1.6913579656829825e-06
grid-r015-c045,15,45,9.199999809265137,3.200000286102295,0.44999998807907104,-38.33466825213074,1.4673481700810953e-06
grid-r015-c046,15,46,9.399999618530273,3.200000286102295,0.44999998807907104,-38.87829083898672,1.2947052709932905e-06
grid-r015-c047,15,47,9.600000381469727,3.200000286102295,0.44999998807907104,-38.52856910550824,1.4032759736437583e-06
grid-r015-c048,15,48,9.800000190734863,3.200000286102295,0.44999998807907104,-37.72685388931158,1.6877752386790235e-06
grid-r015-c049,15,49,10.0,3.200000286102295,0.44999998807907104,-39.498862505968155,1.1223123692616355e-06
grid-r015-c050,15,50,10.200000762939453,3.200000286102295,0.44999998807907104,-38.08262991249862,1.555023686705681e-06
grid-r015-c051,15,51,10.399999618530273,3.200000286102295,0.44999998807907104,-38.800986229728224,1.3179574125388172e-06
grid-r015-c052,15,52,10.600000381469727,3.200000286102295,0.44999998807907104,-38.25358149076504,1.495002265983203e-06
grid-r015-c053,15,53,10.800000190734863,3.200000286102295,0.44999998807907104,-37.78065201879223,1.6669969227223191e-06
grid-r015-c054,15,54,11.0,3.200000286102295,0.44999998807907104,-38.94616137119271,1.2746291986331926e-06
grid-r015-c055,15,55,11.200000762939453,3.200000286102295,0.44999998807907104,-38.24575187331065,1.4976999409554992e-06
grid-r015-c056,15,56,11.399999618530273,3.200000286102295,0.44999998807907104,-39.24961497859836,1.188607598123781e-06
grid-r015-c057,15,57,11.600000381469727,3.200000286102295,0.44999998807907104,-39.23261026290956,1.1932706911466084e-06
grid-r016-c000,16,0,0.19999980926513672,3.40000057220459,0.44999998807907104,-38.11289380823798,1.5442251424246933e-06
grid-r016-c001,16,1,0.40000009536743164,3.40000057220459,0.44999998807907104,-37.75108516015868,1.6783845921963803e-06
grid-r016-c002,16,2,0.5999999046325684,3.40000057220459,0.44999998807907104,-38.14898811050383,1.5314442407543538e-06
grid-r016-c003,16,3,0.7999997138977051,3.40000057220459,0.44999998807907104,-38.10115001810353,1.5484065443160944e-06
grid-r016-c004,16,4,1.0,3.40000057220459,0.44999998807907104,-38.04149127792934,1.5698236666139564e-06
grid-r016-c005,16,5,1.1999998092651367,3.40000057220459,0.44999998807907104,-38.27738916720072,1.4868292055325583e-06
grid-r016-c006,16,6,1.4000000953674316,3.40000057220459,0.44999998807907104,-38.36832264843207,1.4560213230652153e-06
grid-r016-c007,16,7,1.5999999046325684,3.40000057220459,0.44999998807907104,-38.16691658260596,1.5251351896949927e-06
grid-r016-c008,16,8,1.799999713897705,3.40000057220459,0.44999998807907104,-38.43627079666558,1.4334182196762413e-06
grid-r016-c009,16,9,2.0,3.40000057220459,0.44999998807907104,-38.15045559498242,1.5309268519558827e-06
grid-r016-c010,16,10,2.200000047683716,3.40000057220459,0.44999998807907104,-38.522036740274544,1.405388275088626e-06
grid-r016-c011,16,11,2.3999998569488525,3.40000057220459,0.44999998807907104,-38.46205182016316,1.424934225724428e-06
grid-r016-c012,16,12,2.5999999046325684,3.40000057220459,0.44999998807907104,-38.90834043729724,1.2857778983743628e-06
grid-r016-c013,16,13,2.799999952316284,3.40000057220459,0.44999998807907104,-38.65040099137701,1.3644571481563617e-06
grid-r016-c014,16,14,3.0,3.40000057220459,0.44999998807907104,-38.582155007389375,1.3860678791388636e-06
grid-r016-c015,16,15,3.200000047683716,3.40000057220459,0.44999998807907104,-38.813952873853864,1.3140282817403204e-06
grid-r016-c016,16,16,3.3999998569488525,3.40000057220459,0.44999998807907104,-38.53626690387998,1.4007908930580015e-06
grid-r016-c017,16,17,3.5999999046325684,3.40000057220459,0.44999998807907104,-38.806746112541205,1.3162106142772245e-06
grid-r016-c018,16,18,3.799999952316284,3.40000057220459,0.44999998807907104,-38.60789594530389,1.377876856167859e-06
grid-r016-c019,16,19,4.0,3.40000057220459,0.44999998807907104,-38.708691943918325,1.3462657761920127e-06
grid-r016-c020,16,20,4.199999809265137,3.40000057220459,0.44999998807907104,-38.58555817639636,1.3849821698386222e-06
grid-r016-c021,16,21,4.400000095367432,3.40000057220459,0.44999998807907104,-39.12221682538082,1.2239912621225812e-06
grid-r016-c022,16,22,4.599999904632568,3.40000057220459,0.44999998807907104,-39.00425262871344,1.2576932704178034e-06
grid-r016-c023,16,23,4.800000190734863,3.40000057220459,0.44999998807907104,-38.563307403538545,1.39209623739589e-06
grid-r016-c024,16,24,5.0,3.40000057220459,0.44999998807907104,-37.74836667466916,1.6794355133242789e-06
grid-r016-c025,16,25,5.199999809265137,3.40000057220459,0.44999998807907104,-37.68269639843025,1.7050234646376339e-06
grid-r016-c026,16,26,5.400000095367432,3.40000057220459,0.44999998807907104,-37.274717450157326,1.8729589328358998e-06
grid-r016-c027,16,27,5.599999904632568,3.40000057220459,0.44999998807907104,-37.467446783550415,1.7916588603839045e-06
grid-r016-c028,16,28,5.800000190734863,3.40000057220459,0.44999998807907104,-37.80153355764257,1.6590009863648447e-06
grid-r016-c029,16,29,6.0,3.40000057220459,0.44999998807907104,-37.78536536150409,1.6651887335683568e-06
grid-r016-c030,16,30,6.199999809265137,3.40000057220459,0.44999998807907104,-37.39861781094325,1.82028009021451e-06
grid-r016-c031,16,31,6.400000095367432,3.40000057220459,0.44999998807907104,-37.40706434520859,1.8167432926929905e-06
grid-r016-c032,16,32,6.599999904632568,3.40000057220459,0.44999998807907104,-37.99555740282132,1.5865152818150818e-06
grid-r016-c033,16,33,6.800000190734863,3.40000057220459,0.44999998807907104,-38.00631547110736,1.5825901300559053e-06
grid-r016-c034,16,34,7.0,3.40000057220459,0.44999998807907104,-37.853991907686684,1.639082483961829e-06
grid-r016-c035,16,35,7.199999809265137,3.40000057220459,0.44999998807907104,-37.72123059411891,1.6899620050025987e-06
grid-r016-c036,16,36,7.400000095367432,3.40000057220459,0.44999998807907104,-37.68451561284501,1.7043093976099044e-06
grid-r016-c037,16,37,7.599999904632568,3.40000057220459,0.44999998807907104,-37.791532877665105,1.6628256389594753e-06
grid-r016-c038,16,38,7.800000190734863,3.40000057220459,0.44999998807907104,-37.75849228100129,1.6755244587329798e-06
grid-r016-c039,16,39,8.0,3.40000057220459,0.44999998807907104,-38.128513514352875,1.5386812037831987e-06
grid-r016-c040,16,40,8.199999809265137,3.40000057220459,0.44999998807907104,-37.83722699470395,1.6454220030936995e-06
grid-r016-c041,16,41,8.399999618530273,3.40000057220459,0.44999998807907104,-38.11607437131292,1.5430946405103896e-06
grid-r016-c042,16,42,8.600000381469727,3.40000057220459,0.44999998807907104,-38.41844101474314,1.4393151559488615e-06
grid-r016-c043,16,43,8.800000190734863,3.40000057220459,0.44999998807907104,-38.66119514088689,1.3610700762001215e-06
grid-r016-c044,16,44,9.0,3.40000057220459,0.44999998807907104,-38.85360883412937,1.3020843425692874e-06
grid-r016-c045,16,45,9.199999809265137,3.40000057220459,0.44999998807907104,-38.18606282046383,1.5184263020273647e-06
grid-r016-c046,16,46,9.399999618530273,3.40000057220459,0.44999998807907104,-37.80841707991135,1.6563735698582605e-06
grid-r016-c047,16,47,9.600000381469727,3.40000057220459,0.44999998807907104,-38.66322341771733,1.3604345667772577e-06
grid-r016-c048,16,48,9.800000190734863,3.40000057220459,0.44999998807907104,-38.604144767729224,1.3790674984193174e-06
grid-r016-c049,16,49,10.0,3.40000057220459,0.44999998807907104,-37.87144114060527,1.6325101341863046e-06
grid-r016-c050,16,50,10.200000762939453,3.40000057220459,0.44999998807907104,-38.5815904461775,1.3862480727766524e-06
grid-r016-c051,16,51,10.399999618530273,3.40000057220459,0.44999998807907104,-38.354011513417674,1.4608272067562211e-06
grid-r016-c052,16,52,10.600000381469727,3.40000057220459,0.44999998807907104,-39.20797426191928,1.2000589322269661e-06
grid-r016-c053,16,53,10.800000190734863,3.40000057220459,0.44999998807907104,-39.23581689697421,1.192389959214779e-06
grid-r016-c054,16,54,11.0,3.40000057220459,0.44999998807907104,-38.798579950992405,1.3186878504711785e-06
grid-r016-c055,16,55,11.200000762939453,3.40000057220459,0.44999998807907104,-39.5371198493363,1.1124692491648602e-06
grid-r016-c056,16,56,11.399999618530273,3.40000057220459,0.44999998807907104,-38.977635902725225,1.2654249985644128e-06
grid-r016-c057,16,57,11.600000381469727,3.40000057220459,0.44999998807907104,-39.318782795052414,1.1698272146531963e-06
grid-r017-c000,17,0,0.19999980926513672,3.6000003814697266,0.44999998807907104,-37.76535686014011,1.6728781702113338e-06
grid-r017-c001,17,1,0.40000009536743164,3.6000003814697266,0.44999998807907104,-38.158457605240905,1.5281086689356016e-06
grid-r017-c002,17,2,0.5999999046325684,3.6000003814697266,0.44999998807907104,-38.03604035260172,1.5717952237537247e-06
grid-r017-c003,17,3,0.7999997138977051,3.6000003814697266,0.44999998807907104,-38.24276681554397,1.4987297163315816e-06
grid-r017-c004,17,4,1.0,3.6000003814697266,0.44999998807907104,-38.2626720878866,1.4918762190063717e-06
grid-r017-c005,17,5,1.1999998092651367,3.6000003814697266,0.44999998807907104,-38.0732512739786,1.5583854064971092e-06
grid-r017-c006,17,6,1.4000000953674316,3.6000003814697266,0.44999998807907104,-38.37609531046762,1.4534177807945525e-06
grid-r017-c007,17,7,1.5999999046325684,3.6000003814697266,0.44999998807907104,-38.392397818115185,1.4479721812676871e-06
grid-r017-c008,17,8,1.799999713897705,3.6000003814697266,0.44999998807907104,-38.32200574766392,1.4716326859343098e-06
grid-r017-c009,17,9,2.0,3.6000003814697266,0.44999998807907104,-38.46808367160011,1.4229565294954227e-06
grid-r017-c010,17,10,2.200000047683716,3.6000003814697266,0.44999998807907104,-38.39700866660362,1.4464357036558795e-06
grid-r017-c011,17,11,2.3999998569488525,3.6000003814697266,0.44999998807907104,-38.48952950943183,1.4159471675156965e-06
grid-r017-c012,17,12,2.5999999046325684,3.6000003814697266,0.44999998807907104,-38.40248970999674,1.4446113709709607e-06
grid-r017-c013,17,13,2.799999952316284,3.6000003814697266,0.44999998807907104,-38.742503206522514,1.335825345449848e-06
grid-r017-c014,17,14,3.0,3.6000003814697266,0.44999998807907104,-38.703860205769054,1.347764396086859e-06
grid-r017-c015,17,15,3.200000047683716,3.6000003814697266,0.44999998807907104,-38.45150651832277,1.4283983773566433e-06
grid-r017-c016,17,16,3.3999998569488525,3.6000003814697266,0.44999998807907104,-38.70211020128865,1.348307591797493e-06
grid-r017-c017,17,17,3.5999999046325684,3.6000003814697266,0.44999998807907104,-38.371120100295556,1.455083747714525e-06
grid-r017-c018,17,18,3.799999952316284,3.6000003814697266,0.44999998807907104,-38.73298101738775,1.3387574426815263e-06
grid-r017-c019,17,19,4.0,3.6000003814697266,0.44999998807907104,-38.52709406985834,1.403752662554325e-06
grid-r017-c020,17,20,4.199999809265137,3.6000003814697266,0.44999998807907104,-38.793438168301265,1.3202500213083113e-06
grid-r017-c021,17,21,4.400000095367432,3.6000003814697266,0.44999998807907104,-38.851668579866036,1.3026661918047466e-06
grid-r017-c022,17,22,4.599999904632568,3.6000003814697266,0.44999998807907104,-39.018496110216375,1.2535751920950133e-06
grid-r017-c023,17,23,4.800000190734863,3.6000003814697266,0.44999998807907104,-39.18072722613955,1.207611603604164e-06
grid-r017-c024,17,24,5.0,3.6000003814697266,0.44999998807907104,-38.75306955121087,1.3325792451723828e-06
grid-r017-c025,17,25,5.199999809265137,3.6000003814697266,0.44999998807907104,-39.09615082767755,1.2313596471358323e-06
grid-r017-c026,17,26,5.400000095367432,3.6000003814697266,0.44999998807907104,-38.17573720596596,1.522040747659048e-06
grid-r017-c027,17,27,5.599999904632568,3.6000003814697266,0.44999998807907104,-38.25378658549532,1.4949316664569778e-06
grid-r017-c028,17,28,5.800000190734863,3.6000003814697266,0.44999998807907104,-37.6087125303382,1.7343180616080645e-06
grid-r017-c029,17,29,6.0,3.6000003814697266,0.44999998807907104,-37.40293893975262,1.8184698546974687e-06
grid-r017-c030,17,30,6.199999809265137,3.6000003814697266,0.44999998807907104,-37.791832486028355,1.6627109289402142e-06
grid-r017-c031,17,31,6.400000095367432,3.6000003814697266,0.44999998807907104,-37.77657993529751,1.66856068517518e-06
grid-r017-c032,17,32,6.599999904632568,3.6000003814697266,0.44999998807907104,-37.48236055438768,1.7855168152891565e-06
grid-r017-c033,17,33,6.800000190734863,3.6000003814697266,0.44999998807907104,-37.851833551230676,1.6398972775277798e-06
grid-r017-c034,17,34,7.0,3.6000003814697266,0.44999998807907104,-37.550870659795386,1.7575712263351306e-06
grid-r017-c035,17,35,7.199999809265137,3.6000003814697266,0.44999998807907104,-37.517156423609464,1.7712683302306687e-06
grid-r017-c036,17,36,7.400000095367432,3.6000003814697266,0.44999998807907104,-38.67715593006922,1.3560771776610636e-06
grid-r017-c037,17,37,7.599999904632568,3.6000003814697266,0.44999998807907104,-37.62806067617669,1.7266087297684862e-06
grid-r017-c038,17,38,7.800000190734863,3.6000003814697266,0.44999998807907104,-38.6313232599021,1.3704641332878964e-06
grid-r017-c039,17,39,8.0,3.6000003814697266,0.44999998807907104,-37.518821977285796,1.7705891650621197e-06
grid-r017-c040,17,40,8.199999809265137,3.6000003814697266,0.44999998807907104,-38.85250326062782,1.3024158533880836e-06
grid-r017-c041,17,41,8.399999618530273,3.6000003814697266,0.44999998807907104,-37.60232262184188,1.7368716953569674e-06
grid-r017-c042,17,42,8.600000381469727,3.6000003814697266,0.44999998807907104,-37.687069185504996,1.7033075891959015e-06
grid-r017-c043,17,43,8.800000190734863,3.6000003814697266,0.44999998807907104,-38.6914444996824,1.3516229273591307e-06
grid-r017-c044,17,44,9.0,3.6000003814697266,0.44999998807907104,-38.174006927012144,1.5226472669382929e-06
grid-r017-c045,17,45,9.199999809265137,3.6000003814697266,0.44999998807907104,-38.88311454165817,1.2932680419908138e-06
grid-r017-c046,17,46,9.399999618530273,3.6000003814697266,0.44999998807907104,-38.860620001576265,1.2999839782423805e-06
grid-r017-c047,17,47,9.600000381469727,3.6000003814697266,0.44999998807907104,-37.69097895553226,1.7017748632497387e-06
grid-r017-c048,17,48,9.800000190734863,3.6000003814697266,0.44999998807907104,-38.52888472195927,1.403173996550322e-06
grid-r017-c049,17,49,10.0,3.6000003814697266,0.44999998807907104,-38.60744411371853,1.3780202152702259e-06
grid-r017-c050,17,50,10.200000762939453,3.6000003814697266,0.44999998807907104,-38.39460318192433,1.4472370821749792e-06
grid-r017-c051,17,51,10.399999618530273,3.6000003814697266,0.44999998807907104,-38.585046996333,1.385145196763915e-06
grid-r017-c052,17,52,10.600000381469727,3.6000003814697266,0.44999998807907104,-38.76314394332014,1.3294916243467014e-06
grid-r017-c053,17,53,10.800000190734863,3.6000003814697266,0.44999998807907104,-38.25182817757777,1.4956059430915047e-06
grid-r017-c054,17,54,11.0,3.6000003814697266,0.44999998807907104,-38.566295112449126,1.3911388805354363e-06
grid-r017-c055,17,55,11.200000762939453,3.6000003814697266,0.44999998807907104,-38.754043734660854,1.3322803624760127e-06
grid-r017-c056,17,56,11.399999618530273,3.6000003814697266,0.44999998807907104,-38.29926668026552,1.4793581613048445e-06
grid-r017-c057,17,57,11.600000381469727,3.6000003814697266,0.44999998807907104,-38.92605152912938,1.2805450069208746e-06
grid-r018-c000,18,0,0.19999980926513672,3.8000006675720215,0.44999998807907104,-38.18924277536479,1.5173148995017982e-06
grid-r018-c001,18,1,0.40000009536743164,3.8000006675720215,0.44999998807907104,-37.99707573902851,1.5859607174206758e-06
grid-r018-c002,18,2,0.5999999046325684,3.8000006675720215,0.44999998807907104,-38.07932557264821,1.5562072803732008e-06
grid-r018-c003,18,3,0.7999997138977051,3.8000006675720215,0.44999998807907104,-38.26264528106123,1.4918854276402271e-06
grid-r018-c004,18,4,1.0,3.8000006675720215,0.44999998807907104,-38.00357964890588,1.5835873909963993e-06
grid-r018-c005,18,5,1.1999998092651367,3.8000006675720215,0.44999998807907104,-38.16918945491252,1.5243372217810247e-06
grid-r018-c006,18,6,1.4000000953674316,3.8000006675720215,0.44999998807907104,-38.235890013499926,1.5011047480584239e-06
grid-r018-c007,18,7,1.5999999046325684,3.8000006675720215,0.44999998807907104,-38.389668074557534,1.4488825854641618e-06
grid-r018-c008,18,8,1.799999713897705,3.8000006675720215,0.44999998807907104,-38.441784403236994,1.4315995713332086e-06
grid-r018-c009,18,9,2.0,3.8000006675720215,0.44999998807907104,-38.1061061240547,1.5466405329789268e-06
grid-r018-c010,18,10,2.200000047683716,3.8000006675720215,0.44999998807907104,-38.591642414694995,1.38304324082128e-06
grid-r018-c011,18,11,2.3999998569488525,3.8000006675720215,0.44999998807907104,-38.36305928949695,1.4577869933418697e-06
grid-r018-c012,18,12,2.5999999046325684,3.8000006675720215,0.44999998807907104,-38.70282762516233,1.3480848792823963e-06
grid-r018-c013,18,13,2.799999952316284,3.8000006675720215,0.44999998807907104,-38.31768294388148,1.4730982229593792e-06
grid-r018-c014,18,14,3.0,3.8000006675720215,0.44999998807907104,-38.65323379241448,1.3635674349643523e-06
grid-r018-c015,18,15,3.200000047683716,3.8000006675720215,0.44999998807907104,-38.6224247329191,1.3732750403505634e-06
grid-r018-c016,18,16,3.3999998569488525,3.8000006675720215,0.44999998807907104,-38.53661022246256,1.4006801620780607e-06
grid-r018-c017,18,17,3.5999999046325684,3.8000006675720215,0.44999998807907104,-38.70558379593707,1.3472296132022166e-06
grid-r018-c018,18,18,3.799999952316284,3.8000006675720215,0.44999998807907104,-38.355781894413624,1.460231828787073e-06
grid-r018-c019,18,19,4.0,3.8000006675720215,0.44999998807907104,-38.559889723697154,1.3931921785115264e-06
grid-r018-c020,18,20,4.199999809265137,3.8000006675720215,0.44999998807907104,-38.434949012767696,1.4338545497594168e-06
grid-r018-c021,18,21,4.400000095367432,3.8000006675720215,0.44999998807907104,-38.792059554824434,1.3206691846789909e-06
grid-r018-c022,18,22,4.599999904632568,3.8000006675720215,0.44999998807907104,-39.18775618852877,1.205658691105782e-06
grid-r018-c023,18,23,4.800000190734863,3.8000006675720215,0.44999998807907104,-39.35873361662473,1.1591152997425525e-06
grid-r018-c024,18,24,5.0,3.8000006675720215,0.44999998807907104,-38.94310930145327,1.2755252782881144e-06
grid-r018-c025,18,25,5.199999809265137,3.8000006675720215,0.44999998807907104,-38.929893473499405,1.2794126860171673e-06
grid-r018-c026,18,26,5.400000095367432,3.8000006675720215,0.44999998807907104,-39.06174648524284,1.2411530860845232e-06
grid-r018-c027,18,27,5.599999904632568,3.8000006675720215,0.44999998807907104,-38.774809901686154,1.3259251545605366e-06
grid-r018-c028,18,28,5.800000190734863,3.8000006675720215,0.44999998807907104,-38.52980953633231,1.4028752275407896e-06
grid-r018-c029,18,29,6.0,3.8000006675720215,0.44999998807907104,-38.85306245759028,1.3022481653024442e-06
grid-r018-c030,18,30,6.199999809265137,3.8000006675720215,0.44999998807907104,-37.871927490664945,1.6323273257512483e-06
grid-r018-c031,18,31,6.400000095367432,3.8000006675720215,0.44999998807907104,-37.59977718657954,1.73788998836244e-06
grid-r018-c032,18,32,6.599999904632568,3.8000006675720215,0.44999998807907104,-39.06713131471486,1.2396151305438252e-06
grid-r018-c033,18,33,6.800000190734863,3.8000006675720215,0.44999998807907104,-37.71042427592051,1.694172283350781e-06
grid-r018-c034,18,34,7.0,3.8000006675720215,0.44999998807907104,-38.207234638629295,1.5110420008568326e-06
grid-r018-c035,18,35,7.199999809265137,3.8000006675720215,0.44999998807907104,-38.29195903613779,1.481849494666676e-06
grid-r018-c036,18,36,7.400000095367432,3.8000006675720215,0.44999998807907104,-38.45777364861583,1.426338599230803e-06
grid-r018-c037,18,37,7.599999904632568,3.8000006675720215,0.44999998807907104,-38.28257957811671,1.485053303440509e-06
grid-r018-c038,18,38,7.800000190734863,3.8000006675720215,0.44999998807907104,-38.218799718786336,1.5070235122038866e-06
grid-r018-c039,18,39,8.0,3.8000006675720215,0.44999998807907104,-38.33142645267603,1.4684438838230562e-06
grid-r018-c040,18,40,8.199999809265137,3.8000006675720215,0.44999998807907104,-37.895012409404806,1.6236737110375543e-06
grid-r018-c041,18,41,8.399999618530273,3.8000006675720215,0.44999998807907104,-38.800484265440154,1.3181097529013641e-06
grid-r018-c042,18,42,8.600000381469727,3.8000006675720215,0.44999998807907104,-39.2388497931813,1.1915575441889814e-06
grid-r018-c043,18,43,8.800000190734863,3.8000006675720215,0.44999998807907104,-37.378668853194206,1.8286606291439966e-06
grid-r018-c044,18,44,9.0,3.8000006675720215,0.44999998807907104,-38.86368037944421,1.299068230764533e-06
grid-r018-c045,18,45,9.199999809265137,3.8000006675720215,0.44999998807907104,-39.17149002763437,1.2101828588129138e-06
grid-r018-c046,18,46,9.399999618530273,3.8000006675720215,0.44999998807907104,-38.296854672039935,1.480180003454734e-06
grid-r018-c047,18,47,9.600000381469727,3.8000006675720215,0.44999998807907104,-39.154134420005846,1.2150287602707976e-06
grid-r018-c048,18,48,9.800000190734863,3.8000006675720215,0.44999998807907104,-37.878120207871966,1.6300014067383017e-06
grid-r018-c049,18,49,10.0,3.8000006675720215,0.44999998807907104,-39.785647338074,1.0505948466743575e-06
grid-r018-c050,18,50,10.200000762939453,3.8000006675720215,0.44999998807907104,-38.23411061975196,1.5017199075373355e-06
grid-r018-c051,18,51,10.399999618530273,3.8000006675720215,0.44999998807907104,-39.12927811194475,1.2220027656439925e-06
grid-r018-c052,18,52,10.600000381469727,3.8000006675720215,0.44999998807907104,-40.04237753983219,9.902896636049263e-07
grid-r018-c053,18,53,10.800000190734863,3.8000006675720215,0.44999998807907104,-39.19450737853205,1.2037859278279939e-06
grid-r018-c054,18,54,11.0,3.8000006675720215,0.44999998807907104,-38.14558491376766,1.532644773760694e-06
grid-r018-c055,18,55,11.200000762939453,3.8000006675720215,0.44999998807907104,-40.669086760064,8.572180831833975e-07
grid-r018-c056,18,56,11.399999618530273,3.8000006675720215,0.44999998807907104,-38.98121995691006,1.264381126020453e-06
grid-r018-c057,18,57,11.600000381469727,3.8000006675720215,0.44999998807907104,-39.26468569084549,1.1844900882351794e-06
grid-r019-c000,19,0,0.19999980926513672,4.000000476837158,0.44999998807907104,-38.16117542401674,1.5271526763172005e-06
grid-r019-c001,19,1,0.40000009536743164,4.000000476837158,0.44999998807907104,-38.31766786133919,1.4731033388670767e-06
grid-r019-c002,19,2,0.5999999046325684,4.000000476837158,0.44999998807907104,-37.95474474394276,1.6014947732401197e-06
grid-r019-c003,19,3,0.7999997138977051,4.000000476837158,0.44999998807907104,-38.24370020829265,1.4984076415203162e-06
grid-r019-c004,19,4,1.0,4.000000476837158,0.44999998807907104,-38.330693195798275,1.468691834816127e-06
grid-r019-c005,19,5,1.1999998092651367,4.000000476837158,0.44999998807907104,-38.02574245479931,1.5755266531414236e-06
grid-r019-c006,19,6,1.4000000953674316,4.000000476837158,0.44999998807907104,-38.34406152903721,1.4641778989243903e-06
grid-r019-c007,19,7,1.5999999046325684,4.000000476837158,0.44999998807907104,-38.040635248009764,1.5701331221862347e-06
grid-r019-c008,19,8,1.799999713897705,4.000000476837158,0.44999998807907104,-38.456102728931114,1.426887479283323e-06
grid-r019-c009,19,9,2.0,4.000000476837158,0.44999998807907104,-38.524797909193104,1.4044950376046472e-06
grid-r019-c010,19,10,2.200000047683716,4.000000476837158,0.44999998807907104,-38.32147031952936,1.4718141301273135e-06
grid-r019-c011,19,11,2.3999998569488525,4.000000476837158,0.44999998807907104,-38.57157448219377,1.3894488120058668e-06
grid-r019-c012,19,12,2.5999999046325684,4.000000476837158,0.44999998807907104,-38.380241710153776,1.4520308013743488e-06
grid-r019-c013,19,13,2.799999952316284,4.000000476837158,0.44999998807907104,-38.53423151874005,1.4014475482326816e-06
grid-r019-c014,19,14,3.0,4.000000476837158,0.44999998807907104,-38.41106448076232,1.4417619240703061e-06
grid-r019-c015,19,15,3.200000047683716,4.000000476837158,0.44999998807907104,-38.72674132489352,1.340682274530991e-06
grid-r019-c016,19,16,3.3999998569488525,4.000000476837158,0.44999998807907104,-38.51387595962076,1.4080316077524913e-06
grid-r019-c017,19,17,3.5999999046325684,4.000000476837158,0.44999998807907104,-38.42054638854546,1.4386175735126017e-06
grid-r019-c018,19,18,3.799999952316284,4.000000476837158,0.44999998807907104,-38.79449439177975,1.3199289696785854e-06
grid-r019-c019,19,19,4.0,4.000000476837158,0.44999998807907104,-38.50195842795391,1.411900711900671e-06
grid-r019-c020,19,20,4.199999809265137,4.000000476837158,0.44999998807907104,-38.37595841085162,1.4534635965901543e-06
grid-r019-c021,19,21,4.400000095367432,4.000000476837158,0.44999998807907104,-38.82027933933715,1.3121155006956542e-06
grid-r019-c022,19,22,4.599999904632568,4.000000476837158,0.44999998807907104,-39.00738137974601,1.2567875273816753e-06
grid-r019-c023,19,23,4.800000190734863,4.000000476837158,0.44999998807907104,-39.23223871631659,1.1933727819268825e-06
grid-r019-c024,19,24,5.0,4.000000476837158,0.44999998807907104,-38.836214306918784,1.3073099580651615e-06
grid-r019-c025,19,25,5.199999809265137,4.000000476837158,0.44999998807907104,-39.20731932082683,1.200239921672619e-06
grid-r019-c026,19,26,5.400000095367432,4.000000476837158,0.44999998807907104,-39.03515055577826,1.2487771527958103e-06
grid-r019-c027,19,27,5.599999904632568,4.000000476837158,0.44999998807907104,-38.93409611547242,1.2781752047885675e-06
grid-r019-c028,19,28,5.800000190734863,4.000000476837158,0.44999998807907104,-39.3546642070814,1.1602019185374957e-06
grid-r019-c029,19,29,6.0,4.000000476837158,0.44999998807907104,-38.86349528974809,1.2991235962545034e-06
grid-r019-c030,19,30,6.199999809265137,4.000000476837158,0.44999998807907104,-39.1631413140346,1.2125115063099656e-06
grid-r019-c031,19,31,6.400000095367432,4.000000476837158,0.44999998807907104,-38.448922465415755,1.4292485275291256e-06
grid-r019-c032,19,32,6.599999904632568,4.000000476837158,0.44999998807907104,-38.65541340364221,1.3628832675749436e-06
grid-r019-c033,19,33,6.800000190734863,4.000000476837158,0.44999998807907104,-37.69216487807859,1.7013102251439705e-06
grid-r019-c034,19,34,7.0,4.000000476837158,0.44999998807907104,-37.986450441593114,1.5898456240392989e-06
grid-r019-c035,19,35,7.199999809265137,4.000000476837158,0.44999998807907104,-38.927688183053135,1.280062519981584e-06
grid-r019-c036,19,36,7.400000095367432,4.000000476837158,0.44999998807907104,-37.95721490340562,1.6005841416699695e-06
grid-r019-c037,19,37,7.599999904632568,4.000000476837158,0.44999998807907104,-38.8446574573933,1.304770876231487e-06
grid-r019-c038,19,38,7.800000190734863,4.000000476837158,0.44999998807907104,-37.765857153686575,1.6726854710213956e-06
grid-r019-c039,19,39,8.0,4.000000476837158,0.44999998807907104,-39.05189134068456,1.2439727470336948e-06
grid-r019-c040,19,40,8.199999809265137,4.000000476837158,0.44999998807907104,-38.17511928589497,1.5222573210849077e-06
grid-r019-c041,19,41,8.399999618530273,4.000000476837158,0.44999998807907104,-38.052038810558614,1.566015725984471e-06
grid-r019-c042,19,42,8.600000381469727,4.000000476837158,0.44999998807907104,-39.1251334473793,1.2231695336595294e-06
grid-r019-c043,19,43,8.800000190734863,4.000000476837158,0.44999998807907104,-38.99551138539343,1.2602272363437805e-06
grid-r019-c044,19,44,9.0,4.000000476837158,0.44999998807907104,-37.90515637648298,1.61988566560467e-06
grid-r019-c045,19,45,9.199999809265137,4.000000476837158,0.44999998807907104,-38.593437742559914,1.3824716234012158e-06
grid-r019-c046,19,46,9.399999618530273,4.000000476837158,0.44999998807907104,-38.52535619000383,1.4043145029063453e-06
grid-r019-c047,19,47,9.600000381469727,4.000000476837158,0.44999998807907104,-38.330763792862605,1.4686679605802055e-06
grid-r019-c048,19,48,9.800000190734863,4.000000476837158,0.44999998807907104,-38.70796401695518,1.3464914445648901e-06
grid-r019-c049,19,49,10.0,4.000000476837158,0.44999998807907104,-38.42979693298207,1.4355565554069472e-06
grid-r019-c050,19,50,10.200000762939453,4.000000476837158,0.44999998807907104,-38.98580445485146,1.2630471246666275e-06
grid-r019-c051,19,51,10.399999618530273,4.000000476837158,0.44999998807907104,-39.020853226250225,1.252895003744925e-06
grid-r019-c052,19,52,10.600000381469727,4.000000476837158,0.44999998807907104,-38.50874537782235,1.4096959830567357e-06
grid-r019-c053,19,53,10.800000190734863,4.000000476837158,0.44999998807907104,-38.67787506957485,1.3558526461565634e-06
grid-r019-c054,19,54,11.0,4.000000476837158,0.44999998807907104,-38.86075255426835,1.2999443015360157e-06
grid-r019-c055,19,55,11.200000762939453,4.000000476837158,0.44999998807907104,-38.811067382313425,1.3149016240276978e-06
grid-r019-c056,19,56,11.399999618530273,4.000000476837158,0.44999998807907104,-39.44043768578557,1.1375126405255287e-06
grid-r019-c057,19,57,11.600000381469727,4.000000476837158,0.44999998807907104,-39.33647984601442,1.1650699889287353e-06
grid-r020-c000,20,0,0.19999980926513672,4.200000762939453,0.44999998807907104,-38.083825184828875,1.5545957694484969e-06
grid-r020-c001,20,1,0.40000009536743164,4.200000762939453,0.44999998807907104,-38.21604855662106,1.5079784816407482e-06
grid-r020-c002,20,2,0.5999999046325684,4.200000762939453,0.44999998807907104,-37.966741402192326,1.5970770164130954e-06
grid-r020-c003,20,3,0.7999997138977051,4.200000762939453,0.44999998807907104,-38.41451503755096,1.440616870240774e-06
grid-r020-c004,20,4,1.0,4.200000762939453,0.44999998807907104,-38.35685962109754,1.4598695088352542e-06
grid-r020-c005,20,5,1.1999998092651367,4.200000762939453,0.44999998807907104,-38.635496818724945,1.3691477533939178e-06
grid-r020-c006,20,6,1.4000000953674316,4.200000762939453,0.44999998807907104,-38.07872565921347,1.5564222621833324e-06
grid-r020-c007,20,7,1.5999999046325684,4.200000762939453,0.44999998807907104,-38.406576556999454,1.443252585886512e-06
grid-r020-c008,20,8,1.799999713897705,4.200000762939453,0.44999998807907104,-38.57057038928984,1.389770091009268e-06
grid-r020-c009,20,9,2.0,4.200000762939453,0.44999998807907104,-38.367407177092765,1.4563282775270636e-06
grid-r020-c010,20,10,2.200000047683716,4.200000762939453,0.44999998807907104,-38.5091800507082,1.4095548976911232e-06
grid-r020-c011,20,11,2.3999998569488525,4.200000762939453,0.44999998807907104,-38.236710075673685,1.5008213267719839e-06
grid-r020-c012,20,12,2.5999999046325684,4.200000762939453,0.44999998807907104,-38.69991215772977,1.3489901675711735e-06
grid-r020-c013,20,13,2.799999952316284,4.200000762939453,0.44999998807907104,-38.37514117934869,1.4537371271217125e-06
grid-r020-c014,20,14,3.0,4.200000762939453,0.44999998807907104,-38.71641437795606,1.3438740325000254e-06
grid-r020-c015,20,15,3.200000047683716,4.200000762939453,0.44999998807907104,-38.4195532770548,1.438946583220968e-06
grid-r020-c016,20,16,3.3999998569488525,4.200000762939453,0.44999998807907104,-38.58449667166931,1.3853207292413572e-06
grid-r020-c017,20,17,3.5999999046325684,4.200000762939453,0.44999998807907104,-38.480669112667,1.4188389059199835e-06
grid-r020-c018,20,18,3.799999952316284,4.200000762939453,0.44999998807907104,-38.60189053415263,1.3797834981232882e-06
grid-r020-c019,20,19,4.0,4.200000762939453,0.44999998807907104,-38.539765512239576,1.3996628922541277e-06
grid-r020-c020,20,20,4.199999809265137,4.200000762939453,0.44999998807907104,-38.93939140137967,1.2766176951117814e-06
grid-r020-c021,20,21,4.400000095367432,4.200000762939453,0.44999998807907104,-38.34934275225968,1.4623984725403716e-06
grid-r020-c022,20,22,4.599999904632568,4.200000762939453,0.44999998807907104,-39.03840808828132,1.247840828000335e-06
grid-r020-c023,20,23,4.800000190734863,4.200000762939453,0.44999998807907104,-39.131668655052565,1.221330307998869e-06
grid-r020-c024,20,24,5.0,4.200000762939453,0.44999998807907104,-39.01207854000543,1.255428969670902e-06
grid-r020-c025,20,25,5.199999809265137,4.200000762939453,0.44999998807907104,-39.109415433964244,1.2276044571990496e-06
grid-r020-c026,20,26,5.400000095367432,4.200000762939453,0.44999998807907104,-38.95811030506621,1.2711270755971782e-06
grid-r020-c027,20,27,5.599999904632568,4.200000762939453,0.44999998807907104,-38.80542401918142,1.3166113603801932e-06
grid-r020-c028,20,28,5.800000190734863,4.200000762939453,0.44999998807907104,-39.05181196094705,1.243995484401239e-06
grid-r020-c029,20,29,6.0,4.200000762939453,0.44999998807907104,-39.01933511736637,1.2533330391306663e-06
grid-r020-c030,20,30,6.199999809265137,4.200000762939453,0.44999998807907104,-39.33132632582347,1.1664533303701319e-06
grid-r020-c031,20,31,6.400000095367432,4.200000762939453,0.44999998807907104,-39.10822872038033,1.2279399470571661e-06
grid-r020-c032,20,32,6.599999904632568,4.200000762939453,0.44999998807907104,-39.38218666703598,1.1528726417964208e-06
grid-r020-c033,20,33,6.800000190734863,4.200000762939453,0.44999998807907104,-39.242512221551074,1.190553120977711e-06
grid-r020-c034,20,34,7.0,4.200000762939453,0.44999998807907104,-39.305072360039816,1.1735261296053068e-06
grid-r020-c035,20,35,7.199999809265137,4.200000762939453,0.44999998807907104,-38.510863811741686,1.409008518749033e-06
grid-r020-c036,20,36,7.400000095367432,4.200000762939453,0.44999998807907104,-37.82887578279741,1.6485890910189482e-06
grid-r020-c037,20,37,7.599999904632568,4.200000762939453,0.44999998807907104,-39.272756838562486,1.1822908163594548e-06
grid-r020-c038,20,38,7.800000190734863,4.200000762939453,0.44999998807907104,-38.52792246250502,1.4034849300514907e-06
grid-r020-c039,20,39,8.0,4.200000762939453,0.44999998807907104,-38.667952726505,1.3589539094027714e-06
grid-r020-c040,20,40,8.199999809265137,4.200000762939453,0.44999998807907104,-38.631311010775356,1.370467998640379e-06
grid-r020-c041,20,41,8.399999618530273,4.200000762939453,0.44999998807907104,-38.75196741996446,1.3329174635146046e-06
grid-r020-c042,20,42,8.600000381469727,4.200000762939453,0.44999998807907104,-38.912062200575484,1.2846765002905158e-06
grid-r020-c043,20,43,8.800000190734863,4.200000762939453,0.44999998807907104,-38.35372153315572,1.4609247500629863e-06
grid-r020-c044,20,44,9.0,4.200000762939453,0.44999998807907104,-39.3878314480056,1.1513751587699517e-06
grid-r020-c045,20,45,9.199999809265137,4.200000762939453,0.44999998807907104,-38.214075343781715,1.5086637858985341e-06
grid-r020-c046,20,46,9.399999618530273,4.200000762939453,0.44999998807907104,-38.35373910716589,1.4609188383474248e-06
grid-r020-c047,20,47,9.600000381469727,4.200000762939453,0.44999998807907104,-38.949787765153545,1.2735653172057937e-06
grid-r020-c048,20,48,9.800000190734863,4.200000762939453,0.44999998807907104,-39.62533932271681,1.0900993174800533e-06
grid-r020-c049,20,49,10.0,4.200000762939453,0.44999998807907104,-38.368059854504715,1.4561094303644495e-06
grid-r020-c050,20,50,10.200000762939453,4.200000762939453,0.44999998807907104,-38.99023844547657,1.2617582569873775e-06
grid-r020-c051,20,51,10.399999618530273,4.200000762939453,0.44999998807907104,-38.19294611473764,1.516021598035877e-06
grid-r020-c052,20,52,10.600000381469727,4.200000762939453,0.44999998807907104,-38.44956367023234,1.4290375247583142e-06
grid-r020-c053,20,53,10.800000190734863,4.200000762939453,0.44999998807907104,-39.41745669688828,1.1435478199928184e-06
grid-r020-c054,20,54,11.0,4.200000762939453,0.44999998807907104,-39.04394350452317,1.2462513723221491e-06
grid-r020-c055,20,55,11.200000762939453,4.200000762939453,0.44999998807907104,-38.91927623878538,1.282544303649047e-06
grid-r020-c056,20,56,11.399999618530273,4.200000762939453,0.44999998807907104,-39.916593049015944,1.0193907655775547e-06
grid-r020-c057,20,57,11.600000381469727,4.200000762939453,0.44999998807907104,-39.19245218116914,1.2043557262586546e-06
grid-r021-c000,21,0,0.19999980926513672,4.40000057220459,0.44999998807907104,-38.5944617831377,1.3821456832374679e-06
grid-r021-c001,21,1,0.40000009536743164,4.40000057220459,0.44999998807907104,-38.30373655611777,1.477836349295103e-06
grid-r021-c002,21,2,0.5999999046325684,4.40000057220459,0.44999998807907104,-38.276094276012984,1.4872725841996726e-06
grid-r021-c003,21,3,0.7999997138977051,4.40000057220459,0.44999998807907104,-38.18149116319621,1.5200255347735947e-06
grid-r021-c004,21,4,1.0,4.40000057220459,0.44999998807907104,-38.29187474018812,1.4818782574366196e-06
grid-r021-c005,21,5,1.1999998092651367,4.40000057220459,0.44999998807907104,-38.184976262507384,1.5188062434390304e-06
grid-r021-c006,21,6,1.4000000953674316,4.40000057220459,0.44999998807907104,-38.62970343258985,1.3709753829971305e-06
grid-r021-c007,21,7,1.5999999046325684,4.40000057220459,0.44999998807907104,-38.305789043924705,1.4771380847378168e-06
grid-r021-c008,21,8,1.799999713897705,4.40000057220459,0.44999998807907104,-38.50570388515664,1.4106835806160234e-06
grid-r021-c009,21,9,2.0,4.40000057220459,0.44999998807907104,-38.60422424920513,1.3790422599413432e-06
grid-r021-c010,21,10,2.200000047683716,4.40000057220459,0.44999998807907104,-38.31570590164287,1.4737689753019367e-06
grid-r021-c011,21,11,2.3999998569488525,4.40000057220459,0.44999998807907104,-38.657608969983556,1.3621944390251883e-06
grid-r021-c012,21,12,2.5999999046325684,4.40000057220459,0.44999998807907104,-38.382964512637116,1.4511207382383873e-06
grid-r021-c013,21,13,2.799999952316284,4.40000057220459,0.44999998807907104,-38.56591182146852,1.3912616623201757e-06
grid-r021-c014,21,14,3.0,4.40000057220459,0.44999998807907104,-38.51248092084547,1.4084839676797856e-06
grid-r021-c015,21,15,3.200000047683716,4.40000057220459,0.44999998807907104,-38.55266508359235,1.3955117310615606e-06
grid-r021-c016,21,16,3.3999998569488525,4.40000057220459,0.44999998807907104,-38.48824893641405,1.416364739270648e-06
grid-r021-c017,21,17,3.5999999046325684,4.40000057220459,0.44999998807907104,-38.768641867277765,1.3278096275826101e-06
grid-r021-c018,21,18,3.799999952316284,4.40000057220459,0.44999998807907104,-38.56838570832302,1.3904693787480937e-06
grid-r021-c019,21,19,4.0,4.40000057220459,0.44999998807907104,-38.48913689504623,1.416075178894971e-06
grid-r021-c020,21,20,4.199999809265137,4.40000057220459,0.44999998807907104,-38.49504904355009,1.4141487554297782e-06
grid-r021-c021,21,21,4.400000095367432,4.40000057220459,0.44999998807907104,-38.466439303717735,1.4234954051062232e-06
grid-r021-c022,21,22,4.599999904632568,4.40000057220459,0.44999998807907104,-39.24855046460436,1.1888989774888614e-06
grid-r021-c023,21,23,4.800000190734863,4.40000057220459,0.44999998807907104,-39.01820544976911,1.2536590929812519e-06
grid-r021-c024,21,24,5.0,4.40000057220459,0.44999998807907104,-39.42352454002499,1.141951202043856e-06
grid-r021-c025,21,25,5.199999809265137,4.40000057220459,0.44999998807907104,-39.26110822854707,1.1854662034238572e-06
grid-r021-c026,21,26,5.400000095367432,4.40000057220459,0.44999998807907104,-39.31476243781904,1.1709106502166833e-06
grid-r021-c027,21,27,5.599999904632568,4.40000057220459,0.44999998807907104,-39.43421008452249,1.1391449561415357e-06
grid-r021-c028,21,28,5.800000190734863,4.40000057220459,0.44999998807907104,-39.04861416435011,1.2449118003132753e-06
grid-r021-c029,21,29,6.0,4.40000057220459,0.44999998807907104,-39.42599575622749,1.1413015954531147e-06
grid-r021-c030,21,30,6.199999809265137,4.40000057220459,0.44999998807907104,-38.97119150392825,1.2673041283051134e-06
grid-r021-c031,21,31,6.400000095367432,4.40000057220459,0.44999998807907104,-39.50442102151825,1.1208768455617246e-06
grid-r021-c032,21,32,6.599999904632568,4.40000057220459,0.44999998807907104,-39.40909943621473,1.1457505024736747e-06
grid-r021-c033,21,33,6.800000190734863,4.40000057220459,0.44999998807907104,-39.736977742950295,1.0624346487020375e-06
grid-r021-c034,21,34,7.0,4.40000057220459,0.44999998807907104,-39.49889462076761,1.1223040701224818e-06
grid-r021-c035,21,35,7.199999809265137,4.40000057220459,0.44999998807907104,-39.37778162079455,1.154042593043414e-06
grid-r021-c036,21,36,7.400000095367432,4.40000057220459,0.44999998807907104,-40.04137601410199,9.90518060461909e-07
grid-r021-c037,21,37,7.599999904632568,4.40000057220459,0.44999998807907104,-38.68119375666162,1.3548169590649195e-06
grid-r021-c038,21,38,7.800000190734863,4.40000057220459,0.44999998807907104,-39.52934975340155,1.1144613836222561e-06
grid-r021-c039,21,39,8.0,4.40000057220459,0.44999998807907104,-38.01989562183644,1.5776491864016862e-06
grid-r021-c040,21,40,8.199999809265137,4.40000057220459,0.44999998807907104,-38.49804290190218,1.4131742318568286e-06
grid-r021-c041,21,41,8.399999618530273,4.40000057220459,0.44999998807907104,-39.35884394142242,1.1590858548515826e-06
grid-r021-c042,21,42,8.600000381469727,4.40000057220459,0.44999998807907104,-37.729866303348345,1.6866049463715171e-06
grid-r021-c043,21,43,8.800000190734863,4.40000057220459,0.44999998807907104,-39.32903318028414,1.1670693993437453e-06
grid-r021-c044,21,44,9.0,4.40000057220459,0.44999998807907104,-39.211483498939884,1.1990896382485516e-06
grid-r021-c045,21,45,9.199999809265137,4.40000057220459,0.44999998807907104,-38.778370107229335,1.3248386494524311e-06
grid-r021-c046,21,46,9.399999618530273,4.40000057220459,0.44999998807907104,-38.60342985785846,1.3792945310342475e-06
grid-r021-c047,21,47,9.600000381469727,4.40000057220459,0.44999998807907104,-37.82751122204854,1.6491071619384456e-06
grid-r021-c048,21,48,9.800000190734863,4.40000057220459,0.44999998807907104,-39.09658469659135,1.2312366379774176e-06
grid-r021-c049,21,49,10.0,4.40000057220459,0.44999998807907104,-38.921769607792655,1.2818081813747995e-06
grid-r021-c050,21,50,10.200000762939453,4.40000057220459,0.44999998807907104,-38.96714782999717,1.2684846524280147e-06
grid-r021-c051,21,51,10.399999618530273,4.40000057220459,0.44999998807907104,-39.56623101820124,1.105037199522485e-06
grid-r021-c052,21,52,10.600000381469727,4.40000057220459,0.44999998807907104,-38.49251293414868,1.4149748039926635e-06
grid-r021-c053,21,53,10.800000190734863,4.40000057220459,0.44999998807907104,-38.99866560048419,1.259312284673797e-06
grid-r021-c054,21,54,11.0,4.40000057220459,0.44999998807907104,-39.92426892908854,1.0175906481890706e-06
grid-r021-c055,21,55,11.200000762939453,4.40000057220459,0.44999998807907104,-39.1679538354078,1.211168637382798e-06
grid-r021-c056,21,56,11.399999618530273,4.40000057220459,0.44999998807907104,-41.108210857081346,7.747809149805107e-07
grid-r021-c057,21,57,11.600000381469727,4.40000057220459,0.44999998807907104,-38.62877690511971,1.3712678992305882e-06
grid-r022-c000,22,0,0.19999980926513672,4.600000381469727,0.44999998807907104,-37.86812948051055,1.6337554598067072e-06
grid-r022-c001,22,1,0.40000009536743164,4.600000381469727,0.44999998807907104,-39.027324435686324,1.251029516424751e-06
grid-r022-c002,22,2,0.5999999046325684,4.600000381469727,0.44999998807907104,-38.298482772464055,1.4796252116866526e-06
grid-r022-c003,22,3,0.7999997138977051,4.600000381469727,0.44999998807907104,-38.33873889477242,1.4659734688393655e-06
grid-r022-c004,22,4,1.0,4.600000381469727,0.44999998807907104,-38.57803130458943,1.3873846000933554e-06
grid-r022-c005,22,5,1.1999998092651367,4.600000381469727,0.44999998807907104,-38.51876230278129,1.4064482911635423e-06
grid-r022-c006,22,6,1.4000000953674316,4.600000381469727,0.44999998807907104,-38.196710635397096,1.5147080603128416e-06
grid-r022-c007,22,7,1.5999999046325684,4.600000381469727,0.44999998807907104,-38.60916032026267,1.377475769004377e-06
grid-r022-c008,22,8,1.799999713897705,4.600000381469727,0.44999998807907104,-38.418619739723795,1.4392559251064085e-06
grid-r022-c009,22,9,2.0,4.600000381469727,0.44999998807907104,-38.67078573275436,1.3580677205027314e-06
grid-r022-c010,22,10,2.200000047683716,4.600000381469727,0.44999998807907104,-38.5481341753501,1.3969684005132876e-06
grid-r022-c011,22,11,2.3999998569488525,4.600000381469727,0.44999998807907104,-38.39353037436695,1.4475946272796136e-06
grid-r022-c012,22,12,2.5999999046325684,4.600000381469727,0.44999998807907104,-38.8173821219889,1.312991116719786e-06
grid-r022-c013,22,13,2.799999952316284,4.600000381469727,0.44999998807907104,-38.238857510252835,1.5000794064690126e-06
grid-r022-c014,22,14,3.0,4.600000381469727,0.44999998807907104,-38.69751768841881,1.3497341342372238e-06
grid-r022-c015,22,15,3.200000047683716,4.600000381469727,0.44999998807907104,-38.64073647335346,1.3674969068233622e-06
grid-r022-c016,22,16,3.3999998569488525,4.600000381469727,0.44999998807907104,-38.36140781981133,1.458341444049438e-06
grid-r022-c017,22,17,3.5999999046325684,4.600000381469727,0.44999998807907104,-38.528638067679665,1.403253691023565e-06
grid-r022-c018,22,18,3.799999952316284,4.600000381469727,0.44999998807907104,-38.54612819577522,1.3976138006910332e-06
grid-r022-c019,22,19,4.0,4.600000381469727,0.44999998807907104,-38.64928300329035,1.3648084404849214e-06
grid-r022-c020,22,20,4.199999809265137,4.600000381469727,0.44999998807907104,-38.767667006431765,1.3281077144711162e-06
grid-r022-c021,22,21,4.400000095367432,4.600000381469727,0.44999998807907104,-38.84248480412811,1.3054237797405221e-06
grid-r022-c022,22,22,4.599999904632568,4.600000381469727,0.44999998807907104,-38.7928353683456,1.3204332844907185e-06
grid-r022-c023,22,23,4.800000190734863,4.600000381469727,0.44999998807907104,-39.38117736237051,1.1531406016729306e-06
grid-r022-c024,22,24,5.0,4.600000381469727,0.44999998807907104,-39.322740553341646,1.1687616279232316e-06
grid-r022-c025,22,25,5.199999809265137,4.600000381469727,0.44999998807907104,-39.452186328007066,1.1344395716150757e-06
grid-r022-c026,22,26,5.400000095367432,4.600000381469727,0.44999998807907104,-39.44662989365003,1.1358919209669693e-06
grid-r022-c027,22,27,5.599999904632568,4.600000381469727,0.44999998807907104,-39.150358159521915,1.2160857068010955e-06
grid-r022-c028,22,28,5.800000190734863,4.600000381469727,0.44999998807907104,-39.81993655798953,1.042332655742939e-06
grid-r022-c029,22,29,6.0,4.600000381469727,0.44999998807907104,-39.015667526769064,1.2543919183372054e-06
grid-r022-c030,22,30,6.199999809265137,4.600000381469727,0.44999998807907104,-39.48347124513357,1.1262968655501027e-06
grid-r022-c031,22,31,6.400000095367432,4.600000381469727,0.44999998807907104,-39.02474173664734,1.2517737104644766e-06
grid-r022-c032,22,32,6.599999904632568,4.600000381469727,0.44999998807907104,-39.40509882266008,1.146806425822433e-06
grid-r022-c033,22,33,6.800000190734863,4.600000381469727,0.44999998807907104,-39.55561229587451,1.1077423778260709e-06
grid-r022-c034,22,34,7.0,4.600000381469727,0.44999998807907104,-39.63184415038384,1.0884677976719104e-06
grid-r022-c035,22,35,7.199999809265137,4.600000381469727,0.44999998807907104,-40.28853146662822,9.357220278616296e-07
grid-r022-c036,22,36,7.400000095367432,4.600000381469727,0.44999998807907104,-39.46041899490028,1.1322911177558126e-06
grid-r022-c037,22,37,7.599999904632568,4.600000381469727,0.44999998807907104,-39.90475536509342,1.0221731372439535e-06
grid-r022-c038,22,38,7.800000190734863,4.600000381469727,0.44999998807907104,-39.91875666757376,1.01888304016029e-06
grid-r022-c039,22,39,8.0,4.600000381469727,0.44999998807907104,-39.02836884082599,1.2507287010521395e-06
grid-r022-c040,22,40,8.199999809265137,4.600000381469727,0.44999998807907104,-40.08248572997964,9.81186190074368e-07
grid-r022-c041,22,41,8.399999618530273,4.600000381469727,0.44999998807907104,-38.923849344328765,1.2811944998247782e-06
grid-r022-c042,22,42,8.600000381469727,4.600000381469727,0.44999998807907104,-39.350907710786096,1.1612058870014152e-06
grid-r022-c043,22,43,8.800000190734863,4.600000381469727,0.44999998807907104,-38.968791870685244,1.2680045529123163e-06
grid-r022-c044,22,44,9.0,4.600000381469727,0.44999998807907104,-38.653313815289756,1.3635423101732158e-06
grid-r022-c045,22,45,9.199999809265137,4.600000381469727,0.44999998807907104,-38.9916176326184,1.2613576245712466e-06
grid-r022-c046,22,46,9.399999618530273,4.600000381469727,0.44999998807907104,-38.946685108502464,1.274475494028593e-06
grid-r022-c047,22,47,9.600000381469727,4.600000381469727,0.44999998807907104,-39.60578750316685,1.095017978514079e-06
grid-r022-c048,22,48,9.800000190734863,4.600000381469727,0.44999998807907104,-38.101490581352465,1.5482851267734077e-06
grid-r022-c049,22,49,10.0,4.600000381469727,0.44999998807907104,-38.522311478229796,1.4052993719815277e-06
grid-r022-c050,22,50,10.200000762939453,4.600000381469727,0.44999998807907104,-39.10678949624547,1.2283469459362095e-06
grid-r022-c051,22,51,10.399999618530273,4.600000381469727,0.44999998807907104,-39.144215199500174,1.2178070392110385e-06
grid-r022-c052,22,52,10.600000381469727,4.600000381469727,0.44999998807907104,-39.71475874238986,1.0678841135813855e-06
grid-r022-c053,22,53,10.800000190734863,4.600000381469727,0.44999998807907104,-39.0246269593692,1.2518067933342536e-06
grid-r022-c054,22,54,11.0,4.600000381469727,0.44999998807907104,-38.97717630232495,1.2655589216592489e-06
grid-r022-c055,22,55,11.200000762939453,4.600000381469727,0.44999998807907104,-40.005692068054024,9.98690211417852e-07
grid-r022-c056,22,56,11.399999618530273,4.600000381469727,0.44999998807907104,-39.314081497232124,1.1710942544596037e-06
grid-r022-c057,22,57,11.600000381469727,4.600000381469727,0.44999998807907104,-39.39164492568422,1.1503645964694442e-06
grid-r023-c000,23,0,0.19999980926513672,4.800000190734863,0.44999998807907104,-38.3906830060867,1.4485440260614268e-06
grid-r023-c001,23,1,0.40000009536743164,4.800000190734863,0.44999998807907104,-38.51798338954495,1.4067005622564466e-06
grid-r023-c002,23,2,0.5999999046325684,4.800000190734863,0.44999998807907104,-38.05908223088015,1.563478008392849e-06
grid-r023-c003,23,3,0.7999997138977051,4.800000190734863,0.44999998807907104,-38.50139300675246,1.4120845435172669e-06
grid-r023-c004,23,4,1.0,4.800000190734863,0.44999998807907104,-38.38432808587295,1.4506651950796368e-06
grid-r023-c005,23,5,1.1999998092651367,4.800000190734863,0.44999998807907104,-38.502641787188175,1.411678567819763e-06
grid-r023-c006,23,6,1.4000000953674316,4.800000190734863,0.44999998807907104,-38.732507870924266,1.3389033028943231e-06
grid-r023-c007,23,7,1.5999999046325684,4.800000190734863,0.44999998807907104,-38.16595714578295,1.5254721574819996e-06
grid-r023-c008,23,8,1.799999713897705,4.800000190734863,0.44999998807907104,-38.44272879806667,1.4312882967715268e-06
grid-r023-c009,23,9,2.0,4.800000190734863,0.44999998807907104,-38.425610531997194,1.436941033716721e-06
grid-r023-c010,23,10,2.200000047683716,4.800000190734863,0.44999998807907104,-38.70705950393557,1.3467719099935493e-06
grid-r023-c011,23,11,2.3999998569488525,4.800000190734863,0.44999998807907104,-38.78888521086785,1.3216348406785983e-06
grid-r023-c012,23,12,2.5999999046325684,4.800000190734863,0.44999998807907104,-38.48702903021278,1.4167626432026736e-06
grid-r023-c013,23,13,2.799999952316284,4.800000190734863,0.44999998807907104,-38.789427308531906,1.3214698810770642e-06
grid-r023-c014,23,14,3.0,4.800000190734863,0.44999998807907104,-38.4897024662842,1.4158907788441866e-06
grid-r023-c015,23,15,3.200000047683716,4.800000190734863,0.44999998807907104,-38.48463726608117,1.4175431033436325e-06
grid-r023-c016,23,16,3.3999998569488525,4.800000190734863,0.44999998807907104,-38.93988260540692,1.276473312827875e-06
grid-r023-c017,23,17,3.5999999046325684,4.800000190734863,0.44999998807907104,-38.49895453156461,1.4128776228972129e-06
grid-r023-c018,23,18,3.799999952316284,4.800000190734863,0.44999998807907104,-38.75882147077566,1.3308155075719696e-06
grid-r023-c019,23,19,4.0,4.800000190734863,0.44999998807907104,-38.60093414489456,1.380087383040518e-06
grid-r023-c020,23,20,4.199999809265137,4.800000190734863,0.44999998807907104,-39.014329080447965,1.2547785672722966e-06
grid-r023-c021,23,21,4.400000095367432,4.800000190734863,0.44999998807907104,-38.4875535478864,1.4165915445119026e-06
grid-r023-c022,23,22,4.599999904632568,4.800000190734863,0.44999998807907104,-39.037464117511504,1.2481120847951388e-06
grid-r023-c023,23,23,4.800000190734863,4.800000190734863,0.44999998807907104,-39.253179240484705,1.1876325061166426e-06
grid-r023-c024,23,24,5.0,4.800000190734863,0.44999998807907104,-39.65316873138604,1.0831363397301175e-06
grid-r023-c025,23,25,5.199999809265137,4.800000190734863,0.44999998807907104,-39.311098423117734,1.1718989298969973e-06
grid-r023-c026,23,26,5.400000095367432,4.800000190734863,0.44999998807907104,-39.477649201331886,1.127807763623423e-06
grid-r023-c027,23,27,5.599999904632568,4.800000190734863,0.44999998807907104,-39.3293640226447,1.166980496236647e-06
grid-r023-c028,23,28,5.800000190734863,4.800000190734863,0.44999998807907104,-38.838934026204406,1.3064915265204036e-06
grid-r023-c029,23,29,6.0,4.800000190734863,0.44999998807907104,-39.54583232892229,1.1102397365903016e-06
grid-r023-c030,23,30,6.199999809265137,4.800000190734863,0.44999998807907104,-39.44952009212671,1.1351362445566338e-06
grid-r023-c031,23,31,6.400000095367432,4.800000190734863,0.44999998807907104,-39.63611105060417,1.0873989140236517e-06
grid-r023-c032,23,32,6.599999904632568,4.800000190734863,0.44999998807907104,-39.61902331819374,1.0916858173004584e-06
grid-r023-c033,23,33,6.800000190734863,4.800000190734863,0.44999998807907104,-39.799404572927074,1.0472721214682679e-06
grid-r023-c034,23,34,7.0,4.800000190734863,0.44999998807907104,-40.38220899050478,9.157545832749747e-07
grid-r023-c035,23,35,7.199999809265137,4.800000190734863,0.44999998807907104,-39.40929508181078,1.145698888649349e-06
grid-r023-c036,23,36,7.400000095367432,4.800000190734863,0.44999998807907104,-40.24593710066212,9.449444746678637e-07
grid-r023-c037,23,37,7.599999904632568,4.800000190734863,0.44999998807907104,-39.86630002539846,1.031264332596038e-06
grid-r023-c038,23,38,7.800000190734863,4.800000190734863,0.44999998807907104,-39.67650279148408,1.0773323992907535e-06
grid-r023-c039,23,39,8.0,4.800000190734863,0.44999998807907104,-40.16464398480942,9.627989356886246e-07
grid-r023-c040,23,40,8.199999809265137,4.800000190734863,0.44999998807907104,-40.187597011237735,9.57723841565894e-07
grid-r023-c041,23,41,8.399999618530273,4.800000190734863,0.44999998807907104,-40.31539084860897,9.299528187511896e-07
grid-r023-c042,23,42,8.600000381469727,4.800000190734863,0.44999998807907104,-39.66770740545492,1.0795164371302235e-06
grid-r023-c043,23,43,8.800000190734863,4.800000190734863,0.44999998807907104,-39.019687312327264,1.2532314030977432e-06
grid-r023-c044,23,44,9.0,4.800000190734863,0.44999998807907104,-38.84092152948195,1.3058937611276633e-06
grid-r023-c045,23,45,9.199999809265137,4.800000190734863,0.44999998807907104,-38.66954254416249,1.3584565294877393e-06
grid-r023-c046,23,46,9.399999618530273,4.800000190734863,0.44999998807907104,-38.798664195039684,1.3186622709326912e-06
grid-r023-c047,23,47,9.600000381469727,4.800000190734863,0.44999998807907104,-39.194450777872504,1.2038016166115995e-06
grid-r023-c048,23,48,9.800000190734863,4.800000190734863,0.44999998807907104,-39.96343035228709,1.0084560244649765e-06
grid-r023-c049,23,49,10.0,4.800000190734863,0.44999998807907104,-38.921491126624716,1.2818903769584722e-06
grid-r023-c050,23,50,10.200000762939453,4.800000190734863,0.44999998807907104,-39.28824641340267,1.178081561192812e-06
grid-r023-c051,23,51,10.399999618530273,4.800000190734863,0.44999998807907104,-39.306996776896625,1.1730062396964058e-06
grid-r023-c052,23,52,10.600000381469727,4.800000190734863,0.44999998807907104,-39.39106683272357,1.1505177326398552e-06
grid-r023-c053,23,53,10.800000190734863,4.800000190734863,0.44999998807907104,-39.03540004476945,1.248705416401208e-06
grid-r023-c054,23,54,11.0,4.800000190734863,0.44999998807907104,-39.24487837845043,1.1899046512553468e-06
grid-r023-c055,23,55,11.200000762939453,4.800000190734863,0.44999998807907104,-39.0530762557238,1.2436333918230957e-06
grid-r023-c056,23,56,11.399999618530273,4.800000190734863,0.44999998807907104,-39.619496869663216,1.091566787181364e-06
grid-r023-c057,23,57,11.600000381469727,4.800000190734863,0.44999998807907104,-41.109903745351495,7.744789627395221e-07
grid-r024-c000,24,0,0.19999980926513672,5.000000476837158,0.44999998807907104,-38.48747652172153,1.416616669303039e-06
grid-r024-c001,24,1,0.40000009536743164,5.000000476837158,0.44999998807907104,-38.83960713532436,1.3062890502624214e-06
grid-r024-c002,24,2,0.5999999046325684,5.000000476837158,0.44999998807907104,-38.656452526600575,1.362557213724358e-06
grid-r024-c003,24,3,0.7999997138977051,5.000000476837158,0.44999998807907104,-38.33308001293736,1.467884885641979e-06
grid-r024-c004,24,4,1.0,5.000000476837158,0.44999998807907104,-38.52460140298686,1.4045585885469336e-06
grid-r024-c005,24,5,1.1999998092651367,5.000000476837158,0.44999998807907104,-38.69002995810965,1.3520632364816265e-06
grid-r024-c006,24,6,1.4000000953674316,5.000000476837158,0.44999998807907104,-38.35955967706532,1.458962174183398e-06
grid-r024-c007,24,7,1.5999999046325684,5.000000476837158,0.44999998807907104,-38.88895272895911,1.291530679736752e-06
grid-r024-c008,24,8,1.799999713897705,5.000000476837158,0.44999998807907104,-38.5563065308271,1.3943421208750806e-06
grid-r024-c009,24,9,2.0,5.000000476837158,0.44999998807907104,-38.5072991164994,1.410165509696526e-06
grid-r024-c010,24,10,2.200000047683716,5.000000476837158,0.44999998807907104,-38.91293355693464,1.284418772229401e-06
grid-r024-c011,24,11,2.3999998569488525,5.000000476837158,0.44999998807907104,-38.43021689581143,1.435417743778089e-06
grid-r024-c012,24,12,2.5999999046325684,5.000000476837158,0.44999998807907104,-39.02849556012161,1.2506922075772309e-06
grid-r024-c013,24,13,2.799999952316284,5.000000476837158,0.44999998807907104,-38.38468410783711,1.45054627864738e-06
grid-r024-c014,24,14,3.0,5.000000476837158,0.44999998807907104,-38.65914533058972,1.3617126342069241e-06
grid-r024-c015,24,15,3.200000047683716,5.000000476837158,0.44999998807907104,-38.70381331491494,1.3477789480020874e-06
grid-r024-c016,24,16,3.3999998569488525,5.000000476837158,0.44999998807907104,-38.621661155100426,1.373516511193884e-06
grid-r024-c017,24,17,3.5999999046325684,5.000000476837158,0.44999998807907104,-38.77686252154292,1.3252986263978528e-06
grid-r024-c018,24,18,3.799999952316284,5.000000476837158,0.44999998807907104,-38.67268900953636,1.3574726835940965e-06
grid-r024-c019,24,19,4.0,5.000000476837158,0.44999998807907104,-38.95816080041836,1.2711122963082744e-06
grid-r024-c020,24,20,4.199999809265137,5.000000476837158,0.44999998807907104,-38.79909704800176,1.318530848948285e-06
grid-r024-c021,24,21,4.400000095367432,5.000000476837158,0.44999998807907104,-38.92290143424577,1.2814741694455734e-06
grid-r024-c022,24,22,4.599999904632568,5.000000476837158,0.44999998807907104,-38.76018511842708,1.3303977084433427e-06
grid-r024-c023,24,23,4.800000190734863,5.000000476837158,0.44999998807907104,-39.67837487022231,1.0768681022454984e-06
grid-r024-c024,24,24,5.0,5.000000476837158,0.44999998807907104,-39.36300467781394,1.1579759302549064e-06
grid-r024-c025,24,25,5.199999809265137,5.000000476837158,0.44999998807907104,-39.297881338315904,1.1754708566513727e-06
grid-r024-c026,24,26,5.400000095367432,5.000000476837158,0.44999998807907104,-39.607229246558674,1.094654521693883e-06
grid-r024-c027,24,27,5.599999904632568,5.000000476837158,0.44999998807907104,-39.457717196922815,1.1329957487760112e-06
grid-r024-c028,24,28,5.800000190734863,5.000000476837158,0.44999998807907104,-39.67460357554017,1.0778036312331096e-06
grid-r024-c029,24,29,6.0,5.000000476837158,0.44999998807907104,-39.5833352708479,1.100693680200493e-06
grid-r024-c030,24,30,6.199999809265137,5.000000476837158,0.44999998807907104,-39.76158599130173,1.056431642609823e-06
grid-r024-c031,24,31,6.400000095367432,5.000000476837158,0.44999998807907104,-39.72297737839119,1.0658651490302873e-06
grid-r024-c032,24,32,6.599999904632568,5.000000476837158,0.44999998807907104,-39.90561571867444,1.0219706609859713e-06
grid-r024-c033,24,33,6.800000190734863,5.000000476837158,0.44999998807907104,-40.03581723510224,9.917866918840446e-07
grid-r024-c034,24,34,7.0,5.000000476837158,0.44999998807907104,-39.562730375268266,1.105928276956547e-06
grid-r024-c035,24,35,7.199999809265137,5.000000476837158,0.44999998807907104,-39.97184338395751,1.0065043625218095e-06
grid-r024-c036,24,36,7.400000095367432,5.000000476837158,0.44999998807907104,-40.05425341387319,9.875853947960422e-07
grid-r024-c037,24,37,7.599999904632568,5.000000476837158,0.44999998807907104,-40.493526389443524,8.925804309001251e-07
grid-r024-c038,24,38,7.800000190734863,5.000000476837158,0.44999998807907104,-40.2013814609293,9.546888577460777e-07
grid-r024-c039,24,39,8.0,5.000000476837158,0.44999998807907104,-40.110236773730215,9.749364835442975e-07
grid-r024-c040,24,40,8.199999809265137,5.000000476837158,0.44999998807907104,-39.460952316926104,1.132152078753279e-06
grid-r024-c041,24,41,8.399999618530273,5.000000476837158,0.44999998807907104,-39.70600004728276,1.0700399570851005e-06
grid-r024-c042,24,42,8.600000381469727,5.000000476837158,0.44999998807907104,-40.82915470001693,8.261987431978923e-07
grid-r024-c043,24,43,8.800000190734863,5.000000476837158,0.44999998807907104,-39.943826213839586,1.0130185046364204e-06
grid-r024-c044,24,44,9.0,5.000000476837158,0.44999998807907104,-39.05515788418511,1.243037445419759e-06
grid-r024-c045,24,45,9.199999809265137,5.000000476837158,0.44999998807907104,-39.69136778276757,1.0736512194853276e-06
grid-r024-c046,24,46,9.399999618530273,5.000000476837158,0.44999998807907104,-39.53500201482538,1.1130118764413055e-06
grid-r024-c047,24,47,9.600000381469727,5.000000476837158,0.44999998807907104,-38.865064051279994,1.2986544106752262e-06
grid-r024-c048,24,48,9.800000190734863,5.000000476837158,0.44999998807907104,-38.84213156224429,1.3055299632469541e-06
grid-r024-c049,24,49,10.0,5.000000476837158,0.44999998807907104,-39.95208460831452,1.0110940138474689e-06
grid-r024-c050,24,50,10.200000762939453,5.000000476837158,0.44999998807907104,-39.21748449764826,1.197433903143974e-06
grid-r024-c051,24,51,10.399999618530273,5.000000476837158,0.44999998807907104,-39.505263321133164,1.1206594763280009e-06
grid-r024-c052,24,52,10.600000381469727,5.000000476837158,0.44999998807907104,-39.47903544520207,1.1274478310951963e-06
grid-r024-c053,24,53,10.800000190734863,5.000000476837158,0.44999998807907104,-39.380234643041305,1.1533909400895936e-06
grid-r024-c054,24,54,11.0,5.000000476837158,0.44999998807907104,-39.53961705242624,1.1118297607026761e-06
grid-r024-c055,24,55,11.200000762939453,5.000000476837158,0.44999998807907104,-39.57062846024642,1.1039188620998175e-06
grid-r024-c056,24,56,11.399999618530273,5.000000476837158,0.44999998807907104,-39.07253957845114,1.2380724001559429e-06
grid-r024-c057,24,57,11.600000381469727,5.000000476837158,0.44999998807907104,-41.363227691837594,7.305959002223972e-07
grid-r025-c000,25,0,0.19999980926513672,5.200000762939453,0.44999998807907104,-38.541354250777935,1.3991509604238672e-06
grid-r025-c001,25,1,0.40000009536743164,5.200000762939453,0.44999998807907104,-38.57030430449981,1.3898552424507216e-06
grid-r025-c002,25,2,0.5999999046325684,5.200000762939453,0.44999998807907104,-38.65800334010889,1.3620707477457472e-06
grid-r025-c003,25,3,0.7999997138977051,5.200000762939453,0.44999998807907104,-38.64454433829498,1.366298420180101e-06
grid-r025-c004,25,4,1.0,5.200000762939453,0.44999998807907104,-38.45240462763816,1.4281030189522426e-06
grid-r025-c005,25,5,1.1999998092651367,5.200000762939453,0.44999998807907104,-38.866548947780714,1.2982104635739233e-06
grid-r025-c006,25,6,1.4000000953674316,5.200000762939453,0.44999998807907104,-38.777878202674216,1.3249887160782237e-06
grid-r025-c007,25,7,1.5999999046325684,5.200000762939453,0.44999998807907104,-38.52399576984418,1.404754470968328e-06
grid-r025-c008,25,8,1.799999713897705,5.200000762939453,0.44999998807907104,-38.69410499805064,1.3507951734936796e-06
grid-r025-c009,25,9,2.0,5.200000762939453,0.44999998807907104,-38.73324139900467,1.3386771797740948e-06
grid-r025-c010,25,10,2.200000047683716,5.200000762939453,0.44999998807907104,-38.712043081401674,1.3452273606162635e-06
grid-r025-c011,25,11,2.3999998569488525,5.200000762939453,0.44999998807907104,-38.952915917459414,1.2726483191727311e-06
grid-r025-c012,25,12,2.5999999046325684,5.200000762939453,0.44999998807907104,-38.57264207405134,1.389107296745351e-06
grid-r025-c013,25,13,2.799999952316284,5.200000762939453,0.44999998807907104,-38.648892679766064,1.364931108582823e-06
grid-r025-c014,25,14,3.0,5.200000762939453,0.44999998807907104,-38.909404241004935,1.285462985833874e-06
grid-r025-c015,25,15,3.200000047683716,5.200000762939453,0.44999998807907104,-38.73018603330193,1.3396193025982939e-06
grid-r025-c016,25,16,3.3999998569488525,5.200000762939453,0.44999998807907104,-38.989246202625864,1.2620465668078396e-06
grid-r025-c017,25,17,3.5999999046325684,5.200000762939453,0.44999998807907104,-38.62568870769059,1.3722433322982397e-06
grid-r025-c018,25,18,3.799999952316284,5.200000762939453,0.44999998807907104,-39.12309346226142,1.2237442206242122e-06
grid-r025-c019,25,19,4.0,5.200000762939453,0.44999998807907104,-38.72985138993794,1.339722530246945e-06
grid-r025-c020,25,20,4.199999809265137,5.200000762939453,0.44999998807907104,-38.70535658292127,1.347300099041604e-06
grid-r025-c021,25,21,4.400000095367432,5.200000762939453,0.44999998807907104,-39.01758756556657,1.253837467629637e-06
grid-r025-c022,25,22,4.599999904632568,5.200000762939453,0.44999998807907104,-38.655858659850495,1.3627435464513837e-06
grid-r025-c023,25,23,4.800000190734863,5.200000762939453,0.44999998807907104,-39.07316054487207,1.2378953897496103e-06
grid-r025-c024,25,24,5.0,5.200000762939453,0.44999998807907104,-39.430383747360864,1.140149038292293e-06
grid-r025-c025,25,25,5.199999809265137,5.200000762939453,0.44999998807907104,-39.922251933158165,1.0180633580603171e-06
grid-r025-c026,25,26,5.400000095367432,5.200000762939453,0.44999998807907104,-39.63425619024961,1.0878634384425823e-06
grid-r025-c027,25,27,5.599999904632568,5.200000762939453,0.44999998807907104,-39.92949671507937,1.0163664683204843e-06
grid-r025-c028,25,28,5.800000190734863,5.200000762939453,0.44999998807907104,-39.35087667186785,1.161214186140569e-06
grid-r025-c029,25,29,6.0,5.200000762939453,0.44999998807907104,-39.709599214153414,1.069153540811385e-06
grid-r025-c030,25,30,6.199999809265137,5.200000762939453,0.44999998807907104,-39.49058656840022,1.1244530924159335e-06
grid-r025-c031,25,31,6.400000095367432,5.200000762939453,0.44999998807907104,-40.223233474099594,9.498972985966248e-07
grid-r025-c032,25,32,6.599999904632568,5.200000762939453,0.44999998807907104,-39.655382849322535,1.0825842764461413e-06
grid-r025-c033,25,33,6.800000190734863,5.200000762939453,0.44999998807907104,-39.982114778423615,1.0041267159976996e-06
grid-r025-c034,25,34,7.0,5.200000762939453,0.44999998807907104,-40.75922759865756,8.39609299418953e-07
grid-r025-c035,25,35,7.199999809265137,5.200000762939453,0.44999998807907104,-40.03988487166857,9.908582114803721e-07
grid-r025-c036,25,36,7.400000095367432,5.200000762939453,0.44999998807907104,-40.118540005640625,9.730742931424174e-07
grid-r025-c037,25,37,7.599999904632568,5.200000762939453,0.44999998807907104,-40.191622590384235,9.568365157974767e-07
grid-r025-c038,25,38,7.800000190734863,5.200000762939453,0.44999998807907104,-40.17056896175144,9.614863074602908e-07
grid-r025-c039,25,39,8.0,5.200000762939453,0.44999998807907104,-40.90755040385425,8.114186016427993e-07
grid-r025-c040,25,40,8.199999809265137,5.200000762939453,0.44999998807907104,-40.23235996192238,9.479032314629876e-07
grid-r025-c041,25,41,8.399999618530273,5.200000762939453,0.44999998807907104,-40.18587187399273,9.581043514117482e-07
grid-r025-c042,25,42,8.600000381469727,5.200000762939453,0.44999998807907104,-40.420888681298955,9.076347851078026e-07
grid-r025-c043,25,43,8.800000190734863,5.200000762939453,0.44999998807907104,-39.2754211678954,1.1815657217084663e-06
grid-r025-c044,25,44,9.0,5.200000762939453,0.44999998807907104,-40.399422223119345,9.121321795646509e-07
grid-r025-c045,25,45,9.199999809265137,5.200000762939453,0.44999998807907104,-39.94461390842418,1.0128347867066623e-06
grid-r025-c046,25,46,9.399999618530273,5.200000762939453,0.44999998807907104,-40.50618025774385,8.89983539309469e-07
grid-r025-c047,25,47,9.600000381469727,5.200000762939453,0.44999998807907104,-40.39411911428316,9.132466516348359e-07
grid-r025-c048,25,48,9.800000190734863,5.200000762939453,0.44999998807907104,-38.43525342134431,1.433754050594871e-06
grid-r025-c049,25,49,10.0,5.200000762939453,0.44999998807907104,-39.297637726446474,1.1755367950172513e-06
grid-r025-c050,25,50,10.200000762939453,5.200000762939453,0.44999998807907104,-39.972511066998024,1.0063496347356704e-06
grid-r025-c051,25,51,10.399999618530273,5.200000762939453,0.44999998807907104,-39.215276629583435,1.198042809846811e-06
grid-r025-c052,25,52,10.600000381469727,5.200000762939453,0.44999998807907104,-39.956963694073934,1.0099587370859808e-06
grid-r025-c053,25,53,10.800000190734863,5.200000762939453,0.44999998807907104,-40.386901923081396,9.147655646302155e-07
grid-r025-c054,25,54,11.0,5.200000762939453,0.44999998807907104,-40.0342075691755,9.921543551172363e-07
grid-r025-c055,25,55,11.200000762939453,5.200000762939453,0.44999998807907104,-39.41045534649474,1.1453928436822025e-06
grid-r025-c056,25,56,11.399999618530273,5.200000762939453,0.44999998807907104,-39.739417748641905,1.0618379064908368e-06
grid-r025-c057,25,57,11.600000381469727,5.200000762939453,0.44999998807907104,-38.67645365507609,1.3562964795710286e-06
grid-r026-c000,26,0,0.19999980926513672,5.40000057220459,0.44999998807907104,-38.135866015498706,1.5360784573204e-06
grid-r026-c001,26,1,0.40000009536743164,5.40000057220459,0.44999998807907104,-38.7813909518031,1.3239174450063729e-06
grid-r026-c002,26,2,0.5999999046325684,5.40000057220459,0.44999998807907104,-38.73108616025502,1.3393416793405777e-06
grid-r026-c003,26,3,0.7999997138977051,5.40000057220459,0.44999998807907104,-38.67988820097081,1.355224299004476e-06
grid-r026-c004,26,4,1.0,5.40000057220459,0.44999998807907104,-38.78876155781874,1.3216724710218841e-06
grid-r026-c005,26,5,1.1999998092651367,5.40000057220459,0.44999998807907104,-38.54058891642505,1.3993975471748854e-06
grid-r026-c006,26,6,1.4000000953674316,5.40000057220459,0.44999998807907104,-38.88472172430406,1.2927895340908435e-06
grid-r026-c007,26,7,1.5999999046325684,5.40000057220459,0.44999998807907104,-38.60163218453019,1.3798655800201232e-06
grid-r026-c008,26,8,1.799999713897705,5.40000057220459,0.44999998807907104,-38.63468406783604,1.3694040035261423e-06
grid-r026-c009,26,9,2.0,5.40000057220459,0.44999998807907104,-38.86653411531825,1.2982148973605945e-06
grid-r026-c010,26,10,2.200000047683716,5.40000057220459,0.44999998807907104,-38.8586648446166,1.3005693517698091e-06
grid-r026-c011,26,11,2.3999998569488525,5.40000057220459,0.44999998807907104,-38.41263765218056,1.4412397604246507e-06
grid-r026-c012,26,12,2.5999999046325684,5.40000057220459,0.44999998807907104,-38.85843593351848,1.3006379049329553e-06
grid-r026-c013,26,13,2.799999952316284,5.40000057220459,0.44999998807907104,-38.99734884473819,1.2596941587617039e-06
grid-r026-c014,26,14,3.0,5.40000057220459,0.44999998807907104,-38.67043309632665,1.3581779967353214e-06
grid-r026-c015,26,15,3.200000047683716,5.40000057220459,0.44999998807907104,-39.01216152297196,1.2554049817481427e-06
grid-r026-c016,26,16,3.3999998569488525,5.40000057220459,0.44999998807907104,-38.71712828954387,1.3436531389743323e-06
grid-r026-c017,26,17,3.5999999046325684,5.40000057220459,0.44999998807907104,-38.930262803213,1.2793038877134677e-06
grid-r026-c018,26,18,3.799999952316284,5.40000057220459,0.44999998807907104,-38.84409631466798,1.304939473811828e-06
grid-r026-c019,26,19,4.0,5.40000057220459,0.44999998807907104,-39.06262452742578,1.2409021792336716e-06
grid-r026-c020,26,20,4.199999809265137,5.40000057220459,0.44999998807907104,-38.90968770993014,1.2853790849476354e-06
grid-r026-c021,26,21,4.400000095367432,5.40000057220459,0.44999998807907104,-39.170934796432455,1.2103375865990529e-06
grid-r026-c022,26,22,4.599999904632568,5.40000057220459,0.44999998807907104,-39.0392236448229,1.2476065194277908e-06
grid-r026-c023,26,23,4.800000190734863,5.40000057220459,0.44999998807907104,-38.96430697165421,1.2693146800302202e-06
grid-r026-c024,26,24,5.0,5.40000057220459,0.44999998807907104,-39.69320257565851,1.073197722689656e-06
grid-r026-c025,26,25,5.199999809265137,5.40000057220459,0.44999998807907104,-39.80890712066558,1.0449831506775809e-06
grid-r026-c026,26,26,5.400000095367432,5.40000057220459,0.44999998807907104,-39.79086042220658,1.0493345143913757e-06
grid-r026-c027,26,27,5.599999904632568,5.40000057220459,0.44999998807907104,-39.68116890349508,1.0761755220300984e-06
grid-r026-c028,26,28,5.800000190734863,5.40000057220459,0.44999998807907104,-40.18430196079173,9.58450755206286e-07
grid-r026-c029,26,29,6.0,5.40000057220459,0.44999998807907104,-39.30705233800295,1.1729912330338266e-06
grid-r026-c030,26,30,6.199999809265137,5.40000057220459,0.44999998807907104,-39.79775669899855,1.0476695706529426e-06
grid-r026-c031,26,31,6.400000095367432,5.40000057220459,0.44999998807907104,-40.1676198314454,9.621394383430015e-07
grid-r026-c032,26,32,6.599999904632568,5.40000057220459,0.44999998807907104,-39.825667643620136,1.040958068188047e-06
grid-r026-c033,26,33,6.800000190734863,5.40000057220459,0.44999998807907104,-40.63524139166851,8.639246402708523e-07
grid-r026-c034,26,34,7.0,5.40000057220459,0.44999998807907104,-40.628371359549845,8.652923497720622e-07
grid-r026-c035,26,35,7.199999809265137,5.40000057220459,0.44999998807907104,-40.175896330069676,9.603076023267931e-07
grid-r026-c036,26,36,7.400000095367432,5.40000057220459,0.44999998807907104,-40.023004231841696,9.94717083813157e-07
grid-r026-c037,26,37,7.599999904632568,5.40000057220459,0.44999998807907104,-40.348539807075184,9.228816679751617e-07
grid-r026-c038,26,38,7.800000190734863,5.40000057220459,0.44999998807907104,-40.17534880203387,9.604286788089667e-07
grid-r026-c039,26,39,8.0,5.40000057220459,0.44999998807907104,-40.06886177073399,9.84269036052865e-07
grid-r026-c040,26,40,8.199999809265137,5.40000057220459,0.44999998807907104,-41.241763716767906,7.513177138207539e-07
grid-r026-c041,26,41,8.399999618530273,5.40000057220459,0.44999998807907104,-39.51057065714561,1.1192908004886704e-06
grid-r026-c042,26,42,8.600000381469727,5.40000057220459,0.44999998807907104,-40.795506987720046,8.326247211698501e-07
grid-r026-c043,26,43,8.800000190734863,5.40000057220459,0.44999998807907104,-39.47773062983167,1.1277866178716067e-06
grid-r026-c044,26,44,9.0,5.40000057220459,0.44999998807907104,-40.51873284144521,8.874148988979869e-07
grid-r026-c045,26,45,9.199999809265137,5.40000057220459,0.44999998807907104,-39.17166750445142,1.2101334050385049e-06
grid-r026-c046,26,46,9.399999618530273,5.40000057220459,0.44999998807907104,-40.76507590996804,8.384794227822567e-07
grid-r026-c047,26,47,9.600000381469727,5.40000057220459,0.44999998807907104,-40.589965421708804,8.729783189664886e-07
grid-r026-c048,26,48,9.800000190734863,5.40000057220459,0.44999998807907104,-40.07450622978864,9.829906275626854e-07
grid-r026-c049,26,49,10.0,5.40000057220459,0.44999998807907104,-40.96328807260768,8.010713372641476e-07
grid-r026-c050,26,50,10.200000762939453,5.40000057220459,0.44999998807907104,-40.46255089116789,8.989694038064044e-07
grid-r026-c051,26,51,10.399999618530273,5.40000057220459,0.44999998807907104,-39.86875104806317,1.0306824833605788e-06
grid-r026-c052,26,52,10.600000381469727,5.40000057220459,0.44999998807907104,-39.01465922632178,1.2546831840154482e-06
grid-r026-c053,26,53,10.800000190734863,5.40000057220459,0.44999998807907104,-40.37517114662265,9.172397881229699e-07
grid-r026-c054,26,54,11.0,5.40000057220459,0.44999998807907104,-39.1669882145012,1.2114379615013604e-06
grid-r026-c055,26,55,11.200000762939453,5.40000057220459,0.44999998807907104,-40.138564885740294,9.685978739071288e-07
grid-r026-c056,26,56,11.399999618530273,5.40000057220459,0.44999998807907104,-39.28302168624106,1.1794996908065514e-06
grid-r026-c057,26,57,11.600000381469727,5.40000057220459,0.44999998807907104,-40.76062415756006,8.39339350022783e-07
grid-r027-c000,27,0,0.19999980926513672,5.600000381469727,0.44999998807907104,-38.79186291278704,1.3207289839556324e-06
grid-r027-c001,27,1,0.40000009536743164,5.600000381469727,0.44999998807907104,-38.396978969565794,1.4464455944107613e-06
grid-r027-c002,27,2,0.5999999046325684,5.600000381469727,0.44999998807907104,-39.02072948819627,1.2529307014119695e-06
grid-r027-c003,27,3,0.7999997138977051,5.600000381469727,0.44999998807907104,-38.8351195709039,1.3076395362077164e-06
grid-r027-c004,27,4,1.0,5.600000381469727,0.44999998807907104,-38.71308299528211,1.3449052858049981e-06
grid-r027-c005,27,5,1.1999998092651367,5.600000381469727,0.44999998807907104,-38.96782086542463,1.268288087885594e-06
grid-r027-c006,27,6,1.4000000953674316,5.600000381469727,0.44999998807907104,-38.91620106626905,1.2834527751692804e-06
grid-r027-c007,27,7,1.5999999046325684,5.600000381469727,0.44999998807907104,-38.97815486486648,1.265273795070243e-06
grid-r027-c008,27,8,1.799999713897705,5.600000381469727,0.44999998807907104,-38.95203262412183,1.2729071841022233e-06
grid-r027-c009,27,9,2.0,5.600000381469727,0.44999998807907104,-38.47201429004975,1.4216692534319009e-06
grid-r027-c010,27,10,2.200000047683716,5.600000381469727,0.44999998807907104,-39.1758911441396,1.2089570873285993e-06
grid-r027-c011,27,11,2.3999998569488525,5.600000381469727,0.44999998807907104,-38.996567760945936,1.259920736629283e-06
grid-r027-c012,27,12,2.5999999046325684,5.600000381469727,0.44999998807907104,-39.17252112646982,1.2098955721739912e-06
grid-r027-c013,27,13,2.799999952316284,5.600000381469727,0.44999998807907104,-38.71820066343523,1.3433214007818606e-06
grid-r027-c014,27,14,3.0,5.600000381469727,0.44999998807907104,-39.08155249305848,1.235505692420702e-06
grid-r027-c015,27,15,3.200000047683716,5.600000381469727,0.44999998807907104,-38.95408732434242,1.2723050986096496e-06
grid-r027-c016,27,16,3.3999998569488525,5.600000381469727,0.44999998807907104,-39.16570702964749,1.2117953929191572e-06
grid-r027-c017,27,17,3.5999999046325684,5.600000381469727,0.44999998807907104,-38.8531693766665,1.3022161056142068e-06
grid-r027-c018,27,18,3.799999952316284,5.600000381469727,0.44999998807907104,-39.280440543823545,1.1802009112216183e-06
grid-r027-c019,27,19,4.0,5.600000381469727,0.44999998807907104,-39.16806879487375,1.2111365776945604e-06
grid-r027-c020,27,20,4.199999809265137,5.600000381469727,0.44999998807907104,-38.406131508647235,1.4434004924623878e-06
grid-r027-c021,27,21,4.400000095367432,5.600000381469727,0.44999998807907104,-39.00910282001516,1.256289465345617e-06
grid-r027-c022,27,22,4.599999904632568,5.600000381469727,0.44999998807907104,-39.10886566899016,1.227759867106215e-06
grid-r027-c023,27,23,4.800000190734863,5.600000381469727,0.44999998807907104,-39.3510480264723,1.1611683703449671e-06
grid-r027-c024,27,24,5.0,5.600000381469727,0.44999998807907104,-39.73116054574125,1.0638586900313385e-06
grid-r027-c025,27,25,5.199999809265137,5.600000381469727,0.44999998807907104,-39.897929303105315,1.0237810101898503e-06
grid-r027-c026,27,26,5.400000095367432,5.600000381469727,0.44999998807907104,-39.80026882540205,1.0470637334947241e-06
grid-r027-c027,27,27,5.599999904632568,5.600000381469727,0.44999998807907104,-39.46160652168398,1.1319815484966966e-06
grid-r027-c028,27,28,5.800000190734863,5.600000381469727,0.44999998807907104,-39.77647170487898,1.0528168559176265e-06
grid-r027-c029,27,29,6.0,5.600000381469727,0.44999998807907104,-40.11707133764556,9.734034165376215e-07
grid-r027-c030,27,30,6.199999809265137,5.600000381469727,0.44999998807907104,-39.87687833524578,1.0287554914611974e-06
grid-r027-c031,27,31,6.400000095367432,5.600000381469727,0.44999998807907104,-40.470936296493036,8.972353384706366e-07
grid-r027-c032,27,32,6.599999904632568,5.600000381469727,0.44999998807907104,-40.24142241568661,9.459272973799671e-07
grid-r027-c033,27,33,6.800000190734863,5.600000381469727,0.44999998807907104,-40.088933019022605,9.79730657491018e-07
grid-r027-c034,27,34,7.0,5.600000381469727,0.44999998807907104,-40.51552707812103,8.880701898306143e-07
grid-r027-c035,27,35,7.199999809265137,5.600000381469727,0.44999998807907104,-40.12403758611619,9.718432920635678e-07
grid-r027-c036,27,36,7.400000095367432,5.600000381469727,0.44999998807907104,-40.931928872208736,8.068765851021453e-07
grid-r027-c037,27,37,7.599999904632568,5.600000381469727,0.44999998807907104,-40.765539356880566,8.383899512409698e-07
grid-r027-c038,27,38,7.800000190734863,5.600000381469727,0.44999998807907104,-40.12704521044866,9.711704933579313e-07
grid-r027-c039,27,39,8.0,5.600000381469727,0.44999998807907104,-40.1044738971314,9.762310355654336e-07
grid-r027-c040,27,40,8.199999809265137,5.600000381469727,0.44999998807907104,-40.70500635866462,8.501574484398589e-07
grid-r027-c041,27,41,8.399999618530273,5.600000381469727,0.44999998807907104,-40.84466766099381,8.23252833015431e-07
grid-r027-c042,27,42,8.600000381469727,5.600000381469727,0.44999998807907104,-39.28644632678049,1.178569959847664e-06
grid-r027-c043,27,43,8.800000190734863,5.600000381469727,0.44999998807907104,-40.8486154281404,8.225048304666416e-07
grid-r027-c044,27,44,9.0,5.600000381469727,0.44999998807907104,-40.44448636135856,9.0271646513429e-07
grid-r027-c045,27,45,9.199999809265137,5.600000381469727,0.44999998807907104,-39.5910664845022,1.0987359928549267e-06
grid-r027-c046,27,46,9.399999618530273,5.600000381469727,0.44999998807907104,-40.43413384135895,9.048708875525335e-07
grid-r027-c047,27,47,9.600000381469727,5.600000381469727,0.44999998807907104,-40.26634952335943,9.405135301676637e-07
grid-r027-c048,27,48,9.800000190734863,5.600000381469727,0.44999998807907104,-41.11033727166338,7.744016556898714e-07
grid-r027-c049,27,49,10.0,5.600000381469727,0.44999998807907104,-40.59125399518231,8.727193403501587e-07
grid-r027-c050,27,50,10.200000762939453,5.600000381469727,0.44999998807907104,-40.721490765813655,8.469366434837866e-07
grid-r027-c051,27,51,10.399999618530273,5.600000381469727,0.44999998807907104,-40.6127604502647,8.684082786203362e-07
grid-r027-c052,27,52,10.600000381469727,5.600000381469727,0.44999998807907104,-42.042386248868695,6.24829283424333e-07
grid-r027-c053,27,53,10.800000190734863,5.600000381469727,0.44999998807907104,-40.73682446247573,8.43951625029149e-07
grid-r027-c054,27,54,11.0,5.600000381469727,0.44999998807907104,-40.73847601910597,8.436307439296797e-07
grid-r027-c055,27,55,11.200000762939453,5.600000381469727,0.44999998807907104,-38.86514389195309,1.2986305364393047e-06
grid-r027-c056,27,56,11.399999618530273,5.600000381469727,0.44999998807907104,-39.91870869390188,1.0188942951572244e-06
grid-r027-c057,27,57,11.600000381469727,5.600000381469727,0.44999998807907104,-38.85088029121212,1.3029026604272076e-06
grid-r028-c000,28,0,0.19999980926513672,5.800000190734863,0.44999998807907104,-38.66750513885104,1.3590939715868444e-06
grid-r028-c001,28,1,0.40000009536743164,5.800000190734863,0.44999998807907104,-39.00097510109813,1.2586427828864544e-06
grid-r028-c002,28,2,0.5999999046325684,5.800000190734863,0.44999998807907104,-38.92084641303006,1.2820806887248182e-06
grid-r028-c003,28,3,0.7999997138977051,5.800000190734863,0.44999998807907104,-38.84247383580016,1.305427076658816e-06
grid-r028-c004,28,4,1.0,5.800000190734863,0.44999998807907104,-39.07709858909254,1.2367734143481357e-06
grid-r028-c005,28,5,1.1999998092651367,5.800000190734863,0.44999998807907104,-38.55484894835655,1.3948101695859805e-06
grid-r028-c006,28,6,1.4000000953674316,5.800000190734863,0.44999998807907104,-38.9777736362558,1.265384867110697e-06
grid-r028-c007,28,7,1.5999999046325684,5.800000190734863,0.44999998807907104,-38.81814479572978,1.3127605598128866e-06
grid-r028-c008,28,8,1.799999713897705,5.800000190734863,0.44999998807907104,-38.82899542555842,1.309484787270776e-06
grid-r028-c009,28,9,2.0,5.800000190734863,0.44999998807907104,-39.36835646176174,1.1565498425625265e-06
grid-r028-c010,28,10,2.200000047683716,5.800000190734863,0.44999998807907104,-38.854764755088965,1.301737825087912e-06
grid-r028-c011,28,11,2.3999998569488525,5.800000190734863,0.44999998807907104,-38.95188872290223,1.272949361919018e-06
grid-r028-c012,28,12,2.5999999046325684,5.800000190734863,0.44999998807907104,-38.57815159204623,1.3873461739422055e-06
grid-r028-c013,28,13,2.799999952316284,5.800000190734863,0.44999998807907104,-39.02844502986579,1.2507067594924592e-06
grid-r028-c014,28,14,3.0,5.800000190734863,0.44999998807907104,-39.14022557298479,1.2189262861284078e-06
grid-r028-c015,28,15,3.200000047683716,5.800000190734863,0.44999998807907104,-39.00254880619977,1.258186784980353e-06
grid-r028-c016,28,16,3.3999998569488525,5.800000190734863,0.44999998807907104,-38.772619425058934,1.3265940879136906e-06
grid-r028-c017,28,17,3.5999999046325684,5.800000190734863,0.44999998807907104,-39.21225108509782,1.1988777259830385e-06
grid-r028-c018,28,18,3.799999952316284,5.800000190734863,0.44999998807907104,-39.00027612108414,1.2588453728312743e-06
grid-r028-c019,28,19,4.0,5.800000190734863,0.44999998807907104,-38.82795415005923,1.309798790316563e-06
grid-r028-c020,28,20,4.199999809265137,5.800000190734863,0.44999998807907104,-39.326161579904166,1.167841332971875e-06
grid-r028-c021,28,21,4.400000095367432,5.800000190734863,0.44999998807907104,-39.42616750481243,1.1412564617785392e-06
grid-r028-c022,28,22,4.599999904632568,5.800000190734863,0.44999998807907104,-39.662305141130496,1.0808601018652553e-06
grid-r028-c023,28,23,4.800000190734863,5.800000190734863,0.44999998807907104,-38.9985040715984,1.2593591236509383e-06
grid-r028-c024,28,24,5.0,5.800000190734863,0.44999998807907104,-39.911658452148615,1.0205496892012889e-06
grid-r028-c025,28,25,5.199999809265137,5.800000190734863,0.44999998807907104,-39.804333542184025,1.0460842077009147e-06
grid-r028-c026,28,26,5.400000095367432,5.800000190734863,0.44999998807907104,-39.73369015728612,1.0632392104525934e-06
grid-r028-c027,28,27,5.599999904632568,5.800000190734863,0.44999998807907104,-40.31718468535697,9.29568784613366e-07
grid-r028-c028,28,28,5.800000190734863,5.800000190734863,0.44999998807907104,-39.69073505328236,1.0738076525740325e-06
grid-r028-c029,28,29,6.0,5.800000190734863,0.44999998807907104,-39.95035532938981,1.0114966926266789e-06
grid-r028-c030,28,30,6.199999809265137,5.800000190734863,0.44999998807907104,-40.253076166577145,9.433924219592882e-07
grid-r028-c031,28,31,6.400000095367432,5.800000190734863,0.44999998807907104,-40.29669214497859,9.339653956885741e-07
grid-r028-c032,28,32,6.599999904632568,5.800000190734863,0.44999998807907104,-40.38590945443662,9.149746347247856e-07
grid-r028-c033,28,33,6.800000190734863,5.800000190734863,0.44999998807907104,-40.1176171472745,9.73281089500233e-07
grid-r028-c034,28,34,7.0,5.800000190734863,0.44999998807907104,-40.6963069030475,8.518621257280756e-07
grid-r028-c035,28,35,7.199999809265137,5.800000190734863,0.44999998807907104,-40.8987168964563,8.130706987685699e-07
grid-r028-c036,28,36,7.400000095367432,5.800000190734863,0.44999998807907104,-40.13200028613341,9.70063069871685e-07
grid-r028-c037,28,37,7.599999904632568,5.800000190734863,0.44999998807907104,-40.50438095848531,8.90352339411038e-07
grid-r028-c038,28,38,7.800000190734863,5.800000190734863,0.44999998807907104,-40.52525483736488,8.860832281243347e-07
grid-r028-c039,28,39,8.0,5.800000190734863,0.44999998807907104,-41.17064262755186,7.637227668055857e-07
grid-r028-c040,28,40,8.199999809265137,5.800000190734863,0.44999998807907104,-39.96355715940659,1.0084265795740066e-06
grid-r028-c041,28,41,8.399999618530273,5.800000190734863,0.44999998807907104,-40.89303616361924,8.141349212564819e-07
grid-r028-c042,28,42,8.600000381469727,5.800000190734863,0.44999998807907104,-39.991087359107624,1.0020543186328723e-06
grid-r028-c043,28,43,8.800000190734863,5.800000190734863,0.44999998807907104,-40.00450719317073,9.989627187678707e-07
grid-r028-c044,28,44,9.0,5.800000190734863,0.44999998807907104,-40.973715564986065,7.991502570803277e-07
grid-r028-c045,28,45,9.199999809265137,5.800000190734863,0.44999998807907104,-40.89551120248601,8.136710789585777e-07
grid-r028-c046,28,46,9.399999618530273,5.800000190734863,0.44999998807907104,-39.03450179334223,1.2489637128965114e-06
grid-r028-c047,28,47,9.600000381469727,5.800000190734863,0.44999998807907104,-41.17179223083661,7.635206316081167e-07
grid-r028-c048,28,48,9.800000190734863,5.800000190734863,0.44999998807907104,-40.4508821131177,9.01388034435513e-07
grid-r028-c049,28,49,10.0,5.800000190734863,0.44999998807907104,-40.269321573338246,9.398701195095782e-07
grid-r028-c050,28,50,10.200000762939453,5.800000190734863,0.44999998807907104,-41.68087664888063,6.790665452172107e-07
grid-r028-c051,28,51,10.399999618530273,5.800000190734863,0.44999998807907104,-40.5536207346794,8.803146442915022e-07
grid-r028-c052,28,52,10.600000381469727,5.800000190734863,0.44999998807907104,-40.40524725049873,9.109095913117926e-07
grid-r028-c053,28,53,10.800000190734863,5.800000190734863,0.44999998807907104,-40.31559154308414,9.299098451265309e-07
grid-r028-c054,28,54,11.0,5.800000190734863,0.44999998807907104,-41.89010425551736,6.471270808106055e-07
grid-r028-c055,28,55,11.200000762939453,5.800000190734863,0.44999998807907104,-42.214115868458045,6.006042667650036e-07
grid-r028-c056,28,56,11.399999618530273,5.800000190734863,0.44999998807907104,-41.350563799735994,7.327294042624999e-07
grid-r028-c057,28,57,11.600000381469727,5.800000190734863,0.44999998807907104,-41.9465586289941,6.387694497789198e-07
grid-r029-c000,29,0,0.19999980926513672,6.000000476837158,0.44999998807907104,-38.33411174721792,1.4675362081106869e-06
grid-r029-c001,29,1,0.40000009536743164,6.000000476837158,0.44999998807907104,-39.21341548895028,1.1985563332927995e-06
grid-r029-c002,29,2,0.5999999046325684,6.000000476837158,0.44999998807907104,-38.92736149715195,1.2801588127331343e-06
grid-r029-c003,29,3,0.7999997138977051,6.000000476837158,0.44999998807907104,-39.19521987165726,1.2035884537908714e-06
grid-r029-c004,29,4,1.0,6.000000476837158,0.44999998807907104,-38.43649641488024,1.4333437547975336e-06
grid-r029-c005,29,5,1.1999998092651367,6.000000476837158,0.44999998807907104,-39.20516924141634,1.2008342764602276e-06
grid-r029-c006,29,6,1.4000000953674316,6.000000476837158,0.44999998807907104,-38.96519821201415,1.269054223485e-06
grid-r029-c007,29,7,1.5999999046325684,6.000000476837158,0.44999998807907104,-38.68048754914574,1.355037284156424e-06
grid-r029-c008,29,8,1.799999713897705,6.000000476837158,0.44999998807907104,-38.86917471141386,1.2974257970199687e-06
grid-r029-c009,29,9,2.0,6.000000476837158,0.44999998807907104,-38.78287735365123,1.3234644029580522e-06
grid-r029-c010,29,10,2.200000047683716,6.000000476837158,0.44999998807907104,-38.60609713912689,1.3784476777800592e-06
grid-r029-c011,29,11,2.3999998569488525,6.000000476837158,0.44999998807907104,-39.26613484734976,1.184094912787259e-06
grid-r029-c012,29,12,2.5999999046325684,6.000000476837158,0.44999998807907104,-39.39344450188072,1.1498880212457152e-06
grid-r029-c013,29,13,2.799999952316284,6.000000476837158,0.44999998807907104,-38.99107670736462,1.2615147397809778e-06
grid-r029-c014,29,14,3.0,6.000000476837158,0.44999998807907104,-39.333036711346374,1.1659940355457366e-06
grid-r029-c015,29,15,3.200000047683716,6.000000476837158,0.44999998807907104,-39.04694399401558,1.2453906492737588e-06
grid-r029-c016,29,16,3.3999998569488525,6.000000476837158,0.44999998807907104,-39.38529527431497,1.1520477301019127e-06
grid-r029-c017,29,17,3.5999999046325684,6.000000476837158,0.44999998807907104,-38.862846587934136,1.2993176596864942e-06
grid-r029-c018,29,18,3.799999952316284,6.000000476837158,0.44999998807907104,-39.150633438958955,1.2160086271251203e-06
grid-r029-c019,29,19,4.0,6.000000476837158,0.44999998807907104,-39.02967252872246,1.2503533071139827e-06
grid-r029-c020,29,20,4.199999809265137,6.000000476837158,0.44999998807907104,-39.37784793516847,1.154024971583567e-06
grid-r029-c021,29,21,4.400000095367432,6.000000476837158,0.44999998807907104,-39.37641619762016,1.1544054814294213e-06
grid-r029-c022,29,22,4.599999904632568,6.000000476837158,0.44999998807907104,-38.81023386901336,1.3151540088074398e-06
grid-r029-c023,29,23,4.800000190734863,6.000000476837158,0.44999998807907104,-39.269493612791955,1.1831795063699246e-06
grid-r029-c024,29,24,5.0,6.000000476837158,0.44999998807907104,-39.58750177160425,1.0996382115990855e-06
grid-r029-c025,29,25,5.199999809265137,6.000000476837158,0.44999998807907104,-39.71580192809088,1.0676276360754855e-06
grid-r029-c026,29,26,5.400000095367432,6.000000476837158,0.44999998807907104,-40.183295495207396,9.58672899287194e-07
grid-r029-c027,29,27,5.599999904632568,6.000000476837158,0.44999998807907104,-39.696784701838546,1.0723128980316687e-06
grid-r029-c028,29,28,5.800000190734863,6.000000476837158,0.44999998807907104,-40.30741597576088,9.316620435129153e-07
grid-r029-c029,29,29,6.0,6.000000476837158,0.44999998807907104,-40.19293654647457,9.565470691086375e-07
grid-r029-c030,29,30,6.199999809265137,6.000000476837158,0.44999998807907104,-39.93716771694604,1.0145728310817503e-06
grid-r029-c031,29,31,6.400000095367432,6.000000476837158,0.44999998807907104,-40.72408020021852,8.464318170808838e-07
grid-r029-c032,29,32,6.599999904632568,6.000000476837158,0.44999998807907104,-40.91866092753656,8.093454084701079e-07
grid-r029-c033,29,33,6.800000190734863,6.000000476837158,0.44999998807907104,-40.46750442112237,8.979446306511818e-07
grid-r029-c034,29,34,7.0,6.000000476837158,0.44999998807907104,-40.5578036995929,8.794671657597064e-07
grid-r029-c035,29,35,7.199999809265137,6.000000476837158,0.44999998807907104,-41.075221020986525,7.806887083461334e-07
grid-r029-c036,29,36,7.400000095367432,6.000000476837158,0.44999998807907104,-40.17997231322779,9.59406747824687e-07
grid-r029-c037,29,37,7.599999904632568,6.000000476837158,0.44999998807907104,-41.3625603920205,7.307081659746473e-07
grid-r029-c038,29,38,7.800000190734863,6.000000476837158,0.44999998807907104,-40.64119796585143,8.627405350125628e-07
grid-r029-c039,29,39,8.0,6.000000476837158,0.44999998807907104,-40.301758985124074,9.328763894700387e-07
grid-r029-c040,29,40,8.199999809265137,6.000000476837158,0.44999998807907104,-40.25463763583722,9.430532941223646e-07
grid-r029-c041,29,41,8.399999618530273,6.000000476837158,0.44999998807907104,-41.421739782084174,7.208186616480816e-07
grid-r029-c042,29,42,8.600000381469727,6.000000476837158,0.44999998807907104,-39.24726865924863,1.189249928756908e-06
grid-r029-c043,29,43,8.800000190734863,6.000000476837158,0.44999998807907104,-40.829625334843826,8.261092148131866e-07
grid-r029-c044,29,44,9.0,6.000000476837158,0.44999998807907104,-40.28562481281093,9.363484991808946e-07
grid-r029-c045,29,45,9.199999809265137,6.000000476837158,0.44999998807907104,-40.63672383810157,8.636297934572212e-07
grid-r029-c046,29,46,9.399999618530273,6.000000476837158,0.44999998807907104,-40.51977617030182,8.872017360772588e-07
grid-r029-c047,29,47,9.600000381469727,6.000000476837158,0.44999998807907104,-40.29091077378932,9.352095275971806e-07
grid-r029-c048,29,48,9.800000190734863,6.000000476837158,0.44999998807907104,-41.253345813519175,7.493167117900157e-07
grid-r029-c049,29,49,10.0,6.000000476837158,0.44999998807907104,-40.82651769813452,8.267005568995955e-07
grid-r029-c050,29,50,10.200000762939453,6.000000476837158,0.44999998807907104,-40.661137241864225,8.587886100031028e-07
grid-r029-c051,29,51,10.399999618530273,6.000000476837158,0.44999998807907104,-40.50310681332445,8.906135917641222e-07
grid-r029-c052,29,52,10.600000381469727,6.000000476837158,0.44999998807907104,-40.372376198168695,9.17830277558096e-07
grid-r029-c053,29,53,10.800000190734863,6.000000476837158,0.44999998807907104,-41.552940654055476,6.99368285950186e-07
grid-r029-c054,29,54,11.0,6.000000476837158,0.44999998807907104,-40.78891234796095,8.338899988302728e-07
grid-r029-c055,29,55,11.200000762939453,6.000000476837158,0.44999998807907104,-39.900112109147784,1.02326657724916e-06
grid-r029-c056,29,56,11.399999618530273,6.000000476837158,0.44999998807907104,-40.75006098971876,8.4138332567818e-07
grid-r029-c057,29,57,11.600000381469727,6.000000476837158,0.44999998807907104,-40.7853458947974,8.345750757143833e-07
grid-r030-c000,30,0,0.19999980926513672,6.200000762939453,0.44999998807907104,-38.81339267860839,1.3141977888153633e-06
grid-r030-c001,30,1,0.40000009536743164,6.200000762939453,0.44999998807907104,-39.1263962565461,1.2228139212311362e-06
grid-r030-c002,30,2,0.5999999046325684,6.200000762939453,0.44999998807907104,-38.272985457587765,1.4883376024954487e-06
grid-r030-c003,30,3,0.7999997138977051,6.200000762939453,0.44999998807907104,-39.20142970216094,1.2018687129966565e-06
grid-r030-c004,30,4,1.0,6.200000762939453,0.44999998807907104,-39.21559644535182,1.197954588860739e-06
grid-r030-c005,30,5,1.1999998092651367,6.200000762939453,0.44999998807907104,-39.190593827751606,1.2048711823808844e-06
grid-r030-c006,30,6,1.4000000953674316,6.200000762939453,0.44999998807907104,-39.18663794626214,1.2059691698595998e-06
grid-r030-c007,30,7,1.5999999046325684,6.200000762939453,0.44999998807907104,-39.31012824881223,1.1721607506842702e-06
grid-r030-c008,30,8,1.799999713897705,6.200000762939453,0.44999998807907104,-38.97698748230091,1.2656139460887061e-06
grid-r030-c009,30,9,2.0,6.200000762939453,0.44999998807907104,-39.41941170430192,1.1430331596784526e-06
grid-r030-c010,30,10,2.200000047683716,6.200000762939453,0.44999998807907104,-39.612054472026905,1.0934389820249635e-06
grid-r030-c011,30,11,2.3999998569488525,6.200000762939453,0.44999998807907104,-39.321651630723125,1.169054712590878e-06
grid-r030-c012,30,12,2.5999999046325684,6.200000762939453,0.44999998807907104,-38.993758510061724,1.2607359849425848e-06
grid-r030-c013,30,13,2.799999952316284,6.200000762939453,0.44999998807907104,-39.52313411470382,1.1160575468238676e-06
grid-r030-c014,30,14,3.0,6.200000762939453,0.44999998807907104,-39.10235823476289,1.229600911756279e-06
grid-r030-c015,30,15,3.200000047683716,6.200000762939453,0.44999998807907104,-39.32336623711989,1.1685932577165659e-06
grid-r030-c016,30,16,3.3999998569488525,6.200000762939453,0.44999998807907104,-38.85022437736626,1.3030994523433037e-06
grid-r030-c017,30,17,3.5999999046325684,6.200000762939453,0.44999998807907104,-39.205225159609014,1.2008188150502974e-06
grid-r030-c018,30,18,3.799999952316284,6.200000762939453,0.44999998807907104,-39.290287078506346,1.177528133666783e-06
grid-r030-c019,30,19,4.0,6.200000762939453,0.44999998807907104,-39.66661763559831,1.079787352864514e-06
grid-r030-c020,30,20,4.199999809265137,6.200000762939453,0.44999998807907104,-38.970564300875296,1.2674871641138452e-06
grid-r030-c021,30,21,4.400000095367432,6.200000762939453,0.44999998807907104,-39.893619012406766,1.024797597892757e-06
grid-r030-c022,30,22,4.599999904632568,6.200000762939453,0.44999998807907104,-39.22837370400974,1.1944352991122287e-06
grid-r030-c023,30,23,4.800000190734863,6.200000762939453,0.44999998807907104,-39.52575342655666,1.1153846344313934e-06
grid-r030-c024,30,24,5.0,6.200000762939453,0.44999998807907104,-38.99534683963211,1.2602749848156236e-06
grid-r030-c025,30,25,5.199999809265137,6.200000762939453,0.44999998807907104,-39.91792665241121,1.019077785713307e-06
grid-r030-c026,30,26,5.400000095367432,6.200000762939453,0.44999998807907104,-40.17805215351862,9.598310271030641e-07
grid-r030-c027,30,27,5.599999904632568,6.200000762939453,0.44999998807907104,-40.87615228474286,8.173061587513075e-07
grid-r030-c028,30,28,5.800000190734863,6.200000762939453,0.44999998807907104,-39.87705159520033,1.0287144505127799e-06
grid-r030-c029,30,29,6.0,6.200000762939453,0.44999998807907104,-39.719434687253084,1.0667349670256954e-06
grid-r030-c030,30,30,6.199999809265137,6.200000762939453,0.44999998807907104,-41.02487701017735,7.897912155385711e-07
grid-r030-c031,30,31,6.400000095367432,6.200000762939453,0.44999998807907104,-39.99632718364495,1.000846054921567e-06
grid-r030-c032,30,32,6.599999904632568,6.200000762939453,0.44999998807907104,-41.01179178479051,7.921744327177294e-07
grid-r030-c033,30,33,6.800000190734863,6.200000762939453,0.44999998807907104,-40.5937960607136,8.722086590751132e-07
grid-r030-c034,30,34,7.0,6.200000762939453,0.44999998807907104,-40.4533306998239,9.008799679577351e-07
grid-r030-c035,30,35,7.199999809265137,6.200000762939453,0.44999998807907104,-40.829960338385334,8.260454933406436e-07
grid-r030-c036,30,36,7.400000095367432,6.200000762939453,0.44999998807907104,-40.530059820796296,8.85103418113431e-07
grid-r030-c037,30,37,7.599999904632568,6.200000762939453,0.44999998807907104,-40.450828433909535,9.013991757456097e-07
grid-r030-c038,30,38,7.800000190734863,6.200000762939453,0.44999998807907104,-41.52127695342979,7.044858989502245e-07
grid-r030-c039,30,39,8.0,6.200000762939453,0.44999998807907104,-40.15688334670227,9.64520950219594e-07
grid-r030-c040,30,40,8.199999809265137,6.200000762939453,0.44999998807907104,-41.40186721662265,7.241245612021885e-07
grid-r030-c041,30,41,8.399999618530273,6.200000762939453,0.44999998807907104,-39.52955355026447,1.1144090876769042e-06
grid-r030-c042,30,42,8.600000381469727,6.200000762939453,0.44999998807907104,-41.403332733784886,7.238802481879247e-07
grid-r030-c043,30,43,8.800000190734863,6.200000762939453,0.44999998807907104,-40.81623561417943,8.286601200779842e-07
grid-r030-c044,30,44,9.0,6.200000762939453,0.44999998807907104,-40.40852095926777,9.102232070290484e-07
grid-r030-c045,30,45,9.199999809265137,6.200000762939453,0.44999998807907104,-40.28409565119353,9.366782478537061e-07
grid-r030-c046,30,46,9.399999618530273,6.200000762939453,0.44999998807907104,-41.54560084985238,7.005512543400982e-07
grid-r030-c047,30,47,9.600000381469727,6.200000762939453,0.44999998807907104,-41.2709368511998,7.462877533725987e-07
grid-r030-c048,30,48,9.800000190734863,6.200000762939453,0.44999998807907104,-41.33309789669823,7.356821356552246e-07
grid-r030-c049,30,49,10.0,6.200000762939453,0.44999998807907104,-41.518167364878934,7.049904979794519e-07
grid-r030-c050,30,50,10.200000762939453,6.200000762939453,0.44999998807907104,-41.7411022729417,6.697146091028117e-07
grid-r030-c051,30,51,10.399999618530273,6.200000762939453,0.44999998807907104,-41.218901939941766,7.552831675639027e-07
grid-r030-c052,30,52,10.600000381469727,6.200000762939453,0.44999998807907104,-41.287960767955234,7.43368104849651e-07
grid-r030-c053,30,53,10.800000190734863,6.200000762939453,0.44999998807907104,-41.483054738314856,7.107134365469392e-07
grid-r030-c054,30,54,11.0,6.200000762939453,0.44999998807907104,-40.54541969608749,8.819785648483958e-07
grid-r030-c055,30,55,11.200000762939453,6.200000762939453,0.44999998807907104,-42.077178758052455,6.198436039994704e-07
grid-r030-c056,30,56,11.399999618530273,6.200000762939453,0.44999998807907104,-41.72435701874108,6.723018373122613e-07
grid-r030-c057,30,57,11.600000381469727,6.200000762939453,0.44999998807907104,-40.94954410383447,8.03610475941241e-07
grid-r031-c000,31,0,0.19999980926513672,6.40000057220459,0.44999998807907104,-38.75850242048584,1.3309132782524102e-06
grid-r031-c001,31,1,0.40000009536743164,6.40000057220459,0.44999998807907104,-39.32120650979336,1.1691745385178365e-06
grid-r031-c002,31,2,0.5999999046325684,6.40000057220459,0.44999998807907104,-39.44111398601419,1.1373355164323584e-06
grid-r031-c003,31,3,0.7999997138977051,6.40000057220459,0.44999998807907104,-39.20272845616616,1.2015093489026185e-06
grid-r031-c004,31,4,1.0,6.40000057220459,0.44999998807907104,-38.92069006322103,1.2821268455809331e-06
grid-r031-c005,31,5,1.1999998092651367,6.40000057220459,0.44999998807907104,-39.00123793413442,1.2585666127051809e-06
grid-r031-c006,31,6,1.4000000953674316,6.40000057220459,0.44999998807907104,-39.36852167672178,1.1565058457563282e-06
grid-r031-c007,31,7,1.5999999046325684,6.40000057220459,0.44999998807907104,-39.10217232507716,1.229653548762144e-06
grid-r031-c008,31,8,1.799999713897705,6.40000057220459,0.44999998807907104,-39.5437938081528,1.1107609907412552e-06
grid-r031-c009,31,9,2.0,6.40000057220459,0.44999998807907104,-38.95962775243656,1.2706830148090376e-06
grid-r031-c010,31,10,2.200000047683716,6.40000057220459,0.44999998807907104,-39.21692665353867,1.1975877214354114e-06
grid-r031-c011,31,11,2.3999998569488525,6.40000057220459,0.44999998807907104,-39.392026500611294,1.1502635288707097e-06
grid-r031-c012,31,12,2.5999999046325684,6.40000057220459,0.44999998807907104,-39.18205088509117,1.207243599310459e-06
grid-r031-c013,31,13,2.799999952316284,6.40000057220459,0.44999998807907104,-39.02006751008574,1.2531216952993418e-06
grid-r031-c014,31,14,3.0,6.40000057220459,0.44999998807907104,-39.63991676532971,1.08644644569722e-06
grid-r031-c015,31,15,3.200000047683716,6.40000057220459,0.44999998807907104,-38.95972800188489,1.2706536836049054e-06
grid-r031-c016,31,16,3.3999998569488525,6.40000057220459,0.44999998807907104,-39.677341551663574,1.077124352377723e-06
grid-r031-c017,31,17,3.5999999046325684,6.40000057220459,0.44999998807907104,-39.372650248775216,1.155406948782911e-06
grid-r031-c018,31,18,3.799999952316284,6.40000057220459,0.44999998807907104,-39.52341592796919,1.115985128308239e-06
grid-r031-c019,31,19,4.0,6.40000057220459,0.44999998807907104,-39.1564752617581,1.2143740377723589e-06
grid-r031-c020,31,20,4.199999809265137,6.40000057220459,0.44999998807907104,-39.27673095615852,1.1812094271590468e-06
grid-r031-c021,31,21,4.400000095367432,6.40000057220459,0.44999998807907104,-39.24227957482313,1.1906168992936728e-06
grid-r031-c022,31,22,4.599999904632568,6.40000057220459,0.44999998807907104,-39.786106981516156,1.0504836609470658e-06
grid-r031-c023,31,23,4.800000190734863,6.40000057220459,0.44999998807907104,-39.87404188659028,1.0294276080458076e-06
grid-r031-c024,31,24,5.0,6.40000057220459,0.44999998807907104,-40.0784378406686,9.821011417443515e-07
grid-r031-c025,31,25,5.199999809265137,6.40000057220459,0.44999998807907104,-39.57081989054832,1.1038702041332726e-06
grid-r031-c026,31,26,5.400000095367432,6.40000057220459,0.44999998807907104,-40.332844477119735,9.262229809792188e-07
grid-r031-c027,31,27,5.599999904632568,6.40000057220459,0.44999998807907104,-39.72558241194787,1.0652260016286164e-06
grid-r031-c028,31,28,5.800000190734863,6.40000057220459,0.44999998807907104,-40.65564734242413,8.598748877375328e-07
grid-r031-c029,31,29,6.0,6.40000057220459,0.44999998807907104,-40.6228825209406,8.663866424285516e-07
grid-r031-c030,31,30,6.199999809265137,6.40000057220459,0.44999998807907104,-41.06673412196244,7.82215806793829e-07
grid-r031-c031,31,31,6.400000095367432,6.40000057220459,0.44999998807907104,-40.719403955820766,8.473436992062489e-07
grid-r031-c032,31,32,6.599999904632568,6.40000057220459,0.44999998807907104,-40.476982363537424,8.959871138358722e-07
grid-r031-c033,31,33,6.800000190734863,6.40000057220459,0.44999998807907104,-40.949422762171935,8.03632929091691e-07
grid-r031-c034,31,34,7.0,6.40000057220459,0.44999998807907104,-40.6838108461839,8.54316738241323e-07
grid-r031-c035,31,35,7.199999809265137,6.40000057220459,0.44999998807907104,-40.60379170556195,8.702035074747982e-07
grid-r031-c036,31,36,7.400000095367432,6.40000057220459,0.44999998807907104,-41.20998861410393,7.56834879211965e-07
grid-r031-c037,31,37,7.599999904632568,6.40000057220459,0.44999998807907104,-41.91354773248371,6.436432613554643e-07
grid-r031-c038,31,38,7.800000190734863,6.40000057220459,0.44999998807907104,-40.26204432904584,9.414463306711696e-07
grid-r031-c039,31,39,8.0,6.40000057220459,0.44999998807907104,-40.51945257243216,8.87267844973394e-07
grid-r031-c040,31,40,8.199999809265137,6.40000057220459,0.44999998807907104,-40.38010732524974,9.161978482552513e-07
grid-r031-c041,31,41,8.399999618530273,6.40000057220459,0.44999998807907104,-40.08186683460488,9.813260248847655e-07
grid-r031-c042,31,42,8.600000381469727,6.40000057220459,0.44999998807907104,-41.10327204593291,7.75662499563623e-07
grid-r031-c043,31,43,8.800000190734863,6.40000057220459,0.44999998807907104,-40.83805489366079,8.245073104262701e-07
grid-r031-c044,31,44,9.0,6.40000057220459,0.44999998807907104,-41.396690379772394,7.249882401083596e-07
grid-r031-c045,31,45,9.199999809265137,6.40000057220459,0.44999998807907104,-41.66968677510699,6.808184593865008e-07
grid-r031-c046,31,46,9.399999618530273,6.40000057220459,0.44999998807907104,-41.5081101772948,7.066249736453756e-07
grid-r031-c047,31,47,9.600000381469727,6.40000057220459,0.44999998807907104,-40.51187037038154,8.888182492228225e-07
grid-r031-c048,31,48,9.800000190734863,6.40000057220459,0.44999998807907104,-40.58231511199204,8.745174682189827e-07
grid-r031-c049,31,49,10.0,6.40000057220459,0.44999998807907104,-40.903416502618114,8.121913310787932e-07
grid-r031-c050,31,50,10.200000762939453,6.40000057220459,0.44999998807907104,-40.54502617127923,8.820584866953141e-07
grid-r031-c051,31,51,10.399999618530273,6.40000057220459,0.44999998807907104,-41.085496338801875,7.78843798343587e-07
grid-r031-c052,31,52,10.600000381469727,6.40000057220459,0.44999998807907104,-41.542705515036175,7.010184503997152e-07
grid-r031-c053,31,53,10.800000190734863,6.40000057220459,0.44999998807907104,-40.107646151698916,9.75518219092919e-07
grid-r031-c054,31,54,11.0,6.40000057220459,0.44999998807907104,-41.82621051193138,6.567180435013142e-07
grid-r031-c055,31,55,11.200000762939453,6.40000057220459,0.44999998807907104,-40.26530549563703,9.40739653287892e-07
grid-r031-c056,31,56,11.399999618530273,6.40000057220459,0.44999998807907104,-40.84396212704134,8.233865855800104e-07
grid-r031-c057,31,57,11.600000381469727,6.40000057220459,0.44999998807907104,-41.1554883265612,7.663923611289647e-07
grid-r032-c000,32,0,0.19999980926513672,6.600000381469727,0.44999998807907104,-38.17620338023119,1.521877379673242e-06
grid-r032-c001,32,1,0.40000009536743164,6.600000381469727,0.44999998807907104,-38.915222132199425,1.2837421081712819e-06
grid-r032-c002,32,2,0.5999999046325684,6.600000381469727,0.44999998807907104,-39.622177682986205,1.0908931926678633e-06
grid-r032-c003,32,3,0.7999997138977051,6.600000381469727,0.44999998807907104,-39.016865827466766,1.2540458556031808e-06
grid-r032-c004,32,4,1.0,6.600000381469727,0.44999998807907104,-39.413813326418236,1.1445075642768643e-06
grid-r032-c005,32,5,1.1999998092651367,6.600000381469727,0.44999998807907104,-39.34292696264025,1.1633417216216912e-06
grid-r032-c006,32,6,1.4000000953674316,6.600000381469727,0.44999998807907104,-39.16994648919618,1.2106130498068524e-06
grid-r032-c007,32,7,1.5999999046325684,6.600000381469727,0.44999998807907104,-39.30905301138151,1.1724509931809735e-06
grid-r032-c008,32,8,1.799999713897705,6.600000381469727,0.44999998807907104,-38.75384695348415,1.3323407301868428e-06
grid-r032-c009,32,9,2.0,6.600000381469727,0.44999998807907104,-39.376194656268986,1.1544643712113611e-06
grid-r032-c010,32,10,2.200000047683716,6.600000381469727,0.44999998807907104,-39.434046252378614,1.1391879297661944e-06
grid-r032-c011,32,11,2.3999998569488525,6.600000381469727,0.44999998807907104,-39.512771936329266,1.1187236168552772e-06
grid-r032-c012,32,12,2.5999999046325684,6.600000381469727,0.44999998807907104,-39.42105688976939,1.1426002402004087e-06
grid-r032-c013,32,13,2.799999952316284,6.600000381469727,0.44999998807907104,-39.55257626596133,1.108517039938306e-06
grid-r032-c014,32,14,3.0,6.600000381469727,0.44999998807907104,-39.10055729353475,1.2301109109102981e-06
grid-r032-c015,32,15,3.200000047683716,6.600000381469727,0.44999998807907104,-39.85644573428295,1.0336069635741296e-06
grid-r032-c016,32,16,3.3999998569488525,6.600000381469727,0.44999998807907104,-39.23880379928982,1.1915701634279685e-06
grid-r032-c017,32,17,3.5999999046325684,6.600000381469727,0.44999998807907104,-39.959925283185385,1.0092702495967387e-06
grid-r032-c018,32,18,3.799999952316284,6.600000381469727,0.44999998807907104,-39.345771876033524,1.1625799061221187e-06
grid-r032-c019,32,19,4.0,6.600000381469727,0.44999998807907104,-39.693781830200514,1.0730545909609646e-06
grid-r032-c020,32,20,4.199999809265137,6.600000381469727,0.44999998807907104,-39.759383874116594,1.056967448676005e-06
grid-r032-c021,32,21,4.400000095367432,6.600000381469727,0.44999998807907104,-39.776875972675455,1.0527188578635105e-06
grid-r032-c022,32,22,4.599999904632568,6.600000381469727,0.44999998807907104,-39.10382169814631,1.2291866369196214e-06
grid-r032-c023,32,23,4.800000190734863,6.600000381469727,0.44999998807907104,-38.823754260188835,1.311066057496646e-06
grid-r032-c024,32,24,5.0,6.600000381469727,0.44999998807907104,-39.03507662122328,1.2487984122344642e-06
grid-r032-c025,32,25,5.199999809265137,6.600000381469727,0.44999998807907104,-40.08578598133255,9.80440859166265e-07
grid-r032-c026,32,26,5.400000095367432,6.600000381469727,0.44999998807907104,-39.9591162206753,1.0094582876263303e-06
grid-r032-c027,32,27,5.599999904632568,6.600000381469727,0.44999998807907104,-40.14870172528929,9.663397122494644e-07
grid-r032-c028,32,28,5.800000190734863,6.600000381469727,0.44999998807907104,-40.68615614319263,8.538555107406864e-07
grid-r032-c029,32,29,6.0,6.600000381469727,0.44999998807907104,-40.68671071328859,8.537464850633114e-07
grid-r032-c030,32,30,6.199999809265137,6.600000381469727,0.44999998807907104,-40.770323935217945,8.374668141186703e-07
grid-r032-c031,32,31,6.400000095367432,6.600000381469727,0.44999998807907104,-40.51795871431938,8.875730941326765e-07
grid-r032-c032,32,32,6.599999904632568,6.600000381469727,0.44999998807907104,-40.926278503253485,8.079270514826931e-07
grid-r032-c033,32,33,6.800000190734863,6.600000381469727,0.44999998807907104,-41.10860406332713,7.747107702016365e-07
grid-r032-c034,32,34,7.0,6.600000381469727,0.44999998807907104,-40.85899410667903,8.20541572466027e-07
grid-r032-c035,32,35,7.199999809265137,6.600000381469727,0.44999998807907104,-40.93878399753022,8.056039746406896e-07
grid-r032-c036,32,36,7.400000095367432,6.600000381469727,0.44999998807907104,-41.03948937199356,7.871383331803372e-07
grid-r032-c037,32,37,7.599999904632568,6.600000381469727,0.44999998807907104,-40.94694107066408,8.040922807595052e-07
grid-r032-c038,32,38,7.800000190734863,6.600000381469727,0.44999998807907104,-40.85902118412987,8.205364565583295e-07
grid-r032-c039,32,39,8.0,6.600000381469727,0.44999998807907104,-39.80204879371681,1.0466346793691628e-06
grid-r032-c040,32,40,8.199999809265137,6.600000381469727,0.44999998807907104,-40.4568816573152,9.00143675153231e-07
grid-r032-c041,32,41,8.399999618530273,6.600000381469727,0.44999998807907104,-40.99835222948436,7.946296705085842e-07
grid-r032-c042,32,42,8.600000381469727,6.600000381469727,0.44999998807907104,-40.88222200278623,8.161646860571636e-07
grid-r032-c043,32,43,8.800000190734863,6.600000381469727,0.44999998807907104,-40.47365445709864,8.966739528659673e-07
grid-r032-c044,32,44,9.0,6.600000381469727,0.44999998807907104,-40.88634878799987,8.153895123541588e-07
grid-r032-c045,32,45,9.199999809265137,6.600000381469727,0.44999998807907104,-41.06803522279612,7.819814982212847e-07
grid-r032-c046,32,46,9.399999618530273,6.600000381469727,0.44999998807907104,-40.478410098897214,8.956926080827543e-07
grid-r032-c047,32,47,9.600000381469727,6.600000381469727,0.44999998807907104,-40.932800319141975,8.067146950452297e-07
grid-r032-c048,32,48,9.800000190734863,6.600000381469727,0.44999998807907104,-41.296946881867875,7.418315703944245e-07
grid-r032-c049,32,49,10.0,6.600000381469727,0.44999998807907104,-40.63628965496627,8.637161386104708e-07
grid-r032-c050,32,50,10.200000762939453,6.600000381469727,0.44999998807907104,-40.76307929613527,8.388649916923896e-07
grid-r032-c051,32,51,10.399999618530273,6.600000381469727,0.44999998807907104,-42.61428741816084,5.477359650285507e-07
grid-r032-c052,32,52,10.600000381469727,6.600000381469727,0.44999998807907104,-41.18020140620275,7.620436690558563e-07
grid-r032-c053,32,53,10.800000190734863,6.600000381469727,0.44999998807907104,-40.524886536256545,8.861583751240687e-07
grid-r032-c054,32,54,11.0,6.600000381469727,0.44999998807907104,-42.15735652889325,6.085052746129804e-07
grid-r032-c055,32,55,11.200000762939453,6.600000381469727,0.44999998807907104,-40.857283755671745,8.208647841456695e-07
grid-r032-c056,32,56,11.399999618530273,6.600000381469727,0.44999998807907104,-43.428714775175024,4.540759732662991e-07
grid-r032-c057,32,57,11.600000381469727,6.600000381469727,0.44999998807907104,-41.24500242094716,7.507576356147183e-07
grid-r033-c000,33,0,0.19999980926513672,6.800000190734863,0.44999998807907104,-37.856012103545815,1.6383202137149055e-06
grid-r033-c001,33,1,0.40000009536743164,6.800000190734863,0.44999998807907104,-39.004978555743264,1.2574830634548562e-06
grid-r033-c002,33,2,0.5999999046325684,6.800000190734863,0.44999998807907104,-39.08065862990105,1.2357600098766852e-06
grid-r033-c003,33,3,0.7999997138977051,6.800000190734863,0.44999998807907104,-40.09863733917888,9.775438911674428e-07
grid-r033-c004,33,4,1.0,6.800000190734863,0.44999998807907104,-39.06881883092662,1.2391335530992365e-06
grid-r033-c005,33,5,1.1999998092651367,6.800000190734863,0.44999998807907104,-38.83397113108689,1.3079853715680656e-06
grid-r033-c006,33,6,1.4000000953674316,6.800000190734863,0.44999998807907104,-39.6427202635845,1.0857453389689908e-06
grid-r033-c007,33,7,1.5999999046325684,6.800000190734863,0.44999998807907104,-39.45794337207124,1.1329367453072337e-06
grid-r033-c008,33,8,1.799999713897705,6.800000190734863,0.44999998807907104,-39.29696828420151,1.1757180118365795e-06
grid-r033-c009,33,9,2.0,6.800000190734863,0.44999998807907104,-39.39919724119925,1.1483658681754605e-06
grid-r033-c010,33,10,2.200000047683716,6.800000190734863,0.44999998807907104,-38.78067199189361,1.3241366332295001e-06
grid-r033-c011,33,11,2.3999998569488525,6.800000190734863,0.44999998807907104,-39.550207818873005,1.1091217402281472e-06
grid-r033-c012,33,12,2.5999999046325684,6.800000190734863,0.44999998807907104,-39.67303305430833,1.078193463399657e-06
grid-r033-c013,33,13,2.799999952316284,6.800000190734863,0.44999998807907104,-39.169551310827,1.2107232123526046e-06
grid-r033-c014,33,14,3.0,6.800000190734863,0.44999998807907104,-39.7783906700502,1.0523517630645074e-06
grid-r033-c015,33,15,3.200000047683716,6.800000190734863,0.44999998807907104,-39.290885458544864,1.1773659025493544e-06
grid-r033-c016,33,16,3.3999998569488525,6.800000190734863,0.44999998807907104,-39.08479384019102,1.234583919540455e-06
grid-r033-c017,33,17,3.5999999046325684,6.800000190734863,0.44999998807907104,-39.65403445571241,1.0829204484252841e-06
grid-r033-c018,33,18,3.799999952316284,6.800000190734863,0.44999998807907104,-39.529667857908606,1.114379756472772e-06
grid-r033-c019,33,19,4.0,6.800000190734863,0.44999998807907104,-39.513307312775765,1.1185857147211209e-06
grid-r033-c020,33,20,4.199999809265137,6.800000190734863,0.44999998807907104,-39.73070668071989,1.0639698757586302e-06
grid-r033-c021,33,21,4.400000095367432,6.800000190734863,0.44999998807907104,-39.7696615593911,1.0544690667302348e-06
grid-r033-c022,33,22,4.599999904632568,6.800000190734863,0.44999998807907104,-39.76197111439804,1.0563379646555404e-06
grid-r033-c023,33,23,4.800000190734863,6.800000190734863,0.44999998807907104,-40.00485515793969,9.988826832341147e-07
grid-r033-c024,33,24,5.0,6.800000190734863,0.44999998807907104,-39.90578094925817,1.0219317800874705e-06
grid-r033-c025,33,25,5.199999809265137,6.800000190734863,0.44999998807907104,-39.935771273532,1.0148991123060114e-06
grid-r033-c026,33,26,5.400000095367432,6.800000190734863,0.44999998807907104,-40.44083075697201,9.034766321747156e-07
grid-r033-c027,33,27,5.599999904632568,6.800000190734863,0.44999998807907104,-40.00253015564421,9.994175798055949e-07
grid-r033-c028,33,28,5.800000190734863,6.800000190734863,0.44999998807907104,-40.20436448271032,9.540333394397749e-07
grid-r033-c029,33,29,6.0,6.800000190734863,0.44999998807907104,-40.60555008697701,8.698512488081178e-07
grid-r033-c030,33,30,6.199999809265137,6.800000190734863,0.44999998807907104,-40.60154688130905,8.706534231350815e-07
grid-r033-c031,33,31,6.400000095367432,6.800000190734863,0.44999998807907104,-41.47372724182284,7.122415013327554e-07
grid-r033-c032,33,32,6.599999904632568,6.800000190734863,0.44999998807907104,-41.0523869699403,7.848041718716559e-07
grid-r033-c033,33,33,6.800000190734863,6.800000190734863,0.44999998807907104,-41.2649882812105,7.473106506949989e-07
grid-r033-c034,33,34,7.0,6.800000190734863,0.44999998807907104,-41.180815020256375,7.619360076205339e-07
grid-r033-c035,33,35,7.199999809265137,6.800000190734863,0.44999998807907104,-40.74487635495332,8.423883741670579e-07
grid-r033-c036,33,36,7.400000095367432,6.800000190734863,0.44999998807907104,-42.025313360192854,6.272904329307494e-07
grid-r033-c037,33,37,7.599999904632568,6.800000190734863,0.44999998807907104,-41.18805728804197,7.606664667036966e-07
grid-r033-c038,33,38,7.800000190734863,6.800000190734863,0.44999998807907104,-40.2937689319871,9.345942544314312e-07
grid-r033-c039,33,39,8.0,6.800000190734863,0.44999998807907104,-40.37168070019811,9.1797727463927e-07
grid-r033-c040,33,40,8.199999809265137,6.800000190734863,0.44999998807907104,-40.35140992521427,9.222719654644607e-07
grid-r033-c041,33,41,8.399999618530273,6.800000190734863,0.44999998807907104,-40.92733096935676,8.077312827481364e-07
grid-r033-c042,33,42,8.600000381469727,6.800000190734863,0.44999998807907104,-40.55788875300741,8.794499422037916e-07
grid-r033-c043,33,43,8.800000190734863,6.800000190734863,0.44999998807907104,-40.73127608872784,8.450305131191271e-07
grid-r033-c044,33,44,9.0,6.800000190734863,0.44999998807907104,-41.78844720929646,6.624533170906943e-07
grid-r033-c045,33,45,9.199999809265137,6.800000190734863,0.44999998807907104,-41.15744852729064,7.660465257686155e-07
grid-r033-c046,33,46,9.399999618530273,6.800000190734863,0.44999998807907104,-41.35099979016714,7.32655848878494e-07
grid-r033-c047,33,47,9.600000381469727,6.800000190734863,0.44999998807907104,-41.19856859091296,7.588276389469684e-07
grid-r033-c048,33,48,9.800000190734863,6.800000190734863,0.44999998807907104,-40.89265441738546,8.142064871208277e-07
grid-r033-c049,33,49,10.0,6.800000190734863,0.44999998807907104,-41.24427084708537,7.508841122216836e-07
grid-r033-c050,33,50,10.200000762939453,6.800000190734863,0.44999998807907104,-42.55276757284668,5.555501161325083e-07
grid-r033-c051,33,51,10.399999618530273,6.800000190734863,0.44999998807907104,-40.65629335958515,8.59746990045096e-07
grid-r033-c052,33,52,10.600000381469727,6.800000190734863,0.44999998807907104,-40.36139813157877,9.201532975566806e-07
grid-r033-c053,33,53,10.800000190734863,6.800000190734863,0.44999998807907104,-43.51245196060301,4.4540470867104887e-07
grid-r033-c054,33,54,11.0,6.800000190734863,0.44999998807907104,-40.84670574757504,8.228665819842718e-07
grid-r033-c055,33,55,11.200000762939453,6.800000190734863,0.44999998807907104,-41.79262372001343,6.618165571126156e-07
grid-r033-c056,33,56,11.399999618530273,6.800000190734863,0.44999998807907104,-39.84322214722142,1.0367589311499614e-06
grid-r033-c057,33,57,11.600000381469727,6.800000190734863,0.44999998807907104,-41.25498747983525,7.490335178772511e-07
grid-r034-c000,34,0,0.19999980926513672,7.000000476837158,0.44999998807907104,-38.24925100279482,1.4964937236072728e-06
grid-r034-c001,34,1,0.40000009536743164,7.000000476837158,0.44999998807907104,-38.52022783863417,1.4059737623028923e-06
grid-r034-c002,34,2,0.5999999046325684,7.000000476837158,0.44999998807907104,-39.59058793504685,1.0988570693371003e-06
grid-r034-c003,34,3,0.7999997138977051,7.000000476837158,0.44999998807907104,-39.1044796944658,1.2290004178794334e-06
grid-r034-c004,34,4,1.0,7.000000476837158,0.44999998807907104,-39.596903188124664,1.0972603377013002e-06
grid-r034-c005,34,5,1.1999998092651367,7.000000476837158,0.44999998807907104,-39.56597366639819,1.1051026831410127e-06
grid-r034-c006,34,6,1.4000000953674316,7.000000476837158,0.44999998807907104,-39.33912929136112,1.1643594461929752e-06
grid-r034-c007,34,7,1.5999999046325684,7.000000476837158,0.44999998807907104,-39.52726271519887,1.1149970760016004e-06
grid-r034-c008,34,8,1.799999713897705,7.000000476837158,0.44999998807907104,-39.06383426458105,1.240556571246998e-06
grid-r034-c009,34,9,2.0,7.000000476837158,0.44999998807907104,-39.769059923551744,1.054615154316707e-06
grid-r034-c010,34,10,2.200000047683716,7.000000476837158,0.44999998807907104,-39.91540221073228,1.0196703215115122e-06
grid-r034-c011,34,11,2.3999998569488525,7.000000476837158,0.44999998807907104,-39.74640414193209,1.0601311259961221e-06
grid-r034-c012,34,12,2.5999999046325684,7.000000476837158,0.44999998807907104,-39.31447149657928,1.1709890941347112e-06
grid-r034-c013,34,13,2.799999952316284,7.000000476837158,0.44999998807907104,-39.73995576630302,1.0617063708195928e-06
grid-r034-c014,34,14,3.0,7.000000476837158,0.44999998807907104,-39.42660837169405,1.141140614890901e-06
grid-r034-c015,34,15,3.200000047683716,7.000000476837158,0.44999998807907104,-39.129826022155186,1.221848606292042e-06
grid-r034-c016,34,16,3.3999998569488525,7.000000476837158,0.44999998807907104,-39.78012977556438,1.051930439643911e-06
grid-r034-c017,34,17,3.5999999046325684,7.000000476837158,0.44999998807907104,-39.42625749166926,1.1412328149162931e-06
grid-r034-c018,34,18,3.799999952316284,7.000000476837158,0.44999998807907104,-39.62522563947034,1.0901278528763214e-06
grid-r034-c019,34,19,4.0,7.000000476837158,0.44999998807907104,-39.36919455502071,1.156326675300079e-06
grid-r034-c020,34,20,4.199999809265137,7.000000476837158,0.44999998807907104,-39.26205043273561,1.185209043796931e-06
grid-r034-c021,34,21,4.400000095367432,7.000000476837158,0.44999998807907104,-39.50927220949433,1.1196254945389228e-06
grid-r034-c022,34,22,4.599999904632568,7.000000476837158,0.44999998807907104,-39.64081576060758,1.0862215731322067e-06
grid-r034-c023,34,23,4.800000190734863,7.000000476837158,0.44999998807907104,-39.44267969088135,1.1369255616955343e-06
grid-r034-c024,34,24,5.0,7.000000476837158,0.44999998807907104,-39.88448139616825,1.0269560561937396e-06
grid-r034-c025,34,25,5.199999809265137,7.000000476837158,0.44999998807907104,-39.27790818014835,1.1808892850240227e-06
grid-r034-c026,34,26,5.400000095367432,7.000000476837158,0.44999998807907104,-39.89258280904203,1.0250421382806962e-06
grid-r034-c027,34,27,5.599999904632568,7.000000476837158,0.44999998807907104,-40.737059357727716,8.439059797638038e-07
grid-r034-c028,34,28,5.800000190734863,7.000000476837158,0.44999998807907104,-40.72631603550056,8.459961691187345e-07
grid-r034-c029,34,29,6.0,7.000000476837158,0.44999998807907104,-41.07122017680082,7.814082323420735e-07
grid-r034-c030,34,30,6.199999809265137,7.000000476837158,0.44999998807907104,-40.736595429899225,8.43996133426117e-07
grid-r034-c031,34,31,6.400000095367432,7.000000476837158,0.44999998807907104,-42.382879269844864,5.777129103989864e-07
grid-r034-c032,34,32,6.599999904632568,7.000000476837158,0.44999998807907104,-40.50180366860259,8.908808695196058e-07
grid-r034-c033,34,33,6.800000190734863,7.000000476837158,0.44999998807907104,-41.61933912752899,6.887570975777635e-07
grid-r034-c034,34,34,7.0,7.000000476837158,0.44999998807907104,-41.541067946399004,7.012828291408368e-07
grid-r034-c035,34,35,7.199999809265137,7.000000476837158,0.44999998807907104,-40.594782558725974,8.720105597603833e-07
grid-r034-c036,34,36,7.400000095367432,7.000000476837158,0.44999998807907104,-40.43901817409636,9.038537882588571e-07
grid-r034-c037,34,37,7.599999904632568,7.000000476837158,0.44999998807907104,-40.880918237134125,8.164097380358726e-07
grid-r034-c038,34,38,7.800000190734863,7.000000476837158,0.44999998807907104,-41.18690207397967,7.608688292748411e-07
grid-r034-c039,34,39,8.0,7.000000476837158,0.44999998807907104,-40.62771664560397,8.654228054183477e-07
grid-r034-c040,34,40,8.199999809265137,7.000000476837158,0.44999998807907104,-41.58660596551031,6.939679337847338e-07
grid-r034-c041,34,41,8.399999618530273,7.000000476837158,0.44999998807907104,-40.71703306938039,8.478064046357758e-07
grid-r034-c042,34,42,8.600000381469727,7.000000476837158,0.44999998807907104,-40.958489403467375,8.01956957729999e-07
grid-r034-c043,34,43,8.800000190734863,7.000000476837158,0.44999998807907104,-42.29456338067145,5.895812478229345e-07
grid-r034-c044,34,44,9.0,7.000000476837158,0.44999998807907104,-40.5800791013619,8.749678386266169e-07
grid-r034-c045,34,45,9.199999809265137,7.000000476837158,0.44999998807907104,-41.84868453707413,6.533284135912254e-07
grid-r034-c046,34,46,9.399999618530273,7.000000476837158,0.44999998807907104,-41.072785560434326,7.81126630045037e-07
grid-r034-c047,34,47,9.600000381469727,7.000000476837158,0.44999998807907104,-41.10878633956278,7.746782557660481e-07
grid-r034-c048,34,48,9.800000190734863,7.000000476837158,0.44999998807907104,-41.31318799791507,7.39062556931458e-07
grid-r034-c049,34,49,10.0,7.000000476837158,0.44999998807907104,-42.06533987374287,6.215356052052812e-07
grid-r034-c050,34,50,10.200000762939453,7.000000476837158,0.44999998807907104,-41.66708224297932,6.812268793510157e-07
grid-r034-c051,34,51,10.399999618530273,7.000000476837158,0.44999998807907104,-40.22577073147645,9.493425068285433e-07
grid-r034-c052,34,52,10.600000381469727,7.000000476837158,0.44999998807907104,-42.75155989019378,5.306937964633107e-07
grid-r034-c053,34,53,10.800000190734863,7.000000476837158,0.44999998807907104,-40.40156521070365,9.116822070609487e-07
grid-r034-c054,34,54,11.0,7.000000476837158,0.44999998807907104,-40.358548754668966,9.207572020386579e-07
grid-r034-c055,34,55,11.200000762939453,7.000000476837158,0.44999998807907104,-42.330480834861916,5.847253419233311e-07
grid-r034-c056,34,56,11.399999618530273,7.000000476837158,0.44999998807907104,-42.22030837447571,5.997484890940541e-07
grid-r034-c057,34,57,11.600000381469727,7.000000476837158,0.44999998807907104,-41.78257624260159,6.63349453589035e-07
grid-r035-c000,35,0,0.19999980926513672,7.200000286102295,0.44999998807907104,-39.24998095257291,1.1885074400197482e-06
grid-r035-c001,35,1,0.40000009536743164,7.200000286102295,0.44999998807907104,-38.33491658265263,1.4672642691948568e-06
grid-r035-c002,35,2,0.5999999046325684,7.200000286102295,0.44999998807907104,-38.57093952455804,1.3896519703848753e-06
grid-r035-c003,35,3,0.7999997138977051,7.200000286102295,0.44999998807907104,-39.63330546154423,1.088101612367609e-06
grid-r035-c004,35,4,1.0,7.200000286102295,0.44999998807907104,-39.855757448756286,1.0337707863072865e-06
grid-r035-c005,35,5,1.1999998092651367,7.200000286102295,0.44999998807907104,-39.14507114684223,1.2175670462966082e-06
grid-r035-c006,35,6,1.4000000953674316,7.200000286102295,0.44999998807907104,-39.79067880425891,1.0493783975107362e-06
grid-r035-c007,35,7,1.5999999046325684,7.200000286102295,0.44999998807907104,-39.23379007197929,1.1929465699722641e-06
grid-r035-c008,35,8,1.799999713897705,7.200000286102295,0.44999998807907104,-39.852427420316985,1.0345637520003947e-06
grid-r035-c009,35,9,2.0,7.200000286102295,0.44999998807907104,-39.25027466795572,1.188427063425479e-06
grid-r035-c010,35,10,2.200000047683716,7.200000286102295,0.44999998807907104,-39.50111551719074,1.1217302926525008e-06
grid-r035-c011,35,11,2.3999998569488525,7.200000286102295,0.44999998807907104,-39.70015136178325,1.0714819609347614e-06
grid-r035-c012,35,12,2.5999999046325684,7.200000286102295,0.44999998807907104,-39.33166792573138,1.1663615850920905e-06
grid-r035-c013,35,13,2.799999952316284,7.200000286102295,0.44999998807907104,-39.432653062088804,1.1395534329494694e-06
grid-r035-c014,35,14,3.0,7.200000286102295,0.44999998807907104,-39.80020893984317,1.0470781717231148e-06
grid-r035-c015,35,15,3.200000047683716,7.200000286102295,0.44999998807907104,-39.58356270064065,1.100636040973768e-06
grid-r035-c016,35,16,3.3999998569488525,7.200000286102295,0.44999998807907104,-40.005794900977136,9.986665645556059e-07
grid-r035-c017,35,17,3.5999999046325684,7.200000286102295,0.44999998807907104,-39.47050214033537,1.1296652928649564e-06
grid-r035-c018,35,18,3.799999952316284,7.200000286102295,0.44999998807907104,-39.45348610223366,1.134100102717639e-06
grid-r035-c019,35,19,4.0,7.200000286102295,0.44999998807907104,-40.50119768154013,8.910051860766544e-07
grid-r035-c020,35,20,4.199999809265137,7.200000286102295,0.44999998807907104,-39.73399665184829,1.0631641771396971e-06
grid-r035-c021,35,21,4.400000095367432,7.200000286102295,0.44999998807907104,-39.72205797357242,1.0660908174031647e-06
grid-r035-c022,35,22,4.599999904632568,7.200000286102295,0.44999998807907104,-39.75853285619458,1.0571745860943338e-06
grid-r035-c023,35,23,4.800000190734863,7.200000286102295,0.44999998807907104,-40.84440078597006,8.233034236582171e-07
grid-r035-c024,35,24,5.0,7.200000286102295,0.44999998807907104,-39.92456685251752,1.0175208444707096e-06
grid-r035-c025,35,25,5.199999809265137,7.200000286102295,0.44999998807907104,-40.36592117079027,9.19195485948876e-07
grid-r035-c026,35,26,5.400000095367432,7.200000286102295,0.44999998807907104,-41.074794147649804,7.807654469615954e-07
grid-r035-c027,35,27,5.599999904632568,7.200000286102295,0.44999998807907104,-40.56238969632307,8.785389695731283e-07
grid-r035-c028,35,28,5.800000190734863,7.200000286102295,0.44999998807907104,-41.43330127259687,7.189022994680272e-07
grid-r035-c029,35,29,6.0,7.200000286102295,0.44999998807907104,-41.044426156755264,7.86244072514819e-07
grid-r035-c030,35,30,6.199999809265137,7.200000286102295,0.44999998807907104,-41.7970170798655,6.611473963857861e-07
grid-r035-c031,35,31,6.400000095367432,7.200000286102295,0.44999998807907104,-40.76366467425238,8.387519301322754e-07
grid-r035-c032,35,32,6.599999904632568,7.200000286102295,0.44999998807907104,-40.888741558665146,8.149403925017396e-07
grid-r035-c033,35,33,6.800000190734863,7.200000286102295,0.44999998807907104,-41.62453725053277,6.879332090647949e-07
grid-r035-c034,35,34,7.0,7.200000286102295,0.44999998807907104,-40.27793174635913,9.380086112287245e-07
grid-r035-c035,35,35,7.199999809265137,7.200000286102295,0.44999998807907104,-41.130635146247634,7.707907343501574e-07
grid-r035-c036,35,36,7.400000095367432,7.200000286102295,0.44999998807907104,-40.90967940447939,8.110209250844491e-07
grid-r035-c037,35,37,7.599999904632568,7.200000286102295,0.44999998807907104,-40.88901056658984,8.148899155457912e-07
grid-r035-c038,35,38,7.800000190734863,7.200000286102295,0.44999998807907104,-40.48605139959203,8.941180453803099e-07
grid-r035-c039,35,39,8.0,7.200000286102295,0.44999998807907104,-40.4352342680821,9.046416380442679e-07
grid-r035-c040,35,40,8.199999809265137,7.200000286102295,0.44999998807907104,-40.735313889387044,8.442452212875651e-07
grid-r035-c041,35,41,8.399999618530273,7.200000286102295,0.44999998807907104,-40.58956812268002,8.73058183969988e-07
grid-r035-c042,35,42,8.600000381469727,7.200000286102295,0.44999998807907104,-41.20712630971218,7.573338507427252e-07
grid-r035-c043,35,43,8.800000190734863,7.200000286102295,0.44999998807907104,-41.09808198458563,7.765900136291748e-07
grid-r035-c044,35,44,9.0,7.200000286102295,0.44999998807907104,-42.40478754091629,5.748059379584447e-07
grid-r035-c045,35,45,9.199999809265137,7.200000286102295,0.44999998807907104,-41.616539296497535,6.892012720527418e-07
grid-r035-c046,35,46,9.399999618530273,7.200000286102295,0.44999998807907104,-41.34733768551469,7.332739073717676e-07
grid-r035-c047,35,47,9.600000381469727,7.200000286102295,0.44999998807907104,-41.03898759778687,7.872292826505145e-07
grid-r035-c048,35,48,9.800000190734863,7.200000286102295,0.44999998807907104,-40.72133511655619,8.469669978694583e-07
grid-r035-c049,35,49,10.0,7.200000286102295,0.44999998807907104,-42.78528576142435,5.265885647531832e-07
grid-r035-c050,35,50,10.200000762939453,7.200000286102295,0.44999998807907104,-41.46725433128651,7.133038479878451e-07
grid-r035-c051,35,51,10.399999618530273,7.200000286102295,0.44999998807907104,-41.60077944642913,6.917068162692885e-07
grid-r035-c052,35,52,10.600000381469727,7.200000286102295,0.44999998807907104,-41.903408223633356,6.451477361224534e-07
grid-r035-c053,35,53,10.800000190734863,7.200000286102295,0.44999998807907104,-41.28132496329658,7.445048026966106e-07
grid-r035-c054,35,54,11.0,7.200000286102295,0.44999998807907104,-43.342647380492096,4.6316449697769713e-07
grid-r035-c055,35,55,11.200000762939453,7.200000286102295,0.44999998807907104,-40.914716045249406,8.100809054667479e-07
grid-r035-c056,35,56,11.399999618530273,7.200000286102295,0.44999998807907104,-41.433068456672466,7.189408393060148e-07
grid-r035-c057,35,57,11.600000381469727,7.200000286102295,0.44999998807907104,-41.00697255957478,7.930539709377626e-07
grid-r036-c000,36,0,0.19999980926513672,7.40000057220459,0.44999998807907104,-43.54326759352852,4.422554980010318e-07
grid-r036-c001,36,1,0.40000009536743164,7.40000057220459,0.44999998807907104,-75.89610366631776,2.5727028840627497e-10
grid-r036-c004,36,4,1.0,7.40000057220459,0.44999998807907104,-51.25153302387476,7.496295495457161e-08
grid-r036-c006,36,6,1.4000000953674316,7.40000057220459,0.44999998807907104,-78.60643002573632,1.37834202385001e-10
grid-r036-c008,36,8,1.799999713897705,7.40000057220459,0.44999998807907104,-78.37458358117551,1.4539237869204413e-10
grid-r036-c011,36,11,2.3999998569488525,7.40000057220459,0.44999998807907104,-67.66935059157548,1.710271035904043e-09
grid-r036-c015,36,15,3.200000047683716,7.40000057220459,0.44999998807907104,-77.95659146324267,1.6008139258616438e-10
grid-r036-c022,36,22,4.599999904632568,7.40000057220459,0.44999998807907104,-72.71921508163244,5.34660982154378e-10
grid-r036-c023,36,23,4.800000190734863,7.40000057220459,0.44999998807907104,-78.59335181570944,1.3824989764099627e-10
grid-r036-c027,36,27,5.599999904632568,7.40000057220459,0.44999998807907104,-50.87237286007928,8.180177246686071e-08
grid-r036-c028,36,28,5.800000190734863,7.40000057220459,0.44999998807907104,-40.93194967719064,8.068727197496628e-07
grid-r036-c029,36,29,6.0,7.40000057220459,0.44999998807907104,-41.00988189346147,7.925228828753461e-07
grid-r036-c030,36,30,6.199999809265137,7.40000057220459,0.44999998807907104,-41.79420335486532,6.615758820771589e-07
grid-r036-c031,36,31,6.400000095367432,7.40000057220459,0.44999998807907104,-40.18886024418229,9.57445308813476e-07
grid-r036-c032,36,32,6.599999904632568,7.40000057220459,0.44999998807907104,-40.88756545056313,8.151611154971761e-07
grid-r036-c033,36,33,6.800000190734863,7.40000057220459,0.44999998807907104,-41.38068278216959,7.276653946064471e-07
grid-r036-c034,36,34,7.0,7.40000057220459,0.44999998807907104,-40.88732287813552,8.152066470756836e-07
grid-r036-c035,36,35,7.199999809265137,7.40000057220459,0.44999998807907104,-42.12587292612988,6.129325811343733e-07
grid-r036-c036,36,36,7.400000095367432,7.40000057220459,0.44999998807907104,-40.49136602538874,8.930245485316846e-07
grid-r036-c037,36,37,7.599999904632568,7.40000057220459,0.44999998807907104,-41.14087755590309,7.689750418649055e-07
grid-r036-c038,36,38,7.800000190734863,7.40000057220459,0.44999998807907104,-40.460966119594026,8.99297504020069e-07
grid-r036-c039,36,39,8.0,7.40000057220459,0.44999998807907104,-40.82061444680737,8.278250334115e-07
grid-r036-c040,36,40,8.199999809265137,7.40000057220459,0.44999998807907104,-41.249297353511494,7.500155447814905e-07
grid-r036-c041,36,41,8.399999618530273,7.40000057220459,0.44999998807907104,-41.41974870239782,7.211492061287572e-07
grid-r036-c042,36,42,8.600000381469727,7.40000057220459,0.44999998807907104,-41.21811853995563,7.55419421238912e-07
grid-r036-c043,36,43,8.800000190734863,7.40000057220459,0.44999998807907104,-41.97203654358587,6.3503307501378e-07
grid-r036-c044,36,44,9.0,7.40000057220459,0.44999998807907104,-41.18226257278461,7.616820880684827e-07
grid-r036-c045,36,45,9.199999809265137,7.40000057220459,0.44999998807907104,-43.25170958433947,4.729650413537456e-07
grid-r036-c046,36,46,9.399999618530273,7.40000057220459,0.44999998807907104,-40.78091085489308,8.354277838407143e-07
grid-r036-c047,36,47,9.600000381469727,7.40000057220459,0.44999998807907104,-41.11150163149549,7.741940635241917e-07
grid-r036-c048,36,48,9.800000190734863,7.40000057220459,0.44999998807907104,-40.92483223687349,8.081961482275801e-07
grid-r036-c049,36,49,10.0,7.40000057220459,0.44999998807907104,-43.42862588591474,4.5408526716528286e-07
grid-r036-c050,36,50,10.200000762939453,7.40000057220459,0.44999998807907104,-41.13291260436426,7.70386634485476e-07
grid-r036-c051,36,51,10.399999618530273,7.40000057220459,0.44999998807907104,-41.885021302912584,6.478849172708578e-07
grid-r036-c052,36,52,10.600000381469727,7.40000057220459,0.44999998807907104,-42.31636997808046,5.866282890565344e-07
grid-r036-c053,36,53,10.800000190734863,7.40000057220459,0.44999998807907104,-41.39930971352919,7.2455111421732e-07
grid-r036-c054,36,54,11.0,7.40000057220459,0.44999998807907104,-40.93045564339589,8.07150343007379e-07
grid-r036-c055,36,55,11.200000762939453,7.40000057220459,0.44999998807907104,-42.2187268109399,5.999669383527362e-07
grid-r036-c056,36,56,11.399999618530273,7.40000057220459,0.44999998807907104,-41.3497734680889,7.328627589231473e-07
grid-r036-c057,36,57,11.600000381469727,7.40000057220459,0.44999998807907104,-41.57789780147006,6.95360824920499e-07
grid-r037-c000,37,0,0.19999980926513672,7.600000381469727,0.44999998807907104,-50.90955110538039,8.11044884585499e-08
grid-r037-c028,37,28,5.800000190734863,7.600000381469727,0.44999998807907104,-43.42646428956962,4.543113334420923e-07
grid-r037-c029,37,29,6.0,7.600000381469727,0.44999998807907104,-42.54576999809036,5.564459684137546e-07
grid-r037-c030,37,30,6.199999809265137,7.600000381469727,0.44999998807907104,-41.137117617959305,7.696410762036976e-07
grid-r037-c031,37,31,6.400000095367432,7.600000381469727,0.44999998807907104,-41.99951564434854,6.310277171905909e-07
grid-r037-c032,37,32,6.599999904632568,7.600000381469727,0.44999998807907104,-41.750004631756056,6.683432047793758e-07
grid-r037-c033,37,33,6.800000190734863,7.600000381469727,0.44999998807907104,-40.8727365296956,8.179492283488798e-07
grid-r037-c034,37,34,7.0,7.600000381469727,0.44999998807907104,-41.68800132946213,6.779534373890783e-07
grid-r037-c035,37,35,7.199999809265137,7.600000381469727,0.44999998807907104,-42.79019505778814,5.259936415313859e-07
grid-r037-c036,37,36,7.400000095367432,7.600000381469727,0.44999998807907104,-45.44454559376298,2.854601177659788e-07
grid-r037-c037,37,37,7.599999904632568,7.600000381469727,0.44999998807907104,-43.92784403869528,4.047767845349881e-07
grid-r037-c038,37,38,7.800000190734863,7.600000381469727,0.44999998807907104,-44.39202812497123,3.6374513001646847e-07
grid-r037-c039,37,39,8.0,7.600000381469727,0.44999998807907104,-43.56559687254011,4.39987474010195e-07
grid-r037-c040,37,40,8.199999809265137,7.600000381469727,0.44999998807907104,-43.96464453680469,4.0136134771273646e-07
grid-r037-c041,37,41,8.399999618530273,7.600000381469727,0.44999998807907104,-41.74220236378944,6.69544988340931e-07
grid-r037-c042,37,42,8.600000381469727,7.600000381469727,0.44999998807907104,-41.55816835800561,6.985269465076271e-07
grid-r037-c043,37,43,8.800000190734863,7.600000381469727,0.44999998807907104,-41.624079735323534,6.880056844238425e-07
grid-r037-c044,37,44,9.0,7.600000381469727,0.44999998807907104,-41.290827349952515,7.428776029883011e-07
grid-r037-c045,37,45,9.199999809265137,7.600000381469727,0.44999998807907104,-43.191213108109146,4.79599464142666e-07
grid-r037-c046,37,46,9.399999618530273,7.600000381469727,0.44999998807907104,-41.295793946979884,7.420285328407772e-07
grid-r037-c047,37,47,9.600000381469727,7.600000381469727,0.44999998807907104,-41.0176965712428,7.910981025816e-07
grid-r037-c048,37,48,9.800000190734863,7.600000381469727,0.44999998807907104,-41.71466573658543,6.738037541254016e-07
grid-r037-c049,37,49,10.0,7.600000381469727,0.44999998807907104,-42.91821159076518,5.10715267409978e-07
grid-r037-c050,37,50,10.200000762939453,7.600000381469727,0.44999998807907104,-40.488124592494785,8.936913218349218e-07
grid-r037-c051,37,51,10.399999618530273,7.600000381469727,0.44999998807907104,-44.15820261960691,3.8386608025575697e-07
grid-r037-c052,37,52,10.600000381469727,7.600000381469727,0.44999998807907104,-41.32911625203563,7.363569238805212e-07
grid-r037-c053,37,53,10.800000190734863,7.600000381469727,0.44999998807907104,-42.233751228144186,5.978949388918409e-07
grid-r037-c054,37,54,11.0,7.600000381469727,0.44999998807907104,-41.31203942638304,7.392580414489203e-07
grid-r037-c055,37,55,11.200000762939453,7.600000381469727,0.44999998807907104,-42.1090065034685,6.153176173029351e-07
grid-r037-c056,37,56,11.399999618530273,7.600000381469727,0.44999998807907104,-40.08530760158866,9.805488616621005e-07
grid-r037-c057,37,57,11.600000381469727,7.600000381469727,0.44999998807907104,-43.63716319743658,4.327964404637896e-07
grid-r038-c000,38,0,0.19999980926513672,7.8000006675720215,0.44999998807907104,-48.08055365496219,1.5557672838895087e-07
grid-r038-c027,38,27,5.599999904632568,7.8000006675720215,0.44999998807907104,-50.55580275828041,8.79872459336184e-08
grid-r038-c028,38,28,5.800000190734863,7.8000006675720215,0.44999998807907104,-47.18600690310102,1.911610070237657e-07
grid-r038-c029,38,29,6.0,7.8000006675720215,0.44999998807907104,-41.7588423676536,6.669845333817648e-07
grid-r038-c030,38,30,6.199999809265137,7.8000006675720215,0.44999998807907104,-41.725115715895946,6.721843988088949e-07
grid-r038-c031,38,31,6.400000095367432,7.8000006675720215,0.44999998807907104,-41.76389714798705,6.662086775577336e-07
grid-r038-c032,38,32,6.599999904632568,7.8000006675720215,0.44999998807907104,-42.49605088980461,5.62852903840394e-07
grid-r038-c033,38,33,6.800000190734863,7.8000006675720215,0.44999998807907104,-41.1162930743773,7.733403890597401e-07
grid-r038-c034,38,34,7.0,7.8000006675720215,0.44999998807907104,-41.84665476018404,6.536338332807645e-07
grid-r038-c035,38,35,7.199999809265137,7.8000006675720215,0.44999998807907104,-50.20078585215913,9.548197965614236e-08
grid-r038-c040,38,40,8.199999809265137,7.8000006675720215,0.44999998807907104,-51.20902892215919,7.57002140971963e-08
grid-r038-c041,38,41,8.399999618530273,7.8000006675720215,0.44999998807907104,-44.536883447438655,3.518128153245925e-07
grid-r038-c042,38,42,8.600000381469727,7.8000006675720215,0.44999998807907104,-41.192578231563566,7.598750357828976e-07
grid-r038-c043,38,43,8.800000190734863,7.8000006675720215,0.44999998807907104,-41.34245743600605,7.340983643189247e-07
grid-r038-c044,38,44,9.0,7.8000006675720215,0.44999998807907104,-41.38276735714641,7.273162054843851e-07
grid-r038-c045,38,45,9.199999809265137,7.8000006675720215,0.44999998807907104,-42.500292477436155,5.623034553536854e-07
grid-r038-c046,38,46,9.399999618530273,7.8000006675720215,0.44999998807907104,-41.932662022225635,6.408166655091918e-07
grid-r038-c047,38,47,9.600000381469727,7.8000006675720215,0.44999998807907104,-40.57520862438282,8.759496381571807e-07
grid-r038-c048,38,48,9.800000190734863,7.8000006675720215,0.44999998807907104,-41.39939693829258,7.245365623020916e-07
grid-r038-c049,38,49,10.0,7.8000006675720215,0.44999998807907104,-41.72082344234698,6.728490689056343e-07
grid-r038-c050,38,50,10.200000762939453,7.8000006675720215,0.44999998807907104,-40.8285457891765,8.263145900855307e-07
grid-r038-c051,38,51,10.399999618530273,7.8000006675720215,0.44999998807907104,-43.02916008891859,4.978333549843228e-07
grid-r038-c052,38,52,10.600000381469727,7.8000006675720215,0.44999998807907104,-40.17700599293597,9.600622661309899e-07
grid-r038-c053,38,53,10.800000190734863,7.8000006675720215,0.44999998807907104,-44.369953131786545,3.6559873706210055e-07
grid-r038-c054,38,54,11.0,7.8000006675720215,0.44999998807907104,-40.55723138676301,8.795830694907636e-07
grid-r038-c055,38,55,11.200000762939453,7.8000006675720215,0.44999998807907104,-42.35610920552405,5.812849508401996e-07
grid-r038-c056,38,56,11.399999618530273,7.8000006675720215,0.44999998807907104,-43.58936148008215,4.375864364192239e-07
grid-r038-c057,38,57,11.600000381469727,7.8000006675720215,0.44999998807907104,-40.01106835104683,9.974546628654934e-07
grid-r039-c000,39,0,0.19999980926513672,8.000000953674316,0.44999998807907104,-46.59767041590567,2.1889354684390128e-07
grid-r039-c028,39,28,5.800000190734863,8.000000953674316,0.44999998807907104,-61.220717629426076,7.549674663209771e-09
grid-r039-c029,39,29,6.0,8.000000953674316,0.44999998807907104,-42.27712536625372,5.91953323691996e-07
grid-r039-c030,39,30,6.199999809265137,8.000000953674316,0.44999998807907104,-41.52040589002632,7.046272116895125e-07
grid-r039-c031,39,31,6.400000095367432,8.000000953674316,0.44999998807907104,-41.495603579026664,7.086628102115355e-07
grid-r039-c032,39,32,6.599999904632568,8.000000953674316,0.44999998807907104,-41.16814855645451,7.641614843123534e-07
grid-r039-c033,39,33,6.800000190734863,8.000000953674316,0.44999998807907104,-43.85064835705649,4.1203600176231703e-07
grid-r039-c034,39,34,7.0,8.000000953674316,0.44999998807907104,-40.34524763542598,9.23581524148176e-07
grid-r039-c035,39,35,7.199999809265137,8.000000953674316,0.44999998807907104,-48.04069208605985,1.5701125732903165e-07
grid-r039-c040,39,40,8.199999809265137,8.000000953674316,0.44999998807907104,-70.72771121458983,8.457244349280302e-10
grid-r039-c041,39,41,8.399999618530273,8.000000953674316,0.44999998807907104,-51.039882678056216,7.870670515330858e-08
grid-r039-c042,39,42,8.600000381469727,8.000000953674316,0.44999998807907104,-44.02646397352474,3.956886587275221e-07
grid-r039-c043,39,43,8.800000190734863,8.000000953674316,0.44999998807907104,-41.9063993053409,6.44703561647475e-07
grid-r039-c044,39,44,9.0,8.000000953674316,0.44999998807907104,-41.1733402793005,7.6324852216203e-07
grid-r039-c045,39,45,9.199999809265137,8.000000953674316,0.44999998807907104,-41.075861093408356,7.805736572663591e-07
grid-r039-c046,39,46,9.399999618530273,8.000000953674316,0.44999998807907104,-43.2516025842917,4.729766942546121e-07
grid-r039-c047,39,47,9.600000381469727,8.000000953674316,0.44999998807907104,-41.69451442883865,6.769374749637791e-07
grid-r039-c048,39,48,9.800000190734863,8.000000953674316,0.44999998807907104,-42.6722661662416,5.404722287494224e-07
grid-r039-c049,39,49,10.0,8.000000953674316,0.44999998807907104,-41.636041915327795,6.861132533231284e-07
grid-r039-c050,39,50,10.200000762939453,8.000000953674316,0.44999998807907104,-41.7104375786246,6.744600682395685e-07
grid-r039-c051,39,51,10.399999618530273,8.000000953674316,0.44999998807907104,-42.62888550049756,5.458979330796865e-07
grid-r039-c052,39,52,10.600000381469727,8.000000953674316,0.44999998807907104,-42.41171542728692,5.738897357332462e-07
grid-r039-c053,39,53,10.800000190734863,8.000000953674316,0.44999998807907104,-40.80036270710422,8.316943080899364e-07
grid-r039-c054,39,54,11.0,8.000000953674316,0.44999998807907104,-43.48947330521484,4.4776760432796436e-07
grid-r039-c055,39,55,11.200000762939453,8.000000953674316,0.44999998807907104,-40.87945616260197,8.166846328094834e-07
grid-r039-c056,39,56,11.399999618530273,8.000000953674316,0.44999998807907104,-41.42942778201956,7.195437774498714e-07
grid-r039-c057,39,57,11.600000381469727,8.000000953674316,0.44999998807907104,-41.801211935486286,6.605091016353981e-07
grid-r040-c000,40,0,0.19999980926513672,8.200000762939453,0.44999998807907104,-46.3589493597207,2.3126241899262823e-07
grid-r040-c027,40,27,5.599999904632568,8.200000762939453,0.44999998807907104,-67.44806058757203,1.7996744094972428e-09
grid-r040-c028,40,28,5.800000190734863,8.200000762939453,0.44999998807907104,-50.43886939013444,9.038847537112815e-08
grid-r040-c029,40,29,6.0,8.200000762939453,0.44999998807907104,-46.644639727968524,2.1653895032613946e-07
grid-r040-c030,40,30,6.199999809265137,8.200000762939453,0.44999998807907104,-43.68095739487223,4.284540580101748e-07
grid-r040-c031,40,31,6.400000095367432,8.200000762939453,0.44999998807907104,-42.64933108909112,5.433340106719697e-07
grid-r040-c032,40,32,6.599999904632568,8.200000762939453,0.44999998807907104,-42.559512958817045,5.546879151552275e-07
grid-r040-c033,40,33,6.800000190734863,8.200000762939453,0.44999998807907104,-40.76495990875924,8.385018190892879e-07
grid-r040-c034,40,34,7.0,8.200000762939453,0.44999998807907104,-42.07766547662593,6.197741413416225e-07
grid-r040-c035,40,35,7.199999809265137,8.200000762939453,0.44999998807907104,-47.802092207970915,1.6587875961704412e-07
grid-r040-c041,40,41,8.399999618530273,8.200000762939453,0.44999998807907104,-50.900153579519426,8.128017725539394e-08
grid-r040-c042,40,42,8.600000381469727,8.200000762939453,0.44999998807907104,-46.62902731334688,2.1731878518949088e-07
grid-r040-c043,40,43,8.800000190734863,8.200000762939453,0.44999998807907104,-43.99157532708475,3.9888018932288105e-07
grid-r040-c044,40,44,9.0,8.200000762939453,0.44999998807907104,-41.56281538431575,6.977799102969584e-07
grid-r040-c045,40,45,9.199999809265137,8.200000762939453,0.44999998807907104,-41.9919912676954,6.321219530036615e-07
grid-r040-c046,40,46,9.399999618530273,8.200000762939453,0.44999998807907104,-42.667622454383896,5.410504400060745e-07
grid-r040-c047,40,47,9.600000381469727,8.200000762939453,0.44999998807907104,-41.77401622157264,6.646582164648862e-07
grid-r040-c048,40,48,9.800000190734863,8.200000762939453,0.44999998807907104,-42.99188569106206,5.021245215175441e-07
grid-r040-c049,40,49,10.0,8.200000762939453,0.44999998807907104,-40.99401184977939,7.954242278174206e-07
grid-r040-c050,40,50,10.200000762939453,8.200000762939453,0.44999998807907104,-41.978699739324995,6.34059517778951e-07
grid-r040-c051,40,51,10.399999618530273,8.200000762939453,0.44999998807907104,-42.187468757659154,6.04300737450103e-07
grid-r040-c052,40,52,10.600000381469727,8.200000762939453,0.44999998807907104,-41.62857480290089,6.872939479762863e-07
grid-r040-c053,40,53,10.800000190734863,8.200000762939453,0.44999998807907104,-41.08773597152006,7.784422564327542e-07
grid-r040-c054,40,54,11.0,8.200000762939453,0.44999998807907104,-42.41187287088361,5.738689310419431e-07
grid-r040-c055,40,55,11.200000762939453,8.200000762939453,0.44999998807907104,-40.527488993766084,8.856275144353276e-07
grid-r040-c056,40,56,11.399999618530273,8.200000762939453,0.44999998807907104,-44.89142005492877,3.2423358220512455e-07
grid-r040-c057,40,57,11.600000381469727,8.200000762939453,0.44999998807907104,-41.73933880124017,6.699866048620606e-07
grid-r041-c000,41,0,0.19999980926513672,8.40000057220459,0.44999998807907104,-52.1526506791903,6.091649851214243e-08
grid-r041-c028,41,28,5.800000190734863,8.40000057220459,0.44999998807907104,-67.35535417200084,1.8385040156942978e-09
grid-r041-c029,41,29,6.0,8.40000057220459,0.44999998807907104,-49.68912525059602,1.0742057554580242e-07
grid-r041-c030,41,30,6.199999809265137,8.40000057220459,0.44999998807907104,-41.7802717352553,6.637015417254588e-07
grid-r041-c031,41,31,6.400000095367432,8.40000057220459,0.44999998807907104,-43.4655410633152,4.502418846641376e-07
grid-r041-c032,41,32,6.599999904632568,8.40000057220459,0.44999998807907104,-42.915821950818334,5.109963581162447e-07
grid-r041-c033,41,33,6.800000190734863,8.40000057220459,0.44999998807907104,-42.09386741322261,6.174662985358736e-07
grid-r041-c034,41,34,7.0,8.40000057220459,0.44999998807907104,-40.931547057298715,8.069475256888836e-07
grid-r041-c035,41,35,7.199999809265137,8.40000057220459,0.44999998807907104,-47.48980524994292,1.782458696197864e-07
grid-r041-c040,41,40,8.199999809265137,8.40000057220459,0.44999998807907104,-50.918996082951594,8.092829517636346e-08
grid-r041-c041,41,41,8.399999618530273,8.40000057220459,0.44999998807907104,-50.82310098393796,8.27351200882731e-08
grid-r041-c042,41,42,8.600000381469727,8.40000057220459,0.44999998807907104,-50.99061892378516,7.960458958677918e-08
grid-r041-c043,41,43,8.800000190734863,8.40000057220459,0.44999998807907104,-44.02902331732757,3.9545554386677395e-07
grid-r041-c044,41,44,9.0,8.40000057220459,0.44999998807907104,-43.881446523939104,4.091243681614287e-07
grid-r041-c045,41,45,9.199999809265137,8.40000057220459,0.44999998807907104,-41.46111832672532,7.143123639252735e-07
grid-r041-c046,41,46,9.399999618530273,8.40000057220459,0.44999998807907104,-42.97126687291582,5.045141051596147e-07
grid-r041-c047,41,47,9.600000381469727,8.40000057220459,0.44999998807907104,-40.6739928000784,8.562502671338734e-07
grid-r041-c048,41,48,9.800000190734863,8.40000057220459,0.44999998807907104,-43.47273825832637,4.494963548040687e-07
grid-r041-c049,41,49,10.0,8.40000057220459,0.44999998807907104,-41.073197381032145,7.810525630702614e-07
grid-r041-c050,41,50,10.200000762939453,8.40000057220459,0.44999998807907104,-43.90291283575248,4.071071373346058e-07
grid-r041-c051,41,51,10.399999618530273,8.40000057220459,0.44999998807907104,-40.03342584714212,9.92332957139297e-07
grid-r041-c052,41,52,10.600000381469727,8.40000057220459,0.44999998807907104,-44.176054996241774,3.8229137544476544e-07
grid-r041-c053,41,53,10.800000190734863,8.40000057220459,0.44999998807907104,-40.67898261036668,8.55267046517838e-07
grid-r041-c054,41,54,11.0,8.40000057220459,0.44999998807907104,-43.20827150860797,4.777193680638447e-07
grid-r041-c055,41,55,11.200000762939453,8.40000057220459,0.44999998807907104,-42.95010170225851,5.069788358014193e-07
grid-r041-c056,41,56,11.399999618530273,8.40000057220459,0.44999998807907104,-39.73963629574686,1.0617844736771076e-06
grid-r041-c057,41,57,11.600000381469727,8.40000057220459,0.44999998807907104,-40.148445244073734,9.663967830420006e-07
grid-r042-c001,42,1,0.40000009536743164,8.600000381469727,0.44999998807907104,-51.92207738036201,6.423803711186338e-08
grid-r042-c030,42,30,6.199999809265137,8.600000381469727,0.44999998807907104,-44.586682437016165,3.478017447378079e-07
grid-r042-c031,42,31,6.400000095367432,8.600000381469727,0.44999998807907104,-43.27374766171072,4.705710807684227e-07
grid-r042-c032,42,32,6.599999904632568,8.600000381469727,0.44999998807907104,-42.75122916022092,5.307342121341208e-07
grid-r042-c033,42,33,6.800000190734863,8.600000381469727,0.44999998807907104,-41.56089720266452,6.980881721574406e-07
grid-r042-c034,42,34,7.0,8.600000381469727,0.44999998807907104,-40.78351083964521,8.349277891284146e-07
grid-r042-c035,42,35,7.199999809265137,8.600000381469727,0.44999998807907104,-48.90601528220466,1.2864664711287332e-07
grid-r042-c040,42,40,8.199999809265137,8.600000381469727,0.44999998807907104,-70.03806938170486,9.912725085214902e-10
grid-r042-c041,42,41,8.399999618530273,8.600000381469727,0.44999998807907104,-50.697835348604215,8.515623761695679e-08
grid-r042-c042,42,42,8.600000381469727,8.600000381469727,0.44999998807907104,-47.84987744170937,1.6406360714427137e-07
grid-r042-c043,42,43,8.800000190734863,8.600000381469727,0.44999998807907104,-50.8062571273056,8.305662646534984e-08
grid-r042-c044,42,44,9.0,8.600000381469727,0.44999998807907104,-45.776752019696715,2.644385688199691e-07
grid-r042-c045,42,45,9.199999809265137,8.600000381469727,0.44999998807907104,-41.23796239815624,7.519756195506488e-07
grid-r042-c046,42,46,9.399999618530273,8.600000381469727,0.44999998807907104,-45.566714642776404,2.775418863620871e-07
grid-r042-c047,42,47,9.600000381469727,8.600000381469727,0.44999998807907104,-41.2397841460602,7.516602522628091e-07
grid-r042-c048,42,48,9.800000190734863,8.600000381469727,0.44999998807907104,-43.17642006765395,4.812358724848309e-07
grid-r042-c049,42,49,10.0,8.600000381469727,0.44999998807907104,-41.43082232114898,7.193127657956211e-07
grid-r042-c050,42,50,10.200000762939453,8.600000381469727,0.44999998807907104,-42.61769473893422,5.473063993122196e-07
grid-r042-c051,42,51,10.399999618530273,8.600000381469727,0.44999998807907104,-40.97371834520314,7.99149745489558e-07
grid-r042-c052,42,52,10.600000381469727,8.600000381469727,0.44999998807907104,-42.197262577052754,6.029395080986433e-07
grid-r042-c053,42,53,10.800000190734863,8.600000381469727,0.44999998807907104,-42.32064218966517,5.860514988853538e-07
grid-r042-c054,42,54,11.0,8.600000381469727,0.44999998807907104,-40.46211208328013,8.99060239589744e-07
grid-r042-c055,42,55,11.200000762939453,8.600000381469727,0.44999998807907104,-41.97620397716597,6.344239977806865e-07
grid-r042-c056,42,56,11.399999618530273,8.600000381469727,0.44999998807907104,-40.09080912760642,9.793075150810182e-07
grid-r042-c057,42,57,11.600000381469727,8.600000381469727,0.44999998807907104,-40.06873987714801,9.842966619544313e-07
grid-r043-c001,43,1,0.40000009536743164,8.800000190734863,0.44999998807907104,-74.61367438450483,3.45646816723999e-10
grid-r043-c030,43,30,6.199999809265137,8.800000190734863,0.44999998807907104,-46.1835391300106,2.4079423610601225e-07
grid-r043-c031,43,31,6.400000095367432,8.800000190734863,0.44999998807907104,-41.74558807087707,6.690232225992077e-07
grid-r043-c032,43,32,6.599999904632568,8.800000190734863,0.44999998807907104,-41.05993194531322,7.834419193386566e-07
grid-r043-c033,43,33,6.800000190734863,8.800000190734863,0.44999998807907104,-41.75456101889448,6.676423822682409e-07
grid-r043-c034,43,34,7.0,8.800000190734863,0.44999998807907104,-41.64477274857765,6.847353120065236e-07
grid-r043-c035,43,35,7.199999809265137,8.800000190734863,0.44999998807907104,-47.141073624765454,1.9314907717671304e-07
grid-r043-c040,43,40,8.199999809265137,8.800000190734863,0.44999998807907104,-50.72780217235855,8.457067224298953e-08
grid-r043-c041,43,41,8.399999618530273,8.800000190734863,0.44999998807907104,-50.62367971253042,8.662276229642885e-08
grid-r043-c042,43,42,8.600000381469727,8.800000190734863,0.44999998807907104,-63.07262518546169,4.9287578463008686e-09
grid-r043-c043,43,43,8.800000190734863,8.800000190734863,0.44999998807907104,-50.65930549850373,8.591509015332122e-08
grid-r043-c044,43,44,9.0,8.800000190734863,0.44999998807907104,-49.49708952165027,1.1227706409044913e-07
grid-r043-c045,43,45,9.199999809265137,8.800000190734863,0.44999998807907104,-42.3436864485755,5.829500651088892e-07
grid-r043-c046,43,46,9.399999618530273,8.800000190734863,0.44999998807907104,-43.3623073703654,4.6107254547678167e-07
grid-r043-c047,43,47,9.600000381469727,8.800000190734863,0.44999998807907104,-42.715403100012985,5.351304821488156e-07
grid-r043-c048,43,48,9.800000190734863,8.800000190734863,0.44999998807907104,-43.49537020036109,4.471600334454706e-07
grid-r043-c049,43,49,10.0,8.800000190734863,0.44999998807907104,-41.697533597512084,6.76467038829287e-07
grid-r043-c050,43,50,10.200000762939453,8.800000190734863,0.44999998807907104,-43.06156274603131,4.941328484164842e-07
grid-r043-c051,43,51,10.399999618530273,8.800000190734863,0.44999998807907104,-41.23623067310451,7.522755254285585e-07
grid-r043-c052,43,52,10.600000381469727,8.800000190734863,0.44999998807907104,-42.70537123914502,5.363680202208343e-07
grid-r043-c053,43,53,10.800000190734863,8.800000190734863,0.44999998807907104,-42.01888835563639,6.282191407080973e-07
grid-r043-c054,43,54,11.0,8.800000190734863,0.44999998807907104,-41.74307776919217,6.694100420645555e-07
grid-r043-c055,43,55,11.200000762939453,8.800000190734863,0.44999998807907104,-40.034240413537674,9.921468517859466e-07
grid-r043-c056,43,56,11.399999618530273,8.800000190734863,0.44999998807907104,-42.82369608496885,5.219517902332882e-07
grid-r043-c057,43,57,11.600000381469727,8.800000190734863,0.44999998807907104,-41.290963932713645,7.428542403431493e-07
grid-r044-c000,44,0,0.19999980926513672,9.000000953674316,0.44999998807907104,-68.89481687146753,1.2897879431150727e-09
grid-r044-c001,44,1,0.40000009536743164,9.000000953674316,0.44999998807907104,-80.25335268833169,9.433323566732099e-11
grid-r044-c002,44,2,0.5999999046325684,9.000000953674316,0.44999998807907104,-51.48974659358835,7.096191723121592e-08
grid-r044-c030,44,30,6.199999809265137,9.000000953674316,0.44999998807907104,-49.00246953840352,1.2582097497215727e-07
grid-r044-c031,44,31,6.400000095367432,9.000000953674316,0.44999998807907104,-43.003610067228884,5.007707954973739e-07
grid-r044-c032,44,32,6.599999904632568,9.000000953674316,0.44999998807907104,-42.53550274962183,5.577630304287595e-07
grid-r044-c033,44,33,6.800000190734863,9.000000953674316,0.44999998807907104,-41.54101373516327,7.012915830273414e-07
grid-r044-c034,44,34,7.0,9.000000953674316,0.44999998807907104,-41.94947130116471,6.383411914612225e-07
grid-r044-c035,44,35,7.199999809265137,9.000000953674316,0.44999998807907104,-48.729444729764936,1.339847983672371e-07
grid-r044-c040,44,40,8.199999809265137,9.000000953674316,0.44999998807907104,-66.42205982461098,2.2792607801136455e-09
grid-r044-c041,44,41,8.399999618530273,9.000000953674316,0.44999998807907104,-50.44840178606104,9.01902978966973e-08
grid-r044-c042,44,42,8.600000381469727,9.000000953674316,0.44999998807907104,-50.62157164063437,8.666481932095849e-08
grid-r044-c043,44,43,8.800000190734863,9.000000953674316,0.44999998807907104,-50.62558815236605,8.658470562750153e-08
grid-r044-c044,44,44,9.0,9.000000953674316,0.44999998807907104,-50.69731718347997,8.516639837807816e-08
grid-r044-c045,44,45,9.199999809265137,9.000000953674316,0.44999998807907104,-49.4178039519618,1.1434563873535808e-07
grid-r044-c046,44,46,9.399999618530273,9.000000953674316,0.44999998807907104,-41.07350081950575,7.80997993388155e-07
grid-r044-c047,44,47,9.600000381469727,9.000000953674316,0.44999998807907104,-43.94722212837267,4.0297470604855334e-07
grid-r044-c048,44,48,9.800000190734863,9.000000953674316,0.44999998807907104,-44.19585996693277,3.8055199524933414e-07
grid-r044-c049,44,49,10.0,9.000000953674316,0.44999998807907104,-41.27776451968436,7.451154147020134e-07
grid-r044-c050,44,50,10.200000762939453,9.000000953674316,0.44999998807907104,-44.016394774015225,3.9660713468947506e-07
grid-r044-c051,44,51,10.399999618530273,9.000000953674316,0.44999998807907104,-41.51432522845176,7.05614468188287e-07
grid-r044-c052,44,52,10.600000381469727,9.000000953674316,0.44999998807907104,-41.305417438122745,7.40386099096213e-07
grid-r044-c053,44,53,10.800000190734863,9.000000953674316,0.44999998807907104,-41.271856226224884,7.461297855115845e-07
grid-r044-c054,44,54,11.0,9.000000953674316,0.44999998807907104,-40.56055095268894,8.789110097495723e-07
grid-r044-c055,44,55,11.200000762939453,9.000000953674316,0.44999998807907104,-42.77619903304579,5.276914976093394e-07
grid-r044-c056,44,56,11.399999618530273,9.000000953674316,0.44999998807907104,-40.67977039170252,8.551119208277669e-07
grid-r044-c057,44,57,11.600000381469727,9.000000953674316,0.44999998807907104,-40.99117887718336,7.959432650750387e-07
grid-r045-c030,45,30,6.199999809265137,9.200000762939453,0.44999998807907104,-49.2439555525126,1.1901575192041491e-07
grid-r045-c031,45,31,6.400000095367432,9.200000762939453,0.44999998807907104,-44.16110819433348,3.8360934695447213e-07
grid-r045-c032,45,32,6.599999904632568,9.200000762939453,0.44999998807907104,-41.42696749887562,7.1995151529336e-07
grid-r045-c033,45,33,6.800000190734863,9.200000762939453,0.44999998807907104,-41.83987757984522,6.546546273966669e-07
grid-r045-c034,45,34,7.0,9.200000762939453,0.44999998807907104,-42.68125222384587,5.393550850385509e-07
grid-r045-c035,45,35,7.199999809265137,9.200000762939453,0.44999998807907104,-46.92866847261668,2.0283044932511984e-07
grid-r045-c040,45,40,8.199999809265137,9.200000762939453,0.44999998807907104,-50.54386609637018,8.822941310882015e-08
grid-r045-c041,45,41,8.399999618530273,9.200000762939453,0.44999998807907104,-63.32848898702841,4.646769191651856e-09
grid-r045-c042,45,42,8.600000381469727,9.200000762939453,0.44999998807907104,-50.44647078689407,9.023040803413096e-08
grid-r045-c043,45,43,8.800000190734863,9.200000762939453,0.44999998807907104,-50.45437775634964,9.006627976759773e-08
grid-r045-c044,45,44,9.0,9.200000762939453,0.44999998807907104,-50.52734655533557,8.856565614223655e-08
grid-r045-c045,45,45,9.199999809265137,9.200000762939453,0.44999998807907104,-50.60343448391292,8.702750875499987e-08
grid-r045-c046,45,46,9.399999618530273,9.200000762939453,0.44999998807907104,-45.30494498794013,2.9478508167812834e-07
grid-r045-c047,45,47,9.600000381469727,9.200000762939453,0.44999998807907104,-43.36441503027413,4.6084883820185496e-07
grid-r045-c048,45,48,9.800000190734863,9.200000762939453,0.44999998807907104,-43.13448386085835,4.85905275127152e-07
grid-r045-c049,45,49,10.0,9.200000762939453,0.44999998807907104,-42.3677699365888,5.797263042950362e-07
grid-r045-c050,45,50,10.200000762939453,9.200000762939453,0.44999998807907104,-42.8997125845111,5.128953262101277e-07
grid-r045-c051,45,51,10.399999618530273,9.200000762939453,0.44999998807907104,-40.53659746531039,8.837720315568731e-07
grid-r045-c052,45,52,10.600000381469727,9.200000762939453,0.44999998807907104,-42.906339667019026,5.121132744534407e-07
grid-r045-c053,45,53,10.800000190734863,9.200000762939453,0.44999998807907104,-41.07839606149586,7.801181709510274e-07
grid-r045-c054,45,54,11.0,9.200000762939453,0.44999998807907104,-40.16424964963359,9.628863608668325e-07
grid-r045-c055,45,55,11.200000762939453,9.200000762939453,0.44999998807907104,-40.96304000115715,8.011170962163305e-07
grid-r045-c056,45,56,11.399999618530273,9.200000762939453,0.44999998807907104,-39.84828074941356,1.0355520316807088e-06
grid-r045-c057,45,57,11.600000381469727,9.200000762939453,0.44999998807907104,-40.63456821312046,8.640585633656883e-07
grid-r046-c030,46,30,6.199999809265137,9.40000057220459,0.44999998807907104,-52.09714537461028,6.170004240857452e-08
grid-r046-c031,46,31,6.400000095367432,9.40000057220459,0.44999998807907104,-43.355998005869054,4.6174287149369775e-07
grid-r046-c032,46,32,6.599999904632568,9.40000057220459,0.44999998807907104,-42.16153923422127,6.079195031816198e-07
grid-r046-c033,46,33,6.800000190734863,9.40000057220459,0.44999998807907104,-42.106828111480255,6.156263339107682e-07
grid-r046-c034,46,34,7.0,9.40000057220459,0.44999998807907104,-41.5934738532673,6.928713673914899e-07
grid-r046-c035,46,35,7.199999809265137,9.40000057220459,0.44999998807907104,-48.42679852622044,1.4365480183187174e-07
grid-r046-c040,46,40,8.199999809265137,9.40000057220459,0.44999998807907104,-68.97728960071842,1.2655259062910318e-09
grid-r046-c041,46,41,8.399999618530273,9.40000057220459,0.44999998807907104,-50.363670940385475,9.196718764314937e-08
grid-r046-c042,46,42,8.600000381469727,9.40000057220459,0.44999998807907104,-50.261386267528664,9.415889934416555e-08
grid-r046-c043,46,43,8.800000190734863,9.40000057220459,0.44999998807907104,-63.55786223849779,4.407717746346407e-09
grid-r046-c044,46,44,9.0,9.40000057220459,0.44999998807907104,-50.44828956278921,9.01926284768706e-08
grid-r046-c045,46,45,9.199999809265137,9.40000057220459,0.44999998807907104,-50.458456159555624,8.9981739392897e-08
grid-r046-c046,46,46,9.399999618530273,9.40000057220459,0.44999998807907104,-49.174761151778924,1.2092716872302844e-07
grid-r046-c047,46,47,9.600000381469727,9.40000057220459,0.44999998807907104,-45.37664655962192,2.8995816592214396e-07
grid-r046-c048,46,48,9.800000190734863,9.40000057220459,0.44999998807907104,-45.030409424686624,3.1402126410284836e-07
grid-r046-c049,46,49,10.0,9.40000057220459,0.44999998807907104,-40.53406910878089,8.842866918712389e-07
grid-r046-c050,46,50,10.200000762939453,9.40000057220459,0.44999998807907104,-44.83181937270733,3.2871389521460515e-07
grid-r046-c051,46,51,10.399999618530273,9.40000057220459,0.44999998807907104,-41.452519625186966,7.15728049272002e-07
grid-r046-c052,46,52,10.600000381469727,9.40000057220459,0.44999998807907104,-41.61323657023976,6.897255957483139e-07
grid-r046-c053,46,53,10.800000190734863,9.40000057220459,0.44999998807907104,-43.06806388359175,4.933937134410371e-07
grid-r046-c054,46,54,11.0,9.40000057220459,0.44999998807907104,-42.778315993988016,5.274343379824131e-07
grid-r046-c055,46,55,11.200000762939453,9.40000057220459,0.44999998807907104,-39.89943037698529,1.0234272167508607e-06
grid-r046-c056,46,56,11.399999618530273,9.40000057220459,0.44999998807907104,-40.5587536976683,8.792748076302814e-07
grid-r046-c057,46,57,11.600000381469727,9.40000057220459,0.44999998807907104,-40.53750791118122,8.835867788548057e-07
grid-r047-c029,47,29,6.0,9.600000381469727,0.44999998807907104,-51.90546796007048,6.448418332638539e-08
grid-r047-c030,47,30,6.199999809265137,9.600000381469727,0.44999998807907104,-48.90870121805369,1.2856710895903234e-07
grid-r047-c031,47,31,6.400000095367432,9.600000381469727,0.44999998807907104,-45.81403909457697,2.6217790605187474e-07
grid-r047-c032,47,32,6.599999904632568,9.600000381469727,0.44999998807907104,-42.47060994038152,5.661597697326215e-07
grid-r047-c033,47,33,6.800000190734863,9.600000381469727,0.44999998807907104,-41.47697165432508,7.117096174624749e-07
grid-r047-c034,47,34,7.0,9.600000381469727,0.44999998807907104,-42.34881528063187,5.82262032366998e-07
grid-r047-c035,47,35,7.199999809265137,9.600000381469727,0.44999998807907104,-46.57639172925448,2.1996866905737988e-07
grid-r047-c040,47,40,8.199999809265137,9.600000381469727,0.44999998807907104,-65.75684967375393,2.656531883360458e-09
grid-r047-c041,47,41,8.399999618530273,9.600000381469727,0.44999998807907104,-50.23840203887326,9.465853878509733e-08
grid-r047-c042,47,42,8.600000381469727,9.600000381469727,0.44999998807907104,-50.24393383174305,9.453804494796714e-08
grid-r047-c043,47,43,8.800000190734863,9.600000381469727,0.44999998807907104,-50.31064113272173,9.309704296356358e-08
grid-r047-c044,47,44,9.0,9.600000381469727,0.44999998807907104,-50.31841001016352,9.293065517113064e-08
grid-r047-c045,47,45,9.199999809265137,9.600000381469727,0.44999998807907104,-50.32881458825781,9.270828371654716e-08
grid-r047-c046,47,46,9.399999618530273,9.600000381469727,0.44999998807907104,-64.0252589917104,3.95798460672836e-09
grid-r047-c047,47,47,9.600000381469727,9.600000381469727,0.44999998807907104,-49.09118026814386,1.2327697618275124e-07
grid-r047-c048,47,48,9.800000190734863,9.600000381469727,0.44999998807907104,-41.14733515612432,7.678324891458033e-07
grid-r047-c049,47,49,10.0,9.600000381469727,0.44999998807907104,-46.109123743849636,2.44955742800812e-07
grid-r047-c050,47,50,10.200000762939453,9.600000381469727,0.44999998807907104,-43.05800656434378,4.94537630402192e-07
grid-r047-c051,47,51,10.399999618530273,9.600000381469727,0.44999998807907104,-41.37955522799689,7.278543421307404e-07
grid-r047-c052,47,52,10.600000381469727,9.600000381469727,0.44999998807907104,-39.357758279907145,1.159375642600935e-06
grid-r047-c053,47,53,10.800000190734863,9.600000381469727,0.44999998807907104,-42.75822124858717,5.298804239828314e-07
grid-r047-c054,47,54,11.0,9.600000381469727,0.44999998807907104,-41.06197778497447,7.830729487068311e-07
grid-r047-c055,47,55,11.200000762939453,9.600000381469727,0.44999998807907104,-40.20421129814878,9.540669907437405e-07
grid-r047-c056,47,56,11.399999618530273,9.600000381469727,0.44999998807907104,-41.3607961735963,7.310050591513573e-07
grid-r047-c057,47,57,11.600000381469727,9.600000381469727,0.44999998807907104,-41.26839577035057,7.467245382031251e-07
grid-r048-c028,48,28,5.800000190734863,9.800000190734863,0.44999998807907104,-81.34828453936271,7.331140555733029e-11
grid-r048-c029,48,29,6.0,9.800000190734863,0.44999998807907104,-48.74289649037044,1.3357043826545123e-07
grid-r048-c030,48,30,6.199999809265137,9.800000190734863,0.44999998807907104,-45.67904453639353,2.704553310195479e-07
grid-r048-c031,48,31,6.400000095367432,9.800000190734863,0.44999998807907104,-48.615468877240446,1.3754763017459481e-07
grid-r048-c032,48,32,6.599999904632568,9.800000190734863,0.44999998807907104,-42.36852117474466,5.796260325041658e-07
grid-r048-c033,48,33,6.800000190734863,9.800000190734863,0.44999998807907104,-42.239607962096706,5.970891834294889e-07
grid-r048-c034,48,34,7.0,9.800000190734863,0.44999998807907104,-41.23142052198972,7.531091910095711e-07
grid-r048-c035,48,35,7.199999809265137,9.800000190734863,0.44999998807907104,-48.113937613496844,1.5438540401646605e-07
grid-r048-c040,48,40,8.199999809265137,9.800000190734863,0.44999998807907104,-68.5594113047215,1.3933456610715211e-09
grid-r048-c041,48,41,8.399999618530273,9.800000190734863,0.44999998807907104,-50.05260260589088,9.879608597884726e-08
grid-r048-c042,48,42,8.600000381469727,9.800000190734863,0.44999998807907104,-50.062339315878376,9.857483718178628e-08
grid-r048-c043,48,43,8.800000190734863,9.800000190734863,0.44999998807907104,-50.30082361595821,9.330773309557117e-08
grid-r048-c044,48,44,9.0,9.800000190734863,0.44999998807907104,-50.19125811025788,9.569168213374724e-08
grid-r048-c045,48,45,9.199999809265137,9.800000190734863,0.44999998807907104,-50.148957966170755,9.66282698300347e-08
grid-r048-c046,48,46,9.399999618530273,9.800000190734863,0.44999998807907104,-50.32188340975671,9.285636082267956e-08
grid-r048-c047,48,47,9.600000381469727,9.800000190734863,0.44999998807907104,-50.284502667705226,9.365904674041303e-08
grid-r048-c048,48,48,9.800000190734863,9.800000190734863,0.44999998807907104,-42.895584803555636,5.133830427439534e-07
grid-r048-c049,48,49,10.0,9.800000190734863,0.44999998807907104,-41.52248748203292,7.042895617814793e-07
grid-r048-c050,48,50,10.200000762939453,9.800000190734863,0.44999998807907104,-40.019302979691844,9.955651876225602e-07
grid-r048-c051,48,51,10.399999618530273,9.800000190734863,0.44999998807907104,-42.94838996166935,5.071786972621339e-07
grid-r048-c052,48,52,10.600000381469727,9.800000190734863,0.44999998807907104,-41.32885442525259,7.364013185906515e-07
grid-r048-c053,48,53,10.800000190734863,9.800000190734863,0.44999998807907104,-41.41424007073638,7.220644988592539e-07
grid-r048-c054,48,54,11.0,9.800000190734863,0.44999998807907104,-41.38018104547172,7.277494660229422e-07
grid-r048-c055,48,55,11.200000762939453,9.800000190734863,0.44999998807907104,-41.03810461596553,7.873893537180265e-07
grid-r048-c056,48,56,11.399999618530273,9.800000190734863,0.44999998807907104,-41.30092877361779,7.411517231048492e-07
grid-r048-c057,48,57,11.600000381469727,9.800000190734863,0.44999998807907104,-42.47137918158458,5.66059497941751e-07
grid-r049-c028,49,28,5.800000190734863,10.0,0.44999998807907104,-48.545141270271685,1.3979314417156274e-07
grid-r049-c029,49,29,6.0,10.0,0.44999998807907104,-48.48898836635307,1.4161236094878404e-07
grid-r049-c030,49,30,6.199999809265137,10.0,0.44999998807907104,-46.69974156948632,2.1380893144851143e-07
grid-r049-c031,49,31,6.400000095367432,10.0,0.44999998807907104,-51.42010208237042,7.210905295096381e-08
grid-r049-c032,49,32,6.599999904632568,10.0,0.44999998807907104,-51.316020980911105,7.385806100046466e-08
grid-r049-c033,49,33,6.800000190734863,10.0,0.44999998807907104,-41.07581365397439,7.805821837791882e-07
grid-r049-c034,49,34,7.0,10.0,0.44999998807907104,-44.01386245503453,3.968384589825291e-07
grid-r049-c035,49,35,7.199999809265137,10.0,0.44999998807907104,-51.20008675506348,7.585624217654185e-08
grid-r049-c041,49,41,8.399999618530273,10.0,0.44999998807907104,-49.921038451820195,1.0183478593717155e-07
grid-r049-c042,49,42,8.600000381469727,10.0,0.44999998807907104,-62.52657234425698,5.589111395920554e-09
grid-r049-c043,49,43,8.800000190734863,10.0,0.44999998807907104,-50.0603231402787,9.862061034482394e-08
grid-r049-c044,49,44,9.0,10.0,0.44999998807907104,-50.12304905199451,9.72064526649774e-08
grid-r049-c045,49,45,9.199999809265137,10.0,0.44999998807907104,-50.12735362491719,9.711015280799984e-08
grid-r049-c046,49,46,9.399999618530273,10.0,0.44999998807907104,-50.04157708588596,9.904722020337431e-08
grid-r049-c047,49,47,9.600000381469727,10.0,0.44999998807907104,-45.282236284161456,2.9633051212840655e-07
grid-r049-c048,49,48,9.800000190734863,10.0,0.44999998807907104,-45.06576975758554,3.114748778898502e-07
grid-r049-c049,49,49,10.0,10.0,0.44999998807907104,-42.95086626398244,5.068895916338079e-07
grid-r049-c050,49,50,10.200000762939453,10.0,0.44999998807907104,-42.739099344976175,5.322186211742519e-07
grid-r049-c051,49,51,10.399999618530273,10.0,0.44999998807907104,-42.713237268820016,5.35397418843786e-07
grid-r049-c052,49,52,10.600000381469727,10.0,0.44999998807907104,-40.373334909260436,9.176276876132761e-07
grid-r049-c053,49,53,10.800000190734863,10.0,0.44999998807907104,-42.60687377826115,5.486717782332562e-07
grid-r049-c054,49,54,11.0,10.0,0.44999998807907104,-42.82699536158668,5.215554210735718e-07
grid-r049-c055,49,55,11.200000762939453,10.0,0.44999998807907104,-42.77262070264661,5.281264634504623e-07
grid-r049-c056,49,56,11.399999618530273,10.0,0.44999998807907104,-42.818020837182964,5.226343091635499e-07
grid-r049-c057,49,57,11.600000381469727,10.0,0.44999998807907104,-41.19537667046209,7.593855571030872e-07
grid-r050-c027,50,27,5.599999904632568,10.200000762939453,0.44999998807907104,-78.92075050414417,1.282109002298526e-10
grid-r050-c028,50,28,5.800000190734863,10.200000762939453,0.44999998807907104,-51.35758219361108,7.315462369206216e-08
grid-r050-c029,50,29,6.0,10.200000762939453,0.44999998807907104,-48.32047168425839,1.4721526042649202e-07
grid-r050-c030,50,30,6.199999809265137,10.200000762939453,0.44999998807907104,-51.24776477107574,7.502802645831252e-08
grid-r050-c031,50,31,6.400000095367432,10.200000762939453,0.44999998807907104,-45.25529316338164,2.981746263230889e-07
grid-r050-c032,50,32,6.599999904632568,10.200000762939453,0.44999998807907104,-48.19159011969401,1.5164950184498593e-07
grid-r050-c033,50,33,6.800000190734863,10.200000762939453,0.44999998807907104,-44.05594234259162,3.9301195897678554e-07
grid-r050-c034,50,34,7.0,10.200000762939453,0.44999998807907104,-42.46907578957344,5.663598017235927e-07
grid-r050-c035,50,35,7.199999809265137,10.200000762939453,0.44999998807907104,-47.86021655033137,1.6367349076062965e-07
grid-r050-c040,50,40,8.199999809265137,10.200000762939453,0.44999998807907104,-64.96683299440123,3.1865203808933984e-09
grid-r050-c041,50,41,8.399999618530273,10.200000762939453,0.44999998807907104,-49.92444396875713,1.0175496356623626e-07
grid-r050-c042,50,42,8.600000381469727,10.200000762939453,0.44999998807907104,-49.91520943847631,1.0197155830837801e-07
grid-r050-c043,50,43,8.800000190734863,10.200000762939453,0.44999998807907104,-49.92879371952722,1.0165310015963769e-07
grid-r050-c044,50,44,9.0,10.200000762939453,0.44999998807907104,-49.93759665388066,1.0144726303451534e-07
grid-r050-c045,50,45,9.199999809265137,10.200000762939453,0.44999998807907104,-65.95423047047085,2.5384987445420393e-09
grid-r050-c046,50,46,9.399999618530273,10.200000762939453,0.44999998807907104,-44.00992208124909,3.9719867572785006e-07
grid-r050-c047,50,47,9.600000381469727,10.200000762939453,0.44999998807907104,-45.20476531857972,3.01663988011569e-07
grid-r050-c048,50,48,9.800000190734863,10.200000762939453,0.44999998807907104,-45.249915774335264,2.985440517022653e-07
grid-r050-c049,50,49,10.0,10.200000762939453,0.44999998807907104,-45.05718354562326,3.120912879239768e-07
grid-r050-c050,50,50,10.200000762939453,10.200000762939453,0.44999998807907104,-42.80680278611298,5.239860456640599e-07
grid-r050-c051,50,51,10.399999618530273,10.200000762939453,0.44999998807907104,-41.29121019131936,7.428121193697734e-07
grid-r050-c052,50,52,10.600000381469727,10.200000762939453,0.44999998807907104,-39.02811146597466,1.250802824870334e-06
grid-r050-c053,50,53,10.800000190734863,10.200000762939453,0.44999998807907104,-42.791099562736186,5.258841042632412e-07
grid-r050-c054,50,54,11.0,10.200000762939453,0.44999998807907104,-42.75017992212546,5.308624508870707e-07
grid-r050-c055,50,55,11.200000762939453,10.200000762939453,0.44999998807907104,-42.48472432873176,5.643227609652968e-07
grid-r050-c056,50,56,11.399999618530273,10.200000762939453,0.44999998807907104,-39.93321991003933,1.015495513456699e-06
grid-r050-c057,50,57,11.600000381469727,10.200000762939453,0.44999998807907104,-42.70244176281145,5.367299422687211e-07
grid-r051-c027,51,27,5.599999904632568,10.40000057220459,0.44999998807907104,-48.23157745023035,1.502596091995656e-07
grid-r051-c028,51,28,5.800000190734863,10.40000057220459,0.44999998807907104,-48.189246192075785,1.517313705790002e-07
grid-r051-c029,51,29,6.0,10.40000057220459,0.44999998807907104,-46.39933327023688,2.2912193742286036e-07
grid-r051-c030,51,30,6.199999809265137,10.40000057220459,0.44999998807907104,-46.30487926738083,2.3415965699769004e-07
grid-r051-c031,51,31,6.400000095367432,10.40000057220459,0.44999998807907104,-48.01798669345486,1.5783427897986257e-07
grid-r051-c032,51,32,6.599999904632568,10.40000057220459,0.44999998807907104,-46.23170002316408,2.381387105288013e-07
grid-r051-c033,51,33,6.800000190734863,10.40000057220459,0.44999998807907104,-42.36708141575002,5.798182201033342e-07
grid-r051-c034,51,34,7.0,10.40000057220459,0.44999998807907104,-41.22233821476797,7.546858000750944e-07
grid-r051-c035,51,35,7.199999809265137,10.40000057220459,0.44999998807907104,-50.740652307718136,8.432080988995949e-08
grid-r051-c040,51,40,8.199999809265137,10.40000057220459,0.44999998807907104,-49.7921408442722,1.0490251867167899e-07
grid-r051-c041,51,41,8.399999618530273,10.40000057220459,0.44999998807907104,-63.13862335824433,4.854423529820906e-09
grid-r051-c042,51,42,8.600000381469727,10.40000057220459,0.44999998807907104,-49.92070392518117,1.0184263032897434e-07
grid-r051-c043,51,43,8.800000190734863,10.40000057220459,0.44999998807907104,-49.79909160082937,1.0473475953176603e-07
grid-r051-c044,51,44,9.0,10.40000057220459,0.44999998807907104,-65.45582731486738,2.8471953683606444e-09
grid-r051-c045,51,45,9.199999809265137,10.40000057220459,0.44999998807907104,-45.03353510257439,3.137953399345861e-07
grid-r051-c046,51,46,9.399999618530273,10.40000057220459,0.44999998807907104,-58.09995339561526,1.548833239439773e-08
grid-r051-c047,51,47,9.600000381469727,10.40000057220459,0.44999998807907104,-45.09744301375474,3.092115434810694e-07
grid-r051-c048,51,48,9.800000190734863,10.40000057220459,0.44999998807907104,-45.15950357863821,3.048243399916828e-07
grid-r051-c049,51,49,10.0,10.40000057220459,0.44999998807907104,-45.04347364226854,3.13078061253691e-07
grid-r051-c050,51,50,10.200000762939453,10.40000057220459,0.44999998807907104,-42.77399987183124,5.279587753648229e-07
grid-r051-c051,51,51,10.399999618530273,10.40000057220459,0.44999998807907104,-42.554819252915465,5.552877269110468e-07
grid-r051-c052,51,52,10.600000381469727,10.40000057220459,0.44999998807907104,-41.17877364742565,7.622942348461947e-07
grid-r051-c053,51,53,10.800000190734863,10.40000057220459,0.44999998807907104,-42.4756997546408,5.654966344081913e-07
grid-r051-c054,51,54,11.0,10.40000057220459,0.44999998807907104,-41.11738654988016,7.731457003501419e-07
grid-r051-c055,51,55,11.200000762939453,10.40000057220459,0.44999998807907104,-41.28361782675742,7.441118441420258e-07
grid-r051-c056,51,56,11.399999618530273,10.40000057220459,0.44999998807907104,-42.36912132171726,5.795459401269909e-07
grid-r051-c057,51,57,11.600000381469727,10.40000057220459,0.44999998807907104,-42.651500733209325,5.430626401903282e-07
grid-r052-c026,52,26,5.400000095367432,10.600000381469727,0.44999998807907104,-73.72127057074493,4.244953555332387e-10
grid-r052-c027,52,27,5.599999904632568,10.600000381469727,0.44999998807907104,-48.051509564122895,1.566206577763296e-07
grid-r052-c028,52,28,5.800000190734863,10.600000381469727,0.44999998807907104,-50.960730150189164,8.015432939600942e-08
grid-r052-c029,52,29,6.0,10.600000381469727,0.44999998807907104,-50.94169958630994,8.050633226730497e-08
grid-r052-c030,52,30,6.199999809265137,10.600000381469727,0.44999998807907104,-47.88399569204529,1.627797701075906e-07
grid-r052-c031,52,31,6.400000095367432,10.600000381469727,0.44999998807907104,-50.812637359495554,8.29346973318934e-08
grid-r052-c032,52,32,6.599999904632568,10.600000381469727,0.44999998807907104,-50.751950795770796,8.410172824824258e-08
grid-r052-c033,52,33,6.800000190734863,10.600000381469727,0.44999998807907104,-47.714809477531745,1.6924624901548668e-07
grid-r052-c034,52,34,7.0,10.600000381469727,0.44999998807907104,-43.566301925815445,4.399160502543964e-07
grid-r052-c035,52,35,7.199999809265137,10.600000381469727,0.44999998807907104,-47.520557352811124,1.7698818055578158e-07
grid-r052-c041,52,41,8.399999618530273,10.600000381469727,0.44999998807907104,-49.65152881877083,1.0835454133939493e-07
grid-r052-c042,52,42,8.600000381469727,10.600000381469727,0.44999998807907104,-49.792288222623654,1.0489895885257283e-07
grid-r052-c043,52,43,8.800000190734863,10.600000381469727,0.44999998807907104,-58.46573061142382,1.4237277135009663e-08
grid-r052-c044,52,44,9.0,10.600000381469727,0.44999998807907104,-45.0044131466594,3.159065897762048e-07
grid-r052-c045,52,45,9.199999809265137,10.600000381469727,0.44999998807907104,-44.9234775814554,3.218490576273325e-07
grid-r052-c046,52,46,9.399999618530273,10.600000381469727,0.44999998807907104,-44.923801663654785,3.218250412828638e-07
grid-r052-c047,52,47,9.600000381469727,10.600000381469727,0.44999998807907104,-45.04988113660343,3.126164926925412e-07
grid-r052-c048,52,48,9.800000190734863,10.600000381469727,0.44999998807907104,-58.00071583349769,1.5846319811885223e-08
grid-r052-c049,52,49,10.0,10.600000381469727,0.44999998807907104,-42.3264254396161,5.852716071785835e-07
grid-r052-c050,52,50,10.200000762939453,10.600000381469727,0.44999998807907104,-45.040708794041265,3.1327743954534526e-07
grid-r052-c051,52,51,10.399999618530273,10.600000381469727,0.44999998807907104,-44.97316706939469,3.181876309099607e-07
grid-r052-c052,52,52,10.600000381469727,10.600000381469727,0.44999998807907104,-45.758179046804926,2.6557188448350644e-07
grid-r052-c053,52,53,10.800000190734863,10.600000381469727,0.44999998807907104,-39.94873945195928,1.0118731097463751e-06
grid-r052-c054,52,54,11.0,10.600000381469727,0.44999998807907104,-40.87916991241122,8.167384635271446e-07
grid-r052-c055,52,55,11.200000762939453,10.600000381469727,0.44999998807907104,-42.34486727199007,5.827915856571053e-07
grid-r052-c056,52,56,11.399999618530273,10.600000381469727,0.44999998807907104,-45.31966380335069,2.937877070507966e-07
grid-r052-c057,52,57,11.600000381469727,10.600000381469727,0.44999998807907104,-43.15767447862208,4.833175353269326e-07
grid-r053-c026,53,26,5.400000095367432,10.800000190734863,0.44999998807907104,-47.93095885129969,1.6102900701753242e-07
grid-r053-c027,53,27,5.599999904632568,10.800000190734863,0.44999998807907104,-47.87386087747646,1.6316008100147883e-07
grid-r053-c028,53,28,5.800000190734863,10.800000190734863,0.44999998807907104,-44.823117867270966,3.293731651865528e-07
grid-r053-c029,53,29,6.0,10.800000190734863,0.44999998807907104,-47.750156996010176,1.6787433310128108e-07
grid-r053-c030,53,30,6.199999809265137,10.800000190734863,0.44999998807907104,-47.71581240216332,1.6920716916501988e-07
grid-r053-c031,53,31,6.400000095367432,10.800000190734863,0.44999998807907104,-45.92786532091479,2.5539563353049743e-07
grid-r053-c032,53,32,6.599999904632568,10.800000190734863,0.44999998807907104,-45.82960720127093,2.6123976226699597e-07
grid-r053-c033,53,33,6.800000190734863,10.800000190734863,0.44999998807907104,-47.514619452424995,1.7723033352012862e-07
grid-r053-c034,53,34,7.0,10.800000190734863,0.44999998807907104,-42.013841694926306,6.289495786404586e-07
grid-r053-c035,53,35,7.199999809265137,10.800000190734863,0.44999998807907104,-50.39638328728768,9.127706590561502e-08
grid-r053-c041,53,41,8.399999618530273,10.800000190734863,0.44999998807907104,-49.51945485614253,1.1170034497354209e-07
grid-r053-c042,53,42,8.600000381469727,10.800000190734863,0.44999998807907104,-44.809858346089214,3.303803168819286e-07
grid-r053-c043,53,43,8.800000190734863,10.800000190734863,0.44999998807907104,-56.947538240781114,2.0195107808262946e-08
grid-r053-c044,53,44,9.0,10.800000190734863,0.44999998807907104,-44.84315188487591,3.2785726489237277e-07
grid-r053-c045,53,45,9.199999809265137,10.800000190734863,0.44999998807907104,-44.89504882696663,3.2396278015767166e-07
grid-r053-c046,53,46,9.399999618530273,10.800000190734863,0.44999998807907104,-44.88578296571842,3.2465470667375484e-07
grid-r053-c047,53,47,9.600000381469727,10.800000190734863,0.44999998807907104,-44.886478028040685,3.2460275178891607e-07
grid-r053-c048,53,48,9.800000190734863,10.800000190734863,0.44999998807907104,-45.05000985678869,3.126072272152669e-07
grid-r053-c049,53,49,10.0,10.800000190734863,0.44999998807907104,-45.09223193175566,3.095827878496493e-07
grid-r053-c050,53,50,10.200000762939453,10.800000190734863,0.44999998807907104,-45.173911944219,3.0381471560758655e-07
grid-r053-c051,53,51,10.399999618530273,10.800000190734863,0.44999998807907104,-44.7830464764033,3.3242628205698566e-07
grid-r053-c052,53,52,10.600000381469727,10.800000190734863,0.44999998807907104,-42.604233899458414,5.490053922585503e-07
grid-r053-c053,53,53,10.800000190734863,10.800000190734863,0.44999998807907104,-39.89128681896798,1.025348069561005e-06
grid-r053-c054,53,54,11.0,10.800000190734863,0.44999998807907104,-42.33214586696554,5.84501208322763e-07
grid-r053-c055,53,55,11.200000762939453,10.800000190734863,0.44999998807907104,-45.74386589059783,2.664485805325967e-07
grid-r053-c056,53,56,11.399999618530273,10.800000190734863,0.44999998807907104,-44.07934015363169,3.909002828095254e-07
grid-r053-c057,53,57,11.600000381469727,10.800000190734863,0.44999998807907104,-43.64918964192607,4.315996022796753e-07
grid-r054-c026,54,26,5.400000095367432,11.0,0.44999998807907104,-50.7147680286631,8.482486890670771e-08
grid-r054-c027,54,27,5.599999904632568,11.0,0.44999998807907104,-50.62056551195346,8.668489925867107e-08
grid-r054-c028,54,28,5.800000190734863,11.0,0.44999998807907104,-50.61422258687753,8.681159613388445e-08
grid-r054-c029,54,29,6.0,11.0,0.44999998807907104,-47.570966996678536,1.7494571125098446e-07
grid-r054-c030,54,30,6.199999809265137,11.0,0.44999998807907104,-50.49825076158601,8.916099858424786e-08
grid-r054-c031,54,31,6.400000095367432,11.0,0.44999998807907104,-50.43757431780169,9.041543336252289e-08
grid-r054-c032,54,32,6.599999904632568,11.0,0.44999998807907104,-47.4053533488985,1.8174591787101235e-07
grid-r054-c033,54,33,6.800000190734863,11.0,0.44999998807907104,-50.239808295195786,9.4627893076904e-08
grid-r054-c034,54,34,7.0,11.0,0.44999998807907104,-50.22054478056107,9.504855569275605e-08
grid-r054-c035,54,35,7.199999809265137,11.0,0.44999998807907104,-45.454972535798106,2.847755808943475e-07
grid-r054-c041,54,41,8.399999618530273,11.0,0.44999998807907104,-43.45521268204106,4.51313923122143e-07
grid-r054-c042,54,42,8.600000381469727,11.0,0.44999998807907104,-56.42370425515335,2.278397914778907e-08
grid-r054-c043,54,43,8.800000190734863,11.0,0.44999998807907104,-44.66434461921058,3.416375022879947e-07
grid-r054-c044,54,44,9.0,11.0,0.44999998807907104,-57.644157243115885,1.7202211211042595e-08
grid-r054-c045,54,45,9.199999809265137,11.0,0.44999998807907104,-44.865945370805505,3.2614104839012725e-07
grid-r054-c046,54,46,9.399999618530273,11.0,0.44999998807907104,-44.85655589955479,3.2684692996554077e-07
grid-r054-c047,54,47,9.600000381469727,11.0,0.44999998807907104,-57.163568551836846,1.9215121938032098e-08
grid-r054-c048,54,48,9.800000190734863,11.0,0.44999998807907104,-44.99612743855208,3.1650986898057454e-07
grid-r054-c049,54,49,10.0,11.0,0.44999998807907104,-45.06678714935386,3.1140191936174233e-07
grid-r054-c050,54,50,10.200000762939453,11.0,0.44999998807907104,-45.12703972596445,3.0711146337125683e-07
grid-r054-c051,54,51,10.399999618530273,11.0,0.44999998807907104,-45.27574600675952,2.9677369184355484e-07
grid-r054-c052,54,52,10.600000381469727,11.0,0.44999998807907104,-45.0078564444554,3.1565622293783235e-07
grid-r054-c053,54,53,10.800000190734863,11.0,0.44999998807907104,-42.456439572665936,5.680100798599597e-07
grid-r054-c054,54,54,11.0,11.0,0.44999998807907104,-42.499150711682674,5.624513050861424e-07
grid-r054-c055,54,55,11.200000762939453,11.0,0.44999998807907104,-45.286359918037704,2.960492793135927e-07
grid-r054-c056,54,56,11.399999618530273,11.0,0.44999998807907104,-43.96511632591125,4.013177488104702e-07
grid-r054-c057,54,57,11.600000381469727,11.0,0.44999998807907104,-43.91754704155047,4.057376372657018e-07
grid-r055-c026,55,26,5.400000095367432,11.200000762939453,0.44999998807907104,-50.57619238874909,8.757512404145018e-08
grid-r055-c027,55,27,5.599999904632568,11.200000762939453,0.44999998807907104,-50.50761450418227,8.896896730448134e-08
grid-r055-c028,55,28,5.800000190734863,11.200000762939453,0.44999998807907104,-50.45744185684852,9.000275724702078e-08
grid-r055-c029,55,29,6.0,11.200000762939453,0.44999998807907104,-50.43449009206452,9.04796664258356e-08
grid-r055-c030,55,30,6.199999809265137,11.200000762939453,0.44999998807907104,-47.394775136618335,1.821891402187248e-07
grid-r055-c031,55,31,6.400000095367432,11.200000762939453,0.44999998807907104,-47.2796698638594,1.8708243487708387e-07
grid-r055-c032,55,32,6.599999904632568,11.200000762939453,0.44999998807907104,-47.225028684371054,1.8945110014101374e-07
grid-r055-c033,55,33,6.800000190734863,11.200000762939453,0.44999998807907104,-45.43927088276989,2.858070331512863e-07
grid-r055-c034,55,34,7.0,11.200000762939453,0.44999998807907104,-45.32666909307042,2.9331420137168607e-07
grid-r055-c035,55,35,7.199999809265137,11.200000762939453,0.44999998807907104,-70.65342652124507,8.603147083618978e-10
grid-r055-c041,55,41,8.399999618530273,11.200000762939453,0.44999998807907104,-57.41936553375109,1.8116047328931018e-08
grid-r055-c042,55,42,8.600000381469727,11.200000762939453,0.44999998807907104,-44.721528948883616,3.371685863839957e-07
grid-r055-c043,55,43,8.800000190734863,11.200000762939453,0.44999998807907104,-44.63383468381076,3.44046014788546e-07
grid-r055-c044,55,44,9.0,11.200000762939453,0.44999998807907104,-44.629012960655814,3.4442820151525666e-07
grid-r055-c045,55,45,9.199999809265137,11.200000762939453,0.44999998807907104,-44.81389560083953,3.300733339983708e-07
grid-r055-c046,55,46,9.399999618530273,11.200000762939453,0.44999998807907104,-56.89123444590183,2.0458630345387974e-08
grid-r055-c047,55,47,9.600000381469727,11.200000762939453,0.44999998807907104,-44.921445044559235,3.219997211090231e-07
grid-r055-c048,55,48,9.800000190734863,11.200000762939453,0.44999998807907104,-44.90925714427701,3.229046399155777e-07
grid-r055-c049,55,49,10.0,11.200000762939453,0.44999998807907104,-44.97635895048795,3.1795386234989564e-07
grid-r055-c050,55,50,10.200000762939453,11.200000762939453,0.44999998807907104,-45.14469529003276,3.0586548405153735e-07
grid-r055-c051,55,51,10.399999618530273,11.200000762939453,0.44999998807907104,-45.10123736760764,3.089415088197711e-07
grid-r055-c052,55,52,10.600000381469727,11.200000762939453,0.44999998807907104,-45.22218572477425,3.004563779995806e-07
grid-r055-c053,55,53,10.800000190734863,11.200000762939453,0.44999998807907104,-45.00067118313639,3.161788981742575e-07
grid-r055-c054,55,54,11.0,11.200000762939453,0.44999998807907104,-42.477365514165264,5.652797767652373e-07
grid-r055-c055,55,55,11.200000762939453,11.200000762939453,0.44999998807907104,-43.93797905381565,4.03833269047027e-07
grid-r055-c056,55,56,11.399999618530273,11.200000762939453,0.44999998807907104,-43.948759141825434,4.02832114332341e-07
grid-r055-c057,55,57,11.600000381469727,11.200000762939453,0.44999998807907104,-40.21859251844713,9.509129199614108e-07
grid-r056-c026,56,26,5.400000095367432,11.40000057220459,0.44999998807907104,-47.412602599499024,1.814428003399371e-07
grid-r056-c027,56,27,5.599999904632568,11.40000057220459,0.44999998807907104,-47.33538619678754,1.8469765450390696e-07
grid-r056-c028,56,28,5.800000190734863,11.40000057220459,0.44999998807907104,-47.298627504953984,1.8626757025685947e-07
grid-r056-c029,56,29,6.0,11.40000057220459,0.44999998807907104,-47.267139533993756,1.8762298736874072e-07
grid-r056-c030,56,30,6.199999809265137,11.40000057220459,0.44999998807907104,-45.479129042221274,2.8319598754933395e-07
grid-r056-c031,56,31,6.400000095367432,11.40000057220459,0.44999998807907104,-47.1006057341005,1.9495726633067534e-07
grid-r056-c032,56,32,6.599999904632568,11.40000057220459,0.44999998807907104,-49.99068759401645,1.0021465612908287e-07
grid-r056-c033,56,33,6.800000190734863,11.40000057220459,0.44999998807907104,-49.962008860436356,1.0087861568308654e-07
grid-r056-c034,56,34,7.0,11.40000057220459,0.44999998807907104,-49.885607939967684,1.0266897021438126e-07
grid-r056-c035,56,35,7.199999809265137,11.40000057220459,0.44999998807907104,-49.93622379122914,1.0147933693360756e-07
grid-r056-c040,56,40,8.199999809265137,11.40000057220459,0.44999998807907104,-44.66895473478755,3.412750402276288e-07
grid-r056-c041,56,41,8.399999618530273,11.40000057220459,0.44999998807907104,-55.729291322493225,2.6734426228358643e-08
grid-r056-c042,56,42,8.600000381469727,11.40000057220459,0.44999998807907104,-44.54447196578994,3.511986221838015e-07
grid-r056-c043,56,43,8.800000190734863,11.40000057220459,0.44999998807907104,-44.46527471556807,3.576617757516942e-07
grid-r056-c044,56,44,9.0,11.40000057220459,0.44999998807907104,-44.542467673751304,3.513607396143925e-07
grid-r056-c045,56,45,9.199999809265137,11.40000057220459,0.44999998807907104,-59.02872700015401,1.2506255586686166e-08
grid-r056-c046,56,46,9.399999618530273,11.40000057220459,0.44999998807907104,-44.74528897535242,3.353289912411128e-07
grid-r056-c047,56,47,9.600000381469727,11.40000057220459,0.44999998807907104,-44.80702766654548,3.305957250177016e-07
grid-r056-c048,56,48,9.800000190734863,11.40000057220459,0.44999998807907104,-57.073362719784754,1.9618406454924298e-08
grid-r056-c049,56,49,10.0,11.40000057220459,0.44999998807907104,-44.88487742229216,3.2472240718561807e-07
grid-r056-c050,56,50,10.200000762939453,11.40000057220459,0.44999998807907104,-45.05905746084126,3.1195665428640496e-07
grid-r056-c051,56,51,10.399999618530273,11.40000057220459,0.44999998807907104,-45.006762454938524,3.157357468808186e-07
grid-r056-c052,56,52,10.600000381469727,11.40000057220459,0.44999998807907104,-44.88359128214684,3.2481858625033055e-07
grid-r056-c053,56,53,10.800000190734863,11.40000057220459,0.44999998807907104,-55.413403670677255,2.8751442116004e-08
grid-r056-c054,56,54,11.0,11.40000057220459,0.44999998807907104,-43.98367696627295,3.996062787336996e-07
grid-r056-c055,56,55,11.200000762939453,11.40000057220459,0.44999998807907104,-43.89377619383268,4.0796450662128336e-07
grid-r056-c056,56,56,11.399999618530273,11.40000057220459,0.44999998807907104,-43.78311460618853,4.1849332887977653e-07
grid-r056-c057,56,57,11.600000381469727,11.40000057220459,0.44999998807907104,-42.43593925889219,5.706976367036987e-07
grid-r057-c026,57,26,5.400000095367432,11.600000381469727,0.44999998807907104,-67.20746469535237,1.902188406788241e-09
grid-r057-c027,57,27,5.599999904632568,11.600000381469727,0.44999998807907104,-47.161816495277506,1.9222875380364712e-07
grid-r057-c028,57,28,5.800000190734863,11.600000381469727,0.44999998807907104,-50.05718869162888,9.869181383237446e-08
grid-r057-c029,57,29,6.0,11.600000381469727,0.44999998807907104,-50.01863860154012,9.957174995633977e-08
grid-r057-c030,57,30,6.199999809265137,11.600000381469727,0.44999998807907104,-49.944703300801066,1.0128139393827951e-07
grid-r057-c031,57,31,6.400000095367432,11.600000381469727,0.44999998807907104,-49.94522890669262,1.0126913707608765e-07
grid-r057-c032,57,32,6.599999904632568,11.600000381469727,0.44999998807907104,-46.919560019422605,2.032562917975156e-07
grid-r057-c033,57,33,6.800000190734863,11.600000381469727,0.44999998807907104,-46.77974812536378,2.0990616178551136e-07
grid-r057-c034,57,34,7.0,11.600000381469727,0.44999998807907104,-49.78938364388456,1.0496913915858386e-07
grid-r057-c040,57,40,8.199999809265137,11.600000381469727,0.44999998807907104,-75.25436632307873,2.9823826741548487e-10
grid-r057-c041,57,41,8.399999618530273,11.600000381469727,0.44999998807907104,-44.29803125394143,3.717036918260419e-07
grid-r057-c042,57,42,8.600000381469727,11.600000381469727,0.44999998807907104,-44.35719966277088,3.6667393032985274e-07
grid-r057-c043,57,43,8.800000190734863,11.600000381469727,0.44999998807907104,-44.577322530794845,3.485521347101894e-07
grid-r057-c044,57,44,9.0,11.600000381469727,0.44999998807907104,-55.99318886696496,2.5158289673754552e-08
grid-r057-c045,57,45,9.199999809265137,11.600000381469727,0.44999998807907104,-44.60039778533829,3.4670509307943576e-07
grid-r057-c046,57,46,9.399999618530273,11.600000381469727,0.44999998807907104,-44.77331897494787,3.3317169823021686e-07
grid-r057-c047,57,47,9.600000381469727,11.600000381469727,0.44999998807907104,-44.715450991171565,3.3764078466447245e-07
grid-r057-c048,57,48,9.800000190734863,11.600000381469727,0.44999998807907104,-44.84260375476137,3.2789864690130344e-07
grid-r057-c049,57,49,10.0,11.600000381469727,0.44999998807907104,-44.843109342081675,3.278604765455384e-07
grid-r057-c050,57,50,10.200000762939453,11.600000381469727,0.44999998807907104,-45.0219692698974,3.1463213190363604e-07
grid-r057-c051,57,51,10.399999618530273,11.600000381469727,0.44999998807907104,-57.280075979630965,1.8706494131492946e-08
grid-r057-c052,57,52,10.600000381469727,11.600000381469727,0.44999998807907104,-45.19725850507541,3.021858674401301e-07
grid-r057-c053,57,53,10.800000190734863,11.600000381469727,0.44999998807907104,-49.4135218744658,1.1445843739466e-07
grid-r057-c054,57,54,11.0,11.600000381469727,0.44999998807907104,-55.31207382082346,2.9430159642629405e-08
grid-r057-c055,57,55,11.200000762939453,11.600000381469727,0.44999998807907104,-41.67931261805208,6.793111424485687e-07
grid-r057-c056,57,56,11.399999618530273,11.600000381469727,0.44999998807907104,-42.21101450330433,6.010333208905649e-07
grid-r057-c057,57,57,11.600000381469727,11.600000381469727,0.44999998807907104,-42.110124401414566,6.151592515379889e-07
grid-r058-c026,58,26,5.400000095367432,11.80000114440918,0.44999998807907104,-66.56810618741348,2.203887294882634e-09
grid-r058-c027,58,27,5.599999904632568,11.80000114440918,0.44999998807907104,-50.00569769166657,9.986889182300729e-08
grid-r058-c028,58,28,5.800000190734863,11.80000114440918,0.44999998807907104,-46.98629116030932,2.0015704649267718e-07
grid-r058-c029,58,29,6.0,11.80000114440918,0.44999998807907104,-49.85009386435911,1.0351197943236912e-07
grid-r058-c030,58,30,6.199999809265137,11.80000114440918,0.44999998807907104,-49.83320751436918,1.039152408566224e-07
grid-r058-c031,58,31,6.400000095367432,11.80000114440918,0.44999998807907104,-46.779610819419716,2.0991279825466336e-07
grid-r058-c032,58,32,6.599999904632568,11.80000114440918,0.44999998807907104,-46.736862577597364,2.1198920308052038e-07
grid-r058-c033,58,33,6.800000190734863,11.80000114440918,0.44999998807907104,-46.68482529148599,2.1454454213198915e-07
grid-r058-c034,58,34,7.0,11.80000114440918,0.44999998807907104,-49.61085172573469,1.0937418437606539e-07
grid-r058-c040,58,40,8.199999809265137,11.80000114440918,0.44999998807907104,-75.22641027516943,3.00164254563029e-10
grid-r058-c041,58,41,8.399999618530273,11.80000114440918,0.44999998807907104,-44.276738018958156,3.7353061088651884e-07
grid-r058-c042,58,42,8.600000381469727,11.80000114440918,0.44999998807907104,-44.347924274035165,3.6745788634107157e-07
grid-r058-c043,58,43,8.800000190734863,11.80000114440918,0.44999998807907104,-58.447839513682226,1.429604967739806e-08
grid-r058-c044,58,44,9.0,11.80000114440918,0.44999998807907104,-57.05427195245795,1.9704835096945317e-08
grid-r058-c045,58,45,9.199999809265137,11.80000114440918,0.44999998807907104,-44.496138224764664,3.5512903195922263e-07
grid-r058-c046,58,46,9.399999618530273,11.80000114440918,0.44999998807907104,-44.687446106857976,3.3982504987761786e-07
grid-r058-c047,58,47,9.600000381469727,11.80000114440918,0.44999998807907104,-44.62000384414425,3.451434338330728e-07
grid-r058-c048,58,48,9.800000190734863,11.80000114440918,0.44999998807907104,-44.68501207292127,3.4001556059592986e-07
grid-r058-c049,58,49,10.0,11.80000114440918,0.44999998807907104,-44.81011764027353,3.303605922155839e-07
grid-r058-c050,58,50,10.200000762939453,11.80000114440918,0.44999998807907104,-58.05583458516821,1.5646476114739016e-08
grid-r058-c051,58,51,10.399999618530273,11.80000114440918,0.44999998807907104,-60.101298793579744,9.76945013775321e-09
grid-r058-c052,58,52,10.600000381469727,11.80000114440918,0.44999998807907104,-49.36715089234332,1.1568709368248165e-07
grid-r058-c053,58,53,10.800000190734863,11.80000114440918,0.44999998807907104,-49.242678005500494,1.1905076746643317e-07
grid-r058-c054,58,54,11.0,11.80000114440918,0.44999998807907104,-49.05815699231732,1.2421793371686363e-07
grid-r058-c055,58,55,11.200000762939453,11.80000114440918,0.44999998807907104,-54.41924410788009,3.614727717149435e-08
grid-r058-c056,58,56,11.399999618530273,11.80000114440918,0.44999998807907104,-42.15960506946037,6.081903052290727e-07
grid-r058-c057,58,57,11.600000381469727,11.80000114440918,0.44999998807907104,-42.15139122452905,6.093416686780984e-07
grid-r059-c026,59,26,5.400000095367432,12.0,0.44999998807907104,-49.92282181661699,1.0179297760259942e-07
grid-r059-c027,59,27,5.599999904632568,12.0,0.44999998807907104,-49.863727772019445,1.0318753140836634e-07
grid-r059-c028,59,28,5.800000190734863,12.0,0.44999998807907104,-49.80271623405605,1.0464738409154961e-07
grid-r059-c029,59,29,6.0,12.0,0.44999998807907104,-46.8059109037432,2.086454458094522e-07
grid-r059-c030,59,30,6.199999809265137,12.0,0.44999998807907104,-44.94034006060107,3.206018277523981e-07
grid-r059-c031,59,31,6.400000095367432,12.0,0.44999998807907104,-49.52220093236109,1.116297383418896e-07
grid-r059-c032,59,32,6.599999904632568,12.0,0.44999998807907104,-49.48137995284699,1.1268393507180008e-07
grid-r059-c033,59,33,6.800000190734863,12.0,0.44999998807907104,-49.439849915371454,1.1376666009255132e-07
grid-r059-c034,59,34,7.0,12.0,0.44999998807907104,-73.0312053423166,4.975989620348287e-10
grid-r059-c040,59,40,8.199999809265137,12.0,0.44999998807907104,-44.27782468088027,3.734371603059117e-07
grid-r059-c041,59,41,8.399999618530273,12.0,0.44999998807907104,-58.29463137640718,1.4809379500491104e-08
grid-r059-c042,59,42,8.600000381469727,12.0,0.44999998807907104,-55.41571963120242,2.8736113932836815e-08
grid-r059-c043,59,43,8.800000190734863,12.0,0.44999998807907104,-44.4814069475546,3.5633567563309043e-07
grid-r059-c044,59,44,9.0,12.0,0.44999998807907104,-44.38620010953993,3.642335855147394e-07
grid-r059-c045,59,45,9.199999809265137,12.0,0.44999998807907104,-44.51117947446792,3.539012141118292e-07
grid-r059-c046,59,46,9.399999618530273,12.0,0.44999998807907104,-58.86352271302522,1.299115393038619e-08
grid-r059-c047,59,47,9.600000381469727,12.0,0.44999998807907104,-44.52153700008493,3.5305819778841396e-07
grid-r059-c048,59,48,9.800000190734863,12.0,0.44999998807907104,-44.5826274990725,3.4812663329830684e-07
grid-r059-c049,59,49,10.0,12.0,0.44999998807907104,-61.773791192875635,6.646926564712885e-09
grid-r059-c050,59,50,10.200000762939453,12.0,0.44999998807907104,-44.913545938356265,3.2258591886602517e-07
grid-r059-c051,59,51,10.399999618530273,12.0,0.44999998807907104,-60.98527268743261,7.970264448431408e-09
grid-r059-c052,59,52,10.600000381469727,12.0,0.44999998807907104,-49.24138476827312,1.190862235489476e-07
grid-r059-c053,59,53,10.800000190734863,12.0,0.44999998807907104,-49.09072921805175,1.2328978016284964e-07
grid-r059-c054,59,54,11.0,12.0,0.44999998807907104,-45.186669580950735,3.0292355290839623e-07
grid-r059-c055,59,55,11.200000762939453,12.0,0.44999998807907104,-44.779403204978834,3.327052695567545e-07
grid-r059-c056,59,56,11.399999618530273,12.0,0.44999998807907104,-52.74278599709703,5.3176702152768485e-08
grid-r059-c057,59,57,11.600000381469727,12.0,0.44999998807907104,-42.053244814717374,6.232689884200227e-07
grid-r060-c026,60,26,5.400000095367432,12.200000762939453,0.44999998807907104,-49.80950674163556,1.0448388820805121e-07
grid-r060-c027,60,27,5.599999904632568,12.200000762939453,0.44999998807907104,-46.69749208859491,2.1391970506101643e-07
grid-r060-c028,60,28,5.800000190734863,12.200000762939453,0.44999998807907104,-46.65858452906404,2.1584477849501127e-07
grid-r060-c029,60,29,6.0,12.200000762939453,0.44999998807907104,-46.632782184181195,2.1713097453357477e-07
grid-r060-c030,60,30,6.199999809265137,12.200000762939453,0.44999998807907104,-49.47760848765452,1.127818336499331e-07
grid-r060-c031,60,31,6.400000095367432,12.200000762939453,0.44999998807907104,-46.453790169117696,2.2626687723459327e-07
grid-r060-c032,60,32,6.599999904632568,12.200000762939453,0.44999998807907104,-49.33213094867038,1.1662372401133325e-07
grid-r060-c033,60,33,6.800000190734863,12.200000762939453,0.44999998807907104,-49.33410133246733,1.1657082410465591e-07
grid-r060-c040,60,40,8.199999809265137,12.200000762939453,0.44999998807907104,-60.66613976124228,8.577999643932799e-09
grid-r060-c041,60,41,8.399999618530273,12.200000762939453,0.44999998807907104,-57.93889405115938,1.607350519350348e-08
grid-r060-c042,60,42,8.600000381469727,12.200000762939453,0.44999998807907104,-44.23851841542856,3.7683233244933945e-07
grid-r060-c043,60,43,8.800000190734863,12.200000762939453,0.44999998807907104,-44.46432023645548,3.577403901999787e-07
grid-r060-c044,60,44,9.0,12.200000762939453,0.44999998807907104,-44.28607671064063,3.7272826602929854e-07
grid-r060-c045,60,45,9.199999809265137,12.200000762939453,0.44999998807907104,-44.359983485613,3.664389680579916e-07
grid-r060-c046,60,46,9.399999618530273,12.200000762939453,0.44999998807907104,-44.635093077868575,3.439463398535736e-07
grid-r060-c047,60,47,9.600000381469727,12.200000762939453,0.44999998807907104,-56.06705492209737,2.4734008619020642e-08
grid-r060-c048,60,48,9.800000190734863,12.200000762939453,0.44999998807907104,-56.25315878751482,2.3696495432545817e-08
grid-r060-c049,60,49,10.0,12.200000762939453,0.44999998807907104,-44.84487013377094,3.2772757663224183e-07
grid-r060-c050,60,50,10.200000762939453,12.200000762939453,0.44999998807907104,-61.33278356927157,7.357353837278424e-09
grid-r060-c051,60,51,10.399999618530273,12.200000762939453,0.44999998807907104,-49.12065188557095,1.2244323954746505e-07
grid-r060-c052,60,52,10.600000381469727,12.200000762939453,0.44999998807907104,-49.00667527971707,1.25699187947248e-07
grid-r060-c053,60,53,10.800000190734863,12.200000762939453,0.44999998807907104,-43.601032084409795,4.3641210822897847e-07
grid-r060-c054,60,54,11.0,12.200000762939453,0.44999998807907104,-45.01881465931936,3.148607561342942e-07
grid-r060-c055,60,55,11.200000762939453,12.200000762939453,0.44999998807907104,-44.9964515276921,3.1648625054003787e-07
grid-r060-c056,60,56,11.399999618530273,12.200000762939453,0.44999998807907104,-44.72695009109806,3.3674797350613517e-07
grid-r060-c057,60,57,11.600000381469727,12.200000762939453,0.44999998807907104,-42.03045099649566,6.265487968448724e-07
grid-r061-c026,61,26,5.400000095367432,12.40000057220459,0.44999998807907104,-46.64059695522246,2.167406165654029e-07
grid-r061-c027,61,27,5.599999904632568,12.40000057220459,0.44999998807907104,-49.408195066944856,1.1459891169351977e-07
grid-r061-c028,61,28,5.800000190734863,12.40000057220459,0.44999998807907104,-49.40202903819346,1.147617325614192e-07
grid-r061-c029,61,29,6.0,12.40000057220459,0.44999998807907104,-49.36791810692104,1.1566665847340118e-07
grid-r061-c030,61,30,6.199999809265137,12.40000057220459,0.44999998807907104,-49.303361384724965,1.1739885508177395e-07
grid-r061-c031,61,31,6.400000095367432,12.40000057220459,0.44999998807907104,-49.264297531591524,1.1845959591028077e-07
grid-r061-c032,61,32,6.599999904632568,12.40000057220459,0.44999998807907104,-49.2245105795858,1.1954982426232164e-07
grid-r061-c033,61,33,6.800000190734863,12.40000057220459,0.44999998807907104,-49.30827475695331,1.1726611148787924e-07
grid-r061-c040,61,40,8.199999809265137,12.40000057220459,0.44999998807907104,-57.96825423786092,1.5965207822432603e-08
grid-r061-c041,61,41,8.399999618530273,12.40000057220459,0.44999998807907104,-44.22203368237872,3.782654118822393e-07
grid-r061-c042,61,42,8.600000381469727,12.40000057220459,0.44999998807907104,-44.098114260115466,3.892141080541478e-07
grid-r061-c043,61,43,8.800000190734863,12.40000057220459,0.44999998807907104,-58.0847166135723,1.554276707338431e-08
grid-r061-c044,61,44,9.0,12.40000057220459,0.44999998807907104,-44.271485028518,3.7398268659671885e-07
grid-r061-c045,61,45,9.199999809265137,12.40000057220459,0.44999998807907104,-44.24515388251946,3.762570202070492e-07
grid-r061-c046,61,46,9.399999618530273,12.40000057220459,0.44999998807907104,-58.45523473086912,1.4271726911374572e-08
grid-r061-c047,61,47,9.600000381469727,12.40000057220459,0.44999998807907104,-44.53655225662217,3.518396454182948e-07
grid-r061-c048,61,48,9.800000190734863,12.40000057220459,0.44999998807907104,-58.877721961854036,1.2948748739916027e-08
grid-r061-c049,61,49,10.0,12.40000057220459,0.44999998807907104,-48.97840597896196,1.2652006375901692e-07
grid-r061-c050,61,50,10.200000762939453,12.40000057220459,0.44999998807907104,-60.22025421944143,9.50549150502411e-09
grid-r061-c051,61,51,10.399999618530273,12.40000057220459,0.44999998807907104,-48.98718409179227,1.2626459522380173e-07
grid-r061-c052,61,52,10.600000381469727,12.40000057220459,0.44999998807907104,-48.94734955551776,1.2742805211019004e-07
grid-r061-c053,61,53,10.800000190734863,12.40000057220459,0.44999998807907104,-44.86625194061979,3.261180268054886e-07
grid-r061-c054,61,54,11.0,12.40000057220459,0.44999998807907104,-44.86987943352402,3.2584574682914536e-07
grid-r061-c055,61,55,11.200000762939453,12.40000057220459,0.44999998807907104,-44.93095911123312,3.212950900888245e-07
grid-r061-c056,61,56,11.399999618530273,12.40000057220459,0.44999998807907104,-44.67941929278895,3.4045370966850896e-07
grid-r061-c057,61,57,11.600000381469727,12.40000057220459,0.44999998807907104,-54.07658468650202,3.911483759111434e-08
grid-r062-c026,62,26,5.400000095367432,12.600000381469727,0.44999998807907104,-49.39297843797286,1.150011428308062e-07
grid-r062-c027,62,27,5.599999904632568,12.600000381469727,0.44999998807907104,-49.32354210809095,1.1685459355703642e-07
grid-r062-c028,62,28,5.800000190734863,12.600000381469727,0.44999998807907104,-49.25567553907071,1.1869500582406545e-07
grid-r062-c029,62,29,6.0,12.600000381469727,0.44999998807907104,-49.188488668383,1.205455362196517e-07
grid-r062-c030,62,30,6.199999809265137,12.600000381469727,0.44999998807907104,-49.15030862731622,1.2160995765952975e-07
grid-r062-c031,62,31,6.400000095367432,12.600000381469727,0.44999998807907104,-49.11139840344859,1.2270440663542104e-07
grid-r062-c032,62,32,6.599999904632568,12.600000381469727,0.44999998807907104,-49.12792429033172,1.222383758658907e-07
grid-r062-c033,62,33,6.800000190734863,12.600000381469727,0.44999998807907104,-71.2072408437062,7.573138782746014e-10
grid-r062-c040,62,40,8.199999809265137,12.600000381469727,0.44999998807907104,-59.98546303830648,1.003352867456897e-08
grid-r062-c041,62,41,8.399999618530273,12.600000381469727,0.44999998807907104,-44.18839001372041,3.8120711565170495e-07
grid-r062-c042,62,42,8.600000381469727,12.600000381469727,0.44999998807907104,-44.085298682053065,3.9036433463479625e-07
grid-r062-c043,62,43,8.800000190734863,12.600000381469727,0.44999998807907104,-56.193675156094514,2.402329002393344e-08
grid-r062-c044,62,44,9.0,12.600000381469727,0.44999998807907104,-56.24781183521088,2.372568808084452e-08
grid-r062-c045,62,45,9.199999809265137,12.600000381469727,0.44999998807907104,-56.589459069423896,2.1930780746970413e-08
grid-r062-c046,62,46,9.399999618530273,12.600000381469727,0.44999998807907104,-44.470388165773315,3.572409070784488e-07
grid-r062-c047,62,47,9.600000381469727,12.600000381469727,0.44999998807907104,-44.43298338072904,3.6033102901456004e-07
grid-r062-c048,62,48,9.800000190734863,12.600000381469727,0.44999998807907104,-64.53713827149502,3.5179217316994027e-09
grid-r062-c049,62,49,10.0,12.600000381469727,0.44999998807907104,-48.7052011137679,1.3473483306825074e-07
grid-r062-c050,62,50,10.200000762939453,12.600000381469727,0.44999998807907104,-48.71882048619234,1.3431296963517525e-07
grid-r062-c051,62,51,10.399999618530273,12.600000381469727,0.44999998807907104,-61.12943384702908,7.710039717778727e-09
grid-r062-c052,62,52,10.600000381469727,12.600000381469727,0.44999998807907104,-44.758163861700254,3.3433636303925596e-07
grid-r062-c053,62,53,10.800000190734863,12.600000381469727,0.44999998807907104,-44.71004636570257,3.380612270120764e-07
grid-r062-c054,62,54,11.0,12.600000381469727,0.44999998807907104,-44.77546125617931,3.330073923279997e-07
grid-r062-c055,62,55,11.200000762939453,12.600000381469727,0.44999998807907104,-44.8370608378047,3.28317412368051e-07
grid-r062-c056,62,56,11.399999618530273,12.600000381469727,0.44999998807907104,-60.644264309607095,8.621316105461574e-09
grid-r062-c057,62,57,11.600000381469727,12.600000381469727,0.44999998807907104,-45.05789709670893,3.1204001516016433e-07
grid-r063-c026,63,26,5.400000095367432,12.80000114440918,0.44999998807907104,-65.19638982694347,3.022463168633749e-09
grid-r063-c027,63,27,5.599999904632568,12.80000114440918,0.44999998807907104,-49.181429590223345,1.2074163180386677e-07
grid-r063-c028,63,28,5.800000190734863,12.80000114440918,0.44999998807907104,-46.18400973294469,2.4076814497675514e-07
grid-r063-c029,63,29,6.0,12.80000114440918,0.44999998807907104,-49.03353821803415,1.2492408529851673e-07
grid-r063-c030,63,30,6.199999809265137,12.80000114440918,0.44999998807907104,-48.99552793825859,1.2602224330748868e-07
grid-r063-c031,63,31,6.400000095367432,12.80000114440918,0.44999998807907104,-48.98706678361246,1.2626800582893338e-07
grid-r063-c032,63,32,6.599999904632568,12.80000114440918,0.44999998807907104,-49.0136696508318,1.254969106412318e-07
grid-r063-c040,63,40,8.199999809265137,12.80000114440918,0.44999998807907104,-75.39705169342405,2.885990058043575e-10
grid-r063-c041,63,41,8.399999618530273,12.80000114440918,0.44999998807907104,-57.65032220446177,1.7177809397139754e-08
grid-r063-c042,63,42,8.600000381469727,12.80000114440918,0.44999998807907104,-55.783172617160545,2.6404791242384817e-08
grid-r063-c043,63,43,8.800000190734863,12.80000114440918,0.44999998807907104,-44.14353237855599,3.8516495237672643e-07
grid-r063-c044,63,44,9.0,12.80000114440918,0.44999998807907104,-57.85458643840559,1.638858115882158e-08
grid-r063-c045,63,45,9.199999809265137,12.80000114440918,0.44999998807907104,-44.14359967783382,3.8515898381774605e-07
grid-r063-c046,63,46,9.399999618530273,12.80000114440918,0.44999998807907104,-44.443440523105124,3.5946445109402703e-07
grid-r063-c047,63,47,9.600000381469727,12.80000114440918,0.44999998807907104,-61.536307638231676,7.020519277034509e-09
grid-r063-c048,63,48,9.800000190734863,12.80000114440918,0.44999998807907104,-48.703798295295286,1.347783609162434e-07
grid-r063-c049,63,49,10.0,12.80000114440918,0.44999998807907104,-48.68523707354623,1.3535562004562962e-07
grid-r063-c050,63,50,10.200000762939453,12.80000114440918,0.44999998807907104,-43.31965254179337,4.6562334432564967e-07
grid-r063-c051,63,51,10.399999618530273,12.80000114440918,0.44999998807907104,-58.67698147703581,1.3561316514199007e-08
grid-r063-c052,63,52,10.600000381469727,12.80000114440918,0.44999998807907104,-44.62027744030932,3.451216912253585e-07
grid-r063-c053,63,53,10.800000190734863,12.80000114440918,0.44999998807907104,-44.61426158827807,3.456000854384911e-07
grid-r063-c054,63,54,11.0,12.80000114440918,0.44999998807907104,-57.0324345478427,1.98041654186909e-08
grid-r063-c055,63,55,11.200000762939453,12.80000114440918,0.44999998807907104,-60.14955878960792,9.661490274481821e-09
grid-r063-c056,63,56,11.399999618530273,12.80000114440918,0.44999998807907104,-44.868639762443195,3.2593877108411107e-07
grid-r063-c057,63,57,11.600000381469727,12.80000114440918,0.44999998807907104,-55.89142580946077,2.575475477328837e-08
grid-r064-c026,64,26,5.400000095367432,13.0,0.44999998807907104,-64.72153644228676,3.371680046271308e-09
grid-r064-c027,64,27,5.599999904632568,13.0,0.44999998807907104,-48.98930498356734,1.262029485360472e-07
grid-r064-c028,64,28,5.800000190734863,13.0,0.44999998807907104,-49.07093074328556,1.2385311265461496e-07
grid-r064-c029,64,29,6.0,13.0,0.44999998807907104,-48.99424943967885,1.2605934784915007e-07
grid-r064-c030,64,30,6.199999809265137,13.0,0.44999998807907104,-45.99644799010342,2.513941694815003e-07
grid-r064-c031,64,31,6.400000095367432,13.0,0.44999998807907104,-48.907800282226674,1.2859378273333277e-07
grid-r064-c032,64,32,6.599999904632568,13.0,0.44999998807907104,-69.96398326334729,1.0083276436034794e-09
grid-r064-c040,64,40,8.199999809265137,13.0,0.44999998807907104,-44.2375875993427,3.7691310694754065e-07
grid-r064-c041,64,41,8.399999618530273,13.0,0.44999998807907104,-55.40333051165456,2.881820648781286e-08
grid-r064-c042,64,42,8.600000381469727,13.0,0.44999998807907104,-44.09520550902114,3.8947487723817176e-07
grid-r064-c043,64,43,8.800000190734863,13.0,0.44999998807907104,-44.05318755179164,3.932613310553279e-07
grid-r064-c044,64,44,9.0,13.0,0.44999998807907104,-44.19797722321948,3.803665151735913e-07
grid-r064-c045,64,45,9.199999809265137,13.0,0.44999998807907104,-57.82540987882818,1.6499052790663882e-08
grid-r064-c046,64,46,9.399999618530273,13.0,0.44999998807907104,-48.668537711727495,1.3587708735940396e-07
grid-r064-c047,64,47,9.600000381469727,13.0,0.44999998807907104,-48.40367831844732,1.4442160534144932e-07
grid-r064-c048,64,48,9.800000190734863,13.0,0.44999998807907104,-62.21065807348354,6.010826503199951e-09
grid-r064-c049,64,49,10.0,13.0,0.44999998807907104,-48.562288022429584,1.3924230302109208e-07
grid-r064-c050,64,50,10.200000762939453,13.0,0.44999998807907104,-59.14094331885633,1.2187248543682472e-08
grid-r064-c051,64,51,10.399999618530273,13.0,0.44999998807907104,-59.20920627235026,1.1997185467294003e-08
grid-r064-c052,64,52,10.600000381469727,13.0,0.44999998807907104,-57.655114539789196,1.715886455144755e-08
grid-r064-c053,64,53,10.800000190734863,13.0,0.44999998807907104,-56.551365165147175,2.21239915276783e-08
grid-r064-c054,64,54,11.0,13.0,0.44999998807907104,-44.80035734240735,3.311038767606078e-07
grid-r064-c055,64,55,11.200000762939453,13.0,0.44999998807907104,-44.72046302676367,3.3725135040185705e-07
grid-r064-c056,64,56,11.399999618530273,13.0,0.44999998807907104,-62.877170485734,5.155644355880895e-09
grid-r064-c057,64,57,11.600000381469727,13.0,0.44999998807907104,-73.58655644340382,4.3786915759902456e-10
grid-r065-c026,65,26,5.400000095367432,13.200000762939453,0.44999998807907104,-49.040771981380516,1.2471618049403332e-07
grid-r065-c027,65,27,5.599999904632568,13.200000762939453,0.44999998807907104,-48.91824282488014,1.28284952438662e-07
grid-r065-c028,65,28,5.800000190734863,13.200000762939453,0.44999998807907104,-48.84569621681082,1.3044588342836505e-07
grid-r065-c029,65,29,6.0,13.200000762939453,0.44999998807907104,-48.76789666647139,1.3280374844271137e-07
grid-r065-c030,65,30,6.199999809265137,13.200000762939453,0.44999998807907104,-48.76864818859988,1.3278076949063689e-07
grid-r065-c031,65,31,6.400000095367432,13.200000762939453,0.44999998807907104,-45.74700419416638,2.66256108716334e-07
grid-r065-c040,65,40,8.199999809265137,13.200000762939453,0.44999998807907104,-75.40390740894894,2.8814378660868556e-10
grid-r065-c041,65,41,8.399999618530273,13.200000762939453,0.44999998807907104,-43.788258601078724,4.179979384844046e-07
grid-r065-c042,65,42,8.600000381469727,13.200000762939453,0.44999998807907104,-59.26652627237499,1.1839881963737753e-08
grid-r065-c043,65,43,8.800000190734863,13.200000762939453,0.44999998807907104,-43.86176045731272,4.109830911147583e-07
grid-r065-c044,65,44,9.0,13.200000762939453,0.44999998807907104,-44.20409503243603,3.7983107858963194e-07
grid-r065-c045,65,45,9.199999809265137,13.200000762939453,0.44999998807907104,-60.145641958415595,9.670207745671178e-09
grid-r065-c046,65,46,9.399999618530273,13.200000762939453,0.44999998807907104,-48.354989072049165,1.4604984244215302e-07
grid-r065-c047,65,47,9.600000381469727,13.200000762939453,0.44999998807907104,-60.403868795121994,9.111987608889649e-09
grid-r065-c048,65,48,9.800000190734863,13.200000762939453,0.44999998807907104,-62.61669000703532,5.4743303223858675e-09
grid-r065-c049,65,49,10.0,13.200000762939453,0.44999998807907104,-57.250529864914085,1.883419287196375e-08
grid-r065-c050,65,50,10.200000762939453,13.200000762939453,0.44999998807907104,-44.37033803710858,3.655663363133499e-07
grid-r065-c051,65,51,10.399999618530273,13.200000762939453,0.44999998807907104,-44.583339526241886,3.480695625057706e-07
grid-r065-c052,65,52,10.600000381469727,13.200000762939453,0.44999998807907104,-56.19070827834713,2.403970711384318e-08
grid-r065-c053,65,53,10.800000190734863,13.200000762939453,0.44999998807907104,-44.5741757802311,3.488047752853163e-07
grid-r065-c054,65,54,11.0,13.200000762939453,0.44999998807907104,-44.6999923026859,3.388447566976538e-07
grid-r065-c055,65,55,11.200000762939453,13.200000762939453,0.44999998807907104,-44.82358783423193,3.2933752436292707e-07
grid-r065-c056,65,56,11.399999618530273,13.200000762939453,0.44999998807907104,-71.18847720418353,7.605929219778318e-10
grid-r065-c057,65,57,11.600000381469727,13.200000762939453,0.44999998807907104,-68.20099267395406,1.5132153308172747e-09
grid-r066-c026,66,26,5.400000095367432,13.40000057220459,0.44999998807907104,-48.80701658179143,1.3161286460672272e-07
grid-r066-c027,66,27,5.599999904632568,13.40000057220459,0.44999998807907104,-48.81494118785605,1.3137292853571125e-07
grid-r066-c028,66,28,5.800000190734863,13.40000057220459,0.44999998807907104,-48.73457038135081,1.3382675945194933e-07
grid-r066-c029,66,29,6.0,13.40000057220459,0.44999998807907104,-48.69670230050107,1.3499875706202147e-07
grid-r066-c030,66,30,6.199999809265137,13.40000057220459,0.44999998807907104,-48.70021384692305,1.3488964611951815e-07
grid-r066-c031,66,31,6.400000095367432,13.40000057220459,0.44999998807907104,-65.8992990532313,2.57081067545073e-09
grid-r066-c040,66,40,8.199999809265137,13.40000057220459,0.44999998807907104,-72.3623334099591,5.804524638719499e-10
grid-r066-c041,66,41,8.399999618530273,13.40000057220459,0.44999998807907104,-43.787911639899676,4.180313339929853e-07
grid-r066-c042,66,42,8.600000381469727,13.40000057220459,0.44999998807907104,-57.00774071088388,1.9917091975685253e-08
grid-r066-c043,66,43,8.800000190734863,13.40000057220459,0.44999998807907104,-55.38604293278665,2.893314920981993e-08
grid-r066-c044,66,44,9.0,13.40000057220459,0.44999998807907104,-66.00916650722215,2.5065902686804975e-09
grid-r066-c045,66,45,9.199999809265137,13.40000057220459,0.44999998807907104,-61.47714287940417,7.116815581298397e-09
grid-r066-c046,66,46,9.399999618530273,13.40000057220459,0.44999998807907104,-60.01350886992405,9.968943004423636e-09
grid-r066-c047,66,47,9.600000381469727,13.40000057220459,0.44999998807907104,-48.49159227684292,1.4152747951357014e-07
grid-r066-c048,66,48,9.800000190734863,13.40000057220459,0.44999998807907104,-62.32863747629422,5.8497358068621e-09
grid-r066-c049,66,49,10.0,13.40000057220459,0.44999998807907104,-44.28520020988867,3.728034982941608e-07
grid-r066-c050,66,50,10.200000762939453,13.40000057220459,0.44999998807907104,-44.35145817353303,3.6715900364470144e-07
grid-r066-c051,66,51,10.399999618530273,13.40000057220459,0.44999998807907104,-44.48808751631242,3.557879608706571e-07
grid-r066-c052,66,52,10.600000381469727,13.40000057220459,0.44999998807907104,-44.392076311769685,3.6374109413372935e-07
grid-r066-c053,66,53,10.800000190734863,13.40000057220459,0.44999998807907104,-58.86616371238975,1.2983256247878217e-08
grid-r066-c054,66,54,11.0,13.40000057220459,0.44999998807907104,-44.531425179702964,3.522552560752956e-07
grid-r066-c055,66,55,11.200000762939453,13.40000057220459,0.44999998807907104,-70.58208249775109,8.745643098606593e-10
grid-r066-c056,66,56,11.399999618530273,13.40000057220459,0.44999998807907104,-72.21373279349471,6.006572461636495e-10
grid-r066-c057,66,57,11.600000381469727,13.40000057220459,0.44999998807907104,-71.77406772168182,6.646503347695898e-10
grid-r067-c026,67,26,5.400000095367432,13.600000381469727,0.44999998807907104,-48.751823330032394,1.3329616876944783e-07
grid-r067-c027,67,27,5.599999904632568,13.600000381469727,0.44999998807907104,-48.57489326412944,1.3883874316888978e-07
grid-r067-c028,67,28,5.800000190734863,13.600000381469727,0.44999998807907104,-48.53658219903535,1.4006892001816595e-07
grid-r067-c029,67,29,6.0,13.600000381469727,0.44999998807907104,-48.456973496200234,1.426601414777906e-07
grid-r067-c030,67,30,6.199999809265137,13.600000381469727,0.44999998807907104,-45.49611500655631,2.820905251610384e-07
grid-r067-c031,67,31,6.400000095367432,13.600000381469727,0.44999998807907104,-68.64524634831724,1.3660775843860051e-09
grid-r067-c040,67,40,8.199999809265137,13.600000381469727,0.44999998807907104,-75.38367410128545,2.8948934915895563e-10
grid-r067-c041,67,41,8.399999618530273,13.600000381469727,0.44999998807907104,-55.13335303328492,3.066653420091825e-08
grid-r067-c042,67,42,8.600000381469727,13.600000381469727,0.44999998807907104,-43.93352029938061,4.0424808389616373e-07
grid-r067-c043,67,43,8.800000190734863,13.600000381469727,0.44999998807907104,-59.73423012176043,1.0631070246347463e-08
grid-r067-c044,67,44,9.0,13.600000381469727,0.44999998807907104,-48.29012971513747,1.4824738059360243e-07
grid-r067-c045,67,45,9.199999809265137,13.600000381469727,0.44999998807907104,-61.53802935524024,7.017736614045589e-09
grid-r067-c046,67,46,9.399999618530273,13.600000381469727,0.44999998807907104,-48.263219264587335,1.4916882662419084e-07
grid-r067-c047,67,47,9.600000381469727,13.600000381469727,0.44999998807907104,-48.21917740269727,1.506892459701703e-07
grid-r067-c048,67,48,9.800000190734863,13.600000381469727,0.44999998807907104,-58.117712779101495,1.542512606533819e-08
grid-r067-c049,67,49,10.0,13.600000381469727,0.44999998807907104,-44.19251909906873,3.80844852543305e-07
grid-r067-c050,67,50,10.200000762939453,13.600000381469727,0.44999998807907104,-44.33496060045445,3.685563854105567e-07
grid-r067-c051,67,51,10.399999618530273,13.600000381469727,0.44999998807907104,-44.30216291714123,3.713502394475654e-07
grid-r067-c052,67,52,10.600000381469727,13.600000381469727,0.44999998807907104,-44.36170882244973,3.662934204839985e-07
grid-r067-c053,67,53,10.800000190734863,13.600000381469727,0.44999998807907104,-58.551268970820814,1.3959604139301973e-08
grid-r067-c054,67,54,11.0,13.600000381469727,0.44999998807907104,-61.31225471866395,7.392213952073234e-09
grid-r067-c055,67,55,11.200000762939453,13.600000381469727,0.44999998807907104,-70.61989119620321,8.669835960262162e-10
grid-r067-c056,67,56,11.399999618530273,13.600000381469727,0.44999998807907104,-71.15849014820387,7.6586281760882e-10
grid-r067-c057,67,57,11.600000381469727,13.600000381469727,0.44999998807907104,-72.6024706972236,5.492283294827871e-10
grid-r068-c026,68,26,5.400000095367432,13.80000114440918,0.44999998807907104,-48.60786611437047,1.3778863205970993e-07
grid-r068-c027,68,27,5.599999904632568,13.80000114440918,0.44999998807907104,-48.52019263399457,1.405985159408374e-07
grid-r068-c028,68,28,5.800000190734863,13.80000114440918,0.44999998807907104,-48.43229555297728,1.4347308763262845e-07
grid-r068-c029,68,29,6.0,13.80000114440918,0.44999998807907104,-48.44155782041658,1.4316742635855917e-07
grid-r068-c030,68,30,6.199999809265137,13.80000114440918,0.44999998807907104,-63.26291836921838,4.717459312075789e-09
grid-r068-c040,68,40,8.199999809265137,13.80000114440918,0.44999998807907104,-44.01278637878559,3.969367980971583e-07
grid-r068-c041,68,41,8.399999618530273,13.80000114440918,0.44999998807907104,-53.69362471827171,4.272061815413508e-08
grid-r068-c042,68,42,8.600000381469727,13.80000114440918,0.44999998807907104,-44.055783739302825,3.930263119400479e-07
grid-r068-c043,68,43,8.800000190734863,13.80000114440918,0.44999998807907104,-62.34565590612796,5.826857663038254e-09
grid-r068-c044,68,44,9.0,13.80000114440918,0.44999998807907104,-48.0002649458485,1.5847965073589876e-07
grid-r068-c045,68,45,9.199999809265137,13.80000114440918,0.44999998807907104,-48.317717382549404,1.4730865416368033e-07
grid-r068-c046,68,46,9.399999618530273,13.80000114440918,0.44999998807907104,-60.003224005168846,9.992579208528696e-09
grid-r068-c047,68,47,9.600000381469727,13.80000114440918,0.44999998807907104,-44.021656411707795,3.9612692148693895e-07
grid-r068-c048,68,48,9.800000190734863,13.80000114440918,0.44999998807907104,-44.266678494519425,3.7439681932482927e-07
grid-r068-c049,68,49,10.0,13.80000114440918,0.44999998807907104,-55.0800851732008,3.104498702555247e-08
grid-r068-c050,68,50,10.200000762939453,13.80000114440918,0.44999998807907104,-44.22562790433061,3.7795248886141053e-07
grid-r068-c051,68,51,10.399999618530273,13.80000114440918,0.44999998807907104,-44.122521339026605,3.8703288396391144e-07
grid-r068-c052,68,52,10.600000381469727,13.80000114440918,0.44999998807907104,-44.346462962039126,3.6758154919880326e-07
grid-r068-c053,68,53,10.800000190734863,13.80000114440918,0.44999998807907104,-61.110007301609045,7.744604957338197e-09
grid-r068-c054,68,54,11.0,13.80000114440918,0.44999998807907104,-70.58725253351025,8.735238088419806e-10
grid-r068-c055,68,55,11.200000762939453,13.80000114440918,0.44999998807907104,-71.07469098794796,7.807839930151772e-10
grid-r068-c056,68,56,11.399999618530273,13.80000114440918,0.44999998807907104,-71.86600154259543,6.507285266188489e-10
grid-r068-c057,68,57,11.600000381469727,13.80000114440918,0.44999998807907104,-68.04850524174547,1.5672904085661798e-09
grid-r069-c026,69,26,5.400000095367432,14.0,0.44999998807907104,-62.687138418953595,5.386245671701317e-09
grid-r069-c027,69,27,5.599999904632568,14.0,0.44999998807907104,-48.358122748056346,1.4594449737614923e-07
grid-r069-c028,69,28,5.800000190734863,14.0,0.44999998807907104,-48.322019335514895,1.471628081617382e-07
grid-r069-c029,69,29,6.0,14.0,0.44999998807907104,-48.336582749644734,1.466701462504716e-07
grid-r069-c030,69,30,6.199999809265137,14.0,0.44999998807907104,-48.39712575000716,1.446396709070541e-07
grid-r069-c040,69,40,8.199999809265137,14.0,0.44999998807907104,-43.791558627440665,4.1768043956835754e-07
grid-r069-c041,69,41,8.399999618530273,14.0,0.44999998807907104,-59.14232286128238,1.2183377862129419e-08
grid-r069-c042,69,42,8.600000381469727,14.0,0.44999998807907104,-48.130235550039544,1.5380712170554034e-07
grid-r069-c043,69,43,8.800000190734863,14.0,0.44999998807907104,-61.01035714578693,7.924361611344466e-09
grid-r069-c044,69,44,9.0,14.0,0.44999998807907104,-48.07959890812509,1.5561093391625036e-07
grid-r069-c045,69,45,9.199999809265137,14.0,0.44999998807907104,-61.454645403698024,7.153778014412637e-09
grid-r069-c046,69,46,9.399999618530273,14.0,0.44999998807907104,-56.72282039883288,2.126757436826665e-08
grid-r069-c047,69,47,9.600000381469727,14.0,0.44999998807907104,-55.846296134104236,2.6023780463901858e-08
grid-r069-c048,69,48,9.800000190734863,14.0,0.44999998807907104,-57.801821542288124,1.6588909801384943e-08
grid-r069-c049,69,49,10.0,14.0,0.44999998807907104,-55.87375232233845,2.585977654234739e-08
grid-r069-c050,69,50,10.200000762939453,14.0,0.44999998807907104,-60.50872854112434,8.89461482245224e-09
grid-r069-c051,69,51,10.399999618530273,14.0,0.44999998807907104,-54.98358067199224,3.174255880367127e-08
grid-r069-c052,69,52,10.600000381469727,14.0,0.44999998807907104,-69.4114137946466,1.14514009386113e-09
grid-r069-c053,69,53,10.800000190734863,14.0,0.44999998807907104,-71.34503206976787,7.336632967813728e-10
grid-r069-c054,69,54,11.0,14.0,0.44999998807907104,-70.48589819369441,8.941495877046179e-10
grid-r069-c055,69,55,11.200000762939453,14.0,0.44999998807907104,-71.04974108234975,7.852824501775046e-10
grid-r069-c056,69,56,11.399999618530273,14.0,0.44999998807907104,-72.27052376285975,5.928538215904666e-10
grid-r069-c057,69,57,11.600000381469727,14.0,0.44999998807907104,-70.85741513925639,8.208399515652332e-10
grid-r070-c025,70,25,5.199999809265137,14.200000762939453,0.44999998807907104,-67.12107676335967,1.940404725786493e-09
grid-r070-c026,70,26,5.400000095367432,14.200000762939453,0.44999998807907104,-48.23733978325757,1.5006037301645847e-07
grid-r070-c027,70,27,5.599999904632568,14.200000762939453,0.44999998807907104,-48.09507721998513,1.5505732164911024e-07
grid-r070-c028,70,28,5.800000190734863,14.200000762939453,0.44999998807907104,-48.11191090847568,1.5445746726072684e-07
grid-r070-c029,70,29,6.0,14.200000762939453,0.44999998807907104,-48.079688146444255,1.5560773647393944e-07
grid-r070-c030,70,30,6.199999809265137,14.200000762939453,0.44999998807907104,-48.30889041752525,1.4760836108962394e-07
grid-r070-c039,70,39,8.0,14.200000762939453,0.44999998807907104,-59.0918266380049,1.2325862996931392e-08
grid-r070-c040,70,40,8.199999809265137,14.200000762939453,0.44999998807907104,-58.85369901087715,1.3020573064181917e-08
grid-r070-c041,70,41,8.399999618530273,14.200000762939453,0.44999998807907104,-59.92490510408281,1.0174415976393902e-08
grid-r070-c042,70,42,8.600000381469727,14.200000762939453,0.44999998807907104,-60.84722661413474,8.227678982564157e-09
grid-r070-c043,70,43,8.800000190734863,14.200000762939453,0.44999998807907104,-64.07434640695043,3.913500190577679e-09
grid-r070-c044,70,44,9.0,14.200000762939453,0.44999998807907104,-58.154354648435586,1.5295530175762906e-08
grid-r070-c045,70,45,9.199999809265137,14.200000762939453,0.44999998807907104,-42.584138673520286,5.515515795195824e-07
grid-r070-c046,70,46,9.399999618530273,14.200000762939453,0.44999998807907104,-57.298047707478915,1.8629243925261108e-08
grid-r070-c047,70,47,9.600000381469727,14.200000762939453,0.44999998807907104,-44.10408623484244,3.8867926832608646e-07
grid-r070-c048,70,48,9.800000190734863,14.200000762939453,0.44999998807907104,-43.862808764089735,4.1088389934884617e-07
grid-r070-c049,70,49,10.0,14.200000762939453,0.44999998807907104,-44.11881925775003,3.8736294527552673e-07
grid-r070-c050,70,50,10.200000762939453,14.200000762939453,0.44999998807907104,-55.81294402920088,2.6224402205343722e-08
grid-r070-c051,70,51,10.399999618530273,14.200000762939453,0.44999998807907104,-44.18405717472305,3.815876254975592e-07
grid-r070-c052,70,52,10.600000381469727,14.200000762939453,0.44999998807907104,-69.75465335358471,1.0581193699010782e-09
grid-r070-c053,70,53,10.800000190734863,14.200000762939453,0.44999998807907104,-70.07672607019623,9.824883129283535e-10
grid-r070-c054,70,54,11.0,14.200000762939453,0.44999998807907104,-70.32409312222526,9.28091270502307e-10
grid-r070-c055,70,55,11.200000762939453,14.200000762939453,0.44999998807907104,-71.54967021029158,6.998951418424326e-10
grid-r070-c056,70,56,11.399999618530273,14.200000762939453,0.44999998807907104,-70.97377686532427,7.991389772143975e-10
grid-r070-c057,70,57,11.600000381469727,14.200000762939453,0.44999998807907104,-72.4783585503262,5.651505374792976e-10
grid-r071-c025,71,25,5.199999809265137,14.40000057220459,0.44999998807907104,-63.71228421358636,4.253746244131662e-09
grid-r071-c026,71,26,5.400000095367432,14.40000057220459,0.44999998807907104,-60.72519275926879,8.462150091759213e-09
grid-r071-c027,71,27,5.599999904632568,14.40000057220459,0.44999998807907104,-48.10852824658694,1.545778189893099e-07
grid-r071-c028,71,28,5.800000190734863,14.40000057220459,0.44999998807907104,-48.06926008215393,1.5598182301346242e-07
grid-r071-c029,71,29,6.0,14.40000057220459,0.44999998807907104,-48.090192200215114,1.5523183094501292e-07
grid-r071-c030,71,30,6.199999809265137,14.40000057220459,0.44999998807907104,-48.1670917253615,1.5250736851157853e-07
grid-r071-c038,71,38,7.800000190734863,14.40000057220459,0.44999998807907104,-58.91602994123748,1.2835033480484981e-08
grid-r071-c039,71,39,8.0,14.40000057220459,0.44999998807907104,-58.758976703246304,1.3307679402885242e-08
grid-r071-c040,71,40,8.199999809265137,14.40000057220459,0.44999998807907104,-48.10300996862742,1.5477435511002113e-07
grid-r071-c041,71,41,8.399999618530273,14.40000057220459,0.44999998807907104,-58.7708073304873,1.3271477250498265e-08
grid-r071-c042,71,42,8.600000381469727,14.40000057220459,0.44999998807907104,-48.03880770769837,1.5707939837739104e-07
grid-r071-c043,71,43,8.800000190734863,14.40000057220459,0.44999998807907104,-47.93138544740863,1.610131903362344e-07
grid-r071-c044,71,44,9.0,14.40000057220459,0.44999998807907104,-57.34195790738664,1.844183827870438e-08
grid-r071-c045,71,45,9.199999809265137,14.40000057220459,0.44999998807907104,-43.84092021701583,4.1295999153589946e-07
grid-r071-c046,71,46,9.399999618530273,14.40000057220459,0.44999998807907104,-43.902391973474344,4.0715596583140723e-07
grid-r071-c047,71,47,9.600000381469727,14.40000057220459,0.44999998807907104,-57.07228893114413,1.96232576854527e-08
grid-r071-c048,71,48,9.800000190734863,14.40000057220459,0.44999998807907104,-43.85107167109319,4.1199584188689187e-07
grid-r071-c049,71,49,10.0,14.40000057220459,0.44999998807907104,-44.02062980467481,3.9622057101951214e-07
grid-r071-c050,71,50,10.200000762939453,14.40000057220459,0.44999998807907104,-43.99098926623503,3.9893402004054224e-07
grid-r071-c051,71,51,10.399999618530273,14.40000057220459,0.44999998807907104,-69.64293991736716,1.0856904264500145e-09
grid-r071-c052,71,52,10.600000381469727,14.40000057220459,0.44999998807907104,-69.0717548355139,1.2382961322998653e-09
grid-r071-c053,71,53,10.800000190734863,14.40000057220459,0.44999998807907104,-70.38491193562565,9.151848168187371e-10
grid-r071-c054,71,54,11.0,14.40000057220459,0.44999998807907104,-69.82139713614254,1.0419821672158491e-09
grid-r071-c055,71,55,11.200000762939453,14.40000057220459,0.44999998807907104,-71.14108568430935,7.689381908981829e-10
grid-r071-c056,71,56,11.399999618530273,14.40000057220459,0.44999998807907104,-71.48381228712822,7.105894761494369e-10
grid-r071-c057,71,57,11.600000381469727,14.40000057220459,0.44999998807907104,-71.85203137904247,6.528251272897023e-10
grid-r072-c024,72,24,5.0,14.600000381469727,0.44999998807907104,-66.31768877450855,2.3347002109375126e-09
grid-r072-c025,72,25,5.199999809265137,14.600000381469727,0.44999998807907104,-48.16672874094792,1.5252011564825807e-07
grid-r072-c026,72,26,5.400000095367432,14.600000381469727,0.44999998807907104,-48.12894127160999,1.5385296592285158e-07
grid-r072-c027,72,27,5.599999904632568,14.600000381469727,0.44999998807907104,-47.896427777997914,1.6231446409165073e-07
grid-r072-c028,72,28,5.800000190734863,14.600000381469727,0.44999998807907104,-47.92165048544176,1.6137451552822313e-07
grid-r072-c029,72,29,6.0,14.600000381469727,0.44999998807907104,-66.41799162582888,2.2813968492130243e-09
grid-r072-c037,72,37,7.599999904632568,14.600000381469727,0.44999998807907104,-70.99227249235149,7.957428604932204e-10
grid-r072-c038,72,38,7.800000190734863,14.600000381469727,0.44999998807907104,-43.39955065407643,4.571354850213538e-07
grid-r072-c039,72,39,8.0,14.600000381469727,0.44999998807907104,-62.01387280130808,6.289450737995139e-09
grid-r072-c040,72,40,8.199999809265137,14.600000381469727,0.44999998807907104,-47.75219786549886,1.677954628576117e-07
grid-r072-c041,72,41,8.399999618530273,14.600000381469727,0.44999998807907104,-47.67319961290724,1.7087559456285817e-07
grid-r072-c042,72,42,8.600000381469727,14.600000381469727,0.44999998807907104,-60.60509797422384,8.699418074797904e-09
grid-r072-c043,72,43,8.800000190734863,14.600000381469727,0.44999998807907104,-58.172876253273,1.5230437355739923e-08
grid-r072-c044,72,44,9.0,14.600000381469727,0.44999998807907104,-59.76239076043136,1.0562358987442622e-08
grid-r072-c045,72,45,9.199999809265137,14.600000381469727,0.44999998807907104,-59.65026338863103,1.083861178585721e-08
grid-r072-c046,72,46,9.399999618530273,14.600000381469727,0.44999998807907104,-53.832319435569275,4.1377862913805075e-08
grid-r072-c047,72,47,9.600000381469727,14.600000381469727,0.44999998807907104,-59.487106572499016,1.1253544762723777e-08
grid-r072-c048,72,48,9.800000190734863,14.600000381469727,0.44999998807907104,-55.26791367012595,2.9730939488104013e-08
grid-r072-c049,72,49,10.0,14.600000381469727,0.44999998807907104,-43.9179322024339,4.057016553815629e-07
grid-r072-c050,72,50,10.200000762939453,14.600000381469727,0.44999998807907104,-44.08455725206156,3.9043098354341055e-07
grid-r072-c051,72,51,10.399999618530273,14.600000381469727,0.44999998807907104,-68.76554182738239,1.3287577704801379e-09
grid-r072-c052,72,52,10.600000381469727,14.600000381469727,0.44999998807907104,-68.84021501266879,1.3061062231756182e-09
grid-r072-c053,72,53,10.800000190734863,14.600000381469727,0.44999998807907104,-70.41369559019095,9.091393193827457e-10
grid-r072-c054,72,54,11.0,14.600000381469727,0.44999998807907104,-69.60074568080422,1.0962899477107158e-09
grid-r072-c055,72,55,11.200000762939453,14.600000381469727,0.44999998807907104,-73.06133883427775,4.941583253703641e-10
grid-r072-c056,72,56,11.399999618530273,14.600000381469727,0.44999998807907104,-75.8077294880775,2.6255908558425745e-10
grid-r072-c057,72,57,11.600000381469727,14.600000381469727,0.44999998807907104,-79.13891919526016,1.2192929998988689e-10
grid-r073-c024,73,24,5.0,14.80000114440918,0.44999998807907104,-66.00726257630433,2.5076893894748764e-09
grid-r073-c025,73,25,5.199999809265137,14.80000114440918,0.44999998807907104,-47.94794234190255,1.604005177568979e-07
grid-r073-c026,73,26,5.400000095367432,14.80000114440918,0.44999998807907104,-47.98094700066446,1.5918615758891974e-07
grid-r073-c027,73,27,5.599999904632568,14.80000114440918,0.44999998807907104,-61.34702219956674,7.333271767606675e-09
grid-r073-c028,73,28,5.800000190734863,14.80000114440918,0.44999998807907104,-47.770647392497125,1.67084152735697e-07
grid-r073-c037,73,37,7.599999904632568,14.80000114440918,0.44999998807907104,-53.83329315092652,4.1368586778389727e-08
grid-r073-c038,73,38,7.800000190734863,14.80000114440918,0.44999998807907104,-61.903717801087794,6.45101749796595e-09
grid-r073-c039,73,39,8.0,14.80000114440918,0.44999998807907104,-63.210851989720354,4.774356021641779e-09
grid-r073-c040,73,40,8.199999809265137,14.80000114440918,0.44999998807907104,-63.235311110214894,4.747542803329452e-09
grid-r073-c041,73,41,8.399999618530273,14.80000114440918,0.44999998807907104,-58.57780997814592,1.3874553062009909e-08
grid-r073-c042,73,42,8.600000381469727,14.80000114440918,0.44999998807907104,-63.431324720203364,4.538031728174019e-09
grid-r073-c043,73,43,8.800000190734863,14.80000114440918,0.44999998807907104,-43.6653421399413,4.299973568322457e-07
grid-r073-c044,73,44,9.0,14.80000114440918,0.44999998807907104,-56.53664052464262,2.219912964562809e-08
grid-r073-c045,73,45,9.199999809265137,14.80000114440918,0.44999998807907104,-43.7216670760229,4.244566014222073e-07
grid-r073-c046,73,46,9.399999618530273,14.80000114440918,0.44999998807907104,-43.78244571485007,4.185577893167647e-07
grid-r073-c047,73,47,9.600000381469727,14.80000114440918,0.44999998807907104,-56.55311284880099,2.2115090203556065e-08
grid-r073-c048,73,48,9.800000190734863,14.80000114440918,0.44999998807907104,-43.641646586693064,4.323498785652191e-07
grid-r073-c049,73,49,10.0,14.80000114440918,0.44999998807907104,-59.50706110555899,1.1201956695572335e-08
grid-r073-c050,73,50,10.200000762939453,14.80000114440918,0.44999998807907104,-67.98816712285947,1.5892173133025267e-09
grid-r073-c051,73,51,10.399999618530273,14.80000114440918,0.44999998807907104,-68.40041566396062,1.4453014340887194e-09
grid-r073-c052,73,52,10.600000381469727,14.80000114440918,0.44999998807907104,-69.01957187755316,1.253264714229374e-09
grid-r073-c053,73,53,10.800000190734863,14.80000114440918,0.44999998807907104,-70.44851878105398,9.018786828463021e-10
grid-r073-c054,73,54,11.0,14.80000114440918,0.44999998807907104,-78.01439389236144,1.579649050453824e-10
grid-r074-c024,74,24,5.0,15.0,0.44999998807907104,-47.89678863201439,1.62300977990526e-07
grid-r074-c025,74,25,5.199999809265137,15.0,0.44999998807907104,-47.93391330449914,1.6091949817109708e-07
grid-r074-c026,74,26,5.400000095367432,15.0,0.44999998807907104,-47.75979685711225,1.675021223945805e-07
grid-r074-c027,74,27,5.599999904632568,15.0,0.44999998807907104,-47.79365908912294,1.6620117548882263e-07
grid-r074-c028,74,28,5.800000190734863,15.0,0.44999998807907104,-62.844380615771854,5.194717545009553e-09
grid-r074-c036,74,36,7.400000095367432,15.0,0.44999998807907104,-43.217611188497614,4.766931169797317e-07
grid-r074-c037,74,37,7.599999904632568,15.0,0.44999998807907104,-61.45070780147668,7.160267045946966e-09
grid-r074-c038,74,38,7.800000190734863,15.0,0.44999998807907104,-47.70962859430891,1.69448270526118e-07
grid-r074-c039,74,39,8.0,15.0,0.44999998807907104,-60.01776256871139,9.959183699947971e-09
grid-r074-c040,74,40,8.199999809265137,15.0,0.44999998807907104,-47.75673865407518,1.6762011512128083e-07
grid-r074-c041,74,41,8.399999618530273,15.0,0.44999998807907104,-47.64081583710488,1.721545146438075e-07
grid-r074-c042,74,42,8.600000381469727,15.0,0.44999998807907104,-59.17510304578781,1.209176492267261e-08
grid-r074-c043,74,43,8.800000190734863,15.0,0.44999998807907104,-43.453593322787974,4.514822364853899e-07
grid-r074-c044,74,44,9.0,15.0,0.44999998807907104,-56.18168720294517,2.40896937953039e-08
grid-r074-c045,74,45,9.199999809265137,15.0,0.44999998807907104,-43.73258916842235,4.2339047467976343e-07
grid-r074-c046,74,46,9.399999618530273,15.0,0.44999998807907104,-43.47189145927858,4.4958400735595205e-07
grid-r074-c047,74,47,9.600000381469727,15.0,0.44999998807907104,-43.7467289579275,4.220142386657244e-07
grid-r074-c048,74,48,9.800000190734863,15.0,0.44999998807907104,-59.17164164746379,1.2101406099418455e-08
grid-r074-c049,74,49,10.0,15.0,0.44999998807907104,-44.0355930221195,3.948577784740337e-07
grid-r074-c050,74,50,10.200000762939453,15.0,0.44999998807907104,-44.08673036367878,3.902356695562048e-07
grid-r074-c051,74,51,10.399999618530273,15.0,0.44999998807907104,-68.26580378166646,1.4908008161285125e-09
grid-r074-c052,74,52,10.600000381469727,15.0,0.44999998807907104,-69.68890813538324,1.0742594591661714e-09
grid-r074-c053,74,53,10.800000190734863,15.0,0.44999998807907104,-84.65648338026041,3.42256466223656e-11
grid-r075-c023,75,23,4.800000190734863,15.200000762939453,0.44999998807907104,-65.5431886335596,2.7904942800915933e-09
grid-r075-c024,75,24,5.0,15.200000762939453,0.44999998807907104,-47.74389806233417,1.6811644343306398e-07
grid-r075-c025,75,25,5.199999809265137,15.200000762939453,0.44999998807907104,-47.712165784279364,1.6934930613388133e-07
grid-r075-c026,75,26,5.400000095367432,15.200000762939453,0.44999998807907104,-47.674587851989344,1.7082098224818765e-07
grid-r075-c027,75,27,5.599999904632568,15.200000762939453,0.44999998807907104,-47.570169792091846,1.7497782778264082e-07
grid-r075-c035,75,35,7.199999809265137,15.200000762939453,0.44999998807907104,-57.84120488168401,1.6439155814396145e-08
grid-r075-c036,75,36,7.400000095367432,15.200000762939453,0.44999998807907104,-65.02478395277605,3.144282834099954e-09
grid-r075-c037,75,37,7.599999904632568,15.200000762939453,0.44999998807907104,-57.82798513522826,1.6489272169906144e-08
grid-r075-c038,75,38,7.800000190734863,15.200000762939453,0.44999998807907104,-62.82264512375008,5.220781140735653e-09
grid-r075-c039,75,39,8.0,15.200000762939453,0.44999998807907104,-62.84655495953031,5.192117402685881e-09
grid-r075-c040,75,40,8.199999809265137,15.200000762939453,0.44999998807907104,-59.92043797367873,1.0184886711783747e-08
grid-r075-c041,75,41,8.399999618530273,15.200000762939453,0.44999998807907104,-57.4884133035587,1.7830300791388254e-08
grid-r075-c042,75,42,8.600000381469727,15.200000762939453,0.44999998807907104,-56.01555619679935,2.5029050831903987e-08
grid-r075-c043,75,43,8.800000190734863,15.200000762939453,0.44999998807907104,-55.95218643197215,2.5396937886057458e-08
grid-r075-c044,75,44,9.0,15.200000762939453,0.44999998807907104,-58.58014063262611,1.3867109238674402e-08
grid-r075-c045,75,45,9.199999809265137,15.200000762939453,0.44999998807907104,-55.88964390271455,2.57653240964828e-08
grid-r075-c046,75,46,9.399999618530273,15.200000762939453,0.44999998807907104,-54.37148603411144,3.6546971671214123e-08
grid-r075-c047,75,47,9.600000381469727,15.200000762939453,0.44999998807907104,-43.75505029890025,4.2120640841858403e-07
grid-r075-c048,75,48,9.800000190734863,15.200000762939453,0.44999998807907104,-59.378958477030906,1.1537299116071154e-08
grid-r075-c049,75,49,10.0,15.200000762939453,0.44999998807907104,-68.80806701962132,1.3158103495669593e-09
grid-r075-c050,75,50,10.200000762939453,15.200000762939453,0.44999998807907104,-67.93098595548304,1.6102800204365053e-09
grid-r075-c051,75,51,10.399999618530273,15.200000762939453,0.44999998807907104,-72.0740453043882,6.20290985242633e-10
grid-r076-c023,76,23,4.800000190734863,15.40000057220459,0.44999998807907104,-47.761756741800724,1.6742654906920507e-07
grid-r076-c024,76,24,5.0,15.40000057220459,0.44999998807907104,-60.43717749332366,9.042369519818294e-09
grid-r076-c025,76,25,5.199999809265137,15.40000057220459,0.44999998807907104,-47.556191720377655,1.7554191344970604e-07
grid-r076-c026,76,26,5.400000095367432,15.40000057220459,0.44999998807907104,-47.52385702232698,1.7685376008103049e-07
grid-r076-c027,76,27,5.599999904632568,15.40000057220459,0.44999998807907104,-60.43504979822926,9.046800641954178e-09
grid-r076-c034,76,34,7.0,15.40000057220459,0.44999998807907104,-54.66725126333321,3.4140892779532805e-08
grid-r076-c035,76,35,7.199999809265137,15.40000057220459,0.44999998807907104,-57.61656392585893,1.7311855060597736e-08
grid-r076-c036,76,36,7.400000095367432,15.40000057220459,0.44999998807907104,-47.59311218859881,1.740559127938468e-07
grid-r076-c037,76,37,7.599999904632568,15.40000057220459,0.44999998807907104,-59.5354628598553,1.1128937771331948e-08
grid-r076-c038,76,38,7.800000190734863,15.40000057220459,0.44999998807907104,-47.47219284138491,1.7897019688462024e-07
grid-r076-c039,76,39,8.0,15.40000057220459,0.44999998807907104,-47.61352403542213,1.7323976919669803e-07
grid-r076-c040,76,40,8.199999809265137,15.40000057220459,0.44999998807907104,-54.91476022127284,3.224957367820025e-08
grid-r076-c041,76,41,8.399999618530273,15.40000057220459,0.44999998807907104,-43.5165110041963,4.4498861484498775e-07
grid-r076-c042,76,42,8.600000381469727,15.40000057220459,0.44999998807907104,-58.72662896887955,1.3407169596746371e-08
grid-r076-c043,76,43,8.800000190734863,15.40000057220459,0.44999998807907104,-43.3258511477089,4.6495924266309885e-07
grid-r076-c044,76,44,9.0,15.40000057220459,0.44999998807907104,-43.50026023500959,4.466568270800053e-07
grid-r076-c045,76,45,9.199999809265137,15.40000057220459,0.44999998807907104,-58.58848489573052,1.3840491419614409e-08
grid-r076-c046,76,46,9.399999618530273,15.40000057220459,0.44999998807907104,-43.46520908007711,4.5027630335425783e-07
grid-r076-c047,76,47,9.600000381469727,15.40000057220459,0.44999998807907104,-68.58002331917339,1.386748382792291e-09
grid-r076-c048,76,48,9.800000190734863,15.40000057220459,0.44999998807907104,-68.83157600976091,1.3087069206108026e-09
grid-r076-c049,76,49,10.0,15.40000057220459,0.44999998807907104,-67.58680491488475,1.7430887844227527e-09
grid-r076-c050,76,50,10.200000762939453,15.40000057220459,0.44999998807907104,-72.95808636750792,5.060475927187724e-10
grid-r077-c022,77,22,4.599999904632568,15.600000381469727,0.44999998807907104,-64.79347801317225,3.316287688903685e-09
grid-r077-c023,77,23,4.800000190734863,15.600000381469727,0.44999998807907104,-47.61041115540729,1.7336398627776362e-07
grid-r077-c024,77,24,5.0,15.600000381469727,0.44999998807907104,-47.574444660841266,1.7480567748862086e-07
grid-r077-c025,77,25,5.199999809265137,15.600000381469727,0.44999998807907104,-60.15911566454153,9.640253040288371e-09
grid-r077-c026,77,26,5.400000095367432,15.600000381469727,0.44999998807907104,-60.12422045276054,9.718023719074154e-09
grid-r077-c027,77,27,5.599999904632568,15.600000381469727,0.44999998807907104,-47.52523358486229,1.7679771247003373e-07
grid-r077-c033,77,33,6.800000190734863,15.600000381469727,0.44999998807907104,-43.22645618638248,4.757232545671286e-07
grid-r077-c034,77,34,7.0,15.600000381469727,0.44999998807907104,-63.71671257600457,4.249411045265106e-09
grid-r077-c035,77,35,7.199999809265137,15.600000381469727,0.44999998807907104,-62.2472454896328,5.960400617510686e-09
grid-r077-c036,77,36,7.400000095367432,15.600000381469727,0.44999998807907104,-47.31545676468231,1.8554716518792702e-07
grid-r077-c037,77,37,7.599999904632568,15.600000381469727,0.44999998807907104,-47.33000468449191,1.8492666242764244e-07
grid-r077-c038,77,38,7.800000190734863,15.600000381469727,0.44999998807907104,-62.460752221265636,5.674463121607687e-09
grid-r077-c039,77,39,8.0,15.600000381469727,0.44999998807907104,-42.027175233257694,6.270215635595378e-07
grid-r077-c040,77,40,8.199999809265137,15.600000381469727,0.44999998807907104,-55.51863829396294,2.8063134038802673e-08
grid-r077-c041,77,41,8.399999618530273,15.600000381469727,0.44999998807907104,-43.283114232642134,4.695572783930402e-07
grid-r077-c042,77,42,8.600000381469727,15.600000381469727,0.44999998807907104,-43.33662676193221,4.6380702656279027e-07
grid-r077-c043,77,43,8.800000190734863,15.600000381469727,0.44999998807907104,-58.296162393026535,1.4804159675918527e-08
grid-r077-c044,77,44,9.0,15.600000381469727,0.44999998807907104,-43.28635508802605,4.692070092460199e-07
grid-r077-c045,77,45,9.199999809265137,15.600000381469727,0.44999998807907104,-43.46588486130976,4.502062438405119e-07
grid-r077-c046,77,46,9.399999618530273,15.600000381469727,0.44999998807907104,-58.80238961434897,1.3175315949354172e-08
grid-r077-c047,77,47,9.600000381469727,15.600000381469727,0.44999998807907104,-68.21409845962214,1.5086557558774416e-09
grid-r077-c048,77,48,9.800000190734863,15.600000381469727,0.44999998807907104,-68.1914981706445,1.5165271260997315e-09
grid-r077-c049,77,49,10.0,15.600000381469727,0.44999998807907104,-74.20232545611597,3.79985876097777e-10
grid-r078-c022,78,22,4.599999904632568,15.80000114440918,0.44999998807907104,-64.50148079128806,3.5469243098162906e-09
grid-r078-c023,78,23,4.800000190734863,15.80000114440918,0.44999998807907104,-47.37049229249679,1.8321067329907237e-07
grid-r078-c024,78,24,5.0,15.80000114440918,0.44999998807907104,-47.50471802666149,1.7763485971045156e-07
grid-r078-c025,78,25,5.199999809265137,15.80000114440918,0.44999998807907104,-47.30538470280459,1.8597798145947309e-07
grid-r078-c026,78,26,5.400000095367432,15.80000114440918,0.44999998807907104,-61.61518031923163,6.8941696795832286e-09
grid-r078-c027,78,27,5.599999904632568,15.80000114440918,0.44999998807907104,-64.70700383517175,3.3829814505281774e-09
grid-r078-c032,78,32,6.599999904632568,15.80000114440918,0.44999998807907104,-61.53605957600176,7.020920289591004e-09
grid-r078-c033,78,33,6.800000190734863,15.80000114440918,0.44999998807907104,-60.33889591343596,9.249332855176817e-09
grid-r078-c034,78,34,7.0,15.80000114440918,0.44999998807907104,-61.624726415756925,6.879032454776279e-09
grid-r078-c035,78,35,7.199999809265137,15.80000114440918,0.44999998807907104,-62.12778104197797,6.126633422809391e-09
grid-r078-c036,78,36,7.400000095367432,15.80000114440918,0.44999998807907104,-59.15226103496087,1.2155529915958141e-08
grid-r078-c037,78,37,7.599999904632568,15.80000114440918,0.44999998807907104,-59.246552505739345,1.1894460527628326e-08
grid-r078-c038,78,38,7.800000190734863,15.80000114440918,0.44999998807907104,-62.34049513622834,5.833785898801125e-09
grid-r078-c039,78,39,8.0,15.80000114440918,0.44999998807907104,-58.24322714452089,1.498570867397575e-08
grid-r078-c040,78,40,8.199999809265137,15.80000114440918,0.44999998807907104,-53.42351102318224,4.546203768995838e-08
grid-r078-c041,78,41,8.399999618530273,15.80000114440918,0.44999998807907104,-57.8768605705841,1.6304742445072407e-08
grid-r078-c042,78,42,8.600000381469727,15.80000114440918,0.44999998807907104,-58.306148201597495,1.4770159317833986e-08
grid-r078-c043,78,43,8.800000190734863,15.80000114440918,0.44999998807907104,-55.50211323305223,2.8170118682169232e-08
grid-r078-c044,78,44,9.0,15.80000114440918,0.44999998807907104,-53.944350149608425,4.0324128036672846e-08
grid-r078-c045,78,45,9.199999809265137,15.80000114440918,0.44999998807907104,-58.469863994018894,1.4223733302287656e-08
grid-r078-c046,78,46,9.399999618530273,15.80000114440918,0.44999998807907104,-58.474710662600856,1.4207868659354972e-08
grid-r078-c047,78,47,9.600000381469727,15.80000114440918,0.44999998807907104,-68.18895317566046,1.5174160816755489e-09
grid-r078-c048,78,48,9.800000190734863,15.80000114440918,0.44999998807907104,-72.59637274572071,5.50000045507204e-10
grid-r079-c022,79,22,4.599999904632568,16.0,0.44999998807907104,-47.3792288662287,1.828424842642562e-07
grid-r079-c023,79,23,4.800000190734863,16.0,0.44999998807907104,-61.288032272459105,7.433558657510275e-09
grid-r079-c024,79,24,5.0,16.0,0.44999998807907104,-47.17982350115793,1.9143337226523727e-07
grid-r079-c025,79,25,5.199999809265137,16.0,0.44999998807907104,-61.31283761633169,7.391221856778429e-09
grid-r079-c026,79,26,5.400000095367432,16.0,0.44999998807907104,-47.3170912411515,1.8547734725871123e-07
grid-r079-c031,79,31,6.400000095367432,16.0,0.44999998807907104,-42.945958366554144,5.074627438261814e-07
grid-r079-c032,79,32,6.599999904632568,16.0,0.44999998807907104,-60.732973922534384,8.447002208811227e-09
grid-r079-c033,79,33,6.800000190734863,16.0,0.44999998807907104,-47.27298744135898,1.8737051732387044e-07
grid-r079-c034,79,34,7.0,16.0,0.44999998807907104,-61.86636781451058,6.506736482947417e-09
grid-r079-c035,79,35,7.199999809265137,16.0,0.44999998807907104,-47.16355185001393,1.9215195834476617e-07
grid-r079-c036,79,36,7.400000095367432,16.0,0.44999998807907104,-59.03273690430464,1.2494713708122163e-08
grid-r079-c037,79,37,7.599999904632568,16.0,0.44999998807907104,-47.32100710434199,1.853101849746963e-07
grid-r079-c038,79,38,7.800000190734863,16.0,0.44999998807907104,-58.0859740448096,1.553826756151011e-08
grid-r079-c039,79,39,8.0,16.0,0.44999998807907104,-43.23497657405494,4.7479085196755477e-07
grid-r079-c040,79,40,8.199999809265137,16.0,0.44999998807907104,-53.42527687500997,4.544355647340126e-08
grid-r079-c041,79,41,8.399999618530273,16.0,0.44999998807907104,-43.157092741756145,4.83382279981015e-07
grid-r079-c042,79,42,8.600000381469727,16.0,0.44999998807907104,-43.34170806518603,4.632646835034393e-07
grid-r079-c043,79,43,8.800000190734863,16.0,0.44999998807907104,-57.93635245341886,1.6082914555681782e-08
grid-r079-c044,79,44,9.0,16.0,0.44999998807907104,-43.17710906408276,4.811595317733008e-07
grid-r079-c045,79,45,9.199999809265137,16.0,0.44999998807907104,-69.43700988952432,1.138410810064272e-09
grid-r079-c046,79,46,9.399999618530273,16.0,0.44999998807907104,-68.62835153738615,1.3714022140121074e-09
grid-r079-c047,79,47,9.600000381469727,16.0,0.44999998807907104,-70.72335426945801,8.465733114526586e-10
grid-r080-c021,80,21,4.400000095367432,16.200000762939453,0.44999998807907104,-64.06501010000873,3.921922342442485e-09
grid-r080-c022,80,22,4.599999904632568,16.200000762939453,0.44999998807907104,-47.50369459727402,1.7767672488844255e-07
grid-r080-c023,80,23,4.800000190734863,16.200000762939453,0.44999998807907104,-47.37616135846393,1.829716751444721e-07
grid-r080-c024,80,24,5.0,16.200000762939453,0.44999998807907104,-64.09599024399412,3.8940450863833576e-09
grid-r080-c025,80,25,5.199999809265137,16.200000762939453,0.44999998807907104,-61.09730831666354,7.76728370510682e-09
grid-r080-c026,80,26,5.400000095367432,16.200000762939453,0.44999998807907104,-63.97049895170571,4.008206655470303e-09
grid-r080-c030,80,30,6.199999809265137,16.200000762939453,0.44999998807907104,-61.53762345653294,7.018392533808537e-09
grid-r080-c031,80,31,6.400000095367432,16.200000762939453,0.44999998807907104,-60.79297639321322,8.33110025411088e-09
grid-r080-c032,80,32,6.599999904632568,16.200000762939453,0.44999998807907104,-58.081347718351765,1.555482853632384e-08
grid-r080-c033,80,33,6.800000190734863,16.200000762939453,0.44999998807907104,-61.7246495017273,6.722565615291387e-09
grid-r080-c034,80,34,7.0,16.200000762939453,0.44999998807907104,-61.747501709359014,6.687284948014849e-09
grid-r080-c035,80,35,7.199999809265137,16.200000762939453,0.44999998807907104,-58.77139592975621,1.3269678689198372e-08
grid-r080-c036,80,36,7.400000095367432,16.200000762939453,0.44999998807907104,-58.91337376982965,1.284288586589355e-08
grid-r080-c037,80,37,7.599999904632568,16.200000762939453,0.44999998807907104,-57.83256178273908,1.6471904729087328e-08
grid-r080-c038,80,38,7.800000190734863,16.200000762939453,0.44999998807907104,-54.83996073231219,3.280982596720605e-08
grid-r080-c039,80,39,8.0,16.200000762939453,0.44999998807907104,-54.77668174684274,3.3291382095512745e-08
grid-r080-c040,80,40,8.199999809265137,16.200000762939453,0.44999998807907104,-54.74965635220612,3.34991945294405e-08
grid-r080-c041,80,41,8.399999618530273,16.200000762939453,0.44999998807907104,-58.09530967381315,1.5504902250995656e-08
grid-r080-c042,80,42,8.600000381469727,16.200000762939453,0.44999998807907104,-55.23342039280905,2.996801384824721e-08
grid-r080-c043,80,43,8.800000190734863,16.200000762939453,0.44999998807907104,-55.19129995108155,3.026007533435404e-08
grid-r080-c044,80,44,9.0,16.200000762939453,0.44999998807907104,-58.11858159760234,1.5422040533508152e-08
grid-r080-c045,80,45,9.199999809265137,16.200000762939453,0.44999998807907104,-68.05493509405979,1.5649717077792502e-09
grid-r080-c046,80,46,9.399999618530273,16.200000762939453,0.44999998807907104,-71.96350950248232,6.362811388882506e-10
