grid_id,row,column,x,y,z,sionna_rssi_dbm,path_gain_linear
grid-r000-c000,0,0,0.19999980926513672,0.20000028610229492,0.44999998807907104,-38.447464215168594,1.4297285133579862e-06
grid-r000-c001,0,1,0.40000009536743164,0.20000028610229492,0.44999998807907104,-37.80717663849538,1.6568467344768578e-06
grid-r000-c002,0,2,0.5999999046325684,0.20000028610229492,0.44999998807907104,-37.42312542622376,1.81003701982263e-06
grid-r000-c003,0,3,0.7999997138977051,0.20000028610229492,0.44999998807907104,-37.011689341940055,1.9898991467925953e-06
grid-r000-c004,0,4,1.0,0.20000028610229492,0.44999998807907104,-36.57682826446316,2.1994655980961397e-06
grid-r000-c005,0,5,1.1999998092651367,0.20000028610229492,0.44999998807907104,-36.29268525114276,2.348180487388163e-06
grid-r000-c006,0,6,1.4000000953674316,0.20000028610229492,0.44999998807907104,-35.75967665740756,2.6548032110440545e-06
grid-r000-c007,0,7,1.5999999046325684,0.20000028610229492,0.44999998807907104,-34.894598569564046,3.239963689338765e-06
grid-r000-c008,0,8,1.799999713897705,0.20000028610229492,0.44999998807907104,-34.04499198079744,3.9400415516865905e-06
grid-r000-c009,0,9,2.0,0.20000028610229492,0.44999998807907104,-32.66849713052711,5.409414825408021e-06
grid-r000-c010,0,10,2.200000047683716,0.20000028610229492,0.44999998807907104,-31.07481027321328,7.807625479472335e-06
grid-r000-c011,0,11,2.3999998569488525,0.20000028610229492,0.44999998807907104,-29.45786222656868,1.1329579137964174e-05
grid-r000-c012,0,12,2.5999999046325684,0.20000028610229492,0.44999998807907104,-28.080944705598597,1.55562720465241e-05
grid-r000-c013,0,13,2.799999952316284,0.20000028610229492,0.44999998807907104,-27.105023121521718,1.947590681083966e-05
grid-r000-c014,0,14,3.0,0.20000028610229492,0.44999998807907104,-26.608897940900313,2.1832838683621958e-05
grid-r000-c015,0,15,3.200000047683716,0.20000028610229492,0.44999998807907104,-26.476477862797132,2.2508793335873634e-05
grid-r000-c016,0,16,3.3999998569488525,0.20000028610229492,0.44999998807907104,-26.508964946409073,2.2341046133078635e-05
grid-r000-c017,0,17,3.5999999046325684,0.20000028610229492,0.44999998807907104,-26.857163533428647,2.061976192635484e-05
grid-r000-c018,0,18,3.799999952316284,0.20000028610229492,0.44999998807907104,-27.883231162576266,1.6280842828564346e-05
grid-r000-c019,0,19,4.0,0.20000028610229492,0.44999998807907104,-29.364598942566204,1.157550923380768e-05
grid-r000-c020,0,20,4.199999809265137,0.20000028610229492,0.44999998807907104,-31.08340289562463,7.792193173372652e-06
grid-r000-c021,0,21,4.400000095367432,0.20000028610229492,0.44999998807907104,-32.8775906646129,5.15514557264396e-06
grid-r000-c022,0,22,4.599999904632568,0.20000028610229492,0.44999998807907104,-34.96889110426403,3.185010655215592e-06
grid-r000-c023,0,23,4.800000190734863,0.20000028610229492,0.44999998807907104,-36.840403536159066,2.069949005090166e-06
grid-r000-c024,0,24,5.0,0.20000028610229492,0.44999998807907104,-38.28152178742684,1.485415054958139e-06
grid-r000-c025,0,25,5.199999809265137,0.20000028610229492,0.44999998807907104,-38.22484562209893,1.5049270132294623e-06
grid-r000-c026,0,26,5.400000095367432,0.20000028610229492,0.44999998807907104,-37.68785770011662,1.7029983609972987e-06
grid-r000-c027,0,27,5.599999904632568,0.20000028610229492,0.44999998807907104,-37.144561354653874,1.929940253830864e-06
grid-r000-c028,0,28,5.800000190734863,0.20000028610229492,0.44999998807907104,-37.02276468393099,1.9848309875669656e-06
grid-r000-c029,0,29,6.0,0.20000028610229492,0.44999998807907104,-37.01220199007449,1.9896642697858624e-06
grid-r000-c030,0,30,6.199999809265137,0.20000028610229492,0.44999998807907104,-37.00369034613487,1.9935675936721964e-06
grid-r000-c031,0,31,6.400000095367432,0.20000028610229492,0.44999998807907104,-37.01677284047764,1.9875712951034075e-06
grid-r000-c032,0,32,6.599999904632568,0.20000028610229492,0.44999998807907104,-36.78424057046734,2.0968914213881362e-06
grid-r000-c033,0,33,6.800000190734863,0.20000028610229492,0.44999998807907104,-36.597245031114625,2.1891498818149557e-06
grid-r000-c034,0,34,7.0,0.20000028610229492,0.44999998807907104,-36.76955149646577,2.10399571187736e-06
grid-r000-c035,0,35,7.199999809265137,0.20000028610229492,0.44999998807907104,-37.07239913657875,1.962275973710348e-06
grid-r000-c036,0,36,7.400000095367432,0.20000028610229492,0.44999998807907104,-37.404839936956755,1.8176740468334174e-06
grid-r000-c037,0,37,7.599999904632568,0.20000028610229492,0.44999998807907104,-37.784463785437225,1.6655344552418683e-06
grid-r000-c038,0,38,7.800000190734863,0.20000028610229492,0.44999998807907104,-38.16958236564285,1.5241993196468684e-06
grid-r000-c039,0,39,8.0,0.20000028610229492,0.44999998807907104,-38.55866263881386,1.3935858760305564e-06
grid-r000-c040,0,40,8.199999809265137,0.20000028610229492,0.44999998807907104,-38.98176590451104,1.2642221918213181e-06
grid-r000-c041,0,41,8.399999618530273,0.20000028610229492,0.44999998807907104,-39.56207727598668,1.1060946008001338e-06
grid-r000-c042,0,42,8.600000381469727,0.20000028610229492,0.44999998807907104,-39.628812851562586,1.0892277941820794e-06
grid-r000-c043,0,43,8.800000190734863,0.20000028610229492,0.44999998807907104,-39.4588102679976,1.1327106221870054e-06
grid-r000-c044,0,44,9.0,0.20000028610229492,0.44999998807907104,-39.3036770284172,1.1739032288460294e-06
grid-r000-c045,0,45,9.199999809265137,0.20000028610229492,0.44999998807907104,-39.2124034654417,1.1988356618530815e-06
grid-r000-c046,0,46,9.399999618530273,0.20000028610229492,0.44999998807907104,-39.126727360625,1.2227206980242045e-06
grid-r000-c047,0,47,9.600000381469727,0.20000028610229492,0.44999998807907104,-39.048233442229346,1.245020939677488e-06
grid-r000-c048,0,48,9.800000190734863,0.20000028610229492,0.44999998807907104,-38.99127788298359,1.261456304746389e-06
grid-r000-c049,0,49,10.0,0.20000028610229492,0.44999998807907104,-38.89239199931362,1.2905082940051216e-06
grid-r000-c050,0,50,10.200000762939453,0.20000028610229492,0.44999998807907104,-38.82004378831819,1.312186668656068e-06
grid-r000-c051,0,51,10.399999618530273,0.20000028610229492,0.44999998807907104,-39.05770270175707,1.242309281224152e-06
grid-r000-c052,0,52,10.600000381469727,0.20000028610229492,0.44999998807907104,-39.283729592364125,1.1793074463639641e-06
grid-r000-c053,0,53,10.800000190734863,0.20000028610229492,0.44999998807907104,-39.37358106498561,1.1551593388503534e-06
grid-r000-c054,0,54,11.0,0.20000028610229492,0.44999998807907104,-39.32900695089394,1.167076447927684e-06
grid-r000-c055,0,55,11.200000762939453,0.20000028610229492,0.44999998807907104,-39.23324999332556,1.1930949312954908e-06
grid-r000-c056,0,56,11.399999618530273,0.20000028610229492,0.44999998807907104,-39.08393449563641,1.2348282325547189e-06
grid-r000-c057,0,57,11.600000381469727,0.20000028610229492,0.44999998807907104,-38.93411697473313,1.2781690656993305e-06
grid-r001-c000,1,0,0.19999980926513672,0.40000057220458984,0.44999998807907104,-36.66012002728579,2.157684775738744e-06
grid-r001-c001,1,1,0.40000009536743164,0.40000057220458984,0.44999998807907104,-36.71575061877512,2.130222355845035e-06
grid-r001-c002,1,2,0.5999999046325684,0.40000057220458984,0.44999998807907104,-36.81970503536746,2.079837940982543e-06
grid-r001-c003,1,3,0.7999997138977051,0.40000057220458984,0.44999998807907104,-36.868016981741,2.0568295440170914e-06
grid-r001-c004,1,4,1.0,0.40000057220458984,0.44999998807907104,-36.863205746160084,2.0591094198607607e-06
grid-r001-c005,1,5,1.1999998092651367,0.40000057220458984,0.44999998807907104,-36.881459750347894,2.050472858172725e-06
grid-r001-c006,1,6,1.4000000953674316,0.40000057220458984,0.44999998807907104,-37.09829882968475,1.950608520928654e-06
grid-r001-c007,1,7,1.5999999046325684,0.40000057220458984,0.44999998807907104,-36.3638008794925,2.3100421913113678e-06
grid-r001-c008,1,8,1.799999713897705,0.40000057220458984,0.44999998807907104,-34.57796115090274,3.485008846837445e-06
grid-r001-c009,1,9,2.0,0.40000057220458984,0.44999998807907104,-32.890519251618315,5.139821951161139e-06
grid-r001-c010,1,10,2.200000047683716,0.40000057220458984,0.44999998807907104,-31.113269683157824,7.73878946347395e-06
grid-r001-c011,1,11,2.3999998569488525,0.40000057220458984,0.44999998807907104,-29.37691526305411,1.1542728316271678e-05
grid-r001-c012,1,12,2.5999999046325684,0.40000057220458984,0.44999998807907104,-27.868337707528227,1.633677129575517e-05
grid-r001-c013,1,13,2.799999952316284,0.40000057220458984,0.44999998807907104,-26.75671446672382,2.110223977069836e-05
grid-r001-c014,1,14,3.0,0.40000057220458984,0.44999998807907104,-26.143219607204927,2.430401582387276e-05
grid-r001-c015,1,15,3.200000047683716,0.40000057220458984,0.44999998807907104,3.3825417964723528,0.021789846941828728
grid-r001-c016,1,16,3.3999998569488525,0.40000057220458984,0.44999998807907104,-26.385803203536057,2.2983685994404368e-05
grid-r001-c017,1,17,3.5999999046325684,0.40000057220458984,0.44999998807907104,-27.00908316689425,1.9910936316591688e-05
grid-r001-c018,1,18,3.799999952316284,0.40000057220458984,0.44999998807907104,-28.21165941192269,1.509503272245638e-05
grid-r001-c019,1,19,4.0,0.40000057220458984,0.44999998807907104,-29.769449174763025,1.0545206350798253e-05
grid-r001-c020,1,20,4.199999809265137,0.40000057220458984,0.44999998807907104,-31.502296356637316,7.075715529936133e-06
grid-r001-c021,1,21,4.400000095367432,0.40000057220458984,0.44999998807907104,-33.21115145492017,4.774026820086874e-06
grid-r001-c022,1,22,4.599999904632568,0.40000057220458984,0.44999998807907104,-34.696174883393354,3.3914272989932215e-06
grid-r001-c023,1,23,4.800000190734863,0.40000057220458984,0.44999998807907104,-35.80852639462322,2.62510911852587e-06
grid-r001-c024,1,24,5.0,0.40000057220458984,0.44999998807907104,-36.52298033177617,2.2269064174906816e-06
grid-r001-c025,1,25,5.199999809265137,0.40000057220458984,0.44999998807907104,-37.351890238932235,1.839970991568407e-06
grid-r001-c026,1,26,5.400000095367432,0.40000057220458984,0.44999998807907104,-38.1679717546442,1.524764684290858e-06
grid-r001-c027,1,27,5.599999904632568,0.40000057220458984,0.44999998807907104,-38.896309192182706,1.2893448229078786e-06
grid-r001-c028,1,28,5.800000190734863,0.40000057220458984,0.44999998807907104,-38.61796990624032,1.3746844160777982e-06
grid-r001-c029,1,29,6.0,0.40000057220458984,0.44999998807907104,-37.93149890679737,1.610089839232387e-06
grid-r001-c030,1,30,6.199999809265137,0.40000057220458984,0.44999998807907104,-37.34338766482694,1.8435767970004235e-06
grid-r001-c031,1,31,6.400000095367432,0.40000057220458984,0.44999998807907104,-37.14134421134439,1.931370434249402e-06
grid-r001-c032,1,32,6.599999904632568,0.40000057220458984,0.44999998807907104,-37.44454529514655,1.8011317024502205e-06
grid-r001-c033,1,33,6.800000190734863,0.40000057220458984,0.44999998807907104,-37.90668885940174,1.6193141618714435e-06
grid-r001-c034,1,34,7.0,0.40000057220458984,0.44999998807907104,-38.11226750162276,1.54444785493979e-06
grid-r001-c035,1,35,7.199999809265137,0.40000057220458984,0.44999998807907104,-38.20067188893793,1.513327106295037e-06
grid-r001-c036,1,36,7.400000095367432,0.40000057220458984,0.44999998807907104,-38.03364865714728,1.5726610627098125e-06
grid-r001-c037,1,37,7.599999904632568,0.40000057220458984,0.44999998807907104,-37.718837896263075,1.6908933275772142e-06
grid-r001-c038,1,38,7.800000190734863,0.40000057220458984,0.44999998807907104,-37.42846066533328,1.8078147832056857e-06
grid-r001-c039,1,39,8.0,0.40000057220458984,0.44999998807907104,-37.22612913513573,1.8940310155812767e-06
grid-r001-c040,1,40,8.199999809265137,0.40000057220458984,0.44999998807907104,-37.22080722988808,1.896353410302254e-06
grid-r001-c041,1,41,8.399999618530273,0.40000057220458984,0.44999998807907104,-37.34911918305656,1.8411453766020713e-06
grid-r001-c042,1,42,8.600000381469727,0.40000057220458984,0.44999998807907104,-37.60002748645859,1.7377898302584072e-06
grid-r001-c043,1,43,8.800000190734863,0.40000057220458984,0.44999998807907104,-37.92826463668184,1.6112893490571878e-06
grid-r001-c044,1,44,9.0,0.40000057220458984,0.44999998807907104,-38.28597475859338,1.4838927882010466e-06
grid-r001-c045,1,45,9.199999809265137,0.40000057220458984,0.44999998807907104,-38.63571427521034,1.3690792002307717e-06
grid-r001-c046,1,46,9.399999618530273,0.40000057220458984,0.44999998807907104,-39.004300522810055,1.2576794006236014e-06
grid-r001-c047,1,47,9.600000381469727,0.40000057220458984,0.44999998807907104,-39.38884015584108,1.1511077673276304e-06
grid-r001-c048,1,48,9.800000190734863,0.40000057220458984,0.44999998807907104,-39.77074705571994,1.054205540640396e-06
grid-r001-c049,1,49,10.0,0.40000057220458984,0.44999998807907104,-40.14512257616367,9.671364296082174e-07
grid-r001-c050,1,50,10.200000762939453,0.40000057220458984,0.44999998807907104,-40.23762551625079,9.467546533414861e-07
grid-r001-c051,1,51,10.399999618530273,0.40000057220458984,0.44999998807907104,-40.369636538010894,9.184094551528688e-07
grid-r001-c052,1,52,10.600000381469727,0.40000057220458984,0.44999998807907104,-40.24074052923959,9.460758292334503e-07
grid-r001-c053,1,53,10.800000190734863,0.40000057220458984,0.44999998807907104,-40.098007047894065,9.776857723409194e-07
grid-r001-c054,1,54,11.0,0.40000057220458984,0.44999998807907104,-39.9781942056083,1.005033595902205e-06
grid-r001-c055,1,55,11.200000762939453,0.40000057220458984,0.44999998807907104,-40.01140644619711,9.973770147553296e-07
grid-r001-c056,1,56,11.399999618530273,0.40000057220458984,0.44999998807907104,-40.05792904444498,9.86749910225626e-07
grid-r001-c057,1,57,11.600000381469727,0.40000057220458984,0.44999998807907104,-40.10076221590414,9.770657243279857e-07
grid-r002-c000,2,0,0.19999980926513672,0.6000003814697266,0.44999998807907104,-36.51372478579774,2.231657390439068e-06
grid-r002-c001,2,1,0.40000009536743164,0.6000003814697266,0.44999998807907104,-36.500354954237096,2.238538172605331e-06
grid-r002-c002,2,2,0.5999999046325684,0.6000003814697266,0.44999998807907104,-36.5597529217294,2.2081303541199304e-06
grid-r002-c003,2,3,0.7999997138977051,0.6000003814697266,0.44999998807907104,-37.26206929822801,1.8784215853884234e-06
grid-r002-c004,2,4,1.0,0.6000003814697266,0.44999998807907104,-38.21424618044365,1.5086044413692434e-06
grid-r002-c005,2,5,1.1999998092651367,0.6000003814697266,0.44999998807907104,-38.02829253475888,1.5746018107165582e-06
grid-r002-c006,2,6,1.4000000953674316,0.6000003814697266,0.44999998807907104,-36.580145097806415,2.1977864435029915e-06
grid-r002-c007,2,7,1.5999999046325684,0.6000003814697266,0.44999998807907104,-35.556356119077364,2.782046522042947e-06
grid-r002-c008,2,8,1.799999713897705,0.6000003814697266,0.44999998807907104,-34.40723524017842,3.6247367916075746e-06
grid-r002-c009,2,9,2.0,0.6000003814697266,0.44999998807907104,-32.907973569377916,5.119206434756052e-06
grid-r002-c010,2,10,2.200000047683716,0.6000003814697266,0.44999998807907104,-31.18208295542832,7.617135906912154e-06
grid-r002-c011,2,11,2.3999998569488525,0.6000003814697266,0.44999998807907104,-29.462523184701404,1.1317426469759084e-05
grid-r002-c012,2,12,2.5999999046325684,0.6000003814697266,0.44999998807907104,-27.94875589422729,1.6037047316785902e-05
grid-r002-c013,2,13,2.799999952316284,0.6000003814697266,0.44999998807907104,-26.8206106355768,2.0794042939087376e-05
grid-r002-c014,2,14,3.0,0.6000003814697266,0.44999998807907104,-26.159007495281934,2.4215823941631243e-05
grid-r002-c015,2,15,3.200000047683716,0.6000003814697266,0.44999998807907104,13.723827209983034,0.23571255803108215
grid-r002-c016,2,16,3.3999998569488525,0.6000003814697266,0.44999998807907104,-26.466960335218737,2.2558175260201097e-05
grid-r002-c017,2,17,3.5999999046325684,0.6000003814697266,0.44999998807907104,-27.25749687087859,1.880400304798968e-05
grid-r002-c018,2,18,3.799999952316284,0.6000003814697266,0.44999998807907104,-28.429075902341836,1.4357949112309143e-05
grid-r002-c019,2,19,4.0,0.6000003814697266,0.44999998807907104,-29.94835477530991,1.0119627404492348e-05
grid-r002-c020,2,20,4.199999809265137,0.6000003814697266,0.44999998807907104,-31.589515490375334,6.93503170623444e-06
grid-r002-c021,2,21,4.400000095367432,0.6000003814697266,0.44999998807907104,-33.17711891501041,4.811584403796587e-06
grid-r002-c022,2,22,4.599999904632568,0.6000003814697266,0.44999998807907104,-34.54153071047002,3.5143655168212717e-06
grid-r002-c023,2,23,4.800000190734863,0.6000003814697266,0.44999998807907104,-35.58195367172669,2.7656972179102013e-06
grid-r002-c024,2,24,5.0,0.6000003814697266,0.44999998807907104,-36.24084683485516,2.3763768695062026e-06
grid-r002-c025,2,25,5.199999809265137,0.6000003814697266,0.44999998807907104,-36.58571237968151,2.194970875279978e-06
grid-r002-c026,2,26,5.400000095367432,0.6000003814697266,0.44999998807907104,-36.69779312540526,2.139048774552066e-06
grid-r002-c027,2,27,5.599999904632568,0.6000003814697266,0.44999998807907104,-36.74202019901932,2.117375970556168e-06
grid-r002-c028,2,28,5.800000190734863,0.6000003814697266,0.44999998807907104,-37.046587451653174,1.973973212443525e-06
grid-r002-c029,2,29,6.0,0.6000003814697266,0.44999998807907104,-37.766496845965264,1.672439111644053e-06
grid-r002-c030,2,30,6.199999809265137,0.6000003814697266,0.44999998807907104,-38.57998407446276,1.3867609141016146e-06
grid-r002-c031,2,31,6.400000095367432,0.6000003814697266,0.44999998807907104,-38.455272007539506,1.4271604413806926e-06
grid-r002-c032,2,32,6.599999904632568,0.6000003814697266,0.44999998807907104,-37.759959422404265,1.6749585256548016e-06
grid-r002-c033,2,33,6.800000190734863,0.6000003814697266,0.44999998807907104,-37.21078165020024,1.90073615158326e-06
grid-r002-c034,2,34,7.0,0.6000003814697266,0.44999998807907104,-36.99059430167284,1.9995882212242577e-06
grid-r002-c035,2,35,7.199999809265137,0.6000003814697266,0.44999998807907104,-37.042582332109646,1.9757944755838253e-06
grid-r002-c036,2,36,7.400000095367432,0.6000003814697266,0.44999998807907104,-37.38785824809896,1.8247953903482994e-06
grid-r002-c037,2,37,7.599999904632568,0.6000003814697266,0.44999998807907104,-37.93000546657508,1.610643607818929e-06
grid-r002-c038,2,38,7.800000190734863,0.6000003814697266,0.44999998807907104,-38.54660019075019,1.3974619150758372e-06
grid-r002-c039,2,39,8.0,0.6000003814697266,0.44999998807907104,-39.126610663745865,1.222753553520306e-06
grid-r002-c040,2,40,8.199999809265137,0.6000003814697266,0.44999998807907104,-39.38208474102562,1.1528996992637985e-06
grid-r002-c041,2,41,8.399999618530273,0.6000003814697266,0.44999998807907104,-39.26011417898988,1.1857375739054987e-06
grid-r002-c042,2,42,8.600000381469727,0.6000003814697266,0.44999998807907104,-38.94519541198825,1.2749127336064703e-06
grid-r002-c043,2,43,8.800000190734863,0.6000003814697266,0.44999998807907104,-38.679153429176054,1.3554536053561606e-06
grid-r002-c044,2,44,9.0,0.6000003814697266,0.44999998807907104,-38.4439994676331,1.430869588148198e-06
grid-r002-c045,2,45,9.199999809265137,0.6000003814697266,0.44999998807907104,-38.21189465772349,1.5094215086719487e-06
grid-r002-c046,2,46,9.399999618530273,0.6000003814697266,0.44999998807907104,-38.127580488668364,1.5390118051072932e-06
grid-r002-c047,2,47,9.600000381469727,0.6000003814697266,0.44999998807907104,-38.2235902434104,1.505362092757423e-06
grid-r002-c048,2,48,9.800000190734863,0.6000003814697266,0.44999998807907104,-38.32585801176114,1.4703279020977789e-06
grid-r002-c049,2,49,10.0,0.6000003814697266,0.44999998807907104,-38.43183211900655,1.434883984074986e-06
grid-r002-c050,2,50,10.200000762939453,0.6000003814697266,0.44999998807907104,-38.47916503092886,1.419330374119454e-06
grid-r002-c051,2,51,10.399999618530273,0.6000003814697266,0.44999998807907104,-38.665715612513615,1.3596541066362988e-06
grid-r002-c052,2,52,10.600000381469727,0.6000003814697266,0.44999998807907104,-38.90682314375121,1.2862271887570387e-06
grid-r002-c053,2,53,10.800000190734863,0.6000003814697266,0.44999998807907104,-39.22644248696976,1.1949665577049018e-06
grid-r002-c054,2,54,11.0,0.6000003814697266,0.44999998807907104,-39.54174024924654,1.1112863376183668e-06
grid-r002-c055,2,55,11.200000762939453,0.6000003814697266,0.44999998807907104,-39.84640977141073,1.035998252518766e-06
grid-r002-c056,2,56,11.399999618530273,0.6000003814697266,0.44999998807907104,-40.222061273159824,9.501537192591059e-07
grid-r002-c057,2,57,11.600000381469727,0.6000003814697266,0.44999998807907104,-40.55906956752814,8.79210858784063e-07
grid-r003-c000,3,0,0.19999980926513672,0.8000001907348633,0.44999998807907104,-34.553756826210076,3.504485903249588e-06
grid-r003-c001,3,1,0.40000009536743164,0.8000001907348633,0.44999998807907104,-35.610196677268995,2.7477697130962042e-06
grid-r003-c002,3,2,0.5999999046325684,0.8000001907348633,0.44999998807907104,-36.81438313333914,2.0823881641263142e-06
grid-r003-c003,3,3,0.7999997138977051,0.8000001907348633,0.44999998807907104,-37.029348731548744,1.9818241980829043e-06
grid-r003-c004,3,4,1.0,0.8000001907348633,0.44999998807907104,-36.380361355677444,2.3012503334030043e-06
grid-r003-c005,3,5,1.1999998092651367,0.8000001907348633,0.44999998807907104,-35.95969137018767,2.5353087949042674e-06
grid-r003-c006,3,6,1.4000000953674316,0.8000001907348633,0.44999998807907104,-35.78361542530254,2.640209913806757e-06
grid-r003-c007,3,7,1.5999999046325684,0.8000001907348633,0.44999998807907104,-35.30389026372842,2.948566816485254e-06
grid-r003-c008,3,8,1.799999713897705,0.8000001907348633,0.44999998807907104,-34.45084652790107,3.5885198030882748e-06
grid-r003-c009,3,9,2.0,0.8000001907348633,0.44999998807907104,-33.16825555338681,4.821414222533349e-06
grid-r003-c010,3,10,2.200000047683716,0.8000001907348633,0.44999998807907104,-31.614628464833217,6.895045771670993e-06
grid-r003-c011,3,11,2.3999998569488525,0.8000001907348633,0.44999998807907104,-29.991840601493784,1.001880536932731e-05
grid-r003-c012,3,12,2.5999999046325684,0.8000001907348633,0.44999998807907104,-28.52397404876175,1.4047614968148991e-05
grid-r003-c013,3,13,2.799999952316284,0.8000001907348633,0.44999998807907104,-27.404439137524307,1.8178418031311594e-05
grid-r003-c014,3,14,3.0,0.8000001907348633,0.44999998807907104,-26.724206731528824,2.1260786525090225e-05
grid-r003-c015,3,15,3.200000047683716,0.8000001907348633,0.44999998807907104,-26.626554168240034,2.1744257537648082e-05
grid-r003-c016,3,16,3.3999998569488525,0.8000001907348633,0.44999998807907104,-27.020079661895984,1.9860584870912135e-05
grid-r003-c017,3,17,3.5999999046325684,0.8000001907348633,0.44999998807907104,-27.948087494141348,1.6039515685406514e-05
grid-r003-c018,3,18,3.799999952316284,0.8000001907348633,0.44999998807907104,-29.097841797787424,1.230880297953263e-05
grid-r003-c019,3,19,4.0,0.8000001907348633,0.44999998807907104,-30.576509797368843,8.756872375670355e-06
grid-r003-c020,3,20,4.199999809265137,0.8000001907348633,0.44999998807907104,-32.09927153757352,6.166984348965343e-06
grid-r003-c021,3,21,4.400000095367432,0.8000001907348633,0.44999998807907104,-33.52638125572001,4.439784333953867e-06
grid-r003-c022,3,22,4.599999904632568,0.8000001907348633,0.44999998807907104,-34.70920578795271,3.3812666515586898e-06
grid-r003-c023,3,23,4.800000190734863,0.8000001907348633,0.44999998807907104,-35.564756183621206,2.7766707262344426e-06
grid-r003-c024,3,24,5.0,0.8000001907348633,0.44999998807907104,-36.08432545619232,2.463584451106726e-06
grid-r003-c025,3,25,5.199999809265137,0.8000001907348633,0.44999998807907104,-36.341039345653854,2.3221809897222556e-06
grid-r003-c026,3,26,5.400000095367432,0.8000001907348633,0.44999998807907104,-36.43827899012724,2.2707645257469267e-06
grid-r003-c027,3,27,5.599999904632568,0.8000001907348633,0.44999998807907104,-36.48125622983744,2.2484041437564883e-06
grid-r003-c028,3,28,5.800000190734863,0.8000001907348633,0.44999998807907104,-36.491824513953915,2.2429394448408857e-06
grid-r003-c029,3,29,6.0,0.8000001907348633,0.44999998807907104,-36.478037299216695,2.250071247544838e-06
grid-r003-c030,3,30,6.199999809265137,0.8000001907348633,0.44999998807907104,-36.48856166947417,2.244625193270622e-06
grid-r003-c031,3,31,6.400000095367432,0.8000001907348633,0.44999998807907104,-36.886750262938826,2.0479765225900337e-06
grid-r003-c032,3,32,6.599999904632568,0.8000001907348633,0.44999998807907104,-37.65389895646627,1.7163667962449836e-06
grid-r003-c033,3,33,6.800000190734863,0.8000001907348633,0.44999998807907104,-38.551944447511175,1.3957433111499995e-06
grid-r003-c034,3,34,7.0,0.8000001907348633,0.44999998807907104,-38.67996689485896,1.3551997426475282e-06
grid-r003-c035,3,35,7.199999809265137,0.8000001907348633,0.44999998807907104,-38.0686268227203,1.5600456890751957e-06
grid-r003-c036,3,36,7.400000095367432,0.8000001907348633,0.44999998807907104,-37.56083899452857,1.7535417100589257e-06
grid-r003-c037,3,37,7.599999904632568,0.8000001907348633,0.44999998807907104,-37.29953857284756,1.862284989329055e-06
grid-r003-c038,3,38,7.800000190734863,0.8000001907348633,0.44999998807907104,-37.3537735808032,1.8391732510281145e-06
grid-r003-c039,3,39,8.0,0.8000001907348633,0.44999998807907104,-37.449354194446045,1.7991384311244474e-06
grid-r003-c040,3,40,8.199999809265137,0.8000001907348633,0.44999998807907104,-37.728614730178734,1.6870910712896148e-06
grid-r003-c041,3,41,8.399999618530273,0.8000001907348633,0.44999998807907104,-38.27082838024203,1.48907702168799e-06
grid-r003-c042,3,42,8.600000381469727,0.8000001907348633,0.44999998807907104,-38.81760887933208,1.31292256355664e-06
grid-r003-c043,3,43,8.800000190734863,0.8000001907348633,0.44999998807907104,-39.43256597545438,1.1395762840038515e-06
grid-r003-c044,3,44,9.0,0.8000001907348633,0.44999998807907104,-39.838490523683,1.037889092003752e-06
grid-r003-c045,3,45,9.199999809265137,0.8000001907348633,0.44999998807907104,-39.94253287187569,1.0133202295037336e-06
grid-r003-c046,3,46,9.399999618530273,0.8000001907348633,0.44999998807907104,-39.868007645337975,1.0308589253327227e-06
grid-r003-c047,3,47,9.600000381469727,0.8000001907348633,0.44999998807907104,-39.53856117073804,1.1121001080027781e-06
grid-r003-c048,3,48,9.800000190734863,0.8000001907348633,0.44999998807907104,-39.27187911247551,1.1825297860923456e-06
grid-r003-c049,3,49,10.0,0.8000001907348633,0.44999998807907104,-39.010754959741575,1.255811639566673e-06
grid-r003-c050,3,50,10.200000762939453,0.8000001907348633,0.44999998807907104,-38.60977472147937,1.3772809097645222e-06
grid-r003-c051,3,51,10.399999618530273,0.8000001907348633,0.44999998807907104,-38.47329286346849,1.4212507721822476e-06
grid-r003-c052,3,52,10.600000381469727,0.8000001907348633,0.44999998807907104,-38.392680162225936,1.4478780485660536e-06
grid-r003-c053,3,53,10.800000190734863,0.8000001907348633,0.44999998807907104,-38.43914374031333,1.4324702988233184e-06
grid-r003-c054,3,54,11.0,0.8000001907348633,0.44999998807907104,-38.4469338126049,1.4299031363407266e-06
grid-r003-c055,3,55,11.200000762939453,0.8000001907348633,0.44999998807907104,-38.48762395308733,1.4165685797706828e-06
grid-r003-c056,3,56,11.399999618530273,0.8000001907348633,0.44999998807907104,-38.540172255806915,1.3995318113302346e-06
grid-r003-c057,3,57,11.600000381469727,0.8000001907348633,0.44999998807907104,-38.58398526016286,1.3854838698534877e-06
grid-r004-c000,4,0,0.19999980926513672,1.0000004768371582,0.44999998807907104,-35.80971674036759,2.6243897082167678e-06
grid-r004-c001,4,1,0.40000009536743164,1.0000004768371582,0.44999998807907104,-35.27623349157529,2.967403816001024e-06
grid-r004-c002,4,2,0.5999999046325684,1.0000004768371582,0.44999998807907104,-34.67591941680334,3.4072818380082026e-06
grid-r004-c003,4,3,0.7999997138977051,1.0000004768371582,0.44999998807907104,-34.63576178618556,3.4389338452456286e-06
grid-r004-c004,4,4,1.0,1.0000004768371582,0.44999998807907104,-34.983214848500225,3.1745232718094485e-06
grid-r004-c005,4,5,1.1999998092651367,1.0000004768371582,0.44999998807907104,-35.25305691971174,2.9832820018782513e-06
grid-r004-c006,4,6,1.4000000953674316,1.0000004768371582,0.44999998807907104,-35.16864178816614,3.0418361802730942e-06
grid-r004-c007,4,7,1.5999999046325684,1.0000004768371582,0.44999998807907104,-34.83502497024474,3.2847135571500985e-06
grid-r004-c008,4,8,1.799999713897705,1.0000004768371582,0.44999998807907104,-34.30400296464861,3.711929366545519e-06
grid-r004-c009,4,9,2.0,1.0000004768371582,0.44999998807907104,-33.34805667230868,4.625879682862433e-06
grid-r004-c010,4,10,2.200000047683716,1.0000004768371582,0.44999998807907104,-32.04005904324571,6.251641934795771e-06
grid-r004-c011,4,11,2.3999998569488525,1.0000004768371582,0.44999998807907104,-30.629347879747513,8.65097808855353e-06
grid-r004-c012,4,12,2.5999999046325684,1.0000004768371582,0.44999998807907104,-29.35200101748636,1.160913598141633e-05
grid-r004-c013,4,13,2.799999952316284,1.0000004768371582,0.44999998807907104,-28.314190086408743,1.4742834537173621e-05
grid-r004-c014,4,14,3.0,1.0000004768371582,0.44999998807907104,-27.705834960592604,1.6959635104285553e-05
grid-r004-c015,4,15,3.200000047683716,1.0000004768371582,0.44999998807907104,-27.625347849942223,1.7276875951210968e-05
grid-r004-c016,4,16,3.3999998569488525,1.0000004768371582,0.44999998807907104,-28.015223878860013,1.5793471902725287e-05
grid-r004-c017,4,17,3.5999999046325684,1.0000004768371582,0.44999998807907104,-28.925638606698662,1.2806667655240744e-05
grid-r004-c018,4,18,3.799999952316284,1.0000004768371582,0.44999998807907104,-30.06505809649188,9.851314644038212e-06
grid-r004-c019,4,19,4.0,1.0000004768371582,0.44999998807907104,-31.501774720891873,7.07656545273494e-06
grid-r004-c020,4,20,4.199999809265137,1.0000004768371582,0.44999998807907104,-32.94959473083171,5.070380211691372e-06
grid-r004-c021,4,21,4.400000095367432,1.0000004768371582,0.44999998807907104,-34.209653374515945,3.7934526062599616e-06
grid-r004-c022,4,22,4.599999904632568,1.0000004768371582,0.44999998807907104,-35.17334660143469,3.038542672584299e-06
grid-r004-c023,4,23,4.800000190734863,1.0000004768371582,0.44999998807907104,-35.85945665503103,2.5945039396901848e-06
grid-r004-c024,4,24,5.0,1.0000004768371582,0.44999998807907104,-36.28195114030464,2.3539914764114656e-06
grid-r004-c025,4,25,5.199999809265137,1.0000004768371582,0.44999998807907104,-36.46624923400438,2.2561869172932347e-06
grid-r004-c026,4,26,5.400000095367432,1.0000004768371582,0.44999998807907104,-36.48041790153641,2.2488382001029095e-06
grid-r004-c027,4,27,5.599999904632568,1.0000004768371582,0.44999998807907104,-36.440802362944865,2.2694455310556805e-06
grid-r004-c028,4,28,5.800000190734863,1.0000004768371582,0.44999998807907104,-36.39821388827178,2.2918100057722768e-06
grid-r004-c029,4,29,6.0,1.0000004768371582,0.44999998807907104,-36.34644999577981,2.3192897060653195e-06
grid-r004-c030,4,30,6.199999809265137,1.0000004768371582,0.44999998807907104,-36.31765837147549,2.334716555196792e-06
grid-r004-c031,4,31,6.400000095367432,1.0000004768371582,0.44999998807907104,-36.30591832342844,2.3410364065057365e-06
grid-r004-c032,4,32,6.599999904632568,1.0000004768371582,0.44999998807907104,-36.32640068539701,2.3300215161725646e-06
grid-r004-c033,4,33,6.800000190734863,1.0000004768371582,0.44999998807907104,-36.376541024165824,2.303275550730177e-06
grid-r004-c034,4,34,7.0,1.0000004768371582,0.44999998807907104,-36.74709442177283,2.114903509209398e-06
grid-r004-c035,4,35,7.199999809265137,1.0000004768371582,0.44999998807907104,-37.48523236079507,1.7843365185399307e-06
grid-r004-c036,4,36,7.400000095367432,1.0000004768371582,0.44999998807907104,-38.389386266942616,1.4489766044789576e-06
grid-r004-c037,4,37,7.599999904632568,1.0000004768371582,0.44999998807907104,-38.81753178802802,1.3129458693583729e-06
grid-r004-c038,4,38,7.800000190734863,1.0000004768371582,0.44999998807907104,-38.31708035328569,1.4733026318936027e-06
grid-r004-c039,4,39,8.0,1.0000004768371582,0.44999998807907104,-38.023701275758214,1.57626732288918e-06
grid-r004-c040,4,40,8.199999809265137,1.0000004768371582,0.44999998807907104,-37.79397904648515,1.661889314164e-06
grid-r004-c041,4,41,8.399999618530273,1.0000004768371582,0.44999998807907104,-37.86113172904499,1.636390038584068e-06
grid-r004-c042,4,42,8.600000381469727,1.0000004768371582,0.44999998807907104,-37.940738309885944,1.6066680927906418e-06
grid-r004-c043,4,43,8.800000190734863,1.0000004768371582,0.44999998807907104,-38.04752349116339,1.567644744682184e-06
grid-r004-c044,4,44,9.0,1.0000004768371582,0.44999998807907104,-38.30278215558556,1.4781611525904736e-06
grid-r004-c045,4,45,9.199999809265137,1.0000004768371582,0.44999998807907104,-38.7517670288386,1.332978968093812e-06
grid-r004-c046,4,46,9.399999618530273,1.0000004768371582,0.44999998807907104,-39.25446320762785,1.1872814411617583e-06
grid-r004-c047,4,47,9.600000381469727,1.0000004768371582,0.44999998807907104,-39.74252912844514,1.0610774552333169e-06
grid-r004-c048,4,48,9.800000190734863,1.0000004768371582,0.44999998807907104,-40.09900151550057,9.774619229574455e-07
grid-r004-c049,4,49,10.0,1.0000004768371582,0.44999998807907104,-40.15344987345672,9.65283788900706e-07
grid-r004-c050,4,50,10.200000762939453,1.0000004768371582,0.44999998807907104,-40.217564838527586,9.511379630566807e-07
grid-r004-c051,4,51,10.399999618530273,1.0000004768371582,0.44999998807907104,-40.22192720871076,9.50183050463238e-07
grid-r004-c052,4,52,10.600000381469727,1.0000004768371582,0.44999998807907104,-40.110022559739626,9.749845730766538e-07
grid-r004-c053,4,53,10.800000190734863,1.0000004768371582,0.44999998807907104,-39.71001115975545,1.0690521321521373e-06
grid-r004-c054,4,54,11.0,1.0000004768371582,0.44999998807907104,-39.24475431401012,1.1899386436198256e-06
grid-r004-c055,4,55,11.200000762939453,1.0000004768371582,0.44999998807907104,-38.97001391716677,1.2676478036155459e-06
grid-r004-c056,4,56,11.399999618530273,1.0000004768371582,0.44999998807907104,-38.75114294936081,1.333170530415373e-06
grid-r004-c057,4,57,11.600000381469727,1.0000004768371582,0.44999998807907104,-38.55290496837238,1.3954346513855853e-06
grid-r005-c000,5,0,0.19999980926513672,1.200000286102295,0.44999998807907104,-36.20587394770637,2.395590627202182e-06
grid-r005-c001,5,1,0.40000009536743164,1.200000286102295,0.44999998807907104,-35.64067678422952,2.728552544795093e-06
grid-r005-c002,5,2,0.5999999046325684,1.200000286102295,0.44999998807907104,-35.34348477569215,2.9218069812486647e-06
grid-r005-c003,5,3,0.7999997138977051,1.200000286102295,0.44999998807907104,-34.93568720450512,3.2094549169414677e-06
grid-r005-c004,5,4,1.0,1.200000286102295,0.44999998807907104,-34.58439508727224,3.4798497381416382e-06
grid-r005-c005,5,5,1.1999998092651367,1.200000286102295,0.44999998807907104,-34.56928152119217,3.491980805847561e-06
grid-r005-c006,5,6,1.4000000953674316,1.200000286102295,0.44999998807907104,-34.846927428706664,3.275723656770424e-06
grid-r005-c007,5,7,1.5999999046325684,1.200000286102295,0.44999998807907104,-34.94576603991641,3.202015250280965e-06
grid-r005-c008,5,8,1.799999713897705,1.200000286102295,0.44999998807907104,-34.82159932971748,3.2948835269053234e-06
grid-r005-c009,5,9,2.0,1.200000286102295,0.44999998807907104,-34.09524816719404,3.894710516760824e-06
grid-r005-c010,5,10,2.200000047683716,1.200000286102295,0.44999998807907104,-32.96183504635907,5.056109785073204e-06
grid-r005-c011,5,11,2.3999998569488525,1.200000286102295,0.44999998807907104,-31.767780164304156,6.656132882199017e-06
grid-r005-c012,5,12,2.5999999046325684,1.200000286102295,0.44999998807907104,-30.637540299979307,8.634674486529548e-06
grid-r005-c013,5,13,2.799999952316284,1.200000286102295,0.44999998807907104,-29.7008137618904,1.0713185474742204e-05
grid-r005-c014,5,14,3.0,1.200000286102295,0.44999998807907104,-29.177141266981963,1.2086091373930685e-05
grid-r005-c015,5,15,3.200000047683716,1.200000286102295,0.44999998807907104,-29.069073688520575,1.2390608389978297e-05
grid-r005-c016,5,16,3.3999998569488525,1.200000286102295,0.44999998807907104,-29.408125993391295,1.1460073437774554e-05
grid-r005-c017,5,17,3.5999999046325684,1.200000286102295,0.44999998807907104,-30.180342345089656,9.593250069883652e-06
grid-r005-c018,5,18,3.799999952316284,1.200000286102295,0.44999998807907104,-31.238539640098622,7.518756774516078e-06
grid-r005-c019,5,19,4.0,1.200000286102295,0.44999998807907104,-32.339608216619396,5.834977400809294e-06
grid-r005-c020,5,20,4.199999809265137,1.200000286102295,0.44999998807907104,-33.46446378653727,4.503535819821991e-06
grid-r005-c021,5,21,4.400000095367432,1.200000286102295,0.44999998807907104,-34.44558644034568,3.5928687793784775e-06
grid-r005-c022,5,22,4.599999904632568,1.200000286102295,0.44999998807907104,-35.141980124947445,3.0605676784034586e-06
grid-r005-c023,5,23,4.800000190734863,1.200000286102295,0.44999998807907104,-35.585208619076525,2.763625161605887e-06
grid-r005-c024,5,24,5.0,1.200000286102295,0.44999998807907104,-35.82081762371209,2.617690142869833e-06
grid-r005-c025,5,25,5.199999809265137,1.200000286102295,0.44999998807907104,-35.92707692915522,2.554420007072622e-06
grid-r005-c026,5,26,5.400000095367432,1.200000286102295,0.44999998807907104,-35.99208796099033,2.5164667931676377e-06
grid-r005-c027,5,27,5.599999904632568,1.200000286102295,0.44999998807907104,-36.01148220572809,2.50525408773683e-06
grid-r005-c028,5,28,5.800000190734863,1.200000286102295,0.44999998807907104,-36.017618093488025,2.501717062841635e-06
grid-r005-c029,5,29,6.0,1.200000286102295,0.44999998807907104,-36.02032551463188,2.500157961549121e-06
grid-r005-c030,5,30,6.199999809265137,1.200000286102295,0.44999998807907104,-36.040702017027655,2.488455038474058e-06
grid-r005-c031,5,31,6.400000095367432,1.200000286102295,0.44999998807907104,-36.087911933944326,2.461550820953562e-06
grid-r005-c032,5,32,6.599999904632568,1.200000286102295,0.44999998807907104,-36.14292350611025,2.430567292321939e-06
grid-r005-c033,5,33,6.800000190734863,1.200000286102295,0.44999998807907104,-36.223282766855995,2.3860070541559253e-06
grid-r005-c034,5,34,7.0,1.200000286102295,0.44999998807907104,-36.29729456037688,2.3456896087736823e-06
grid-r005-c035,5,35,7.199999809265137,1.200000286102295,0.44999998807907104,-36.40804150204781,2.2866297513246536e-06
grid-r005-c036,5,36,7.400000095367432,1.200000286102295,0.44999998807907104,-36.53074503123485,2.2229285150388023e-06
grid-r005-c037,5,37,7.599999904632568,1.200000286102295,0.44999998807907104,-36.84168699308616,2.0693373699032236e-06
grid-r005-c038,5,38,7.800000190734863,1.200000286102295,0.44999998807907104,-37.55989782531091,1.753921765157429e-06
grid-r005-c039,5,39,8.0,1.200000286102295,0.44999998807907104,-38.493782199877636,1.41456132496387e-06
grid-r005-c040,5,40,8.199999809265137,1.200000286102295,0.44999998807907104,-39.020984455490726,1.2528571460279636e-06
grid-r005-c041,5,41,8.399999618530273,1.200000286102295,0.44999998807907104,-38.58798585527992,1.3842081898474135e-06
grid-r005-c042,5,42,8.600000381469727,1.200000286102295,0.44999998807907104,-38.200139141666895,1.5135127569010365e-06
grid-r005-c043,5,43,8.800000190734863,1.200000286102295,0.44999998807907104,-37.95474351075587,1.6014952279874706e-06
grid-r005-c044,5,44,9.0,1.200000286102295,0.44999998807907104,-38.04567195758332,1.568313223287987e-06
grid-r005-c045,5,45,9.199999809265137,1.200000286102295,0.44999998807907104,-38.16304840875762,1.526494202153117e-06
grid-r005-c046,5,46,9.399999618530273,1.200000286102295,0.44999998807907104,-38.26747748434447,1.4902263956173556e-06
grid-r005-c047,5,47,9.600000381469727,1.200000286102295,0.44999998807907104,-38.367873026170926,1.4561720718120341e-06
grid-r005-c048,5,48,9.800000190734863,1.200000286102295,0.44999998807907104,-38.56453509213082,1.3917027672505355e-06
grid-r005-c049,5,49,10.0,1.200000286102295,0.44999998807907104,-39.014541173663076,1.2547172900667647e-06
grid-r005-c050,5,50,10.200000762939453,1.200000286102295,0.44999998807907104,-39.51063550149548,1.1192740885235253e-06
grid-r005-c051,5,51,10.399999618530273,1.200000286102295,0.44999998807907104,-40.00280335917311,9.993547109843348e-07
grid-r005-c052,5,52,10.600000381469727,1.200000286102295,0.44999998807907104,-40.413489237304276,9.091825177165447e-07
grid-r005-c054,5,54,11.0,1.200000286102295,0.44999998807907104,-40.37305620486813,9.176865773952159e-07
grid-r005-c055,5,55,11.200000762939453,1.200000286102295,0.44999998807907104,-40.50754770226793,8.897033580979041e-07
grid-r005-c056,5,56,11.399999618530273,1.200000286102295,0.44999998807907104,-40.618036124565585,8.673540037307248e-07
grid-r005-c057,5,57,11.600000381469727,1.200000286102295,0.44999998807907104,-40.79532583395973,8.32659452498774e-07
grid-r006-c000,6,0,0.19999980926513672,1.4000005722045898,0.44999998807907104,-35.08812205513034,3.098758952546632e-06
grid-r006-c001,6,1,0.40000009536743164,1.4000005722045898,0.44999998807907104,-35.52707313649531,2.800868287522462e-06
grid-r006-c002,6,2,0.5999999046325684,1.4000005722045898,0.44999998807907104,-35.61536860219501,2.744499397522304e-06
grid-r006-c003,6,3,0.7999997138977051,1.4000005722045898,0.44999998807907104,-35.70730054169139,2.68701410277572e-06
grid-r006-c004,6,4,1.0,1.4000005722045898,0.44999998807907104,-35.77884415252777,2.6431121114001144e-06
grid-r006-c005,6,5,1.1999998092651367,1.4000005722045898,0.44999998807907104,-35.45019498437682,2.850890268746298e-06
grid-r006-c006,6,6,1.4000000953674316,1.4000005722045898,0.44999998807907104,-35.042985024865246,3.13113287120359e-06
grid-r006-c007,6,7,1.5999999046325684,1.4000005722045898,0.44999998807907104,-34.68653137758214,3.3989663279498927e-06
grid-r006-c008,6,8,1.799999713897705,1.4000005722045898,0.44999998807907104,-34.70028198674163,3.3882215575431474e-06
grid-r006-c009,6,9,2.0,1.4000005722045898,0.44999998807907104,-34.50480537376517,3.5442101307125995e-06
grid-r006-c010,6,10,2.200000047683716,1.4000005722045898,0.44999998807907104,-33.83927167565324,4.1311677705380134e-06
grid-r006-c011,6,11,2.3999998569488525,1.4000005722045898,0.44999998807907104,-33.04793801783226,4.956854809279321e-06
grid-r006-c012,6,12,2.5999999046325684,1.4000005722045898,0.44999998807907104,-32.08618941893302,6.18558897258481e-06
grid-r006-c013,6,13,2.799999952316284,1.4000005722045898,0.44999998807907104,-31.341228614925633,7.343061042774934e-06
grid-r006-c014,6,14,3.0,1.4000005722045898,0.44999998807907104,-30.91984402343926,8.09124958323082e-06
grid-r006-c015,6,15,3.200000047683716,1.4000005722045898,0.44999998807907104,-30.818835794167867,8.28164138511056e-06
grid-r006-c016,6,16,3.3999998569488525,1.4000005722045898,0.44999998807907104,-31.113825545336937,7.737799023743719e-06
grid-r006-c017,6,17,3.5999999046325684,1.4000005722045898,0.44999998807907104,-31.747717043435784,6.6869533839053474e-06
grid-r006-c018,6,18,3.799999952316284,1.4000005722045898,0.44999998807907104,-32.738532468582875,5.322880952007836e-06
grid-r006-c019,6,19,4.0,1.4000005722045898,0.44999998807907104,-33.53874594558909,4.427161911735311e-06
grid-r006-c020,6,20,4.199999809265137,1.4000005722045898,0.44999998807907104,-34.419291539016974,3.6146882393950364e-06
grid-r006-c021,6,21,4.400000095367432,1.4000005722045898,0.44999998807907104,-35.131631745628965,3.0678691018692916e-06
grid-r006-c022,6,22,4.599999904632568,1.4000005722045898,0.44999998807907104,-35.62041485164421,2.7413123007136164e-06
grid-r006-c023,6,23,4.800000190734863,1.4000005722045898,0.44999998807907104,-35.88065068248709,2.5818733320193132e-06
grid-r006-c024,6,24,5.0,1.4000005722045898,0.44999998807907104,-35.976206235384,2.5256861135858344e-06
grid-r006-c025,6,25,5.199999809265137,1.4000005722045898,0.44999998807907104,-35.982127232680874,2.5222450403816765e-06
grid-r006-c026,6,26,5.400000095367432,1.4000005722045898,0.44999998807907104,-35.934661937717976,2.549962573539233e-06
grid-r006-c027,6,27,5.599999904632568,1.4000005722045898,0.44999998807907104,-35.86810910240992,2.5893400561471935e-06
grid-r006-c028,6,28,5.800000190734863,1.4000005722045898,0.44999998807907104,-35.83659749652902,2.6081961550517008e-06
grid-r006-c029,6,29,6.0,1.4000005722045898,0.44999998807907104,-35.85922753914935,2.5946408186428016e-06
grid-r006-c030,6,30,6.199999809265137,1.4000005722045898,0.44999998807907104,-35.867525279137524,2.589688165244297e-06
grid-r006-c031,6,31,6.400000095367432,1.4000005722045898,0.44999998807907104,-35.8371908082183,2.6078398605022812e-06
grid-r006-c032,6,32,6.599999904632568,1.4000005722045898,0.44999998807907104,-35.845555013684105,2.6028221782326e-06
grid-r006-c033,6,33,6.800000190734863,1.4000005722045898,0.44999998807907104,-35.86127364462298,2.5934186851372942e-06
grid-r006-c034,6,34,7.0,1.4000005722045898,0.44999998807907104,-35.875459172588194,2.5849615212791832e-06
grid-r006-c035,6,35,7.199999809265137,1.4000005722045898,0.44999998807907104,-35.922179870809686,2.557301968408865e-06
grid-r006-c036,6,36,7.400000095367432,1.4000005722045898,0.44999998807907104,-35.98618629437365,2.5198887669830583e-06
grid-r006-c037,6,37,7.599999904632568,1.4000005722045898,0.44999998807907104,-36.07069869518629,2.4713265247555682e-06
grid-r006-c038,6,38,7.800000190734863,1.4000005722045898,0.44999998807907104,-36.20193012510015,2.3977670480235247e-06
grid-r006-c039,6,39,8.0,1.4000005722045898,0.44999998807907104,-36.366079031508164,2.3088307443686062e-06
grid-r006-c040,6,40,8.199999809265137,1.4000005722045898,0.44999998807907104,-36.66139157398058,2.1570531316683628e-06
grid-r006-c041,6,41,8.399999618530273,1.4000005722045898,0.44999998807907104,-37.29915548617117,1.8624492668095627e-06
grid-r006-c042,6,42,8.600000381469727,1.4000005722045898,0.44999998807907104,-38.058199994403424,1.5637956494174432e-06
grid-r006-c043,6,43,8.800000190734863,1.4000005722045898,0.44999998807907104,-38.65783406104515,1.3621238394989632e-06
grid-r006-c044,6,44,9.0,1.4000005722045898,0.44999998807907104,-38.42154487638791,1.4382868585016695e-06
grid-r006-c045,6,45,9.199999809265137,1.4000005722045898,0.44999998807907104,-38.14914576633942,1.531388647890708e-06
grid-r006-c046,6,46,9.399999618530273,1.4000005722045898,0.44999998807907104,-37.92547769719141,1.612323671906779e-06
grid-r006-c047,6,47,9.600000381469727,1.4000005722045898,0.44999998807907104,-38.083808352196286,1.5546017948508961e-06
grid-r006-c048,6,48,9.800000190734863,1.4000005722045898,0.44999998807907104,-38.27730249704271,1.4868588777972036e-06
grid-r006-c049,6,49,10.0,1.4000005722045898,0.44999998807907104,-38.47617893915846,1.4203066029949696e-06
grid-r006-c050,6,50,10.200000762939453,1.4000005722045898,0.44999998807907104,-38.701384108828584,1.348533032796695e-06
grid-r006-c051,6,51,10.399999618530273,1.4000005722045898,0.44999998807907104,-38.92974297196524,1.2794570238838787e-06
grid-r006-c052,6,52,10.600000381469727,1.4000005722045898,0.44999998807907104,-39.1726435525618,1.2098614661226748e-06
grid-r006-c053,6,53,10.800000190734863,1.4000005722045898,0.44999998807907104,-39.45265813677019,1.1343163350829855e-06
grid-r006-c054,6,54,11.0,1.4000005722045898,0.44999998807907104,-39.83158155710021,1.0395415301900357e-06
grid-r006-c055,6,55,11.200000762939453,1.4000005722045898,0.44999998807907104,-40.316691545372535,9.296743428421905e-07
grid-r006-c056,6,56,11.399999618530273,1.4000005722045898,0.44999998807907104,-40.8090829789065,8.300260105897905e-07
grid-r006-c057,6,57,11.600000381469727,1.4000005722045898,0.44999998807907104,-40.92172259321555,8.087750416052586e-07
grid-r007-c000,7,0,0.19999980926513672,1.6000003814697266,0.44999998807907104,-34.95876749136532,3.192443728039507e-06
grid-r007-c001,7,1,0.40000009536743164,1.6000003814697266,0.44999998807907104,-34.89882973671872,3.236808652218315e-06
grid-r007-c002,7,2,0.5999999046325684,1.6000003814697266,0.44999998807907104,-35.37852786048289,2.8983258744119667e-06
grid-r007-c003,7,3,0.7999997138977051,1.6000003814697266,0.44999998807907104,-35.7282657219921,2.67407403953257e-06
grid-r007-c004,7,4,1.0,1.6000003814697266,0.44999998807907104,-35.84542830098967,2.602898121040198e-06
grid-r007-c005,7,5,1.1999998092651367,1.6000003814697266,0.44999998807907104,-35.93526260298219,2.5496099169686204e-06
grid-r007-c006,7,6,1.4000000953674316,1.6000003814697266,0.44999998807907104,-36.010267574016844,2.505954853404546e-06
grid-r007-c007,7,7,1.5999999046325684,1.6000003814697266,0.44999998807907104,-35.8652422199191,2.5910499061865266e-06
grid-r007-c008,7,8,1.799999713897705,1.6000003814697266,0.44999998807907104,-35.524295155111105,2.8026604468323058e-06
grid-r007-c009,7,9,2.0,1.6000003814697266,0.44999998807907104,-34.92976448767723,3.2138348160515307e-06
grid-r007-c010,7,10,2.200000047683716,1.6000003814697266,0.44999998807907104,-34.35764727079085,3.6663614082499407e-06
grid-r007-c011,7,11,2.3999998569488525,1.6000003814697266,0.44999998807907104,-33.80910312735033,4.15996510128025e-06
grid-r007-c012,7,12,2.5999999046325684,1.6000003814697266,0.44999998807907104,-33.3068868497753,4.669940153689822e-06
grid-r007-c013,7,13,2.799999952316284,1.6000003814697266,0.44999998807907104,-32.95984927309796,5.058422175352462e-06
grid-r007-c014,7,14,3.0,1.6000003814697266,0.44999998807907104,-32.69844913477627,5.372236046241596e-06
grid-r007-c015,7,15,3.200000047683716,1.6000003814697266,0.44999998807907104,-32.61521353724327,5.476191745401593e-06
grid-r007-c016,7,16,3.3999998569488525,1.6000003814697266,0.44999998807907104,-32.84108708133453,5.198658527660882e-06
grid-r007-c017,7,17,3.5999999046325684,1.6000003814697266,0.44999998807907104,-33.34935687919537,4.624494977178983e-06
grid-r007-c018,7,18,3.799999952316284,1.6000003814697266,0.44999998807907104,-34.123468581590224,3.86948477171245e-06
grid-r007-c019,7,19,4.0,1.6000003814697266,0.44999998807907104,-34.74042779786263,3.357045443408424e-06
grid-r007-c020,7,20,4.199999809265137,1.6000003814697266,0.44999998807907104,-35.26131896226208,2.9776119845337234e-06
grid-r007-c021,7,21,4.400000095367432,1.6000003814697266,0.44999998807907104,-35.7347883388017,2.670060894160997e-06
grid-r007-c022,7,22,4.599999904632568,1.6000003814697266,0.44999998807907104,-35.99237207069004,2.5163021746266168e-06
grid-r007-c023,7,23,4.800000190734863,1.6000003814697266,0.44999998807907104,-36.10812149580412,2.4501227926521096e-06
grid-r007-c024,7,24,5.0,1.6000003814697266,0.44999998807907104,-36.141226839617104,2.4315170321642654e-06
grid-r007-c025,7,25,5.199999809265137,1.6000003814697266,0.44999998807907104,-36.11804775525276,2.4445291728625307e-06
grid-r007-c026,7,26,5.400000095367432,1.6000003814697266,0.44999998807907104,-36.04940349007808,2.4834741907397984e-06
grid-r007-c027,7,27,5.599999904632568,1.6000003814697266,0.44999998807907104,-35.978256974110884,2.52449376603181e-06
grid-r007-c028,7,28,5.800000190734863,1.6000003814697266,0.44999998807907104,-35.886705084749295,2.5782765078474768e-06
grid-r007-c029,7,29,6.0,1.6000003814697266,0.44999998807907104,-35.840205568661496,2.6060301934194285e-06
grid-r007-c030,7,30,6.199999809265137,1.6000003814697266,0.44999998807907104,-35.8069859004717,2.6260404411004856e-06
grid-r007-c031,7,31,6.400000095367432,1.6000003814697266,0.44999998807907104,-35.85588732169078,2.596637159513193e-06
grid-r007-c032,7,32,6.599999904632568,1.6000003814697266,0.44999998807907104,-35.905603367233965,2.5670815375633538e-06
grid-r007-c033,7,33,6.800000190734863,1.6000003814697266,0.44999998807907104,-35.96456698527719,2.532464122850797e-06
grid-r007-c034,7,34,7.0,1.6000003814697266,0.44999998807907104,-36.033521923362485,2.4925725483626593e-06
grid-r007-c035,7,35,7.199999809265137,1.6000003814697266,0.44999998807907104,-36.10979600238175,2.4491782824043185e-06
grid-r007-c036,7,36,7.400000095367432,1.6000003814697266,0.44999998807907104,-36.16501946792564,2.418232497802819e-06
grid-r007-c037,7,37,7.599999904632568,1.6000003814697266,0.44999998807907104,-36.241075385943596,2.376251813984709e-06
grid-r007-c038,7,38,7.800000190734863,1.6000003814697266,0.44999998807907104,-36.35493141235246,2.3147647425503237e-06
grid-r007-c039,7,39,8.0,1.6000003814697266,0.44999998807907104,-36.45590622497029,2.2615665784542216e-06
grid-r007-c040,7,40,8.199999809265137,1.6000003814697266,0.44999998807907104,-36.55521980694249,2.2104363779362757e-06
grid-r007-c041,7,41,8.399999618530273,1.6000003814697266,0.44999998807907104,-36.63900498025378,2.1682008082279935e-06
grid-r007-c042,7,42,8.600000381469727,1.6000003814697266,0.44999998807907104,-36.75417903206464,2.1114562969160033e-06
grid-r007-c043,7,43,8.800000190734863,1.6000003814697266,0.44999998807907104,-36.96371364991947,2.0120030512771336e-06
grid-r007-c044,7,44,9.0,1.6000003814697266,0.44999998807907104,-37.549310152608655,1.758202870405512e-06
grid-r007-c045,7,45,9.199999809265137,1.6000003814697266,0.44999998807907104,-38.228133894897056,1.5037879848023294e-06
grid-r007-c046,7,46,9.399999618530273,1.6000003814697266,0.44999998807907104,-38.8161515212153,1.313363213739649e-06
grid-r007-c047,7,47,9.600000381469727,1.6000003814697266,0.44999998807907104,-38.61124834814308,1.3768136568614864e-06
grid-r007-c048,7,48,9.800000190734863,1.6000003814697266,0.44999998807907104,-38.29469571148576,1.4809160120421438e-06
grid-r007-c049,7,49,10.0,1.6000003814697266,0.44999998807907104,-38.04221000791799,1.5695638921897626e-06
grid-r007-c050,7,50,10.200000762939453,1.6000003814697266,0.44999998807907104,-38.03046512369606,1.5738143019916606e-06
grid-r007-c051,7,51,10.399999618530273,1.6000003814697266,0.44999998807907104,-38.10277112129918,1.5478286741199554e-06
grid-r007-c052,7,52,10.600000381469727,1.6000003814697266,0.44999998807907104,-38.05083176575282,1.566451032886107e-06
grid-r007-c053,7,53,10.800000190734863,1.6000003814697266,0.44999998807907104,-38.16032456935694,1.5274519000740838e-06
grid-r007-c054,7,54,11.0,1.6000003814697266,0.44999998807907104,-38.27578853882376,1.4873772897772142e-06
grid-r007-c055,7,55,11.200000762939453,1.6000003814697266,0.44999998807907104,-38.398547046048755,1.4459234307651059e-06
grid-r007-c056,7,56,11.399999618530273,1.6000003814697266,0.44999998807907104,-38.56935839671789,1.3901579904995742e-06
grid-r007-c057,7,57,11.600000381469727,1.6000003814697266,0.44999998807907104,-38.93283817824602,1.2785454828190268e-06
grid-r008-c000,8,0,0.19999980926513672,1.8000001907348633,0.44999998807907104,-37.02549786335234,1.9835822513414314e-06
grid-r008-c001,8,1,0.40000009536743164,1.8000001907348633,0.44999998807907104,-36.11637935194931,2.4454684535157867e-06
grid-r008-c002,8,2,0.5999999046325684,1.8000001907348633,0.44999998807907104,-35.512625353189506,2.810201522152056e-06
grid-r008-c003,8,3,0.7999997138977051,1.8000001907348633,0.44999998807907104,-35.377004839817886,2.8993424621148733e-06
grid-r008-c004,8,4,1.0,1.8000001907348633,0.44999998807907104,-35.866021656885074,2.5905849270202452e-06
grid-r008-c005,8,5,1.1999998092651367,1.8000001907348633,0.44999998807907104,-36.08941934692354,2.4606965780549217e-06
grid-r008-c006,8,6,1.4000000953674316,1.8000001907348633,0.44999998807907104,-36.181972666492506,2.4088110421871534e-06
grid-r008-c007,8,7,1.5999999046325684,1.8000001907348633,0.44999998807907104,-36.25804874781104,2.3669829261052655e-06
grid-r008-c008,8,8,1.799999713897705,1.8000001907348633,0.44999998807907104,-36.37930846679037,2.301808308402542e-06
grid-r008-c009,8,9,2.0,1.8000001907348633,0.44999998807907104,-36.17105981119876,2.4148714601324173e-06
grid-r008-c010,8,10,2.200000047683716,1.8000001907348633,0.44999998807907104,-35.620994481842594,2.7409464564698283e-06
grid-r008-c011,8,11,2.3999998569488525,1.8000001907348633,0.44999998807907104,-34.86149323789381,3.2647556054143934e-06
grid-r008-c012,8,12,2.5999999046325684,1.8000001907348633,0.44999998807907104,-34.30571012572586,3.710470537043875e-06
grid-r008-c013,8,13,2.799999952316284,1.8000001907348633,0.44999998807907104,-34.02075915314575,3.962087703257566e-06
grid-r008-c014,8,14,3.0,1.8000001907348633,0.44999998807907104,-33.83259450015265,4.1375242290087044e-06
grid-r008-c015,8,15,3.200000047683716,1.8000001907348633,0.44999998807907104,-33.94677298322335,4.030163836432621e-06
grid-r008-c016,8,16,3.3999998569488525,1.8000001907348633,0.44999998807907104,-34.252708329121575,3.7560309920081636e-06
grid-r008-c017,8,17,3.5999999046325684,1.8000001907348633,0.44999998807907104,-34.770704237671104,3.3337234981445363e-06
grid-r008-c018,8,18,3.799999952316284,1.8000001907348633,0.44999998807907104,-35.25993826623924,2.978558768518269e-06
grid-r008-c019,8,19,4.0,1.8000001907348633,0.44999998807907104,-35.819455659662054,2.6185111892118584e-06
grid-r008-c020,8,20,4.199999809265137,1.8000001907348633,0.44999998807907104,-35.9706431474921,2.528923459976795e-06
grid-r008-c021,8,21,4.400000095367432,1.8000001907348633,0.44999998807907104,-36.21832383933982,2.388733037150814e-06
grid-r008-c022,8,22,4.599999904632568,1.8000001907348633,0.44999998807907104,-36.33691737881928,2.324386059626704e-06
grid-r008-c023,8,23,4.800000190734863,1.8000001907348633,0.44999998807907104,-36.36395904588664,2.309958063051454e-06
grid-r008-c024,8,24,5.0,1.8000001907348633,0.44999998807907104,-36.33761543229995,2.324012484677951e-06
grid-r008-c025,8,25,5.199999809265137,1.8000001907348633,0.44999998807907104,-36.23374323360936,2.380267005719361e-06
grid-r008-c026,8,26,5.400000095367432,1.8000001907348633,0.44999998807907104,-36.17581315790175,2.412229832771118e-06
grid-r008-c027,8,27,5.599999904632568,1.8000001907348633,0.44999998807907104,-36.11897855934305,2.4440053039143095e-06
grid-r008-c028,8,28,5.800000190734863,1.8000001907348633,0.44999998807907104,-36.04325154679729,2.486994617356686e-06
grid-r008-c029,8,29,6.0,1.8000001907348633,0.44999998807907104,-36.02076750136193,2.4999035304063e-06
grid-r008-c030,8,30,6.199999809265137,1.8000001907348633,0.44999998807907104,-35.97379929990179,2.527086280679214e-06
grid-r008-c031,8,31,6.400000095367432,1.8000001907348633,0.44999998807907104,-35.95791294452042,2.5363472104800167e-06
grid-r008-c032,8,32,6.599999904632568,1.8000001907348633,0.44999998807907104,-35.95261275221536,2.5394444946869044e-06
grid-r008-c033,8,33,6.800000190734863,1.8000001907348633,0.44999998807907104,-36.001988600200775,2.5107365217991173e-06
grid-r008-c034,8,34,7.0,1.8000001907348633,0.44999998807907104,-36.06116420794922,2.476758027114556e-06
grid-r008-c035,8,35,7.199999809265137,1.8000001907348633,0.44999998807907104,-36.153795940986,2.4244900487246923e-06
grid-r008-c036,8,36,7.400000095367432,1.8000001907348633,0.44999998807907104,-36.234639418002246,2.3797758785804035e-06
grid-r008-c037,8,37,7.599999904632568,1.8000001907348633,0.44999998807907104,-36.366427615496335,2.30864543482312e-06
grid-r008-c038,8,38,7.800000190734863,1.8000001907348633,0.44999998807907104,-36.583781478398045,2.1959469904686557e-06
grid-r008-c039,8,39,8.0,1.8000001907348633,0.44999998807907104,-36.69405314081763,2.1408916381915333e-06
grid-r008-c040,8,40,8.199999809265137,1.8000001907348633,0.44999998807907104,-36.8379760249265,2.071106337098172e-06
grid-r008-c041,8,41,8.399999618530273,1.8000001907348633,0.44999998807907104,-36.9330890898653,2.0262409634597134e-06
grid-r008-c042,8,42,8.600000381469727,1.8000001907348633,0.44999998807907104,-36.99714356983363,1.996575065277284e-06
grid-r008-c043,8,43,8.800000190734863,1.8000001907348633,0.44999998807907104,-37.06701894224024,1.9647084172902396e-06
grid-r008-c044,8,44,9.0,1.8000001907348633,0.44999998807907104,-37.15482661186934,1.925383912748657e-06
grid-r008-c045,8,45,9.199999809265137,1.8000001907348633,0.44999998807907104,-37.20057287244833,1.9052093875870924e-06
grid-r008-c046,8,46,9.399999618530273,1.8000001907348633,0.44999998807907104,-37.33586512881044,1.8467728750692913e-06
grid-r008-c047,8,47,9.600000381469727,1.8000001907348633,0.44999998807907104,-37.857347063182246,1.6378166947106365e-06
grid-r008-c048,8,48,9.800000190734863,1.8000001907348633,0.44999998807907104,-38.43973799942017,1.4322743027150864e-06
grid-r008-c049,8,49,10.0,1.8000001907348633,0.44999998807907104,-38.99256147758208,1.2610835256054997e-06
grid-r008-c050,8,50,10.200000762939453,1.8000001907348633,0.44999998807907104,-38.85934709403064,1.3003650565224234e-06
grid-r008-c051,8,51,10.399999618530273,1.8000001907348633,0.44999998807907104,-38.44861778811773,1.429348799319996e-06
grid-r008-c052,8,52,10.600000381469727,1.8000001907348633,0.44999998807907104,-38.06272390504374,1.562167540214432e-06
grid-r008-c053,8,53,10.800000190734863,1.8000001907348633,0.44999998807907104,-38.02490769557831,1.575829514877114e-06
grid-r008-c054,8,54,11.0,1.8000001907348633,0.44999998807907104,-38.03015737612775,1.5739258287794655e-06
grid-r008-c055,8,55,11.200000762939453,1.8000001907348633,0.44999998807907104,-38.01861988533137,1.5781126876390772e-06
grid-r008-c056,8,56,11.399999618530273,1.8000001907348633,0.44999998807907104,-38.01220370616173,1.580445882609638e-06
grid-r008-c057,8,57,11.600000381469727,1.8000001907348633,0.44999998807907104,-38.07055307901902,1.5593539046676597e-06
grid-r009-c000,9,0,0.19999980926513672,2.000000476837158,0.44999998807907104,-37.0464939067418,1.974015731320833e-06
grid-r009-c001,9,1,0.40000009536743164,2.000000476837158,0.44999998807907104,-37.12733372908861,1.9376111595192924e-06
grid-r009-c002,9,2,0.5999999046325684,2.000000476837158,0.44999998807907104,-36.829583673406496,2.0751124338858062e-06
grid-r009-c003,9,3,0.7999997138977051,2.000000476837158,0.44999998807907104,-36.46103705555341,2.2588963020098163e-06
grid-r009-c004,9,4,1.0,2.000000476837158,0.44999998807907104,-36.11385070766609,2.446892722218763e-06
grid-r009-c005,9,5,1.1999998092651367,2.000000476837158,0.44999998807907104,-36.09575161969666,2.457111349940533e-06
grid-r009-c006,9,6,1.4000000953674316,2.000000476837158,0.44999998807907104,-36.22765200781621,2.3836078071326483e-06
grid-r009-c007,9,7,1.5999999046325684,2.000000476837158,0.44999998807907104,-36.366324106655405,2.3087004592525773e-06
grid-r009-c008,9,8,1.799999713897705,2.000000476837158,0.44999998807907104,-36.53063220058964,2.222986267952365e-06
grid-r009-c009,9,9,2.0,2.000000476837158,0.44999998807907104,-36.51739408024297,2.229772690043319e-06
grid-r009-c010,9,10,2.200000047683716,2.000000476837158,0.44999998807907104,-36.390653540333616,2.295803142260411e-06
grid-r009-c011,9,11,2.3999998569488525,2.000000476837158,0.44999998807907104,-36.13334848852479,2.4359319468203466e-06
grid-r009-c012,9,12,2.5999999046325684,2.000000476837158,0.44999998807907104,-35.95231606729547,2.5396179808012675e-06
grid-r009-c013,9,13,2.799999952316284,2.000000476837158,0.44999998807907104,-35.37833196008003,2.8984566142753465e-06
grid-r009-c014,9,14,3.0,2.000000476837158,0.44999998807907104,-35.01090715118653,3.154345677103265e-06
grid-r009-c015,9,15,3.200000047683716,2.000000476837158,0.44999998807907104,-34.90783574749646,3.230103402529494e-06
grid-r009-c016,9,16,3.3999998569488525,2.000000476837158,0.44999998807907104,-35.03808974384003,3.134664211756899e-06
grid-r009-c017,9,17,3.5999999046325684,2.000000476837158,0.44999998807907104,-35.284818525136856,2.9615437142638257e-06
grid-r009-c018,9,18,3.799999952316284,2.000000476837158,0.44999998807907104,-35.7473745263863,2.6623340545484098e-06
grid-r009-c019,9,19,4.0,2.000000476837158,0.44999998807907104,-36.443177003157494,2.268204980282462e-06
grid-r009-c020,9,20,4.199999809265137,2.000000476837158,0.44999998807907104,-36.60481480303873,2.185337507398799e-06
grid-r009-c021,9,21,4.400000095367432,2.000000476837158,0.44999998807907104,-36.61096040785529,2.18224727177585e-06
grid-r009-c022,9,22,4.599999904632568,2.000000476837158,0.44999998807907104,-36.652639724461395,2.16140438169532e-06
grid-r009-c023,9,23,4.800000190734863,2.000000476837158,0.44999998807907104,-36.58344378257152,2.1961177480989136e-06
grid-r009-c024,9,24,5.0,2.000000476837158,0.44999998807907104,-36.515775295335175,2.2306039682007395e-06
grid-r009-c025,9,25,5.199999809265137,2.000000476837158,0.44999998807907104,-36.44828365519328,2.265539478685241e-06
grid-r009-c026,9,26,5.400000095367432,2.000000476837158,0.44999998807907104,-36.29971119503895,2.3443847112503136e-06
grid-r009-c027,9,27,5.599999904632568,2.000000476837158,0.44999998807907104,-36.22530494048696,2.384896333751385e-06
grid-r009-c028,9,28,5.800000190734863,2.000000476837158,0.44999998807907104,-36.20031728826678,2.398657670710236e-06
grid-r009-c029,9,29,6.0,2.000000476837158,0.44999998807907104,-36.17008670827923,2.415412609479972e-06
grid-r009-c030,9,30,6.199999809265137,2.000000476837158,0.44999998807907104,-36.15007856449403,2.4265661977551645e-06
grid-r009-c031,9,31,6.400000095367432,2.000000476837158,0.44999998807907104,-36.14482446229036,2.4295036382682156e-06
grid-r009-c032,9,32,6.599999904632568,2.000000476837158,0.44999998807907104,-36.167058809483194,2.417097221041331e-06
grid-r009-c033,9,33,6.800000190734863,2.000000476837158,0.44999998807907104,-36.19258876499714,2.402930022071814e-06
grid-r009-c034,9,34,7.0,2.000000476837158,0.44999998807907104,-36.249772166619024,2.371498112552217e-06
grid-r009-c035,9,35,7.199999809265137,2.000000476837158,0.44999998807907104,-36.28340826676602,2.353201807636651e-06
grid-r009-c036,9,36,7.400000095367432,2.000000476837158,0.44999998807907104,-36.34139230457897,2.3219922695716377e-06
grid-r009-c037,9,37,7.599999904632568,2.000000476837158,0.44999998807907104,-36.46365548517595,2.257534788441262e-06
grid-r009-c038,9,38,7.800000190734863,2.000000476837158,0.44999998807907104,-36.58563635079421,2.195009301431128e-06
grid-r009-c039,9,39,8.0,2.000000476837158,0.44999998807907104,-36.66499127283103,2.155265974579379e-06
grid-r009-c040,9,40,8.199999809265137,2.000000476837158,0.44999998807907104,-36.75273556509421,2.1121581994520966e-06
grid-r009-c041,9,41,8.399999618530273,2.000000476837158,0.44999998807907104,-36.83940327532622,2.0704258076875703e-06
grid-r009-c042,9,42,8.600000381469727,2.000000476837158,0.44999998807907104,-36.96763094006623,2.0101890640944475e-06
grid-r009-c043,9,43,8.800000190734863,2.000000476837158,0.44999998807907104,-37.08980286030007,1.9544281713024247e-06
grid-r009-c044,9,44,9.0,2.000000476837158,0.44999998807907104,-37.185608133039416,1.9117856027150992e-06
grid-r009-c045,9,45,9.199999809265137,2.000000476837158,0.44999998807907104,-37.338461610889,1.8456690895618522e-06
grid-r009-c046,9,46,9.399999618530273,2.000000476837158,0.44999998807907104,-37.423771409146596,1.8097678093909053e-06
grid-r009-c047,9,47,9.600000381469727,2.000000476837158,0.44999998807907104,-37.50492246352027,1.7762649804353714e-06
grid-r009-c048,9,48,9.800000190734863,2.000000476837158,0.44999998807907104,-37.561029054943475,1.7534649714434636e-06
grid-r009-c049,9,49,10.0,2.000000476837158,0.44999998807907104,-37.624606547088355,1.7279825215155142e-06
grid-r009-c050,9,50,10.200000762939453,2.000000476837158,0.44999998807907104,-37.99528541586865,1.5866146441112505e-06
grid-r009-c051,9,51,10.399999618530273,2.000000476837158,0.44999998807907104,-38.32798313629583,1.4696086054755142e-06
grid-r009-c052,9,52,10.600000381469727,2.000000476837158,0.44999998807907104,-38.82215554914304,1.311548771809612e-06
grid-r009-c053,9,53,10.800000190734863,2.000000476837158,0.44999998807907104,-38.7722215797395,1.326715619143215e-06
grid-r009-c054,9,54,11.0,2.000000476837158,0.44999998807907104,-38.463660557903424,1.4244064914237242e-06
grid-r009-c055,9,55,11.200000762939453,2.000000476837158,0.44999998807907104,-38.178852147845944,1.5209494677037583e-06
grid-r009-c056,9,56,11.399999618530273,2.000000476837158,0.44999998807907104,-38.06613551129943,1.5609408592354157e-06
grid-r009-c057,9,57,11.600000381469727,2.000000476837158,0.44999998807907104,-38.15725324629577,1.5285324934666278e-06
grid-r010-c000,10,0,0.19999980926513672,2.200000286102295,0.44999998807907104,-37.03375063128807,1.9798164885287406e-06
grid-r010-c001,10,1,0.40000009536743164,2.200000286102295,0.44999998807907104,-37.103964284454854,1.9480655737424968e-06
grid-r010-c002,10,2,0.5999999046325684,2.200000286102295,0.44999998807907104,-37.20005952596297,1.9054346012126189e-06
grid-r010-c003,10,3,0.7999997138977051,2.200000286102295,0.44999998807907104,-37.187404953657285,1.9109947970719077e-06
grid-r010-c004,10,4,1.0,2.200000286102295,0.44999998807907104,-36.725891549599005,2.125254013662925e-06
grid-r010-c005,10,5,1.1999998092651367,2.200000286102295,0.44999998807907104,-36.70580766863273,2.135104978151503e-06
grid-r010-c006,10,6,1.4000000953674316,2.200000286102295,0.44999998807907104,-36.866023129423894,2.0577740542648826e-06
grid-r010-c007,10,7,1.5999999046325684,2.200000286102295,0.44999998807907104,-36.99431399548398,1.9978763248218456e-06
grid-r010-c008,10,8,1.799999713897705,2.200000286102295,0.44999998807907104,-36.88012356518521,2.05110382012208e-06
grid-r010-c009,10,9,2.0,2.200000286102295,0.44999998807907104,-36.7427328641339,2.1170285435800906e-06
grid-r010-c010,10,10,2.200000047683716,2.200000286102295,0.44999998807907104,-36.65618233427366,2.1596420083369594e-06
grid-r010-c011,10,11,2.3999998569488525,2.200000286102295,0.44999998807907104,-36.64299549980551,2.1662094695784617e-06
grid-r010-c012,10,12,2.5999999046325684,2.200000286102295,0.44999998807907104,-36.6422944557256,2.1665591702912934e-06
grid-r010-c013,10,13,2.799999952316284,2.200000286102295,0.44999998807907104,-36.52098093450622,2.2279318727669306e-06
grid-r010-c014,10,14,3.0,2.200000286102295,0.44999998807907104,-36.46207496821071,2.258356516904314e-06
grid-r010-c015,10,15,3.200000047683716,2.200000286102295,0.44999998807907104,-36.225947596886826,2.384543449807097e-06
grid-r010-c016,10,16,3.3999998569488525,2.200000286102295,0.44999998807907104,-36.0383280888349,2.48981564254791e-06
grid-r010-c017,10,17,3.5999999046325684,2.200000286102295,0.44999998807907104,-35.84015365722799,2.6060613436129643e-06
grid-r010-c018,10,18,3.799999952316284,2.200000286102295,0.44999998807907104,-35.93389021835108,2.550415729274391e-06
grid-r010-c019,10,19,4.0,2.200000286102295,0.44999998807907104,-36.24653759418997,2.3732650333840866e-06
grid-r010-c020,10,20,4.199999809265137,2.200000286102295,0.44999998807907104,-36.37567208595197,2.3037364371703006e-06
grid-r010-c021,10,21,4.400000095367432,2.200000286102295,0.44999998807907104,-36.40289091036642,2.289343228767393e-06
grid-r010-c022,10,22,4.599999904632568,2.200000286102295,0.44999998807907104,-36.566314244525316,2.204796828664257e-06
grid-r010-c023,10,23,4.800000190734863,2.200000286102295,0.44999998807907104,-36.74677366588672,2.1150597149244277e-06
grid-r010-c024,10,24,5.0,2.200000286102295,0.44999998807907104,-36.60008908944153,2.187716745538637e-06
grid-r010-c025,10,25,5.199999809265137,2.200000286102295,0.44999998807907104,-36.52616308934909,2.2252750113693764e-06
grid-r010-c026,10,26,5.400000095367432,2.200000286102295,0.44999998807907104,-36.4870912423222,2.2453853034676285e-06
grid-r010-c027,10,27,5.599999904632568,2.200000286102295,0.44999998807907104,-36.3827096079488,2.3000063720246544e-06
grid-r010-c028,10,28,5.800000190734863,2.200000286102295,0.44999998807907104,-36.31960819149906,2.333668589926674e-06
grid-r010-c029,10,29,6.0,2.200000286102295,0.44999998807907104,-36.29609874153839,2.3463355773856165e-06
grid-r010-c030,10,30,6.199999809265137,2.200000286102295,0.44999998807907104,-36.29639756015933,2.346174142076052e-06
grid-r010-c031,10,31,6.400000095367432,2.200000286102295,0.44999998807907104,-36.293861622122215,2.347544523217948e-06
grid-r010-c032,10,32,6.599999904632568,2.200000286102295,0.44999998807907104,-36.31937758566805,2.3337925085797906e-06
grid-r010-c033,10,33,6.800000190734863,2.200000286102295,0.44999998807907104,-36.320698763286636,2.333082647965057e-06
grid-r010-c034,10,34,7.0,2.200000286102295,0.44999998807907104,-36.39802646402768,2.2919089133210946e-06
grid-r010-c035,10,35,7.199999809265137,2.200000286102295,0.44999998807907104,-36.43541505762357,2.2722624635207467e-06
grid-r010-c036,10,36,7.400000095367432,2.200000286102295,0.44999998807907104,-36.45774090159637,2.2606113816436846e-06
grid-r010-c037,10,37,7.599999904632568,2.200000286102295,0.44999998807907104,-36.608279708317426,2.1835946881765267e-06
grid-r010-c038,10,38,7.800000190734863,2.200000286102295,0.44999998807907104,-36.71917994806509,2.1285409275151324e-06
grid-r010-c039,10,39,8.0,2.200000286102295,0.44999998807907104,-36.795143835285586,2.091633632517187e-06
grid-r010-c040,10,40,8.199999809265137,2.200000286102295,0.44999998807907104,-36.89258215669967,2.0452282569749514e-06
grid-r010-c041,10,41,8.399999618530273,2.200000286102295,0.44999998807907104,-36.95851634835148,2.01441230274213e-06
grid-r010-c042,10,42,8.600000381469727,2.200000286102295,0.44999998807907104,-37.04613325244062,1.9741796677408274e-06
grid-r010-c043,10,43,8.800000190734863,2.200000286102295,0.44999998807907104,-37.11728520006293,1.942099515872542e-06
grid-r010-c044,10,44,9.0,2.200000286102295,0.44999998807907104,-37.21078892349282,1.9007329683518037e-06
grid-r010-c045,10,45,9.199999809265137,2.200000286102295,0.44999998807907104,-37.25413019788634,1.8818585658664233e-06
grid-r010-c046,10,46,9.399999618530273,2.200000286102295,0.44999998807907104,-37.3438475257982,1.8433815967000555e-06
grid-r010-c047,10,47,9.600000381469727,2.200000286102295,0.44999998807907104,-37.399854034790785,1.8197620192950126e-06
grid-r010-c048,10,48,9.800000190734863,2.200000286102295,0.44999998807907104,-37.490265504800604,1.7822698055169894e-06
grid-r010-c050,10,50,10.200000762939453,2.200000286102295,0.44999998807907104,-37.58174728396121,1.745119902807346e-06
grid-r010-c051,10,51,10.399999618530273,2.200000286102295,0.44999998807907104,-37.66092995687033,1.7135903362941463e-06
grid-r010-c052,10,52,10.600000381469727,2.200000286102295,0.44999998807907104,-37.73457141634693,1.684778681010357e-06
grid-r010-c053,10,53,10.800000190734863,2.200000286102295,0.44999998807907104,-38.06127596834973,1.5626884533048724e-06
grid-r010-c054,10,54,11.0,2.200000286102295,0.44999998807907104,-38.544312412009766,1.39819826472376e-06
grid-r010-c055,10,55,11.200000762939453,2.200000286102295,0.44999998807907104,-39.057998005088734,1.242224811903725e-06
grid-r010-c056,10,56,11.399999618530273,2.200000286102295,0.44999998807907104,-39.00027102231667,1.2588468507601647e-06
grid-r010-c057,10,57,11.600000381469727,2.200000286102295,0.44999998807907104,-38.64816530292914,1.3651597328134812e-06
grid-r011-c000,11,0,0.19999980926513672,2.40000057220459,0.44999998807907104,-37.07246405341755,1.9622466425062157e-06
grid-r011-c001,11,1,0.40000009536743164,2.40000057220459,0.44999998807907104,-37.1393562979579,1.9322546904732008e-06
grid-r011-c002,11,2,0.5999999046325684,2.40000057220459,0.44999998807907104,-37.170949846205346,1.918249154186924e-06
grid-r011-c003,11,3,0.7999997138977051,2.40000057220459,0.44999998807907104,-37.26774206475664,1.8759695876724436e-06
grid-r011-c004,11,4,1.0,2.40000057220459,0.44999998807907104,-37.39305549709453,1.8226129441245575e-06
grid-r011-c005,11,5,1.1999998092651367,2.40000057220459,0.44999998807907104,-37.10077047848088,1.9494987100188155e-06
grid-r011-c006,11,6,1.4000000953674316,2.40000057220459,0.44999998807907104,-36.85020319438118,2.065283524643746e-06
grid-r011-c007,11,7,1.5999999046325684,2.40000057220459,0.44999998807907104,-36.9364033016916,2.0246952772140503e-06
grid-r011-c008,11,8,1.799999713897705,2.40000057220459,0.44999998807907104,-37.26055294136687,1.8790775584420771e-06
grid-r011-c009,11,9,2.0,2.40000057220459,0.44999998807907104,-37.65095572057884,1.7175303810290643e-06
grid-r011-c010,11,10,2.200000047683716,2.40000057220459,0.44999998807907104,-37.31963283779471,1.8536883317210595e-06
grid-r011-c011,11,11,2.3999998569488525,2.40000057220459,0.44999998807907104,-37.03478370499446,1.9793455976468977e-06
grid-r011-c012,11,12,2.5999999046325684,2.40000057220459,0.44999998807907104,-36.821552333366874,2.0789534573850688e-06
grid-r011-c013,11,13,2.799999952316284,2.40000057220459,0.44999998807907104,-36.88337687076772,2.049567910944461e-06
grid-r011-c014,11,14,3.0,2.40000057220459,0.44999998807907104,-36.87862511935972,2.0518116343737347e-06
grid-r011-c015,11,15,3.200000047683716,2.40000057220459,0.44999998807907104,-36.9406743579044,2.0227050754328957e-06
grid-r011-c016,11,16,3.3999998569488525,2.40000057220459,0.44999998807907104,-37.023983752118426,1.9842739220621297e-06
grid-r011-c017,11,17,3.5999999046325684,2.40000057220459,0.44999998807907104,-36.98362543119981,2.0027994196425425e-06
grid-r011-c018,11,18,3.799999952316284,2.40000057220459,0.44999998807907104,-36.66387532188186,2.1558198568527587e-06
grid-r011-c019,11,19,4.0,2.40000057220459,0.44999998807907104,-36.54068295343067,2.217847622887348e-06
grid-r011-c020,11,20,4.199999809265137,2.40000057220459,0.44999998807907104,-36.61867200249709,2.178375780204078e-06
grid-r011-c021,11,21,4.400000095367432,2.40000057220459,0.44999998807907104,-36.37627007855082,2.3034192508930573e-06
grid-r011-c022,11,22,4.599999904632568,2.40000057220459,0.44999998807907104,-36.268953893715604,2.361046881560469e-06
grid-r011-c023,11,23,4.800000190734863,2.40000057220459,0.44999998807907104,-36.2424028822364,2.375525582465343e-06
grid-r011-c024,11,24,5.0,2.40000057220459,0.44999998807907104,-36.42701977608929,2.2766591882827925e-06
grid-r011-c025,11,25,5.199999809265137,2.40000057220459,0.44999998807907104,-36.51953316531387,2.2286747025646036e-06
grid-r011-c026,11,26,5.400000095367432,2.40000057220459,0.44999998807907104,-36.60502673156242,2.185230869145016e-06
grid-r011-c027,11,27,5.599999904632568,2.40000057220459,0.44999998807907104,-36.554913360017814,2.2105923562776297e-06
grid-r011-c028,11,28,5.800000190734863,2.40000057220459,0.44999998807907104,-36.47571151331786,2.2512765553983627e-06
grid-r011-c029,11,29,6.0,2.40000057220459,0.44999998807907104,-36.42669361811312,2.2768301732867258e-06
grid-r011-c030,11,30,6.199999809265137,2.40000057220459,0.44999998807907104,-36.38549902899417,2.2985295800026506e-06
grid-r011-c031,11,31,6.400000095367432,2.40000057220459,0.44999998807907104,-36.419098292477976,2.2808155790698947e-06
grid-r011-c032,11,32,6.599999904632568,2.40000057220459,0.44999998807907104,-36.40636237859384,2.2875140075484524e-06
grid-r011-c033,11,33,6.800000190734863,2.40000057220459,0.44999998807907104,-36.4666011370784,2.2560041088581784e-06
grid-r011-c034,11,34,7.0,2.40000057220459,0.44999998807907104,-36.47924828897972,2.2494439235742902e-06
grid-r011-c035,11,35,7.199999809265137,2.40000057220459,0.44999998807907104,-36.545150102573835,2.215567519670003e-06
grid-r011-c036,11,36,7.400000095367432,2.40000057220459,0.44999998807907104,-36.59287585940238,2.191353360103676e-06
grid-r011-c037,11,37,7.599999904632568,2.40000057220459,0.44999998807907104,-36.73402519519104,2.1212774754530983e-06
grid-r011-c038,11,38,7.800000190734863,2.40000057220459,0.44999998807907104,-36.797046364206366,2.090717543978826e-06
grid-r011-c039,11,39,8.0,2.40000057220459,0.44999998807907104,-36.86743994720449,2.057102847174974e-06
grid-r011-c040,11,40,8.199999809265137,2.40000057220459,0.44999998807907104,-36.93036229565966,2.027513573921169e-06
grid-r011-c041,11,41,8.399999618530273,2.40000057220459,0.44999998807907104,-36.99535651596966,1.997396793740336e-06
grid-r011-c042,11,42,8.600000381469727,2.40000057220459,0.44999998807907104,-37.04186819886952,1.9761193925660336e-06
grid-r011-c043,11,43,8.800000190734863,2.40000057220459,0.44999998807907104,-37.09570867832265,1.9517722193995724e-06
grid-r011-c044,11,44,9.0,2.40000057220459,0.44999998807907104,-37.16581951732895,1.920516524478444e-06
grid-r011-c045,11,45,9.199999809265137,2.40000057220459,0.44999998807907104,-37.262115559376284,1.8784015765049844e-06
grid-r011-c046,11,46,9.399999618530273,2.40000057220459,0.44999998807907104,-37.36709002578067,1.8335425693294383e-06
grid-r011-c047,11,47,9.600000381469727,2.40000057220459,0.44999998807907104,-37.43350715296765,1.8057153283734806e-06
grid-r011-c048,11,48,9.800000190734863,2.40000057220459,0.44999998807907104,-37.50592352308036,1.7758555941327359e-06
grid-r011-c049,11,49,10.0,2.40000057220459,0.44999998807907104,-37.55544559190567,1.7557207456775359e-06
grid-r011-c050,11,50,10.200000762939453,2.40000057220459,0.44999998807907104,-37.52041759342934,1.7699387626635144e-06
grid-r011-c051,11,51,10.399999618530273,2.40000057220459,0.44999998807907104,-37.56069173862216,1.753601168275054e-06
grid-r011-c052,11,52,10.600000381469727,2.40000057220459,0.44999998807907104,-37.65405228368884,1.716306201160478e-06
grid-r011-c053,11,53,10.800000190734863,2.40000057220459,0.44999998807907104,-37.73686753626982,1.6838881720104837e-06
grid-r011-c054,11,54,11.0,2.40000057220459,0.44999998807907104,-37.856680587017344,1.638068056308839e-06
grid-r011-c055,11,55,11.200000762939453,2.40000057220459,0.44999998807907104,-37.977092926973874,1.5932748738123337e-06
grid-r011-c056,11,56,11.399999618530273,2.40000057220459,0.44999998807907104,-38.430183875149915,1.4354286577145103e-06
grid-r011-c057,11,57,11.600000381469727,2.40000057220459,0.44999998807907104,-38.95501217905628,1.272034182875359e-06
grid-r012-c000,12,0,0.19999980926513672,2.6000003814697266,0.44999998807907104,-37.08138247800994,1.9582212189561687e-06
grid-r012-c001,12,1,0.40000009536743164,2.6000003814697266,0.44999998807907104,-37.08478258538336,1.9566887203836814e-06
grid-r012-c002,12,2,0.5999999046325684,2.6000003814697266,0.44999998807907104,-37.16328180330035,1.921639068314107e-06
grid-r012-c003,12,3,0.7999997138977051,2.6000003814697266,0.44999998807907104,-37.24643028953875,1.885198003037658e-06
grid-r012-c004,12,4,1.0,2.6000003814697266,0.44999998807907104,-37.32714969801931,1.850482703957823e-06
grid-r012-c005,12,5,1.1999998092651367,2.6000003814697266,0.44999998807907104,-37.465476872036504,1.792471721273614e-06
grid-r012-c006,12,6,1.4000000953674316,2.6000003814697266,0.44999998807907104,-37.49131971792566,1.7818372270994587e-06
grid-r012-c007,12,7,1.5999999046325684,2.6000003814697266,0.44999998807907104,-36.980938671201926,2.0040388335473835e-06
grid-r012-c008,12,8,1.799999713897705,2.6000003814697266,0.44999998807907104,-37.06720993615653,1.964622015293571e-06
grid-r012-c009,12,9,2.0,2.6000003814697266,0.44999998807907104,-37.125517266012665,1.9384217466722475e-06
grid-r012-c010,12,10,2.200000047683716,2.6000003814697266,0.44999998807907104,-37.60182688813007,1.7370699652019539e-06
grid-r012-c011,12,11,2.3999998569488525,2.6000003814697266,0.44999998807907104,-38.359877799446906,1.4588553085559397e-06
grid-r012-c012,12,12,2.5999999046325684,2.6000003814697266,0.44999998807907104,-37.85096141818862,1.6402266282966593e-06
grid-r012-c013,12,13,2.799999952316284,2.6000003814697266,0.44999998807907104,-37.56294504685029,1.7526915598864434e-06
grid-r012-c014,12,14,3.0,2.6000003814697266,0.44999998807907104,-37.17955772773166,1.914450876938645e-06
grid-r012-c015,12,15,3.200000047683716,2.6000003814697266,0.44999998807907104,-37.25010369779529,1.883604113572801e-06
grid-r012-c016,12,16,3.3999998569488525,2.6000003814697266,0.44999998807907104,-37.23689969308463,1.8893396145358565e-06
grid-r012-c017,12,17,3.5999999046325684,2.6000003814697266,0.44999998807907104,-37.26179121602772,1.8785418660627329e-06
grid-r012-c018,12,18,3.799999952316284,2.6000003814697266,0.44999998807907104,-37.257189150392065,1.8805335457727779e-06
grid-r012-c019,12,19,4.0,2.6000003814697266,0.44999998807907104,-37.33427708982962,1.8474482885721955e-06
grid-r012-c020,12,20,4.199999809265137,2.6000003814697266,0.44999998807907104,-37.389963254920026,1.8239111341245007e-06
grid-r012-c021,12,21,4.400000095367432,2.6000003814697266,0.44999998807907104,-36.87751353249884,2.0523368675640086e-06
grid-r012-c022,12,22,4.599999904632568,2.6000003814697266,0.44999998807907104,-36.40056922937071,2.2905674086359795e-06
grid-r012-c023,12,23,4.800000190734863,2.6000003814697266,0.44999998807907104,-36.24565267931335,2.3737486571917543e-06
grid-r012-c024,12,24,5.0,2.6000003814697266,0.44999998807907104,-36.20016579390629,2.398741344222799e-06
grid-r012-c025,12,25,5.199999809265137,2.6000003814697266,0.44999998807907104,-36.17101646668128,2.4148955617420143e-06
grid-r012-c026,12,26,5.400000095367432,2.6000003814697266,0.44999998807907104,-36.129730382848784,2.4379621663683793e-06
grid-r012-c027,12,27,5.599999904632568,2.6000003814697266,0.44999998807907104,-36.278008484216926,2.3561294710816583e-06
grid-r012-c028,12,28,5.800000190734863,2.6000003814697266,0.44999998807907104,-36.46285597083708,2.2579504275199724e-06
grid-r012-c029,12,29,6.0,2.6000003814697266,0.44999998807907104,-36.61375550716916,2.180843239329988e-06
grid-r012-c030,12,30,6.199999809265137,2.6000003814697266,0.44999998807907104,-36.56250629761426,2.2067308691475773e-06
grid-r012-c031,12,31,6.400000095367432,2.6000003814697266,0.44999998807907104,-36.51789143757574,2.2295173494057963e-06
grid-r012-c032,12,32,6.599999904632568,2.6000003814697266,0.44999998807907104,-36.53558529319668,2.2204524157132255e-06
grid-r012-c033,12,33,6.800000190734863,2.6000003814697266,0.44999998807907104,-36.59082241133538,2.1923897293163463e-06
grid-r012-c034,12,34,7.0,2.6000003814697266,0.44999998807907104,-36.60897437810807,2.183245442211046e-06
grid-r012-c035,12,35,7.199999809265137,2.6000003814697266,0.44999998807907104,-36.695952032161216,2.139955768143409e-06
grid-r012-c036,12,36,7.400000095367432,2.6000003814697266,0.44999998807907104,-36.762885069230755,2.1072278286737856e-06
grid-r012-c037,12,37,7.599999904632568,2.6000003814697266,0.44999998807907104,-36.86043044673803,2.0604256860679016e-06
grid-r012-c038,12,38,7.800000190734863,2.6000003814697266,0.44999998807907104,-36.879818828090336,2.0512477476586355e-06
grid-r012-c039,12,39,8.0,2.6000003814697266,0.44999998807907104,-36.90879544921322,2.037607146121445e-06
grid-r012-c040,12,40,8.199999809265137,2.6000003814697266,0.44999998807907104,-36.96516368613512,2.0113313894398743e-06
grid-r012-c041,12,41,8.399999618530273,2.6000003814697266,0.44999998807907104,-37.024108166073965,1.984217078643269e-06
grid-r012-c042,12,42,8.600000381469727,2.6000003814697266,0.44999998807907104,-37.07803491444349,1.9597312075347872e-06
grid-r012-c043,12,43,8.800000190734863,2.6000003814697266,0.44999998807907104,-37.16489256836453,1.920926479215268e-06
grid-r012-c044,12,44,9.0,2.6000003814697266,0.44999998807907104,-37.217741785163234,1.897692413876939e-06
grid-r012-c045,12,45,9.199999809265137,2.6000003814697266,0.44999998807907104,-37.32509091158286,1.8513601389713585e-06
grid-r012-c046,12,46,9.399999618530273,2.6000003814697266,0.44999998807907104,-37.398914016858676,1.820155944187718e-06
grid-r012-c047,12,47,9.600000381469727,2.6000003814697266,0.44999998807907104,-37.504734842654415,1.7763417190508335e-06
grid-r012-c048,12,48,9.800000190734863,2.6000003814697266,0.44999998807907104,-37.5358775010854,1.7636493794270791e-06
grid-r012-c049,12,49,10.0,2.6000003814697266,0.44999998807907104,-37.517080883840194,1.7712991393636912e-06
grid-r012-c050,12,50,10.200000762939453,2.6000003814697266,0.44999998807907104,-37.56130134857994,1.7533550362713868e-06
grid-r012-c051,12,51,10.399999618530273,2.6000003814697266,0.44999998807907104,-37.59517435515603,1.7397328520019073e-06
grid-r012-c052,12,52,10.600000381469727,2.6000003814697266,0.44999998807907104,-37.72133168191084,1.689922669356747e-06
grid-r012-c053,12,53,10.800000190734863,2.6000003814697266,0.44999998807907104,-37.84669750287975,1.64183779816085e-06
grid-r012-c054,12,54,11.0,2.6000003814697266,0.44999998807907104,-37.977182485329536,1.5932420183162321e-06
grid-r012-c055,12,55,11.200000762939453,2.6000003814697266,0.44999998807907104,-38.05716578929412,1.5641680874978192e-06
grid-r012-c056,12,56,11.399999618530273,2.6000003814697266,0.44999998807907104,-38.01781370797562,1.5784056586198858e-06
grid-r012-c057,12,57,11.600000381469727,2.6000003814697266,0.44999998807907104,-38.045129872151506,1.5685089920225437e-06
grid-r013-c000,13,0,0.19999980926513672,2.8000001907348633,0.44999998807907104,-37.10736690532907,1.9465398963802727e-06
grid-r013-c001,13,1,0.40000009536743164,2.8000001907348633,0.44999998807907104,-37.10249706145356,1.948723820532905e-06
grid-r013-c002,13,2,0.5999999046325684,2.8000001907348633,0.44999998807907104,-37.154676856460114,1.9254503058618866e-06
grid-r013-c003,13,3,0.7999997138977051,2.8000001907348633,0.44999998807907104,-37.274545314509936,1.873033170340932e-06
grid-r013-c004,13,4,1.0,2.8000001907348633,0.44999998807907104,-37.35434730750654,1.8389303022559034e-06
grid-r013-c005,13,5,1.1999998092651367,2.8000001907348633,0.44999998807907104,-37.469012053710145,1.7910132328324835e-06
grid-r013-c006,13,6,1.4000000953674316,2.8000001907348633,0.44999998807907104,-37.601101013219996,1.737360321385495e-06
grid-r013-c007,13,7,1.5999999046325684,2.8000001907348633,0.44999998807907104,-37.59224170803159,1.7409080328434356e-06
grid-r013-c008,13,8,1.799999713897705,2.8000001907348633,0.44999998807907104,-37.32684047099441,1.8506144670027425e-06
grid-r013-c009,13,9,2.0,2.8000001907348633,0.44999998807907104,-37.27775506630634,1.8716493741521845e-06
grid-r013-c010,13,10,2.200000047683716,2.8000001907348633,0.44999998807907104,-37.38877747310446,1.824409196160559e-06
grid-r013-c011,13,11,2.3999998569488525,2.8000001907348633,0.44999998807907104,-37.53263212055902,1.7649678056841367e-06
grid-r013-c012,13,12,2.5999999046325684,2.8000001907348633,0.44999998807907104,-37.950555778548235,1.6030402321121073e-06
grid-r013-c013,13,13,2.799999952316284,2.8000001907348633,0.44999998807907104,-38.38891912676448,1.449132469133474e-06
grid-r013-c014,13,14,3.0,2.8000001907348633,0.44999998807907104,-38.51436971226666,1.4078715366849792e-06
grid-r013-c015,13,15,3.200000047683716,2.8000001907348633,0.44999998807907104,-38.08421013000631,1.5544579810011783e-06
grid-r013-c016,13,16,3.3999998569488525,2.8000001907348633,0.44999998807907104,-37.61762321987451,1.730763301566185e-06
grid-r013-c017,13,17,3.5999999046325684,2.8000001907348633,0.44999998807907104,-37.26450998364679,1.8773662304738536e-06
grid-r013-c018,13,18,3.799999952316284,2.8000001907348633,0.44999998807907104,-37.23966096899015,1.888138740469003e-06
grid-r013-c019,13,19,4.0,2.8000001907348633,0.44999998807907104,-37.225228058484845,1.8944240309792804e-06
grid-r013-c020,13,20,4.199999809265137,2.8000001907348633,0.44999998807907104,-37.583145717679905,1.7445580624553259e-06
grid-r013-c021,13,21,4.400000095367432,2.8000001907348633,0.44999998807907104,-37.58943942960215,1.742031713547476e-06
grid-r013-c022,13,22,4.599999904632568,2.8000001907348633,0.44999998807907104,-37.190706055687116,1.909542788780527e-06
grid-r013-c023,13,23,4.800000190734863,2.8000001907348633,0.44999998807907104,-36.764748668591054,2.1063237909402233e-06
grid-r013-c024,13,24,5.0,2.8000001907348633,0.44999998807907104,-36.37744186837192,2.302797838638071e-06
grid-r013-c025,13,25,5.199999809265137,2.8000001907348633,0.44999998807907104,-36.2240050114721,2.385610287092277e-06
grid-r013-c026,13,26,5.400000095367432,2.8000001907348633,0.44999998807907104,-36.205318744809496,2.395896899543004e-06
grid-r013-c027,13,27,5.599999904632568,2.8000001907348633,0.44999998807907104,-36.137825754757344,2.433421968817129e-06
grid-r013-c028,13,28,5.800000190734863,2.8000001907348633,0.44999998807907104,-36.06567180117831,2.4741887045820476e-06
grid-r013-c029,13,29,6.0,2.8000001907348633,0.44999998807907104,-36.140753337361176,2.431782149869832e-06
grid-r013-c030,13,30,6.199999809265137,2.8000001907348633,0.44999998807907104,-36.36489020699942,2.3094628431863384e-06
grid-r013-c031,13,31,6.400000095367432,2.8000001907348633,0.44999998807907104,-36.565219778221945,2.2053525299270405e-06
grid-r013-c032,13,32,6.599999904632568,2.8000001907348633,0.44999998807907104,-36.72254188076724,2.1268938326102216e-06
grid-r013-c033,13,33,6.800000190734863,2.8000001907348633,0.44999998807907104,-36.67997762075348,2.147841541955131e-06
grid-r013-c034,13,34,7.0,2.8000001907348633,0.44999998807907104,-36.6761978178155,2.1497116904356517e-06
grid-r013-c035,13,35,7.199999809265137,2.8000001907348633,0.44999998807907104,-36.70608054813598,2.1349708276829915e-06
grid-r013-c036,13,36,7.400000095367432,2.8000001907348633,0.44999998807907104,-36.90019029049327,2.041648485828773e-06
grid-r013-c037,13,37,7.599999904632568,2.8000001907348633,0.44999998807907104,-36.89795392163359,2.042700089077698e-06
grid-r013-c038,13,38,7.800000190734863,2.8000001907348633,0.44999998807907104,-36.98411012201355,2.002575911319582e-06
grid-r013-c039,13,39,8.0,2.8000001907348633,0.44999998807907104,-37.02064332613154,1.985800736292731e-06
grid-r013-c040,13,40,8.199999809265137,2.8000001907348633,0.44999998807907104,-37.06739540934022,1.9645381144073326e-06
grid-r013-c041,13,41,8.399999618530273,2.8000001907348633,0.44999998807907104,-37.140787462971346,1.9316180441819597e-06
grid-r013-c042,13,42,8.600000381469727,2.8000001907348633,0.44999998807907104,-37.226881261538566,1.8937030290544499e-06
grid-r013-c043,13,43,8.800000190734863,2.8000001907348633,0.44999998807907104,-37.249711841825714,1.8837740753951948e-06
grid-r013-c044,13,44,9.0,2.8000001907348633,0.44999998807907104,-37.333314284850125,1.8478579022485064e-06
grid-r013-c045,13,45,9.199999809265137,2.8000001907348633,0.44999998807907104,-37.390468413484385,1.8236989944853121e-06
grid-r013-c046,13,46,9.399999618530273,2.8000001907348633,0.44999998807907104,-37.4919107987614,1.7815947330745985e-06
grid-r013-c047,13,47,9.600000381469727,2.8000001907348633,0.44999998807907104,-37.54736872758723,1.758989014888357e-06
grid-r013-c048,13,48,9.800000190734863,2.8000001907348633,0.44999998807907104,-37.60444775479539,1.736021999931836e-06
grid-r013-c049,13,49,10.0,2.8000001907348633,0.44999998807907104,-37.5970066687022,1.7389990034644143e-06
grid-r013-c050,13,50,10.200000762939453,2.8000001907348633,0.44999998807907104,-37.692365997622794,1.7012314401654294e-06
grid-r013-c051,13,51,10.399999618530273,2.8000001907348633,0.44999998807907104,-37.818327692913016,1.6525980299775256e-06
grid-r013-c052,13,52,10.600000381469727,2.8000001907348633,0.44999998807907104,-37.837286108163816,1.6453996067866683e-06
grid-r013-c053,13,53,10.800000190734863,2.8000001907348633,0.44999998807907104,-37.83886206356226,1.644802637201792e-06
grid-r013-c054,13,54,11.0,2.8000001907348633,0.44999998807907104,-37.83020751873476,1.648083639338438e-06
grid-r013-c055,13,55,11.200000762939453,2.8000001907348633,0.44999998807907104,-37.86585353630569,1.6346118627552642e-06
grid-r013-c056,13,56,11.399999618530273,2.8000001907348633,0.44999998807907104,-37.93483624501185,1.6088530401248136e-06
grid-r013-c057,13,57,11.600000381469727,2.8000001907348633,0.44999998807907104,-38.04710651235601,1.5677952660553274e-06
grid-r014-c000,14,0,0.19999980926513672,3.000000476837158,0.44999998807907104,-37.146727747498076,1.928977781062713e-06
grid-r014-c001,14,1,0.40000009536743164,3.000000476837158,0.44999998807907104,-37.18536176102917,1.9118940599582857e-06
grid-r014-c002,14,2,0.5999999046325684,3.000000476837158,0.44999998807907104,-37.28489532512343,1.8685747136260034e-06
grid-r014-c003,14,3,0.7999997138977051,3.000000476837158,0.44999998807907104,-37.363191260885,1.8351893231738359e-06
grid-r014-c004,14,4,1.0,3.000000476837158,0.44999998807907104,-37.423586170264684,1.8098450027537183e-06
grid-r014-c005,14,5,1.1999998092651367,3.000000476837158,0.44999998807907104,-37.53527312861845,1.76389482930972e-06
grid-r014-c006,14,6,1.4000000953674316,3.000000476837158,0.44999998807907104,-37.531302710220416,1.7655081592238275e-06
grid-r014-c007,14,7,1.5999999046325684,3.000000476837158,0.44999998807907104,-37.522372122433445,1.7691423863652744e-06
grid-r014-c008,14,8,1.799999713897705,3.000000476837158,0.44999998807907104,-37.57953764675396,1.7460080243836273e-06
grid-r014-c009,14,9,2.0,3.000000476837158,0.44999998807907104,-37.66675522720053,1.7112934074248187e-06
grid-r014-c010,14,10,2.200000047683716,3.000000476837158,0.44999998807907104,-37.492271084394275,1.7814469401855604e-06
grid-r014-c011,14,11,2.3999998569488525,3.000000476837158,0.44999998807907104,-37.27965877950966,1.870829123618023e-06
grid-r014-c012,14,12,2.5999999046325684,3.000000476837158,0.44999998807907104,-37.47476697460648,1.7886414980239351e-06
grid-r014-c013,14,13,2.799999952316284,3.000000476837158,0.44999998807907104,-37.707057212850444,1.6954862758211675e-06
grid-r014-c014,14,14,3.0,3.000000476837158,0.44999998807907104,-38.30949513447986,1.4758780935153482e-06
grid-r014-c015,14,15,3.200000047683716,3.000000476837158,0.44999998807907104,-38.44039991502796,1.4320560239866609e-06
grid-r014-c016,14,16,3.3999998569488525,3.000000476837158,0.44999998807907104,-38.46068510393967,1.4253827202992397e-06
grid-r014-c017,14,17,3.5999999046325684,3.000000476837158,0.44999998807907104,-38.368911703685384,1.4558238490280928e-06
grid-r014-c018,14,18,3.799999952316284,3.000000476837158,0.44999998807907104,-37.8439043992741,1.6428940625701216e-06
grid-r014-c019,14,19,4.0,3.000000476837158,0.44999998807907104,-37.35944302720388,1.8367738903179998e-06
grid-r014-c020,14,20,4.199999809265137,3.000000476837158,0.44999998807907104,-37.41883349914645,1.8118266780220438e-06
grid-r014-c021,14,21,4.400000095367432,3.000000476837158,0.44999998807907104,-37.58589324473948,1.7434547316952376e-06
grid-r014-c022,14,22,4.599999904632568,3.000000476837158,0.44999998807907104,-37.3942928481273,1.822093736336683e-06
grid-r014-c023,14,23,4.800000190734863,3.000000476837158,0.44999998807907104,-37.20533140550343,1.9031230067412253e-06
grid-r014-c024,14,24,5.0,3.000000476837158,0.44999998807907104,-37.11785725025804,1.941843720487668e-06
grid-r014-c025,14,25,5.199999809265137,3.000000476837158,0.44999998807907104,-36.8780524481727,2.052082209047512e-06
grid-r014-c026,14,26,5.400000095367432,3.000000476837158,0.44999998807907104,-36.55322203697561,2.2114534203865333e-06
grid-r014-c027,14,27,5.599999904632568,3.000000476837158,0.44999998807907104,-36.28646130013021,2.3515481188951526e-06
grid-r014-c028,14,28,5.800000190734863,3.000000476837158,0.44999998807907104,-36.22506603899856,2.385027528362116e-06
grid-r014-c029,14,29,6.0,3.000000476837158,0.44999998807907104,-36.15698864119045,2.422708348603919e-06
grid-r014-c030,14,30,6.199999809265137,3.000000476837158,0.44999998807907104,-36.188439384622264,2.4052269509411417e-06
grid-r014-c031,14,31,6.400000095367432,3.000000476837158,0.44999998807907104,-36.20082985592739,2.398374590484309e-06
grid-r014-c032,14,32,6.599999904632568,3.000000476837158,0.44999998807907104,-36.20905691420582,2.3938355298014358e-06
grid-r014-c033,14,33,6.800000190734863,3.000000476837158,0.44999998807907104,-36.46587460236759,2.256381549159414e-06
grid-r014-c034,14,34,7.0,3.000000476837158,0.44999998807907104,-36.67485947644234,2.1503742573258933e-06
grid-r014-c035,14,35,7.199999809265137,3.000000476837158,0.44999998807907104,-36.8939516421042,2.0445834252313944e-06
grid-r014-c036,14,36,7.400000095367432,3.000000476837158,0.44999998807907104,-36.97755633884461,2.0056002085766522e-06
grid-r014-c037,14,37,7.599999904632568,3.000000476837158,0.44999998807907104,-37.03469141173634,1.9793876617768547e-06
grid-r014-c038,14,38,7.800000190734863,3.000000476837158,0.44999998807907104,-37.07634673735786,1.9604931367211975e-06
grid-r014-c039,14,39,8.0,3.000000476837158,0.44999998807907104,-37.17071099605663,1.9183546555723296e-06
grid-r014-c040,14,40,8.199999809265137,3.000000476837158,0.44999998807907104,-37.20705231566305,1.9023690356334555e-06
grid-r014-c041,14,41,8.399999618530273,3.000000476837158,0.44999998807907104,-37.247655636308046,1.8846661760107963e-06
grid-r014-c042,14,42,8.600000381469727,3.000000476837158,0.44999998807907104,-37.29123700891262,1.8658481621969258e-06
grid-r014-c043,14,43,8.800000190734863,3.000000476837158,0.44999998807907104,-37.37652586375343,1.8295631889486685e-06
grid-r014-c044,14,44,9.0,3.000000476837158,0.44999998807907104,-37.4230465945148,1.8100698753187316e-06
grid-r014-c045,14,45,9.199999809265137,3.000000476837158,0.44999998807907104,-37.48958268857818,1.7825500435719732e-06
grid-r014-c046,14,46,9.399999618530273,3.000000476837158,0.44999998807907104,-37.60781757051477,1.7346754930258612e-06
grid-r014-c047,14,47,9.600000381469727,3.000000476837158,0.44999998807907104,-37.710313241827514,1.694215598035953e-06
grid-r014-c048,14,48,9.800000190734863,3.000000476837158,0.44999998807907104,-37.677425242236005,1.7070941566998954e-06
grid-r014-c049,14,49,10.0,3.000000476837158,0.44999998807907104,-37.68818213427711,1.7028711454258882e-06
grid-r014-c050,14,50,10.200000762939453,3.000000476837158,0.44999998807907104,-37.67189529652741,1.7092692132791854e-06
grid-r014-c051,14,51,10.399999618530273,3.000000476837158,0.44999998807907104,-37.71135987273993,1.6938073486016947e-06
grid-r014-c052,14,52,10.600000381469727,3.000000476837158,0.44999998807907104,-37.747485090970514,1.679776460150606e-06
grid-r014-c053,14,53,10.800000190734863,3.000000476837158,0.44999998807907104,-37.819495416914926,1.6521537418157095e-06
grid-r014-c054,14,54,11.0,3.000000476837158,0.44999998807907104,-37.8690573613666,1.6334064412149019e-06
grid-r014-c055,14,55,11.200000762939453,3.000000476837158,0.44999998807907104,-37.97036181561059,1.5957461982907262e-06
grid-r014-c056,14,56,11.399999618530273,3.000000476837158,0.44999998807907104,-38.082638167768,1.5550207308479003e-06
grid-r014-c057,14,57,11.600000381469727,3.000000476837158,0.44999998807907104,-38.195155754129395,1.5152504602156114e-06
grid-r015-c000,15,0,0.19999980926513672,3.200000286102295,0.44999998807907104,-37.21949312854173,1.8969273014590726e-06
grid-r015-c001,15,1,0.40000009536743164,3.200000286102295,0.44999998807907104,-37.21108843786928,1.9006018874279107e-06
grid-r015-c002,15,2,0.5999999046325684,3.200000286102295,0.44999998807907104,-37.31488050307811,1.8557178691480658e-06
grid-r015-c003,15,3,0.7999997138977051,3.200000286102295,0.44999998807907104,-37.371896633267426,1.8315143961444846e-06
grid-r015-c004,15,4,1.0,3.200000286102295,0.44999998807907104,-37.44486795254132,1.8009978930422221e-06
grid-r015-c005,15,5,1.1999998092651367,3.200000286102295,0.44999998807907104,-37.551589029832414,1.7572805290910765e-06
grid-r015-c006,15,6,1.4000000953674316,3.200000286102295,0.44999998807907104,-37.458725343416404,1.7952604594029253e-06
grid-r015-c007,15,7,1.5999999046325684,3.200000286102295,0.44999998807907104,-37.42109535209231,1.8108833046426298e-06
grid-r015-c008,15,8,1.799999713897705,3.200000286102295,0.44999998807907104,-37.659901168838815,1.7139963119916501e-06
grid-r015-c009,15,9,2.0,3.200000286102295,0.44999998807907104,-37.65785353720772,1.7148046254078508e-06
grid-r015-c010,15,10,2.200000047683716,3.200000286102295,0.44999998807907104,-37.9280087812485,1.6113842775666853e-06
grid-r015-c011,15,11,2.3999998569488525,3.200000286102295,0.44999998807907104,-37.39648664628738,1.8211735550721642e-06
grid-r015-c012,15,12,2.5999999046325684,3.200000286102295,0.44999998807907104,-37.42233799169975,1.8103652337231324e-06
grid-r015-c013,15,13,2.799999952316284,3.200000286102295,0.44999998807907104,-37.566892631898554,1.7510991483504768e-06
grid-r015-c014,15,14,3.0,3.200000286102295,0.44999998807907104,-37.61999417929659,1.729818677631556e-06
grid-r015-c015,15,15,3.200000047683716,3.200000286102295,0.44999998807907104,-37.89640047751257,1.6231548443101929e-06
grid-r015-c016,15,16,3.3999998569488525,3.200000286102295,0.44999998807907104,-38.27058070331327,1.489161945755768e-06
grid-r015-c017,15,17,3.5999999046325684,3.200000286102295,0.44999998807907104,-38.34293404463115,1.4645580677097314e-06
grid-r015-c018,15,18,3.799999952316284,3.200000286102295,0.44999998807907104,-38.308308025326355,1.4762815681024222e-06
grid-r015-c019,15,19,4.0,3.200000286102295,0.44999998807907104,-38.29938249303073,1.4793187119721551e-06
grid-r015-c020,15,20,4.199999809265137,3.200000286102295,0.44999998807907104,-38.216300019073344,1.507891170149378e-06
grid-r015-c021,15,21,4.400000095367432,3.200000286102295,0.44999998807907104,-38.06251784006875,1.5622416640326264e-06
grid-r015-c022,15,22,4.599999904632568,3.200000286102295,0.44999998807907104,-37.57659999365528,1.7471894580012304e-06
grid-r015-c023,15,23,4.800000190734863,3.200000286102295,0.44999998807907104,-37.21834595786671,1.8974284330397495e-06
grid-r015-c024,15,24,5.0,3.200000286102295,0.44999998807907104,-37.16204560971526,1.9221861293772236e-06
grid-r015-c025,15,25,5.199999809265137,3.200000286102295,0.44999998807907104,-37.07999797454459,1.958845587068936e-06
grid-r015-c026,15,26,5.400000095367432,3.200000286102295,0.44999998807907104,-37.02201848450546,1.9851720480801305e-06
grid-r015-c027,15,27,5.599999904632568,3.200000286102295,0.44999998807907104,-36.960013686969795,2.0137179035373265e-06
grid-r015-c028,15,28,5.800000190734863,3.200000286102295,0.44999998807907104,-36.66340767893849,2.1560520053753862e-06
grid-r015-c029,15,29,6.0,3.200000286102295,0.44999998807907104,-36.38395313771889,2.299347897860571e-06
grid-r015-c030,15,30,6.199999809265137,3.200000286102295,0.44999998807907104,-36.22979185577002,2.3824336494726595e-06
grid-r015-c031,15,31,6.400000095367432,3.200000286102295,0.44999998807907104,-36.28176405265813,2.3540928850707132e-06
grid-r015-c032,15,32,6.599999904632568,3.200000286102295,0.44999998807907104,-36.324466453109196,2.331059477000963e-06
grid-r015-c033,15,33,6.800000190734863,3.200000286102295,0.44999998807907104,-36.36390860300562,2.309984893145156e-06
grid-r015-c034,15,34,7.0,3.200000286102295,0.44999998807907104,-36.41074267333026,2.285207983732107e-06
grid-r015-c035,15,35,7.199999809265137,3.200000286102295,0.44999998807907104,-36.553016639898594,2.211558012277237e-06
grid-r015-c036,15,36,7.400000095367432,3.200000286102295,0.44999998807907104,-36.82188246036102,2.0787954326806357e-06
grid-r015-c037,15,37,7.599999904632568,3.200000286102295,0.44999998807907104,-37.060304313265284,1.9677484033309156e-06
grid-r015-c038,15,38,7.800000190734863,3.200000286102295,0.44999998807907104,-37.243879597004145,1.886305540210742e-06
grid-r015-c039,15,39,8.0,3.200000286102295,0.44999998807907104,-37.24852181245279,1.8842903273252887e-06
grid-r015-c040,15,40,8.199999809265137,3.200000286102295,0.44999998807907104,-37.2896361048604,1.8665360812519793e-06
grid-r015-c041,15,41,8.399999618530273,3.200000286102295,0.44999998807907104,-37.35503818899821,1.8386377860224457e-06
grid-r015-c042,15,42,8.600000381469727,3.200000286102295,0.44999998807907104,-37.41666216032303,1.812732762118685e-06
grid-r015-c043,15,43,8.800000190734863,3.200000286102295,0.44999998807907104,-37.4869593462105,1.7836271126725478e-06
grid-r015-c044,15,44,9.0,3.200000286102295,0.44999998807907104,-37.57547543699994,1.7476419316153624e-06
grid-r015-c045,15,45,9.199999809265137,3.200000286102295,0.44999998807907104,-37.64827992704503,1.7185889191750903e-06
grid-r015-c046,15,46,9.399999618530273,3.200000286102295,0.44999998807907104,-37.66563044867659,1.7117366724050953e-06
grid-r015-c047,15,47,9.600000381469727,3.200000286102295,0.44999998807907104,-37.628988133395936,1.726240043353755e-06
grid-r015-c048,15,48,9.800000190734863,3.200000286102295,0.44999998807907104,-37.5574193286058,1.7549230051372433e-06
grid-r015-c049,15,49,10.0,3.200000286102295,0.44999998807907104,-37.620548226992526,1.7295980114795384e-06
grid-r015-c050,15,50,10.200000762939453,3.200000286102295,0.44999998807907104,-37.69091077555586,1.7018015796566033e-06
grid-r015-c051,15,51,10.399999618530273,3.200000286102295,0.44999998807907104,-37.7288757862981,1.686989662630367e-06
grid-r015-c052,15,52,10.600000381469727,3.200000286102295,0.44999998807907104,-37.80895574805364,1.6561681377424975e-06
grid-r015-c053,15,53,10.800000190734863,3.200000286102295,0.44999998807907104,-37.85181428233332,1.639904553485394e-06
grid-r015-c054,15,54,11.0,3.200000286102295,0.44999998807907104,-37.94221884598073,1.6061204632933368e-06
grid-r015-c055,15,55,11.200000762939453,3.200000286102295,0.44999998807907104,-38.038298221048315,1.5709782701378572e-06
grid-r015-c056,15,56,11.399999618530273,3.200000286102295,0.44999998807907104,-38.16837556580407,1.5246229168042191e-06
grid-r015-c057,15,57,11.600000381469727,3.200000286102295,0.44999998807907104,-38.38546330553453,1.4502860494758352e-06
grid-r016-c000,16,0,0.19999980926513672,3.40000057220459,0.44999998807907104,-37.26111106731024,1.8788360875987564e-06
grid-r016-c001,16,1,0.40000009536743164,3.40000057220459,0.44999998807907104,-37.25330198747008,1.8822174752131104e-06
grid-r016-c002,16,2,0.5999999046325684,3.40000057220459,0.44999998807907104,-37.32348467971533,1.8520449884817936e-06
grid-r016-c003,16,3,0.7999997138977051,3.40000057220459,0.44999998807907104,-37.37348716405971,1.8308437574887648e-06
grid-r016-c004,16,4,1.0,3.40000057220459,0.44999998807907104,-37.48000079910773,1.7864872461359482e-06
grid-r016-c005,16,5,1.1999998092651367,3.40000057220459,0.44999998807907104,-37.484984163086914,1.784438495633367e-06
grid-r016-c006,16,6,1.4000000953674316,3.40000057220459,0.44999998807907104,-37.38170523775445,1.8273825617143302e-06
grid-r016-c007,16,7,1.5999999046325684,3.40000057220459,0.44999998807907104,-37.414978145184804,1.8134358015231555e-06
grid-r016-c008,16,8,1.799999713897705,3.40000057220459,0.44999998807907104,-37.67156312281598,1.7093999531425652e-06
grid-r016-c009,16,9,2.0,3.40000057220459,0.44999998807907104,-37.69383999765145,1.700654138403479e-06
grid-r016-c010,16,10,2.200000047683716,3.40000057220459,0.44999998807907104,-37.70593272112851,1.6959253343884484e-06
grid-r016-c011,16,11,2.3999998569488525,3.40000057220459,0.44999998807907104,-37.72686734600603,1.6877700090844883e-06
grid-r016-c012,16,12,2.5999999046325684,3.40000057220459,0.44999998807907104,-37.76462497105638,1.6731601135688834e-06
grid-r016-c013,16,13,2.799999952316284,3.40000057220459,0.44999998807907104,-37.58465982748092,1.743949951560353e-06
grid-r016-c014,16,14,3.0,3.40000057220459,0.44999998807907104,-37.55463351783929,1.756049073264876e-06
grid-r016-c015,16,15,3.200000047683716,3.40000057220459,0.44999998807907104,-37.53713774402036,1.7631376749704941e-06
grid-r016-c016,16,16,3.3999998569488525,3.40000057220459,0.44999998807907104,-37.605997477000834,1.7354026340399287e-06
grid-r016-c017,16,17,3.5999999046325684,3.40000057220459,0.44999998807907104,-37.93314624171852,1.6094792272269842e-06
grid-r016-c018,16,18,3.799999952316284,3.40000057220459,0.44999998807907104,-38.213902223062334,1.5087239262356889e-06
grid-r016-c019,16,19,4.0,3.40000057220459,0.44999998807907104,-38.19083916023761,1.5167572655627737e-06
grid-r016-c020,16,20,4.199999809265137,3.40000057220459,0.44999998807907104,-38.18200441012954,1.5198459095699945e-06
grid-r016-c021,16,21,4.400000095367432,3.40000057220459,0.44999998807907104,-38.64171900333694,1.3671875649379217e-06
grid-r016-c022,16,22,4.599999904632568,3.40000057220459,0.44999998807907104,-38.65447702916852,1.363177148050454e-06
grid-r016-c023,16,23,4.800000190734863,3.40000057220459,0.44999998807907104,-38.043407421422366,1.569131200085394e-06
grid-r016-c024,16,24,5.0,3.40000057220459,0.44999998807907104,-37.54294725953316,1.7607807194508496e-06
grid-r016-c025,16,25,5.199999809265137,3.40000057220459,0.44999998807907104,-37.16154064931207,1.9224096377001842e-06
grid-r016-c026,16,26,5.400000095367432,3.40000057220459,0.44999998807907104,-37.092903159132966,1.953033461177256e-06
grid-r016-c027,16,27,5.599999904632568,3.40000057220459,0.44999998807907104,-37.07320185869743,1.961913312698016e-06
grid-r016-c028,16,28,5.800000190734863,3.40000057220459,0.44999998807907104,-37.10891646281422,1.945845497175469e-06
grid-r016-c029,16,29,6.0,3.40000057220459,0.44999998807907104,-37.110625473207214,1.9450799300102517e-06
grid-r016-c030,16,30,6.199999809265137,3.40000057220459,0.44999998807907104,-36.963265090866685,2.0122108708164888e-06
grid-r016-c031,16,31,6.400000095367432,3.40000057220459,0.44999998807907104,-36.647931536180074,2.163748831662815e-06
grid-r016-c032,16,32,6.599999904632568,3.40000057220459,0.44999998807907104,-36.50011146100648,2.2386636828741757e-06
grid-r016-c033,16,33,6.800000190734863,3.40000057220459,0.44999998807907104,-36.50012822278409,2.238655042674509e-06
grid-r016-c034,16,34,7.0,3.40000057220459,0.44999998807907104,-36.52245046835602,2.2271781290328363e-06
grid-r016-c035,16,35,7.199999809265137,3.40000057220459,0.44999998807907104,-36.68136169042651,2.147157147192047e-06
grid-r016-c036,16,36,7.400000095367432,3.40000057220459,0.44999998807907104,-36.73597145405726,2.1203270534897456e-06
grid-r016-c037,16,37,7.599999904632568,3.40000057220459,0.44999998807907104,-36.7283459902325,2.1240532532829093e-06
grid-r016-c038,16,38,7.800000190734863,3.40000057220459,0.44999998807907104,-36.778652915183926,2.0995910290366737e-06
grid-r016-c039,16,39,8.0,3.40000057220459,0.44999998807907104,-37.06349409975887,1.9663036709971493e-06
grid-r016-c040,16,40,8.199999809265137,3.40000057220459,0.44999998807907104,-37.341233635525484,1.844491407609894e-06
grid-r016-c041,16,41,8.399999618530273,3.40000057220459,0.44999998807907104,-37.55822967263212,1.754595587044605e-06
grid-r016-c042,16,42,8.600000381469727,3.40000057220459,0.44999998807907104,-37.61765802301147,1.730749431771983e-06
grid-r016-c043,16,43,8.800000190734863,3.40000057220459,0.44999998807907104,-37.63380276741606,1.7243273759959266e-06
grid-r016-c044,16,44,9.0,3.40000057220459,0.44999998807907104,-37.596144207017645,1.7393443840774125e-06
grid-r016-c045,16,45,9.199999809265137,3.40000057220459,0.44999998807907104,-37.61116636066433,1.7333384221274173e-06
grid-r016-c046,16,46,9.399999618530273,3.40000057220459,0.44999998807907104,-37.64819086765192,1.718624162094784e-06
grid-r016-c047,16,47,9.600000381469727,3.40000057220459,0.44999998807907104,-37.55822038658376,1.7545993387102499e-06
grid-r016-c048,16,48,9.800000190734863,3.40000057220459,0.44999998807907104,-37.60080916271437,1.737477077767835e-06
grid-r016-c049,16,49,10.0,3.40000057220459,0.44999998807907104,-37.664652165756664,1.712122298158647e-06
grid-r016-c050,16,50,10.200000762939453,3.40000057220459,0.44999998807907104,-37.762379608666706,1.6740253840907826e-06
grid-r016-c051,16,51,10.399999618530273,3.40000057220459,0.44999998807907104,-37.807289878902026,1.6568035334785236e-06
grid-r016-c052,16,52,10.600000381469727,3.40000057220459,0.44999998807907104,-37.87765981659473,1.6301742107316386e-06
grid-r016-c053,16,53,10.800000190734863,3.40000057220459,0.44999998807907104,-37.97498093880618,1.594049876985082e-06
grid-r016-c054,16,54,11.0,3.40000057220459,0.44999998807907104,-38.04183977634715,1.569697701597761e-06
grid-r016-c055,16,55,11.200000762939453,3.40000057220459,0.44999998807907104,-38.103999710112156,1.5473908661078895e-06
grid-r016-c056,16,56,11.399999618530273,3.40000057220459,0.44999998807907104,-38.327054295024716,1.4699229495818145e-06
grid-r016-c057,16,57,11.600000381469727,3.40000057220459,0.44999998807907104,-38.401668496311316,1.4448845604420057e-06
grid-r017-c000,17,0,0.19999980926513672,3.6000003814697266,0.44999998807907104,-37.321201408171945,1.8530189436205546e-06
grid-r017-c001,17,1,0.40000009536743164,3.6000003814697266,0.44999998807907104,-37.332101395638226,1.8483740404917626e-06
grid-r017-c002,17,2,0.5999999046325684,3.6000003814697266,0.44999998807907104,-37.361637575352205,1.835845978348516e-06
grid-r017-c003,17,3,0.7999997138977051,3.6000003814697266,0.44999998807907104,-37.415631631094485,1.8131629531126237e-06
grid-r017-c004,17,4,1.0,3.6000003814697266,0.44999998807907104,-37.520519692654794,1.7698971532809082e-06
grid-r017-c005,17,5,1.1999998092651367,3.6000003814697266,0.44999998807907104,-37.3912820426279,1.8233573655379587e-06
grid-r017-c006,17,6,1.4000000953674316,3.6000003814697266,0.44999998807907104,-37.29202034669829,1.8655116491572699e-06
grid-r017-c007,17,7,1.5999999046325684,3.6000003814697266,0.44999998807907104,-37.602683656198856,1.736727313073061e-06
grid-r017-c008,17,8,1.799999713897705,3.6000003814697266,0.44999998807907104,-37.51721356711226,1.7712450244289357e-06
grid-r017-c009,17,9,2.0,3.6000003814697266,0.44999998807907104,-37.719940324589174,1.6904641597648151e-06
grid-r017-c010,17,10,2.200000047683716,3.6000003814697266,0.44999998807907104,-37.553423280655984,1.7565384951012675e-06
grid-r017-c011,17,11,2.3999998569488525,3.6000003814697266,0.44999998807907104,-37.74984480917402,1.6788640095910523e-06
grid-r017-c012,17,12,2.5999999046325684,3.6000003814697266,0.44999998807907104,-37.94451518234566,1.6052714499892318e-06
grid-r017-c013,17,13,2.799999952316284,3.6000003814697266,0.44999998807907104,-37.95422498669471,1.6016864492485183e-06
grid-r017-c014,17,14,3.0,3.6000003814697266,0.44999998807907104,-37.66006651905784,1.713931055746798e-06
grid-r017-c015,17,15,3.200000047683716,3.6000003814697266,0.44999998807907104,-37.51785808638707,1.7709821804601233e-06
grid-r017-c016,17,16,3.3999998569488525,3.6000003814697266,0.44999998807907104,-37.51921015923791,1.7704309129840112e-06
grid-r017-c017,17,17,3.5999999046325684,3.6000003814697266,0.44999998807907104,-37.48778710348841,1.7832871890277602e-06
grid-r017-c018,17,18,3.799999952316284,3.6000003814697266,0.44999998807907104,-37.57842929168835,1.746453676787496e-06
grid-r017-c019,17,19,4.0,3.6000003814697266,0.44999998807907104,-37.90075033886161,1.6215299183386378e-06
grid-r017-c020,17,20,4.199999809265137,3.6000003814697266,0.44999998807907104,-38.027460420309666,1.5749035355838714e-06
grid-r017-c021,17,21,4.400000095367432,3.6000003814697266,0.44999998807907104,-38.44227761523851,1.4314369991552667e-06
grid-r017-c022,17,22,4.599999904632568,3.6000003814697266,0.44999998807907104,-38.55597581461038,1.3944483043815126e-06
grid-r017-c023,17,23,4.800000190734863,3.6000003814697266,0.44999998807907104,-38.47018548336054,1.4222680420061806e-06
grid-r017-c024,17,24,5.0,3.6000003814697266,0.44999998807907104,-38.261138077037806,1.492403271186049e-06
grid-r017-c025,17,25,5.199999809265137,3.6000003814697266,0.44999998807907104,-38.22522096123605,1.5047969554871088e-06
grid-r017-c026,17,26,5.400000095367432,3.6000003814697266,0.44999998807907104,-37.83927032656503,1.6446480231024907e-06
grid-r017-c027,17,27,5.599999904632568,3.6000003814697266,0.44999998807907104,-37.41496943270357,1.8134394395019626e-06
grid-r017-c028,17,28,5.800000190734863,3.6000003814697266,0.44999998807907104,-37.192797293379456,1.90862351701071e-06
grid-r017-c029,17,29,6.0,3.6000003814697266,0.44999998807907104,-37.23183734130592,1.8915432065114146e-06
grid-r017-c030,17,30,6.199999809265137,3.6000003814697266,0.44999998807907104,-37.23326537007785,1.8909213395090774e-06
grid-r017-c031,17,31,6.400000095367432,3.6000003814697266,0.44999998807907104,-37.255365855044474,1.8813232145475922e-06
grid-r017-c032,17,32,6.599999904632568,3.6000003814697266,0.44999998807907104,-37.21872900838643,1.8972610860146233e-06
grid-r017-c033,17,33,6.800000190734863,3.6000003814697266,0.44999998807907104,-36.97909818231109,2.0048883015988395e-06
grid-r017-c034,17,34,7.0,3.6000003814697266,0.44999998807907104,-36.82611077920676,2.0767724890902173e-06
grid-r017-c035,17,35,7.199999809265137,3.6000003814697266,0.44999998807907104,-36.78993350317487,2.0941445200151065e-06
grid-r017-c036,17,36,7.400000095367432,3.6000003814697266,0.44999998807907104,-36.81895209508541,2.080198555631796e-06
grid-r017-c037,17,37,7.599999904632568,3.6000003814697266,0.44999998807907104,-36.890394097738806,2.0462589418457355e-06
grid-r017-c038,17,38,7.800000190734863,3.6000003814697266,0.44999998807907104,-36.93936034000188,2.023317165367189e-06
grid-r017-c039,17,39,8.0,3.6000003814697266,0.44999998807907104,-36.9856592271536,2.0018617306050146e-06
grid-r017-c040,17,40,8.199999809265137,3.6000003814697266,0.44999998807907104,-36.99715395608106,1.9965702904300997e-06
grid-r017-c041,17,41,8.399999618530273,3.6000003814697266,0.44999998807907104,-37.04177675431875,1.9761610019486398e-06
grid-r017-c042,17,42,8.600000381469727,3.6000003814697266,0.44999998807907104,-37.26269412819527,1.8781513517751591e-06
grid-r017-c043,17,43,8.800000190734863,3.6000003814697266,0.44999998807907104,-37.541663184220646,1.7613014051676146e-06
grid-r017-c044,17,44,9.0,3.6000003814697266,0.44999998807907104,-37.72406164974038,1.6888607206055894e-06
grid-r017-c045,17,45,9.199999809265137,3.6000003814697266,0.44999998807907104,-37.7407258627496,1.6823928490339313e-06
grid-r017-c046,17,46,9.399999618530273,3.6000003814697266,0.44999998807907104,-37.66319524421589,1.7126967577496544e-06
grid-r017-c047,17,47,9.600000381469727,3.6000003814697266,0.44999998807907104,-37.61923872171583,1.7301196066910052e-06
grid-r017-c048,17,48,9.800000190734863,3.6000003814697266,0.44999998807907104,-37.69929303573267,1.6985201227726066e-06
grid-r017-c049,17,49,10.0,3.6000003814697266,0.44999998807907104,-37.756709272180444,1.676212491474871e-06
grid-r017-c050,17,50,10.200000762939453,3.6000003814697266,0.44999998807907104,-37.822839868314844,1.6508819271621178e-06
grid-r017-c051,17,51,10.399999618530273,3.6000003814697266,0.44999998807907104,-37.86069304671361,1.6365553392461152e-06
grid-r017-c052,17,52,10.600000381469727,3.6000003814697266,0.44999998807907104,-38.00241436031615,1.5840123523958027e-06
grid-r017-c053,17,53,10.800000190734863,3.6000003814697266,0.44999998807907104,-38.03714588907583,1.5713951597717823e-06
grid-r017-c054,17,54,11.0,3.6000003814697266,0.44999998807907104,-38.137570550983256,1.5354756897068e-06
grid-r017-c055,17,55,11.200000762939453,3.6000003814697266,0.44999998807907104,-38.32073672914064,1.4720627632414107e-06
grid-r017-c056,17,56,11.399999618530273,3.6000003814697266,0.44999998807907104,-38.39965149192773,1.4455557675319142e-06
grid-r017-c057,17,57,11.600000381469727,3.6000003814697266,0.44999998807907104,-38.436810233138026,1.4332401860883692e-06
grid-r018-c000,18,0,0.19999980926513672,3.8000006675720215,0.44999998807907104,-37.38204001279132,1.8272417037223931e-06
grid-r018-c001,18,1,0.40000009536743164,3.8000006675720215,0.44999998807907104,-37.39268465847687,1.8227685814053984e-06
grid-r018-c002,18,2,0.5999999046325684,3.8000006675720215,0.44999998807907104,-37.42119568811194,1.8108414678863483e-06
grid-r018-c003,18,3,0.7999997138977051,3.8000006675720215,0.44999998807907104,-37.47537375176211,1.788391614354623e-06
grid-r018-c004,18,4,1.0,3.8000006675720215,0.44999998807907104,-37.52066085018198,1.769839627741021e-06
grid-r018-c005,18,5,1.1999998092651367,3.8000006675720215,0.44999998807907104,-37.29175224931643,1.8656268139238819e-06
grid-r018-c006,18,6,1.4000000953674316,3.8000006675720215,0.44999998807907104,-37.34672859003416,1.842159122134035e-06
grid-r018-c007,18,7,1.5999999046325684,3.8000006675720215,0.44999998807907104,-37.6231315759345,1.728569486658671e-06
grid-r018-c008,18,8,1.799999713897705,3.8000006675720215,0.44999998807907104,-37.533525148902754,1.7646049172981293e-06
grid-r018-c009,18,9,2.0,3.8000006675720215,0.44999998807907104,-37.66772244079094,1.7109123291447759e-06
grid-r018-c010,18,10,2.200000047683716,3.8000006675720215,0.44999998807907104,-37.48375362187237,1.7849441746875527e-06
grid-r018-c011,18,11,2.3999998569488525,3.8000006675720215,0.44999998807907104,-37.76381236454157,1.6734732071199687e-06
grid-r018-c012,18,12,2.5999999046325684,3.8000006675720215,0.44999998807907104,-37.882473923394116,1.628368181627593e-06
grid-r018-c013,18,13,2.799999952316284,3.8000006675720215,0.44999998807907104,-37.87654599274768,1.6305923509207787e-06
grid-r018-c014,18,14,3.0,3.8000006675720215,0.44999998807907104,-37.92667214339777,1.6118802932396648e-06
grid-r018-c015,18,15,3.200000047683716,3.8000006675720215,0.44999998807907104,-37.7265329887559,1.687899953140004e-06
grid-r018-c016,18,16,3.3999998569488525,3.8000006675720215,0.44999998807907104,-37.45670852728874,1.7960943523576134e-06
grid-r018-c017,18,17,3.5999999046325684,3.8000006675720215,0.44999998807907104,-37.4590592326484,1.7951224435819313e-06
grid-r018-c018,18,18,3.799999952316284,3.8000006675720215,0.44999998807907104,-37.44438000077156,1.8012002556133666e-06
grid-r018-c019,18,19,4.0,3.8000006675720215,0.44999998807907104,-37.45409836806231,1.7971741499422933e-06
grid-r018-c020,18,20,4.199999809265137,3.8000006675720215,0.44999998807907104,-37.6489849971515,1.7183099316753214e-06
grid-r018-c021,18,21,4.400000095367432,3.8000006675720215,0.44999998807907104,-38.219360645697094,1.5068288803377072e-06
grid-r018-c022,18,22,4.599999904632568,3.8000006675720215,0.44999998807907104,-38.576304230202,1.3879364360036561e-06
grid-r018-c023,18,23,4.800000190734863,3.8000006675720215,0.44999998807907104,-38.59502087474403,1.3819677633364336e-06
grid-r018-c024,18,24,5.0,3.8000006675720215,0.44999998807907104,-38.3694102757388,1.455656729376642e-06
grid-r018-c025,18,25,5.199999809265137,3.8000006675720215,0.44999998807907104,-38.309148568093356,1.4759958730792277e-06
grid-r018-c026,18,26,5.400000095367432,3.8000006675720215,0.44999998807907104,-38.26458109305727,1.4912205870132311e-06
grid-r018-c027,18,27,5.599999904632568,3.8000006675720215,0.44999998807907104,-38.28431841176703,1.4844588349660626e-06
grid-r018-c028,18,28,5.800000190734863,3.8000006675720215,0.44999998807907104,-38.11564883923993,1.5432458440045593e-06
grid-r018-c029,18,29,6.0,3.8000006675720215,0.44999998807907104,-37.774904843550054,1.6692043800503598e-06
grid-r018-c030,18,30,6.199999809265137,3.8000006675720215,0.44999998807907104,-37.48675312354596,1.7837118093666504e-06
grid-r018-c031,18,31,6.400000095367432,3.8000006675720215,0.44999998807907104,-37.38152745811294,1.827457367653551e-06
grid-r018-c032,18,32,6.599999904632568,3.8000006675720215,0.44999998807907104,-37.423426036391064,1.8099117369274609e-06
grid-r018-c033,18,33,6.800000190734863,3.8000006675720215,0.44999998807907104,-37.3856028176619,1.8257433112012222e-06
grid-r018-c034,18,34,7.0,3.8000006675720215,0.44999998807907104,-37.55185595550901,1.757172526595241e-06
grid-r018-c035,18,35,7.199999809265137,3.8000006675720215,0.44999998807907104,-37.5493261592852,1.7581963902557618e-06
grid-r018-c036,18,36,7.400000095367432,3.8000006675720215,0.44999998807907104,-37.300795970870226,1.861745886344579e-06
grid-r018-c037,18,37,7.599999904632568,3.8000006675720215,0.44999998807907104,-37.0322196799658,1.9805145257123513e-06
grid-r018-c038,18,38,7.800000190734863,3.8000006675720215,0.44999998807907104,-37.002499739057974,1.994114199987962e-06
grid-r018-c039,18,39,8.0,3.8000006675720215,0.44999998807907104,-37.019411772714676,1.986363940886804e-06
grid-r018-c040,18,40,8.199999809265137,3.8000006675720215,0.44999998807907104,-37.052537444315796,1.9712706489372067e-06
grid-r018-c041,18,41,8.399999618530273,3.8000006675720215,0.44999998807907104,-37.06560484337465,1.965348246812937e-06
grid-r018-c042,18,42,8.600000381469727,3.8000006675720215,0.44999998807907104,-37.13075369602488,1.9360859369044192e-06
grid-r018-c043,18,43,8.800000190734863,3.8000006675720215,0.44999998807907104,-37.13935578691178,1.932254917846876e-06
grid-r018-c044,18,44,9.0,3.8000006675720215,0.44999998807907104,-37.281762409626396,1.8699231532082194e-06
grid-r018-c045,18,45,9.199999809265137,3.8000006675720215,0.44999998807907104,-37.51095204774535,1.77380059085408e-06
grid-r018-c046,18,46,9.399999618530273,3.8000006675720215,0.44999998807907104,-37.59018887045457,1.7417311255485401e-06
grid-r018-c047,18,47,9.600000381469727,3.8000006675720215,0.44999998807907104,-37.80105413402731,1.6591841358604142e-06
grid-r018-c048,18,48,9.800000190734863,3.8000006675720215,0.44999998807907104,-37.82992652021121,1.6481902775922208e-06
grid-r018-c049,18,49,10.0,3.8000006675720215,0.44999998807907104,-37.86881826952194,1.6334963675035397e-06
grid-r018-c050,18,50,10.200000762939453,3.8000006675720215,0.44999998807907104,-37.93012900619689,1.6105977920233272e-06
grid-r018-c051,18,51,10.399999618530273,3.8000006675720215,0.44999998807907104,-38.03943262549681,1.5705679743405199e-06
grid-r018-c052,18,52,10.600000381469727,3.8000006675720215,0.44999998807907104,-38.06661094591742,1.5607699879183201e-06
grid-r018-c053,18,53,10.800000190734863,3.8000006675720215,0.44999998807907104,-38.133265493050246,1.536998524898081e-06
grid-r018-c054,18,54,11.0,3.8000006675720215,0.44999998807907104,-38.255994691903716,1.4941717836336466e-06
grid-r018-c055,18,55,11.200000762939453,3.8000006675720215,0.44999998807907104,-38.409463808110324,1.4422934100366547e-06
grid-r018-c056,18,56,11.399999618530273,3.8000006675720215,0.44999998807907104,-38.40576448924843,1.443522478439263e-06
grid-r018-c057,18,57,11.600000381469727,3.8000006675720215,0.44999998807907104,-38.47417742166388,1.4209613254934084e-06
grid-r019-c000,19,0,0.19999980926513672,4.000000476837158,0.44999998807907104,-37.46352106925647,1.793279125195113e-06
grid-r019-c001,19,1,0.40000009536743164,4.000000476837158,0.44999998807907104,-37.49830143488674,1.7789750472729793e-06
grid-r019-c002,19,2,0.5999999046325684,4.000000476837158,0.44999998807907104,-37.46550414163495,1.7924604662766797e-06
grid-r019-c003,19,3,0.7999997138977051,4.000000476837158,0.44999998807907104,-37.579086353767096,1.746189468576631e-06
grid-r019-c004,19,4,1.0,4.000000476837158,0.44999998807907104,-37.48086482498954,1.7861318610812305e-06
grid-r019-c005,19,5,1.1999998092651367,4.000000476837158,0.44999998807907104,-37.228407552949776,1.8930376199932653e-06
grid-r019-c006,19,6,1.4000000953674316,4.000000476837158,0.44999998807907104,-37.59450719330666,1.7400001297573908e-06
grid-r019-c007,19,7,1.5999999046325684,4.000000476837158,0.44999998807907104,-37.48242581419981,1.7854899851954542e-06
grid-r019-c008,19,8,1.799999713897705,4.000000476837158,0.44999998807907104,-37.5681774206162,1.750581191117817e-06
grid-r019-c009,19,9,2.0,4.000000476837158,0.44999998807907104,-37.52180646021131,1.7693728295853361e-06
grid-r019-c010,19,10,2.200000047683716,4.000000476837158,0.44999998807907104,-37.450771027751145,1.7985515796681284e-06
grid-r019-c011,19,11,2.3999998569488525,4.000000476837158,0.44999998807907104,-37.753773557873785,1.6773459492469556e-06
grid-r019-c012,19,12,2.5999999046325684,4.000000476837158,0.44999998807907104,-37.78762442239788,1.6643227809254313e-06
grid-r019-c013,19,13,2.799999952316284,4.000000476837158,0.44999998807907104,-37.82375034463634,1.6505358644280932e-06
grid-r019-c014,19,14,3.0,4.000000476837158,0.44999998807907104,-37.84736455403704,1.6415856407547835e-06
grid-r019-c015,19,15,3.200000047683716,4.000000476837158,0.44999998807907104,-37.877877284813366,1.6300925835821545e-06
grid-r019-c016,19,16,3.3999998569488525,4.000000476837158,0.44999998807907104,-37.87811021201671,1.6300051584039466e-06
grid-r019-c017,19,17,3.5999999046325684,4.000000476837158,0.44999998807907104,-37.566621961065024,1.7512082877146895e-06
grid-r019-c018,19,18,3.799999952316284,4.000000476837158,0.44999998807907104,-37.4713435025088,1.7900520106195472e-06
grid-r019-c019,19,19,4.0,4.000000476837158,0.44999998807907104,-37.47258267154396,1.7895413293445017e-06
grid-r019-c020,19,20,4.199999809265137,4.000000476837158,0.44999998807907104,-37.44954876892721,1.7990578271565028e-06
grid-r019-c021,19,21,4.400000095367432,4.000000476837158,0.44999998807907104,-37.588421202281765,1.7424401903554099e-06
grid-r019-c022,19,22,4.599999904632568,4.000000476837158,0.44999998807907104,-38.270560478645706,1.4891688806528691e-06
grid-r019-c023,19,23,4.800000190734863,4.000000476837158,0.44999998807907104,-38.575852827688955,1.3880807046007249e-06
grid-r019-c024,19,24,5.0,4.000000476837158,0.44999998807907104,-38.52109777359431,1.4056921600058558e-06
grid-r019-c025,19,25,5.199999809265137,4.000000476837158,0.44999998807907104,-38.41660787890196,1.4399228120964835e-06
grid-r019-c026,19,26,5.400000095367432,4.000000476837158,0.44999998807907104,-38.38131906236701,1.4516706414724467e-06
grid-r019-c027,19,27,5.599999904632568,4.000000476837158,0.44999998807907104,-38.37315444695328,1.4544023088092217e-06
grid-r019-c028,19,28,5.800000190734863,4.000000476837158,0.44999998807907104,-38.37756445041907,1.4529261989082443e-06
grid-r019-c029,19,29,6.0,4.000000476837158,0.44999998807907104,-38.27887179360278,1.486321707488969e-06
grid-r019-c030,19,30,6.199999809265137,4.000000476837158,0.44999998807907104,-38.385250195202396,1.450357217436249e-06
grid-r019-c031,19,31,6.400000095367432,4.000000476837158,0.44999998807907104,-38.26838538473568,1.4899148936819984e-06
grid-r019-c032,19,32,6.599999904632568,4.000000476837158,0.44999998807907104,-37.98851737117452,1.5890891518210992e-06
grid-r019-c033,19,33,6.800000190734863,4.000000476837158,0.44999998807907104,-37.69432253801131,1.7004651908791857e-06
grid-r019-c034,19,34,7.0,4.000000476837158,0.44999998807907104,-37.73066584815156,1.6862944676176994e-06
grid-r019-c035,19,35,7.199999809265137,4.000000476837158,0.44999998807907104,-37.674674997487465,1.7081755459003034e-06
grid-r019-c036,19,36,7.400000095367432,4.000000476837158,0.44999998807907104,-37.729537569482076,1.6867326166902785e-06
grid-r019-c037,19,37,7.599999904632568,4.000000476837158,0.44999998807907104,-37.714711021052885,1.6925008594625979e-06
grid-r019-c038,19,38,7.800000190734863,4.000000476837158,0.44999998807907104,-37.504491920419255,1.7764410813470022e-06
grid-r019-c039,19,39,8.0,4.000000476837158,0.44999998807907104,-37.26844141579771,1.8756675217446173e-06
grid-r019-c040,19,40,8.199999809265137,4.000000476837158,0.44999998807907104,-37.18112345907607,1.9137607978336746e-06
grid-r019-c041,19,41,8.399999618530273,4.000000476837158,0.44999998807907104,-37.20279928531734,1.9042329313379014e-06
grid-r019-c042,19,42,8.600000381469727,4.000000476837158,0.44999998807907104,-37.23301053564395,1.8910322978626937e-06
grid-r019-c043,19,43,8.800000190734863,4.000000476837158,0.44999998807907104,-37.2800802686273,1.8706475657381816e-06
grid-r019-c044,19,44,9.0,4.000000476837158,0.44999998807907104,-37.30708338143038,1.8590525314721162e-06
grid-r019-c045,19,45,9.199999809265137,4.000000476837158,0.44999998807907104,-37.241285930931916,1.8874324041462387e-06
grid-r019-c046,19,46,9.399999618530273,4.000000476837158,0.44999998807907104,-37.279301192452266,1.8709831692831358e-06
grid-r019-c047,19,47,9.600000381469727,4.000000476837158,0.44999998807907104,-37.390841228949974,1.8235424477097695e-06
grid-r019-c048,19,48,9.800000190734863,4.000000476837158,0.44999998807907104,-37.59363132653107,1.7403510810254375e-06
grid-r019-c049,19,49,10.0,4.000000476837158,0.44999998807907104,-37.94573948925933,1.6048189763750997e-06
grid-r019-c050,19,50,10.200000762939453,4.000000476837158,0.44999998807907104,-38.14405112452151,1.5331861504819244e-06
grid-r019-c051,19,51,10.399999618530273,4.000000476837158,0.44999998807907104,-38.11593166944482,1.5431453448400134e-06
grid-r019-c052,19,52,10.600000381469727,4.000000476837158,0.44999998807907104,-38.13883154040424,1.5350299236160936e-06
grid-r019-c053,19,53,10.800000190734863,4.000000476837158,0.44999998807907104,-38.1991263517337,1.513865754532162e-06
grid-r019-c054,19,54,11.0,4.000000476837158,0.44999998807907104,-38.41391565259079,1.4408157085199491e-06
grid-r019-c055,19,55,11.200000762939453,4.000000476837158,0.44999998807907104,-38.438595742789694,1.4326510608952958e-06
grid-r019-c056,19,56,11.399999618530273,4.000000476837158,0.44999998807907104,-38.51004707458294,1.4092735227677622e-06
grid-r019-c057,19,57,11.600000381469727,4.000000476837158,0.44999998807907104,-38.51287565137456,1.408355956300511e-06
grid-r020-c000,20,0,0.19999980926513672,4.200000762939453,0.44999998807907104,-37.514407733612565,1.7723897371979547e-06
grid-r020-c001,20,1,0.40000009536743164,4.200000762939453,0.44999998807907104,-37.57287424981466,1.7486889873907785e-06
grid-r020-c002,20,2,0.5999999046325684,4.200000762939453,0.44999998807907104,-37.589224031802246,1.7421181155441445e-06
grid-r020-c003,20,3,0.7999997138977051,4.200000762939453,0.44999998807907104,-37.62984856066077,1.7258980733458884e-06
grid-r020-c004,20,4,1.0,4.200000762939453,0.44999998807907104,-37.3124546969411,1.856754693108087e-06
grid-r020-c005,20,5,1.1999998092651367,4.200000762939453,0.44999998807907104,-37.38100199700657,1.8276784885529196e-06
grid-r020-c006,20,6,1.4000000953674316,4.200000762939453,0.44999998807907104,-37.64337891809778,1.7205294398081605e-06
grid-r020-c007,20,7,1.5999999046325684,4.200000762939453,0.44999998807907104,-37.4041071397649,1.8179807739215903e-06
grid-r020-c008,20,8,1.799999713897705,4.200000762939453,0.44999998807907104,-37.551111695235775,1.7574736830283655e-06
grid-r020-c009,20,9,2.0,4.200000762939453,0.44999998807907104,-37.40726872078346,1.8166578001910239e-06
grid-r020-c010,20,10,2.200000047683716,4.200000762939453,0.44999998807907104,-37.554081349216226,1.7562723542141612e-06
grid-r020-c011,20,11,2.3999998569488525,4.200000762939453,0.44999998807907104,-37.76753555031823,1.6720391613489483e-06
grid-r020-c012,20,12,2.5999999046325684,4.200000762939453,0.44999998807907104,-37.789432339490894,1.6636300870231935e-06
grid-r020-c013,20,13,2.799999952316284,4.200000762939453,0.44999998807907104,-37.841143725127296,1.6439387309219455e-06
grid-r020-c014,20,14,3.0,4.200000762939453,0.44999998807907104,-37.855287075044686,1.6385937442464638e-06
grid-r020-c015,20,15,3.200000047683716,4.200000762939453,0.44999998807907104,-37.86785931403564,1.6338570958396303e-06
grid-r020-c016,20,16,3.3999998569488525,4.200000762939453,0.44999998807907104,-37.88940868924448,1.625770096325141e-06
grid-r020-c017,20,17,3.5999999046325684,4.200000762939453,0.44999998807907104,-37.953653202270345,1.601897338332492e-06
grid-r020-c018,20,18,3.799999952316284,4.200000762939453,0.44999998807907104,-37.719015142017255,1.6908243196667172e-06
grid-r020-c019,20,19,4.0,4.200000762939453,0.44999998807907104,-37.49684515231709,1.7795716757973423e-06
grid-r020-c020,20,20,4.199999809265137,4.200000762939453,0.44999998807907104,-37.498759399038036,1.7787874639907386e-06
grid-r020-c021,20,21,4.400000095367432,4.200000762939453,0.44999998807907104,-37.501209911303526,1.7777840639610076e-06
grid-r020-c022,20,22,4.599999904632568,4.200000762939453,0.44999998807907104,-37.93932647713922,1.6071904838099726e-06
grid-r020-c023,20,23,4.800000190734863,4.200000762939453,0.44999998807907104,-38.08545698949117,1.554011760163121e-06
grid-r020-c024,20,24,5.0,4.200000762939453,0.44999998807907104,-38.472337979111266,1.4215632972991443e-06
grid-r020-c025,20,25,5.199999809265137,4.200000762939453,0.44999998807907104,-38.48200802005809,1.4184015526552685e-06
grid-r020-c026,20,26,5.400000095367432,4.200000762939453,0.44999998807907104,-38.50141783198861,1.4120764717517886e-06
grid-r020-c027,20,27,5.599999904632568,4.200000762939453,0.44999998807907104,-38.497027371236534,1.4135047194940853e-06
grid-r020-c028,20,28,5.800000190734863,4.200000762939453,0.44999998807907104,-38.51871807052824,1.4064626157050952e-06
grid-r020-c029,20,29,6.0,4.200000762939453,0.44999998807907104,-38.53408143980312,1.401495978825551e-06
grid-r020-c030,20,30,6.199999809265137,4.200000762939453,0.44999998807907104,-38.470043155544154,1.4223146536096465e-06
grid-r020-c031,20,31,6.400000095367432,4.200000762939453,0.44999998807907104,-38.5617088425324,1.392608737660339e-06
grid-r020-c032,20,32,6.599999904632568,4.200000762939453,0.44999998807907104,-38.52684505531532,1.403833152835432e-06
grid-r020-c033,20,33,6.800000190734863,4.200000762939453,0.44999998807907104,-38.66207999169926,1.3607927940029185e-06
grid-r020-c034,20,34,7.0,4.200000762939453,0.44999998807907104,-38.47793724029729,1.4197316886566114e-06
grid-r020-c035,20,35,7.199999809265137,4.200000762939453,0.44999998807907104,-38.107289355452345,1.5462192095583305e-06
grid-r020-c036,20,36,7.400000095367432,4.200000762939453,0.44999998807907104,-37.79540384105631,1.661344185777125e-06
grid-r020-c037,20,37,7.599999904632568,4.200000762939453,0.44999998807907104,-37.86367146619487,1.6354333638446406e-06
grid-r020-c038,20,38,7.800000190734863,4.200000762939453,0.44999998807907104,-37.877366342627695,1.6302843732773908e-06
grid-r020-c039,20,39,8.0,4.200000762939453,0.44999998807907104,-37.93757883693548,1.6078373619166086e-06
grid-r020-c040,20,40,8.199999809265137,4.200000762939453,0.44999998807907104,-37.85431393113393,1.6389609527323046e-06
grid-r020-c041,20,41,8.399999618530273,4.200000762939453,0.44999998807907104,-37.614147164302125,1.7321491441180115e-06
grid-r020-c042,20,42,8.600000381469727,4.200000762939453,0.44999998807907104,-37.410322726319976,1.815380755942897e-06
grid-r020-c043,20,43,8.800000190734863,4.200000762939453,0.44999998807907104,-37.39297233330613,1.822647845983738e-06
grid-r020-c044,20,44,9.0,4.200000762939453,0.44999998807907104,-37.422850476159894,1.8101516161550535e-06
grid-r020-c045,20,45,9.199999809265137,4.200000762939453,0.44999998807907104,-37.3160853980987,1.8552030951468623e-06
grid-r020-c046,20,46,9.399999618530273,4.200000762939453,0.44999998807907104,-37.392267265889,1.8229437728223274e-06
grid-r020-c047,20,47,9.600000381469727,4.200000762939453,0.44999998807907104,-37.41814683550102,1.8121131688531023e-06
grid-r020-c048,20,48,9.800000190734863,4.200000762939453,0.44999998807907104,-37.501929835021635,1.7774893876776332e-06
grid-r020-c049,20,49,10.0,4.200000762939453,0.44999998807907104,-37.57276837128623,1.748731619954924e-06
grid-r020-c050,20,50,10.200000762939453,4.200000762939453,0.44999998807907104,-37.618489387395144,1.7304181483268621e-06
grid-r020-c051,20,51,10.399999618530273,4.200000762939453,0.44999998807907104,-37.862150765409375,1.636006118133082e-06
grid-r020-c052,20,52,10.600000381469727,4.200000762939453,0.44999998807907104,-38.15271793046997,1.530129566162941e-06
grid-r020-c053,20,53,10.800000190734863,4.200000762939453,0.44999998807907104,-38.55318838914762,1.3953435882285703e-06
grid-r020-c054,20,54,11.0,4.200000762939453,0.44999998807907104,-38.524466771488136,1.404602130605781e-06
grid-r020-c055,20,55,11.200000762939453,4.200000762939453,0.44999998807907104,-38.502068933213316,1.411864786859951e-06
grid-r020-c056,20,56,11.399999618530273,4.200000762939453,0.44999998807907104,-38.523193075803015,1.4050141317056841e-06
grid-r020-c057,20,57,11.600000381469727,4.200000762939453,0.44999998807907104,-38.61108375043328,1.3768658391200006e-06
grid-r021-c000,21,0,0.19999980926513672,4.40000057220459,0.44999998807907104,-37.55184527816695,1.7571768466950743e-06
grid-r021-c001,21,1,0.40000009536743164,4.40000057220459,0.44999998807907104,-37.59267139559664,1.7407357972842874e-06
grid-r021-c002,21,2,0.5999999046325684,4.40000057220459,0.44999998807907104,-37.611516451321634,1.7331987010038574e-06
grid-r021-c003,21,3,0.7999997138977051,4.40000057220459,0.44999998807907104,-37.5675425927341,1.7508371001895284e-06
grid-r021-c004,21,4,1.0,4.40000057220459,0.44999998807907104,-37.241767546991284,1.8872231066779932e-06
grid-r021-c005,21,5,1.1999998092651367,4.40000057220459,0.44999998807907104,-37.666093421744336,1.7115542050305521e-06
grid-r021-c006,21,6,1.4000000953674316,4.40000057220459,0.44999998807907104,-37.555610387240336,1.755654125190631e-06
grid-r021-c007,21,7,1.5999999046325684,4.40000057220459,0.44999998807907104,-37.54277957924036,1.760848704179807e-06
grid-r021-c008,21,8,1.799999713897705,4.40000057220459,0.44999998807907104,-37.58333194537773,1.744483256516105e-06
grid-r021-c009,21,9,2.0,4.40000057220459,0.44999998807907104,-37.361885815698415,1.8357410453972989e-06
grid-r021-c010,21,10,2.200000047683716,4.40000057220459,0.44999998807907104,-37.73382067000121,1.6850699466885999e-06
grid-r021-c011,21,11,2.3999998569488525,4.40000057220459,0.44999998807907104,-37.7467509174247,1.6800604498712346e-06
grid-r021-c012,21,12,2.5999999046325684,4.40000057220459,0.44999998807907104,-37.77065817830404,1.670837377787393e-06
grid-r021-c013,21,13,2.799999952316284,4.40000057220459,0.44999998807907104,-37.819610772097754,1.652109858696349e-06
grid-r021-c014,21,14,3.0,4.40000057220459,0.44999998807907104,-37.85267935941225,1.6395779312006198e-06
grid-r021-c015,21,15,3.200000047683716,4.40000057220459,0.44999998807907104,-37.86221384066426,1.6359823575839982e-06
grid-r021-c016,21,16,3.3999998569488525,4.40000057220459,0.44999998807907104,-37.89782398174897,1.6226229035964934e-06
grid-r021-c017,21,17,3.5999999046325684,4.40000057220459,0.44999998807907104,-37.92332117573156,1.6131244819916901e-06
grid-r021-c018,21,18,3.799999952316284,4.40000057220459,0.44999998807907104,-37.96466225084536,1.5978417877704487e-06
grid-r021-c019,21,19,4.0,4.40000057220459,0.44999998807907104,-37.903065365594195,1.6206657846851158e-06
grid-r021-c020,21,20,4.199999809265137,4.40000057220459,0.44999998807907104,-37.61204662605236,1.7329871297988575e-06
grid-r021-c021,21,21,4.400000095367432,4.40000057220459,0.44999998807907104,-37.55847702650107,1.7544956563142478e-06
grid-r021-c022,21,22,4.599999904632568,4.40000057220459,0.44999998807907104,-37.84694410137959,1.6417445749539183e-06
grid-r021-c023,21,23,4.800000190734863,4.40000057220459,0.44999998807907104,-38.05161036424248,1.5661702263969346e-06
grid-r021-c024,21,24,5.0,4.40000057220459,0.44999998807907104,-38.1113149470123,1.5447866417162004e-06
grid-r021-c025,21,25,5.199999809265137,4.40000057220459,0.44999998807907104,-38.25349034066044,1.4950336435504141e-06
grid-r021-c026,21,26,5.400000095367432,4.40000057220459,0.44999998807907104,-38.57022792803206,1.3898796851208317e-06
grid-r021-c027,21,27,5.599999904632568,4.40000057220459,0.44999998807907104,-38.62949455954829,1.371041321363009e-06
grid-r021-c028,21,28,5.800000190734863,4.40000057220459,0.44999998807907104,-38.586790032439694,1.384589381814294e-06
grid-r021-c029,21,29,6.0,4.40000057220459,0.44999998807907104,-38.56001305373948,1.3931526154919993e-06
grid-r021-c030,21,30,6.199999809265137,4.40000057220459,0.44999998807907104,-38.51267477602707,1.4084210988585255e-06
grid-r021-c031,21,31,6.400000095367432,4.40000057220459,0.44999998807907104,-38.553864993916385,1.3951262189948466e-06
grid-r021-c032,21,32,6.599999904632568,4.40000057220459,0.44999998807907104,-38.640070024969916,1.3677067727257963e-06
grid-r021-c033,21,33,6.800000190734863,4.40000057220459,0.44999998807907104,-38.84822011542365,1.3037009694016888e-06
grid-r021-c034,21,34,7.0,4.40000057220459,0.44999998807907104,-38.90237759351159,1.287544478145719e-06
grid-r021-c035,21,35,7.199999809265137,4.40000057220459,0.44999998807907104,-38.90995506343138,1.2852999589085812e-06
grid-r021-c036,21,36,7.400000095367432,4.40000057220459,0.44999998807907104,-38.8583588732929,1.3006609833610128e-06
grid-r021-c037,21,37,7.599999904632568,4.40000057220459,0.44999998807907104,-38.481008760000165,1.4187279475663672e-06
grid-r021-c038,21,38,7.800000190734863,4.40000057220459,0.44999998807907104,-38.20497671738316,1.5118278042791644e-06
grid-r021-c039,21,39,8.0,4.40000057220459,0.44999998807907104,-38.031882110451065,1.5733008922325098e-06
grid-r021-c040,21,40,8.199999809265137,4.40000057220459,0.44999998807907104,-38.104121598947145,1.5473474377358798e-06
grid-r021-c041,21,41,8.399999618530273,4.40000057220459,0.44999998807907104,-38.165995661598615,1.5254586287483107e-06
grid-r021-c042,21,42,8.600000381469727,4.40000057220459,0.44999998807907104,-38.16937181548886,1.5242732160913874e-06
grid-r021-c043,21,43,8.800000190734863,4.40000057220459,0.44999998807907104,-37.98342854373978,1.590952251717681e-06
grid-r021-c044,21,44,9.0,4.40000057220459,0.44999998807907104,-37.60869032490536,1.7343269291814067e-06
grid-r021-c045,21,45,9.199999809265137,4.40000057220459,0.44999998807907104,-37.43219461676649,1.806261138881382e-06
grid-r021-c046,21,46,9.399999618530273,4.40000057220459,0.44999998807907104,-37.47267703060029,1.789502448446001e-06
grid-r021-c047,21,47,9.600000381469727,4.40000057220459,0.44999998807907104,-37.520883475526894,1.7697489056445193e-06
grid-r021-c048,21,48,9.800000190734863,4.40000057220459,0.44999998807907104,-37.58667323064835,1.7431416381441522e-06
grid-r021-c049,21,49,10.0,4.40000057220459,0.44999998807907104,-37.61364437890512,1.7323496876997524e-06
grid-r021-c050,21,50,10.200000762939453,4.40000057220459,0.44999998807907104,-37.66154169855441,1.7133489791376633e-06
grid-r021-c051,21,51,10.399999618530273,4.40000057220459,0.44999998807907104,-37.748531605661874,1.679371735008317e-06
grid-r021-c052,21,52,10.600000381469727,4.40000057220459,0.44999998807907104,-37.87297780544759,1.6319326050506788e-06
grid-r021-c053,21,53,10.800000190734863,4.40000057220459,0.44999998807907104,-37.99803407679467,1.5856107893341687e-06
grid-r021-c054,21,54,11.0,4.40000057220459,0.44999998807907104,-38.260903192239695,1.4924839888408314e-06
grid-r021-c055,21,55,11.200000762939453,4.40000057220459,0.44999998807907104,-38.46828631191143,1.4228901363821933e-06
grid-r021-c056,21,56,11.399999618530273,4.40000057220459,0.44999998807907104,-38.76555964569139,1.3287523188409978e-06
grid-r021-c057,21,57,11.600000381469727,4.40000057220459,0.44999998807907104,-38.64738127577575,1.3654062058776617e-06
grid-r022-c000,22,0,0.19999980926513672,4.600000381469727,0.44999998807907104,-37.56878723606142,1.750335400174663e-06
grid-r022-c001,22,1,0.40000009536743164,4.600000381469727,0.44999998807907104,-37.59783039717735,1.7386691979481839e-06
grid-r022-c002,22,2,0.5999999046325684,4.600000381469727,0.44999998807907104,-37.71125172959693,1.6938495264184894e-06
grid-r022-c003,22,3,0.7999997138977051,4.600000381469727,0.44999998807907104,-37.36375008876046,1.834953195611888e-06
grid-r022-c004,22,4,1.0,4.600000381469727,0.44999998807907104,-37.46745670424712,1.7916547676577466e-06
grid-r022-c005,22,5,1.1999998092651367,4.600000381469727,0.44999998807907104,-37.83817350689265,1.6450634348075255e-06
grid-r022-c006,22,6,1.4000000953674316,4.600000381469727,0.44999998807907104,-37.52679810456503,1.767340336300549e-06
grid-r022-c007,22,7,1.5999999046325684,4.600000381469727,0.44999998807907104,-37.61745063466858,1.7308320821030065e-06
grid-r022-c008,22,8,1.799999713897705,4.600000381469727,0.44999998807907104,-37.62878048931795,1.726322579997941e-06
grid-r022-c009,22,9,2.0,4.600000381469727,0.44999998807907104,-37.48387339620094,1.7848949482868193e-06
grid-r022-c010,22,10,2.200000047683716,4.600000381469727,0.44999998807907104,-37.76407406979413,1.6733723668949096e-06
grid-r022-c011,22,11,2.3999998569488525,4.600000381469727,0.44999998807907104,-37.78202356128064,1.666470552663668e-06
grid-r022-c012,22,12,2.5999999046325684,4.600000381469727,0.44999998807907104,-37.807101543854,1.6568753835599637e-06
grid-r022-c013,22,13,2.799999952316284,4.600000381469727,0.44999998807907104,-37.83314920854086,1.6469676893393626e-06
grid-r022-c014,22,14,3.0,4.600000381469727,0.44999998807907104,-37.85271368903267,1.6395649709011195e-06
grid-r022-c015,22,15,3.200000047683716,4.600000381469727,0.44999998807907104,-37.89092013062498,1.6252043906206382e-06
grid-r022-c016,22,16,3.3999998569488525,4.600000381469727,0.44999998807907104,-37.92572727867112,1.612231017134036e-06
grid-r022-c017,22,17,3.5999999046325684,4.600000381469727,0.44999998807907104,-37.958481366303126,1.6001174572011223e-06
grid-r022-c018,22,18,3.799999952316284,4.600000381469727,0.44999998807907104,-37.98843254992988,1.5891201883277972e-06
grid-r022-c019,22,19,4.0,4.600000381469727,0.44999998807907104,-38.001541378107746,1.584330789228261e-06
grid-r022-c020,22,20,4.199999809265137,4.600000381469727,0.44999998807907104,-38.04379666764048,1.5689905694671324e-06
grid-r022-c021,22,21,4.400000095367432,4.600000381469727,0.44999998807907104,-37.83458241571559,1.6464242662550532e-06
grid-r022-c022,22,22,4.599999904632568,4.600000381469727,0.44999998807907104,-37.825168782799636,1.649996875130455e-06
grid-r022-c023,22,23,4.800000190734863,4.600000381469727,0.44999998807907104,-38.159973866618046,1.5275752502930118e-06
grid-r022-c024,22,24,5.0,4.600000381469727,0.44999998807907104,-38.16814305407118,1.5247045439537033e-06
grid-r022-c025,22,25,5.199999809265137,4.600000381469727,0.44999998807907104,-38.153424325071555,1.5298807056751684e-06
grid-r022-c026,22,26,5.400000095367432,4.600000381469727,0.44999998807907104,-38.031837234206876,1.573317149450304e-06
grid-r022-c027,22,27,5.599999904632568,4.600000381469727,0.44999998807907104,-38.29522051294836,1.48073706895957e-06
grid-r022-c028,22,28,5.800000190734863,4.600000381469727,0.44999998807907104,-38.55730095569106,1.3940228882347583e-06
grid-r022-c029,22,29,6.0,4.600000381469727,0.44999998807907104,-38.605476453426974,1.3786446970698307e-06
grid-r022-c030,22,30,6.199999809265137,4.600000381469727,0.44999998807907104,-38.653352197825555,1.3635302593684173e-06
grid-r022-c031,22,31,6.400000095367432,4.600000381469727,0.44999998807907104,-38.639775462826876,1.3677995411853772e-06
grid-r022-c032,22,32,6.599999904632568,4.600000381469727,0.44999998807907104,-38.71371190977896,1.344710540251981e-06
grid-r022-c033,22,33,6.800000190734863,4.600000381469727,0.44999998807907104,-38.97142292967,1.2672365983235068e-06
grid-r022-c034,22,34,7.0,4.600000381469727,0.44999998807907104,-38.96973816726933,1.2677282938966528e-06
grid-r022-c035,22,35,7.199999809265137,4.600000381469727,0.44999998807907104,-39.00082839226104,1.2586853017637623e-06
grid-r022-c036,22,36,7.400000095367432,4.600000381469727,0.44999998807907104,-39.013813646606266,1.254927497029712e-06
grid-r022-c037,22,37,7.599999904632568,4.600000381469727,0.44999998807907104,-39.01005401095383,1.2560143431983306e-06
grid-r022-c038,22,38,7.800000190734863,4.600000381469727,0.44999998807907104,-38.960322940605565,1.2704796290563536e-06
grid-r022-c039,22,39,8.0,4.600000381469727,0.44999998807907104,-38.93489231499062,1.2779408962160232e-06
grid-r022-c040,22,40,8.199999809265137,4.600000381469727,0.44999998807907104,-38.61416014089088,1.3758908607997e-06
grid-r022-c041,22,41,8.399999618530273,4.600000381469727,0.44999998807907104,-38.33718485407406,1.4664981335954508e-06
grid-r022-c042,22,42,8.600000381469727,4.600000381469727,0.44999998807907104,-38.26252581067871,1.4919264685886446e-06
grid-r022-c043,22,43,8.800000190734863,4.600000381469727,0.44999998807907104,-38.22894723944611,1.503506382505293e-06
grid-r022-c044,22,44,9.0,4.600000381469727,0.44999998807907104,-38.139700392149535,1.5347228554674075e-06
grid-r022-c045,22,45,9.199999809265137,4.600000381469727,0.44999998807907104,-38.10022795279178,1.5487353266507853e-06
grid-r022-c046,22,46,9.399999618530273,4.600000381469727,0.44999998807907104,-37.88928994674485,1.62581454787869e-06
grid-r022-c047,22,47,9.600000381469727,4.600000381469727,0.44999998807907104,-37.68287275443355,1.7049542293534614e-06
grid-r022-c048,22,48,9.800000190734863,4.600000381469727,0.44999998807907104,-37.61186001767784,1.7330615946775652e-06
grid-r022-c049,22,49,10.0,4.600000381469727,0.44999998807907104,-37.66115873759688,1.7135000689449953e-06
grid-r022-c050,22,50,10.200000762939453,4.600000381469727,0.44999998807907104,-37.73523113706044,1.6845227719386457e-06
grid-r022-c051,22,51,10.399999618530273,4.600000381469727,0.44999998807907104,-37.816278062789834,1.6533781490579713e-06
grid-r022-c052,22,52,10.600000381469727,4.600000381469727,0.44999998807907104,-38.0131541393627,1.5801000472492888e-06
grid-r022-c053,22,53,10.800000190734863,4.600000381469727,0.44999998807907104,-38.004670091019534,1.5831898281248868e-06
grid-r022-c054,22,54,11.0,4.600000381469727,0.44999998807907104,-38.052431038357184,1.5658742995583452e-06
grid-r022-c055,22,55,11.200000762939453,4.600000381469727,0.44999998807907104,-38.08328625538462,1.5547886960121104e-06
grid-r022-c056,22,56,11.399999618530273,4.600000381469727,0.44999998807907104,-38.14789918415502,1.5318282748921774e-06
grid-r022-c057,22,57,11.600000381469727,4.600000381469727,0.44999998807907104,-38.40284859119951,1.444491999791353e-06
grid-r023-c000,23,0,0.19999980926513672,4.800000190734863,0.44999998807907104,-37.5942010312592,1.7401227978552924e-06
grid-r023-c001,23,1,0.40000009536743164,4.800000190734863,0.44999998807907104,-37.63151211716405,1.725237098071375e-06
grid-r023-c002,23,2,0.5999999046325684,4.800000190734863,0.44999998807907104,-37.69282021960719,1.701053520264395e-06
grid-r023-c003,23,3,0.7999997138977051,4.800000190734863,0.44999998807907104,-37.221590465118055,1.8960114402943873e-06
grid-r023-c004,23,4,1.0,4.800000190734863,0.44999998807907104,-37.79442589732756,1.6617183291600668e-06
grid-r023-c005,23,5,1.1999998092651367,4.800000190734863,0.44999998807907104,-37.74736575727948,1.679822617006721e-06
grid-r023-c006,23,6,1.4000000953674316,4.800000190734863,0.44999998807907104,-37.606071165157715,1.7353731891489588e-06
grid-r023-c007,23,7,1.5999999046325684,4.800000190734863,0.44999998807907104,-37.721407645383835,1.6898931107789394e-06
grid-r023-c008,23,8,1.799999713897705,4.800000190734863,0.44999998807907104,-37.594369857522395,1.740055154186848e-06
grid-r023-c009,23,9,2.0,4.800000190734863,0.44999998807907104,-37.71705737201914,1.6915867036004784e-06
grid-r023-c010,23,10,2.200000047683716,4.800000190734863,0.44999998807907104,-37.82490636224545,1.6500965784871369e-06
grid-r023-c011,23,11,2.3999998569488525,4.800000190734863,0.44999998807907104,-37.84745448446042,1.6415516483903048e-06
grid-r023-c012,23,12,2.5999999046325684,4.800000190734863,0.44999998807907104,-37.85513159840952,1.6386524066547281e-06
grid-r023-c013,23,13,2.799999952316284,4.800000190734863,0.44999998807907104,-37.87468874090382,1.6312898196702008e-06
grid-r023-c014,23,14,3.0,4.800000190734863,0.44999998807907104,-37.89814805464283,1.62250182711432e-06
grid-r023-c015,23,15,3.200000047683716,4.800000190734863,0.44999998807907104,-37.90043611908334,1.6216472431551665e-06
grid-r023-c016,23,16,3.3999998569488525,4.800000190734863,0.44999998807907104,-37.94179863839675,1.6062758732005022e-06
grid-r023-c017,23,17,3.5999999046325684,4.800000190734863,0.44999998807907104,-37.99168863720219,1.5879292050158256e-06
grid-r023-c018,23,18,3.799999952316284,4.800000190734863,0.44999998807907104,-38.04820667967995,1.5673981579311658e-06
grid-r023-c019,23,19,4.0,4.800000190734863,0.44999998807907104,-38.09251540005971,1.5514881397393765e-06
grid-r023-c020,23,20,4.199999809265137,4.800000190734863,0.44999998807907104,-38.115133777246506,1.5434288798132911e-06
grid-r023-c021,23,21,4.400000095367432,4.800000190734863,0.44999998807907104,-38.13254534689315,1.537253410788253e-06
grid-r023-c022,23,22,4.599999904632568,4.800000190734863,0.44999998807907104,-38.04870693380246,1.5672176232328638e-06
grid-r023-c023,23,23,4.800000190734863,4.800000190734863,0.44999998807907104,-38.161088132620584,1.5271833717633854e-06
grid-r023-c024,23,24,5.0,4.800000190734863,0.44999998807907104,-38.129822590792664,1.5382174751721323e-06
grid-r023-c025,23,25,5.199999809265137,4.800000190734863,0.44999998807907104,-38.17663878092973,1.5217248119370197e-06
grid-r023-c026,23,26,5.400000095367432,4.800000190734863,0.44999998807907104,-38.12345294017906,1.5404751820824458e-06
grid-r023-c027,23,27,5.599999904632568,4.800000190734863,0.44999998807907104,-38.09096556074632,1.5520419083259185e-06
grid-r023-c028,23,28,5.800000190734863,4.800000190734863,0.44999998807907104,-38.1785411698413,1.5210583796942956e-06
grid-r023-c029,23,29,6.0,4.800000190734863,0.44999998807907104,-38.525745060224985,1.4041887652638252e-06
grid-r023-c030,23,30,6.199999809265137,4.800000190734863,0.44999998807907104,-38.77089097938709,1.3271221632749075e-06
grid-r023-c031,23,31,6.400000095367432,4.800000190734863,0.44999998807907104,-38.78991790733508,1.3213206102591357e-06
grid-r023-c032,23,32,6.599999904632568,4.800000190734863,0.44999998807907104,-38.91105576520004,1.2849742461185087e-06
grid-r023-c033,23,33,6.800000190734863,4.800000190734863,0.44999998807907104,-39.0325703123505,1.249519300472457e-06
grid-r023-c034,23,34,7.0,4.800000190734863,0.44999998807907104,-39.114923358025166,1.2260485391379916e-06
grid-r023-c035,23,35,7.199999809265137,4.800000190734863,0.44999998807907104,-39.16294016149482,1.2125676676078e-06
grid-r023-c036,23,36,7.400000095367432,4.800000190734863,0.44999998807907104,-39.18598948946577,1.2061492498105508e-06
grid-r023-c037,23,37,7.599999904632568,4.800000190734863,0.44999998807907104,-39.20596120881176,1.2006153156107757e-06
grid-r023-c038,23,38,7.800000190734863,4.800000190734863,0.44999998807907104,-39.21500958497489,1.1981164789176546e-06
grid-r023-c039,23,39,8.0,4.800000190734863,0.44999998807907104,-39.044765252582316,1.2460155858207145e-06
grid-r023-c040,23,40,8.199999809265137,4.800000190734863,0.44999998807907104,-39.11463583629764,1.2261297115401248e-06
grid-r023-c041,23,41,8.399999618530273,4.800000190734863,0.44999998807907104,-39.18958055274114,1.20515232993057e-06
grid-r023-c042,23,42,8.600000381469727,4.800000190734863,0.44999998807907104,-39.04232502844698,1.2467158967410796e-06
grid-r023-c043,23,43,8.800000190734863,4.800000190734863,0.44999998807907104,-38.56538449675813,1.39143060096103e-06
grid-r023-c044,23,44,9.0,4.800000190734863,0.44999998807907104,-38.325193850749244,1.4705527746627922e-06
grid-r023-c045,23,45,9.199999809265137,4.800000190734863,0.44999998807907104,-38.33082531409728,1.4686471558889025e-06
grid-r023-c046,23,46,9.399999618530273,4.800000190734863,0.44999998807907104,-38.336563730093324,1.4667078858110472e-06
grid-r023-c047,23,47,9.600000381469727,4.800000190734863,0.44999998807907104,-38.378027991778374,1.452771130061592e-06
grid-r023-c048,23,48,9.800000190734863,4.800000190734863,0.44999998807907104,-38.20421029719216,1.512094627287297e-06
grid-r023-c049,23,49,10.0,4.800000190734863,0.44999998807907104,-37.948935695153374,1.6036383385653608e-06
grid-r023-c050,23,50,10.200000762939453,4.800000190734863,0.44999998807907104,-37.815654584085735,1.653615527175134e-06
grid-r023-c051,23,51,10.399999618530273,4.800000190734863,0.44999998807907104,-38.03112649399074,1.5735746501377434e-06
grid-r023-c052,23,52,10.600000381469727,4.800000190734863,0.44999998807907104,-38.07727428130442,1.5569424931527465e-06
grid-r023-c053,23,53,10.800000190734863,4.800000190734863,0.44999998807907104,-38.134661156306464,1.5365046692750184e-06
grid-r023-c054,23,54,11.0,4.800000190734863,0.44999998807907104,-38.1496216701989,1.5312208461182308e-06
grid-r023-c055,23,55,11.200000762939453,4.800000190734863,0.44999998807907104,-38.118560247693416,1.5422116348418058e-06
grid-r023-c056,23,56,11.399999618530273,4.800000190734863,0.44999998807907104,-38.036717966895246,1.5715500012447592e-06
grid-r023-c057,23,57,11.600000381469727,4.800000190734863,0.44999998807907104,-38.08613123690324,1.5537705166934757e-06
grid-r024-c000,24,0,0.19999980926513672,5.000000476837158,0.44999998807907104,-37.65836607451203,1.7146022628367064e-06
grid-r024-c001,24,1,0.40000009536743164,5.000000476837158,0.44999998807907104,-37.69513240884493,1.70014811828878e-06
grid-r024-c002,24,2,0.5999999046325684,5.000000476837158,0.44999998807907104,-37.434919645503804,1.8051281358566484e-06
grid-r024-c003,24,3,0.7999997138977051,5.000000476837158,0.44999998807907104,-37.477247621589534,1.7876201354738441e-06
grid-r024-c004,24,4,1.0,5.000000476837158,0.44999998807907104,-37.912670623532534,1.6170853314179112e-06
grid-r024-c005,24,5,1.1999998092651367,5.000000476837158,0.44999998807907104,-37.66455094682017,1.7121622022386873e-06
grid-r024-c006,24,6,1.4000000953674316,5.000000476837158,0.44999998807907104,-37.68513474240166,1.7040664488376933e-06
grid-r024-c007,24,7,1.5999999046325684,5.000000476837158,0.44999998807907104,-37.77894042006327,1.66765403264435e-06
grid-r024-c008,24,8,1.799999713897705,5.000000476837158,0.44999998807907104,-37.62746964350348,1.7268437204620568e-06
grid-r024-c009,24,9,2.0,5.000000476837158,0.44999998807907104,-37.905820274245954,1.6196380556721124e-06
grid-r024-c010,24,10,2.200000047683716,5.000000476837158,0.44999998807907104,-37.92021502227749,1.61427863076824e-06
grid-r024-c011,24,11,2.3999998569488525,5.000000476837158,0.44999998807907104,-37.921979248040074,1.6136229987750994e-06
grid-r024-c012,24,12,2.5999999046325684,5.000000476837158,0.44999998807907104,-37.93755396347805,1.607846570550464e-06
grid-r024-c013,24,13,2.799999952316284,5.000000476837158,0.44999998807907104,-37.963647917067675,1.5982150216586888e-06
grid-r024-c014,24,14,3.0,5.000000476837158,0.44999998807907104,-37.95552788834026,1.6012060086723068e-06
grid-r024-c015,24,15,3.200000047683716,5.000000476837158,0.44999998807907104,-37.98075206794877,1.5919330280667054e-06
grid-r024-c016,24,16,3.3999998569488525,5.000000476837158,0.44999998807907104,-38.02454864805739,1.575959799993143e-06
grid-r024-c017,24,17,3.5999999046325684,5.000000476837158,0.44999998807907104,-38.06168356648139,1.5625417972842115e-06
grid-r024-c018,24,18,3.799999952316284,5.000000476837158,0.44999998807907104,-38.05989926463745,1.5631839005436632e-06
grid-r024-c019,24,19,4.0,5.000000476837158,0.44999998807907104,-38.057125701441485,1.5641825257262099e-06
grid-r024-c020,24,20,4.199999809265137,5.000000476837158,0.44999998807907104,-38.05806581164421,1.5638439663234749e-06
grid-r024-c021,24,21,4.400000095367432,5.000000476837158,0.44999998807907104,-38.08624245647711,1.553730726300273e-06
grid-r024-c022,24,22,4.599999904632568,5.000000476837158,0.44999998807907104,-38.07631605415038,1.5572860547763412e-06
grid-r024-c023,24,23,4.800000190734863,5.000000476837158,0.44999998807907104,-38.5348449234278,1.4012496194482083e-06
grid-r024-c024,24,24,5.0,5.000000476837158,0.44999998807907104,-38.369360076777525,1.4556735550286248e-06
grid-r024-c025,24,25,5.199999809265137,5.000000476837158,0.44999998807907104,-38.254375502297194,1.4947289628253202e-06
grid-r024-c026,24,26,5.400000095367432,5.000000476837158,0.44999998807907104,-38.26750763419379,1.490216050115123e-06
grid-r024-c027,24,27,5.599999904632568,5.000000476837158,0.44999998807907104,-38.200262453960974,1.5134697832763777e-06
grid-r024-c028,24,28,5.800000190734863,5.000000476837158,0.44999998807907104,-38.21629314295329,1.5078935575729702e-06
grid-r024-c029,24,29,6.0,5.000000476837158,0.44999998807907104,-38.2265657553077,1.5043310668261256e-06
grid-r024-c030,24,30,6.199999809265137,5.000000476837158,0.44999998807907104,-38.455663994127384,1.427031634193554e-06
grid-r024-c031,24,31,6.400000095367432,5.000000476837158,0.44999998807907104,-38.81617783655652,1.3133552556610084e-06
grid-r024-c032,24,32,6.599999904632568,5.000000476837158,0.44999998807907104,-39.21809519852111,1.1972655329373083e-06
grid-r024-c033,24,33,6.800000190734863,5.000000476837158,0.44999998807907104,-39.20512319168062,1.2008470093860524e-06
grid-r024-c034,24,34,7.0,5.000000476837158,0.44999998807907104,-39.234908517335604,1.1926393881367403e-06
grid-r024-c035,24,35,7.199999809265137,5.000000476837158,0.44999998807907104,-39.288281198960384,1.178072125185281e-06
grid-r024-c036,24,36,7.400000095367432,5.000000476837158,0.44999998807907104,-39.292163424824125,1.1770194987548166e-06
grid-r024-c037,24,37,7.599999904632568,5.000000476837158,0.44999998807907104,-39.291139595823196,1.177297008325695e-06
grid-r024-c038,24,38,7.800000190734863,5.000000476837158,0.44999998807907104,-39.29791956141841,1.17546051114914e-06
grid-r024-c039,24,39,8.0,5.000000476837158,0.44999998807907104,-39.293935668188375,1.1765392855522805e-06
grid-r024-c040,24,40,8.199999809265137,5.000000476837158,0.44999998807907104,-39.190274208815055,1.2049598581143073e-06
grid-r024-c041,24,41,8.399999618530273,5.000000476837158,0.44999998807907104,-39.24093826324649,1.1909846762137022e-06
grid-r024-c042,24,42,8.600000381469727,5.000000476837158,0.44999998807907104,-39.22649413471206,1.1949523468501866e-06
grid-r024-c043,24,43,8.800000190734863,5.000000476837158,0.44999998807907104,-39.17821759379003,1.2083096407877747e-06
grid-r024-c044,24,44,9.0,5.000000476837158,0.44999998807907104,-39.22891152290389,1.1942873925363529e-06
grid-r024-c045,24,45,9.199999809265137,5.000000476837158,0.44999998807907104,-38.941555049516865,1.2759818446284044e-06
grid-r024-c046,24,46,9.399999618530273,5.000000476837158,0.44999998807907104,-38.67646020766158,1.3562944332079496e-06
grid-r024-c047,24,47,9.600000381469727,5.000000476837158,0.44999998807907104,-38.47534402149668,1.420579678779177e-06
grid-r024-c048,24,48,9.800000190734863,5.000000476837158,0.44999998807907104,-38.49660299379154,1.413642849001917e-06
grid-r024-c049,24,49,10.0,5.000000476837158,0.44999998807907104,-38.53542987016809,1.4010608992975904e-06
grid-r024-c050,24,50,10.200000762939453,5.000000476837158,0.44999998807907104,-38.74227479296772,1.33589560391556e-06
grid-r024-c051,24,51,10.399999618530273,5.000000476837158,0.44999998807907104,-38.48877150963731,1.4161943227009033e-06
grid-r024-c052,24,52,10.600000381469727,5.000000476837158,0.44999998807907104,-38.18704524822362,1.5180828540906077e-06
grid-r024-c053,24,53,10.800000190734863,5.000000476837158,0.44999998807907104,-38.12609024516311,1.5395399941553478e-06
grid-r024-c054,24,54,11.0,5.000000476837158,0.44999998807907104,-38.070531231717425,1.5593617490594625e-06
grid-r024-c055,24,55,11.200000762939453,5.000000476837158,0.44999998807907104,-38.041640361374874,1.5697697790528764e-06
grid-r024-c056,24,56,11.399999618530273,5.000000476837158,0.44999998807907104,-38.09852366764091,1.5493432101720828e-06
grid-r024-c057,24,57,11.600000381469727,5.000000476837158,0.44999998807907104,-38.14650022752035,1.532321789454727e-06
grid-r025-c000,25,0,0.19999980926513672,5.200000762939453,0.44999998807907104,-37.73014412189263,1.6864970575625193e-06
grid-r025-c001,25,1,0.40000009536743164,5.200000762939453,0.44999998807907104,-37.75311395774822,1.6776007214502897e-06
grid-r025-c002,25,2,0.5999999046325684,5.200000762939453,0.44999998807907104,-37.27729608362015,1.87184718924982e-06
grid-r025-c003,25,3,0.7999997138977051,5.200000762939453,0.44999998807907104,-37.81140250590219,1.6552353372389916e-06
grid-r025-c004,25,4,1.0,5.200000762939453,0.44999998807907104,-37.81996223579213,1.6519761629751883e-06
grid-r025-c005,25,5,1.1999998092651367,5.200000762939453,0.44999998807907104,-37.63611410760683,1.7234099232155131e-06
grid-r025-c006,25,6,1.4000000953674316,5.200000762939453,0.44999998807907104,-37.78545668579664,1.6651537180223386e-06
grid-r025-c007,25,7,1.5999999046325684,5.200000762939453,0.44999998807907104,-37.82053551737235,1.6517581116204383e-06
grid-r025-c008,25,8,1.799999713897705,5.200000762939453,0.44999998807907104,-37.722645160610355,1.6894116470211884e-06
grid-r025-c009,25,9,2.0,5.200000762939453,0.44999998807907104,-37.99937978052159,1.5851195485083736e-06
grid-r025-c010,25,10,2.200000047683716,5.200000762939453,0.44999998807907104,-38.00411501335163,1.5833921906960313e-06
grid-r025-c011,25,11,2.3999998569488525,5.200000762939453,0.44999998807907104,-38.03350173141287,1.5727142681498663e-06
grid-r025-c012,25,12,2.5999999046325684,5.200000762939453,0.44999998807907104,-38.06123331494237,1.5627038010279648e-06
grid-r025-c013,25,13,2.799999952316284,5.200000762939453,0.44999998807907104,-38.076996494160475,1.5570420828225906e-06
grid-r025-c014,25,14,3.0,5.200000762939453,0.44999998807907104,-38.10690267853964,1.5463568843188114e-06
grid-r025-c015,25,15,3.200000047683716,5.200000762939453,0.44999998807907104,-38.02168077994277,1.5770008303661598e-06
grid-r025-c016,25,16,3.3999998569488525,5.200000762939453,0.44999998807907104,-38.01419385529091,1.579721811140189e-06
grid-r025-c017,25,17,3.5999999046325684,5.200000762939453,0.44999998807907104,-38.00007755548464,1.5848648899918771e-06
grid-r025-c018,25,18,3.799999952316284,5.200000762939453,0.44999998807907104,-38.01103578927908,1.580870957695879e-06
grid-r025-c019,25,19,4.0,5.200000762939453,0.44999998807907104,-38.03983377706298,1.570422909935587e-06
grid-r025-c020,25,20,4.199999809265137,5.200000762939453,0.44999998807907104,-38.0848622643412,1.5542245819233358e-06
grid-r025-c021,25,21,4.400000095367432,5.200000762939453,0.44999998807907104,-38.1334431388979,1.536935656076821e-06
grid-r025-c022,25,22,4.599999904632568,5.200000762939453,0.44999998807907104,-38.156418338293264,1.5288263739421382e-06
grid-r025-c023,25,23,4.800000190734863,5.200000762939453,0.44999998807907104,-38.415147411528636,1.4404071180251776e-06
grid-r025-c024,25,24,5.0,5.200000762939453,0.44999998807907104,-38.710433963208246,1.3457258773996728e-06
grid-r025-c025,25,25,5.199999809265137,5.200000762939453,0.44999998807907104,-38.645456886763654,1.3660113609148539e-06
grid-r025-c026,25,26,5.400000095367432,5.200000762939453,0.44999998807907104,-38.38808684905581,1.4494102060780278e-06
grid-r025-c027,25,27,5.599999904632568,5.200000762939453,0.44999998807907104,-38.3310935972088,1.4685564337924006e-06
grid-r025-c028,25,28,5.800000190734863,5.200000762939453,0.44999998807907104,-38.31434628598742,1.4742304301762488e-06
grid-r025-c029,25,29,6.0,5.200000762939453,0.44999998807907104,-38.36486385789971,1.4571813835573266e-06
grid-r025-c030,25,30,6.199999809265137,5.200000762939453,0.44999998807907104,-38.400641087220876,1.4452264167630346e-06
grid-r025-c031,25,31,6.400000095367432,5.200000762939453,0.44999998807907104,-38.59628793908336,1.3815646298098727e-06
grid-r025-c032,25,32,6.599999904632568,5.200000762939453,0.44999998807907104,-29.124364718520006,1.223386061610654e-05
grid-r025-c033,25,33,6.800000190734863,5.200000762939453,0.44999998807907104,-39.28652089656039,1.1785497235905495e-06
grid-r025-c034,25,34,7.0,5.200000762939453,0.44999998807907104,-39.255198915556306,1.1870803291458287e-06
grid-r025-c035,25,35,7.199999809265137,5.200000762939453,0.44999998807907104,-39.310744113762,1.1719945405275212e-06
grid-r025-c036,25,36,7.400000095367432,5.200000762939453,0.44999998807907104,-39.37838961177555,1.1538810440470115e-06
grid-r025-c037,25,37,7.599999904632568,5.200000762939453,0.44999998807907104,-39.38388421522423,1.15242210085853e-06
grid-r025-c038,25,38,7.800000190734863,5.200000762939453,0.44999998807907104,-39.386159790540134,1.1518184237502282e-06
grid-r025-c039,25,39,8.0,5.200000762939453,0.44999998807907104,-39.43511994214302,1.138906327469158e-06
grid-r025-c040,25,40,8.199999809265137,5.200000762939453,0.44999998807907104,-39.468255777048654,1.1302497568976833e-06
grid-r025-c041,25,41,8.399999618530273,5.200000762939453,0.44999998807907104,-39.404038984785146,1.1470863228169037e-06
grid-r025-c042,25,42,8.600000381469727,5.200000762939453,0.44999998807907104,-39.18070596583404,1.2076175153197255e-06
grid-r025-c043,25,43,8.800000190734863,5.200000762939453,0.44999998807907104,-39.26502959245656,1.184396296594059e-06
grid-r025-c044,25,44,9.0,5.200000762939453,0.44999998807907104,-39.28175812411543,1.179842911369633e-06
grid-r025-c045,25,45,9.199999809265137,5.200000762939453,0.44999998807907104,-39.35281937030804,1.1606948646658566e-06
grid-r025-c046,25,46,9.399999618530273,5.200000762939453,0.44999998807907104,-39.394441200650874,1.1496241540953633e-06
grid-r025-c047,25,47,9.600000381469727,5.200000762939453,0.44999998807907104,-39.34152620603636,1.1637170018730103e-06
grid-r025-c048,25,48,9.800000190734863,5.200000762939453,0.44999998807907104,-39.06051028636509,1.241506424776162e-06
grid-r025-c049,25,49,10.0,5.200000762939453,0.44999998807907104,-38.93046774265343,1.2792435200026375e-06
grid-r025-c050,25,50,10.200000762939453,5.200000762939453,0.44999998807907104,-38.825594296910865,1.3105106972943759e-06
grid-r025-c051,25,51,10.399999618530273,5.200000762939453,0.44999998807907104,-38.82187208974806,1.3116343779984163e-06
grid-r025-c052,25,52,10.600000381469727,5.200000762939453,0.44999998807907104,-38.79491074307366,1.3198024362282013e-06
grid-r025-c053,25,53,10.800000190734863,5.200000762939453,0.44999998807907104,-38.53681573312079,1.400613882651669e-06
grid-r025-c054,25,54,11.0,5.200000762939453,0.44999998807907104,-38.31362662235232,1.4744747431905125e-06
grid-r025-c055,25,55,11.200000762939453,5.200000762939453,0.44999998807907104,-38.22501557059162,1.5048681234475225e-06
grid-r025-c056,25,56,11.399999618530273,5.200000762939453,0.44999998807907104,-38.14891621618436,1.5314695929191657e-06
grid-r025-c057,25,57,11.600000381469727,5.200000762939453,0.44999998807907104,-38.2581460653438,1.4934317960069166e-06
grid-r026-c000,26,0,0.19999980926513672,5.40000057220459,0.44999998807907104,-37.81097418647593,1.6553985915379599e-06
grid-r026-c001,26,1,0.40000009536743164,5.40000057220459,0.44999998807907104,-37.53833728840596,1.7626507542445324e-06
grid-r026-c002,26,2,0.5999999046325684,5.40000057220459,0.44999998807907104,-37.55803692085142,1.7546734625284444e-06
grid-r026-c003,26,3,0.7999997138977051,5.40000057220459,0.44999998807907104,-38.00403331689782,1.5834219766475144e-06
grid-r026-c004,26,4,1.0,5.40000057220459,0.44999998807907104,-37.7275902658118,1.6874890889084782e-06
grid-r026-c005,26,5,1.1999998092651367,5.40000057220459,0.44999998807907104,-37.66129618471011,1.713445840323402e-06
grid-r026-c006,26,6,1.4000000953674316,5.40000057220459,0.44999998807907104,-37.83313152128144,1.6469743968627881e-06
grid-r026-c007,26,7,1.5999999046325684,5.40000057220459,0.44999998807907104,-37.80876823507082,1.6562396467634244e-06
grid-r026-c008,26,8,1.799999713897705,5.40000057220459,0.44999998807907104,-37.8773478686658,1.6302913081744919e-06
grid-r026-c009,26,9,2.0,5.40000057220459,0.44999998807907104,-38.049578735960345,1.5669030517528881e-06
grid-r026-c010,26,10,2.200000047683716,5.40000057220459,0.44999998807907104,-38.12263443815266,1.5407655382659868e-06
grid-r026-c011,26,11,2.3999998569488525,5.40000057220459,0.44999998807907104,-38.1426105903618,1.533694785393891e-06
grid-r026-c012,26,12,2.5999999046325684,5.40000057220459,0.44999998807907104,-38.11095571557,1.5449144257217995e-06
grid-r026-c013,26,13,2.799999952316284,5.40000057220459,0.44999998807907104,-38.10970950232078,1.5453578043889138e-06
grid-r026-c014,26,14,3.0,5.40000057220459,0.44999998807907104,-38.065020041712366,1.5613418327120598e-06
grid-r026-c015,26,15,3.200000047683716,5.40000057220459,0.44999998807907104,-38.02757485010619,1.574862039888103e-06
grid-r026-c016,26,16,3.3999998569488525,5.40000057220459,0.44999998807907104,-38.04157273850272,1.5697942217229865e-06
grid-r026-c017,26,17,3.5999999046325684,5.40000057220459,0.44999998807907104,-38.05826503506792,1.5637722299288725e-06
grid-r026-c018,26,18,3.799999952316284,5.40000057220459,0.44999998807907104,-38.090546934925925,1.5521915202043601e-06
grid-r026-c019,26,19,4.0,5.40000057220459,0.44999998807907104,-38.10861824104103,1.5457461586265708e-06
grid-r026-c020,26,20,4.199999809265137,5.40000057220459,0.44999998807907104,-38.11661770519361,1.5429016002599383e-06
grid-r026-c021,26,21,4.400000095367432,5.40000057220459,0.44999998807907104,-38.16149938742533,1.5270387621058035e-06
grid-r026-c022,26,22,4.599999904632568,5.40000057220459,0.44999998807907104,-38.18569572724086,1.5185546544671524e-06
grid-r026-c023,26,23,4.800000190734863,5.40000057220459,0.44999998807907104,-38.3401263837822,1.4655051927547902e-06
grid-r026-c024,26,24,5.0,5.40000057220459,0.44999998807907104,-38.73600181385379,1.3378265748542617e-06
grid-r026-c025,26,25,5.199999809265137,5.40000057220459,0.44999998807907104,-38.81562186489393,1.3135233984939987e-06
grid-r026-c026,26,26,5.400000095367432,5.40000057220459,0.44999998807907104,-38.88754155386708,1.2919504115416203e-06
grid-r026-c027,26,27,5.599999904632568,5.40000057220459,0.44999998807907104,-38.59517986281705,1.3819171726936474e-06
grid-r026-c028,26,28,5.800000190734863,5.40000057220459,0.44999998807907104,-38.42581085652231,1.4368747542903293e-06
grid-r026-c029,26,29,6.0,5.40000057220459,0.44999998807907104,-38.466404965962084,1.4235066601031576e-06
grid-r026-c030,26,30,6.199999809265137,5.40000057220459,0.44999998807907104,-38.480567850006196,1.4188719887897605e-06
grid-r026-c031,26,31,6.400000095367432,5.40000057220459,0.44999998807907104,-38.63963901801665,1.367842514810036e-06
grid-r026-c032,26,32,6.599999904632568,5.40000057220459,0.44999998807907104,-38.776178207125426,1.3255074691187474e-06
grid-r026-c033,26,33,6.800000190734863,5.40000057220459,0.44999998807907104,-38.87610549155773,1.2953569239471108e-06
grid-r026-c034,26,34,7.0,5.40000057220459,0.44999998807907104,-39.15836096523392,1.2138468719058437e-06
grid-r026-c035,26,35,7.199999809265137,5.40000057220459,0.44999998807907104,-39.37909312205434,1.1536941428857972e-06
grid-r026-c036,26,36,7.400000095367432,5.40000057220459,0.44999998807907104,-39.4851123770944,1.1258713357165107e-06
grid-r026-c037,26,37,7.599999904632568,5.40000057220459,0.44999998807907104,-39.52363802917312,1.1159280575157027e-06
grid-r026-c038,26,38,7.800000190734863,5.40000057220459,0.44999998807907104,-39.57891061066672,1.1018156556019676e-06
grid-r026-c039,26,39,8.0,5.40000057220459,0.44999998807907104,-39.56216208852612,1.1060730003009667e-06
grid-r026-c040,26,40,8.199999809265137,5.40000057220459,0.44999998807907104,-39.636243181749144,1.0873658311538748e-06
grid-r026-c041,26,41,8.399999618530273,5.40000057220459,0.44999998807907104,-39.482176490798125,1.1266326964687323e-06
grid-r026-c042,26,42,8.600000381469727,5.40000057220459,0.44999998807907104,-39.312113904944816,1.1716249446180882e-06
grid-r026-c043,26,43,8.800000190734863,5.40000057220459,0.44999998807907104,-39.25513112040974,1.1870988601003774e-06
grid-r026-c044,26,44,9.0,5.40000057220459,0.44999998807907104,-39.36492252386163,1.1574646805456723e-06
grid-r026-c045,26,45,9.199999809265137,5.40000057220459,0.44999998807907104,-39.4385321968756,1.1380118394299643e-06
grid-r026-c046,26,46,9.399999618530273,5.40000057220459,0.44999998807907104,-39.43500332753918,1.138936909228505e-06
grid-r026-c047,26,47,9.600000381469727,5.40000057220459,0.44999998807907104,-39.39126638841181,1.1504648682603147e-06
grid-r026-c048,26,48,9.800000190734863,5.40000057220459,0.44999998807907104,-39.487593886832244,1.1252282092755195e-06
grid-r026-c049,26,49,10.0,5.40000057220459,0.44999998807907104,-39.68028949728139,1.0763934596980107e-06
grid-r026-c050,26,50,10.200000762939453,5.40000057220459,0.44999998807907104,-39.55613247460696,1.1076097052864498e-06
grid-r026-c051,26,51,10.399999618530273,5.40000057220459,0.44999998807907104,-39.23866333447447,1.1916087032659561e-06
grid-r026-c052,26,52,10.600000381469727,5.40000057220459,0.44999998807907104,-38.91735452989775,1.283111942029791e-06
grid-r026-c053,26,53,10.800000190734863,5.40000057220459,0.44999998807907104,-38.89433178153418,1.2899320154247107e-06
grid-r026-c054,26,54,11.0,5.40000057220459,0.44999998807907104,-38.88507004471528,1.2926858516948414e-06
grid-r026-c055,26,55,11.200000762939453,5.40000057220459,0.44999998807907104,-38.80773804055408,1.3159100262782886e-06
grid-r026-c056,26,56,11.399999618530273,5.40000057220459,0.44999998807907104,-38.61954619914084,1.3741855582338758e-06
grid-r026-c057,26,57,11.600000381469727,5.40000057220459,0.44999998807907104,-38.39940523832165,1.4456377357419115e-06
grid-r027-c000,27,0,0.19999980926513672,5.600000381469727,0.44999998807907104,-37.833726032547965,1.6467489558635862e-06
grid-r027-c001,27,1,0.40000009536743164,5.600000381469727,0.44999998807907104,-37.40305813498145,1.818419946175709e-06
grid-r027-c002,27,2,0.5999999046325684,5.600000381469727,0.44999998807907104,-37.89414798030932,1.6239969227171969e-06
grid-r027-c003,27,3,0.7999997138977051,5.600000381469727,0.44999998807907104,-38.00807071039286,1.5819506415937212e-06
grid-r027-c004,27,4,1.0,5.600000381469727,0.44999998807907104,-37.70186811235799,1.697513312137744e-06
grid-r027-c005,27,5,1.1999998092651367,5.600000381469727,0.44999998807907104,-37.797345225884186,1.660601697039965e-06
grid-r027-c006,27,6,1.4000000953674316,5.600000381469727,0.44999998807907104,-37.9411359795738,1.60652098202263e-06
grid-r027-c007,27,7,1.5999999046325684,5.600000381469727,0.44999998807907104,-37.86249904882678,1.6358749235223513e-06
grid-r027-c008,27,8,1.799999713897705,5.600000381469727,0.44999998807907104,-38.010294407818336,1.5811408502486302e-06
grid-r027-c009,27,9,2.0,5.600000381469727,0.44999998807907104,-38.066184855386055,1.5609231240887311e-06
grid-r027-c010,27,10,2.200000047683716,5.600000381469727,0.44999998807907104,-38.06010583713537,1.5631095493517932e-06
grid-r027-c011,27,11,2.3999998569488525,5.600000381469727,0.44999998807907104,-38.06968275488116,1.5596664297845564e-06
grid-r027-c012,27,12,2.5999999046325684,5.600000381469727,0.44999998807907104,-38.11552598660846,1.5432894997502444e-06
grid-r027-c013,27,13,2.799999952316284,5.600000381469727,0.44999998807907104,-38.139592620642624,1.5347609405580442e-06
grid-r027-c014,27,14,3.0,5.600000381469727,0.44999998807907104,-38.159353660782116,1.5277934153345996e-06
grid-r027-c015,27,15,3.200000047683716,5.600000381469727,0.44999998807907104,-38.15760792890647,1.5284076653188094e-06
grid-r027-c016,27,16,3.3999998569488525,5.600000381469727,0.44999998807907104,-38.15720350259915,1.528550001239637e-06
grid-r027-c017,27,17,3.5999999046325684,5.600000381469727,0.44999998807907104,-38.147302936983465,1.5320385955419624e-06
grid-r027-c018,27,18,3.799999952316284,5.600000381469727,0.44999998807907104,-38.16674371294926,1.525195898466336e-06
grid-r027-c019,27,19,4.0,5.600000381469727,0.44999998807907104,-38.15614254708811,1.5289234625015524e-06
grid-r027-c020,27,20,4.199999809265137,5.600000381469727,0.44999998807907104,-38.18773024990746,1.517843429610366e-06
grid-r027-c021,27,21,4.400000095367432,5.600000381469727,0.44999998807907104,-38.19636187119579,1.5148297052292037e-06
grid-r027-c022,27,22,4.599999904632568,5.600000381469727,0.44999998807907104,-38.233045831459776,1.5020881392047158e-06
grid-r027-c023,27,23,4.800000190734863,5.600000381469727,0.44999998807907104,-38.2944133318588,1.481012304793694e-06
grid-r027-c024,27,24,5.0,5.600000381469727,0.44999998807907104,-38.77789757967829,1.3249828043626621e-06
grid-r027-c025,27,25,5.199999809265137,5.600000381469727,0.44999998807907104,-38.90136113148027,1.287845861952519e-06
grid-r027-c026,27,26,5.400000095367432,5.600000381469727,0.44999998807907104,-38.970935157822446,1.2673789342443342e-06
grid-r027-c027,27,27,5.599999904632568,5.600000381469727,0.44999998807907104,-39.002661824173586,1.2581540431710891e-06
grid-r027-c028,27,28,5.800000190734863,5.600000381469727,0.44999998807907104,-38.77362964699291,1.3262855418361141e-06
grid-r027-c029,27,29,6.0,5.600000381469727,0.44999998807907104,-38.56968445055929,1.3900536259825458e-06
grid-r027-c030,27,30,6.199999809265137,5.600000381469727,0.44999998807907104,-38.61776877966487,1.3747480807069223e-06
grid-r027-c031,27,31,6.400000095367432,5.600000381469727,0.44999998807907104,-38.84999325859788,1.303168801314314e-06
grid-r027-c032,27,32,6.599999904632568,5.600000381469727,0.44999998807907104,-38.91318842423874,1.2843433978559915e-06
grid-r027-c033,27,33,6.800000190734863,5.600000381469727,0.44999998807907104,-38.951427572951104,1.273084535569069e-06
grid-r027-c034,27,34,7.0,5.600000381469727,0.44999998807907104,-38.91580369628653,1.2835702136726468e-06
grid-r027-c035,27,35,7.199999809265137,5.600000381469727,0.44999998807907104,-39.05211996243536,1.2439072634151671e-06
grid-r027-c036,27,36,7.400000095367432,5.600000381469727,0.44999998807907104,-39.361150754893515,1.1584703543121577e-06
grid-r027-c037,27,37,7.599999904632568,5.600000381469727,0.44999998807907104,-39.62458933998703,1.0902875828833203e-06
grid-r027-c038,27,38,7.800000190734863,5.600000381469727,0.44999998807907104,-39.68921752201308,1.0741829328253516e-06
grid-r027-c039,27,39,8.0,5.600000381469727,0.44999998807907104,-39.79361149829418,1.0486700148248929e-06
grid-r027-c040,27,40,8.199999809265137,5.600000381469727,0.44999998807907104,-39.746635150527126,1.0600747373246122e-06
grid-r027-c041,27,41,8.399999618530273,5.600000381469727,0.44999998807907104,-39.49636927485511,1.1229568599446793e-06
grid-r027-c042,27,42,8.600000381469727,5.600000381469727,0.44999998807907104,-39.507900969271795,1.119979060604237e-06
grid-r027-c043,27,43,8.800000190734863,5.600000381469727,0.44999998807907104,-39.40609217116169,1.1465441502878093e-06
grid-r027-c044,27,44,9.0,5.600000381469727,0.44999998807907104,-39.34626879136072,1.1624468925219844e-06
grid-r027-c045,27,45,9.199999809265137,5.600000381469727,0.44999998807907104,-39.336387462526105,1.1650947726593586e-06
grid-r027-c046,27,46,9.399999618530273,5.600000381469727,0.44999998807907104,-39.409379979227765,1.145676492342318e-06
grid-r027-c047,27,47,9.600000381469727,5.600000381469727,0.44999998807907104,-39.48750437517904,1.1252514013904147e-06
grid-r027-c048,27,48,9.800000190734863,5.600000381469727,0.44999998807907104,-39.76520487802583,1.0555517064858577e-06
grid-r027-c049,27,49,10.0,5.600000381469727,0.44999998807907104,-39.75325951757064,1.0584590199869126e-06
grid-r027-c050,27,50,10.200000762939453,5.600000381469727,0.44999998807907104,-39.71211999102623,1.0685331517379382e-06
grid-r027-c051,27,51,10.399999618530273,5.600000381469727,0.44999998807907104,-39.746881076405685,1.0600147106742952e-06
grid-r027-c052,27,52,10.600000381469727,5.600000381469727,0.44999998807907104,-39.77744773349074,1.0525802736083278e-06
grid-r027-c053,27,53,10.800000190734863,5.600000381469727,0.44999998807907104,-39.53162617582538,1.1138773743368802e-06
grid-r027-c054,27,54,11.0,5.600000381469727,0.44999998807907104,-39.29919875923417,1.1751143347282778e-06
grid-r027-c055,27,55,11.200000762939453,5.600000381469727,0.44999998807907104,-39.033007754897746,1.2493934491430991e-06
grid-r027-c056,27,56,11.399999618530273,5.600000381469727,0.44999998807907104,-39.07695367729752,1.2368146826702286e-06
grid-r027-c057,27,57,11.600000381469727,5.600000381469727,0.44999998807907104,-39.145458020652384,1.2174585890534217e-06
grid-r028-c000,28,0,0.19999980926513672,5.800000190734863,0.44999998807907104,-37.61442280889041,1.7320392089459347e-06
grid-r028-c001,28,1,0.40000009536743164,5.800000190734863,0.44999998807907104,-37.68324662967722,1.7048074596459628e-06
grid-r028-c002,28,2,0.5999999046325684,5.800000190734863,0.44999998807907104,-38.07084723672329,1.5592482895954163e-06
grid-r028-c003,28,3,0.7999997138977051,5.800000190734863,0.44999998807907104,-37.9465477824748,1.604520321052405e-06
grid-r028-c004,28,4,1.0,5.800000190734863,0.44999998807907104,-37.7318884321017,1.6858198250702117e-06
grid-r028-c005,28,5,1.1999998092651367,5.800000190734863,0.44999998807907104,-37.94254348187135,1.6060004099927028e-06
grid-r028-c006,28,6,1.4000000953674316,5.800000190734863,0.44999998807907104,-38.04896716433467,1.5671237179049058e-06
grid-r028-c007,28,7,1.5999999046325684,5.800000190734863,0.44999998807907104,-37.77469158346221,1.669286348260357e-06
grid-r028-c008,28,8,1.799999713897705,5.800000190734863,0.44999998807907104,-38.03423107194103,1.572450173625839e-06
grid-r028-c009,28,9,2.0,5.800000190734863,0.44999998807907104,-38.04455763934591,1.5687156746935216e-06
grid-r028-c010,28,10,2.200000047683716,5.800000190734863,0.44999998807907104,-38.056671819128226,1.5643460073988535e-06
grid-r028-c011,28,11,2.3999998569488525,5.800000190734863,0.44999998807907104,-38.113458488765204,1.544024371469277e-06
grid-r028-c012,28,12,2.5999999046325684,5.800000190734863,0.44999998807907104,-38.149651012861796,1.5312105006159982e-06
grid-r028-c013,28,13,2.799999952316284,5.800000190734863,0.44999998807907104,-38.20980987927171,1.510146262262424e-06
grid-r028-c014,28,14,3.0,5.800000190734863,0.44999998807907104,-38.223545965708034,1.5053774404805154e-06
grid-r028-c015,28,15,3.200000047683716,5.800000190734863,0.44999998807907104,-38.22663796198561,1.5043060557218269e-06
grid-r028-c016,28,16,3.3999998569488525,5.800000190734863,0.44999998807907104,-38.24630277446165,1.4975099702496664e-06
grid-r028-c017,28,17,3.5999999046325684,5.800000190734863,0.44999998807907104,-38.27809554366848,1.4865873936287244e-06
grid-r028-c018,28,18,3.799999952316284,5.800000190734863,0.44999998807907104,-38.28729423350603,1.4834420198894804e-06
grid-r028-c019,28,19,4.0,5.800000190734863,0.44999998807907104,-38.27543237052239,1.4874992757540895e-06
grid-r028-c020,28,20,4.199999809265137,5.800000190734863,0.44999998807907104,-38.290299739719885,1.4824157688053674e-06
grid-r028-c021,28,21,4.400000095367432,5.800000190734863,0.44999998807907104,-38.307728470022184,1.4764785873921937e-06
grid-r028-c022,28,22,4.599999904632568,5.800000190734863,0.44999998807907104,-38.331158485212164,1.4685344922327204e-06
grid-r028-c023,28,23,4.800000190734863,5.800000190734863,0.44999998807907104,-38.34997752513498,1.462184741285455e-06
grid-r028-c024,28,24,5.0,5.800000190734863,0.44999998807907104,-38.62098648548445,1.3737299013882875e-06
grid-r028-c025,28,25,5.199999809265137,5.800000190734863,0.44999998807907104,-38.848276544845305,1.3036840300628683e-06
grid-r028-c026,28,26,5.400000095367432,5.800000190734863,0.44999998807907104,-38.92101162621057,1.2820319170714356e-06
grid-r028-c027,28,27,5.599999904632568,5.800000190734863,0.44999998807907104,-39.05035877438745,1.2444118056009756e-06
grid-r028-c028,28,28,5.800000190734863,5.800000190734863,0.44999998807907104,-39.02787423671428,1.2508711506598047e-06
grid-r028-c029,28,29,6.0,5.800000190734863,0.44999998807907104,-39.03128866574794,1.2498881005740259e-06
grid-r028-c030,28,30,6.199999809265137,5.800000190734863,0.44999998807907104,-38.89520073592109,1.2896739463030826e-06
grid-r028-c031,28,31,6.400000095367432,5.800000190734863,0.44999998807907104,-38.9792109296942,1.2649661584873684e-06
grid-r028-c032,28,32,6.599999904632568,5.800000190734863,0.44999998807907104,-38.970810886052746,1.2674152003455674e-06
grid-r028-c033,28,33,6.800000190734863,5.800000190734863,0.44999998807907104,-39.02437414451795,1.2518796665972332e-06
grid-r028-c034,28,34,7.0,5.800000190734863,0.44999998807907104,-39.04347326832756,1.2463863185985247e-06
grid-r028-c035,28,35,7.199999809265137,5.800000190734863,0.44999998807907104,-39.06226206983079,1.241005747942836e-06
grid-r028-c036,28,36,7.400000095367432,5.800000190734863,0.44999998807907104,-38.98766323085043,1.262506657440099e-06
grid-r028-c037,28,37,7.599999904632568,5.800000190734863,0.44999998807907104,-39.363127476464186,1.1579431884456426e-06
grid-r028-c038,28,38,7.800000190734863,5.800000190734863,0.44999998807907104,-39.874884663417916,1.0292278602719307e-06
grid-r028-c039,28,39,8.0,5.800000190734863,0.44999998807907104,-39.94227122895503,1.01338127933559e-06
grid-r028-c040,28,40,8.199999809265137,5.800000190734863,0.44999998807907104,-39.646595042214585,1.0847770681721158e-06
grid-r028-c041,28,41,8.399999618530273,5.800000190734863,0.44999998807907104,-39.49208763604594,1.124064510804601e-06
grid-r028-c042,28,42,8.600000381469727,5.800000190734863,0.44999998807907104,-39.4300329952013,1.1402411246308475e-06
grid-r028-c043,28,43,8.800000190734863,5.800000190734863,0.44999998807907104,-39.47725565177115,1.1279099680905347e-06
grid-r028-c044,28,44,9.0,5.800000190734863,0.44999998807907104,-39.41316326172486,1.1446788903413108e-06
grid-r028-c045,28,45,9.199999809265137,5.800000190734863,0.44999998807907104,-39.366114514240635,1.1571470395210781e-06
grid-r028-c046,28,46,9.399999618530273,5.800000190734863,0.44999998807907104,-39.41230758502318,1.1449044450273504e-06
grid-r028-c047,28,47,9.600000381469727,5.800000190734863,0.44999998807907104,-39.78490909649117,1.0507734486964182e-06
grid-r028-c048,28,48,9.800000190734863,5.800000190734863,0.44999998807907104,-39.78952716567072,1.0496567028894788e-06
grid-r028-c049,28,49,10.0,5.800000190734863,0.44999998807907104,-39.82676058880982,1.0406961337139364e-06
grid-r028-c050,28,50,10.200000762939453,5.800000190734863,0.44999998807907104,-39.75757834517097,1.0574069619906368e-06
grid-r028-c051,28,51,10.399999618530273,5.800000190734863,0.44999998807907104,-39.82753919538589,1.0405095736132353e-06
grid-r028-c052,28,52,10.600000381469727,5.800000190734863,0.44999998807907104,-39.85026176600086,1.0350797765568132e-06
grid-r028-c053,28,53,10.800000190734863,5.800000190734863,0.44999998807907104,-39.8677978678484,1.0309087201676448e-06
grid-r028-c054,28,54,11.0,5.800000190734863,0.44999998807907104,-39.969665419909234,1.0070092457681312e-06
grid-r028-c055,28,55,11.200000762939453,5.800000190734863,0.44999998807907104,-40.05278033392146,9.879204299068078e-07
grid-r028-c056,28,56,11.399999618530273,5.800000190734863,0.44999998807907104,-39.856183972318355,1.033669263961201e-06
grid-r028-c057,28,57,11.600000381469727,5.800000190734863,0.44999998807907104,-39.585565224858584,1.1001286566170165e-06
grid-r029-c000,29,0,0.19999980926513672,6.000000476837158,0.44999998807907104,-37.597203713279384,1.7389201047990355e-06
grid-r029-c001,29,1,0.40000009536743164,6.000000476837158,0.44999998807907104,-38.02052658809504,1.5774199937368394e-06
grid-r029-c002,29,2,0.5999999046325684,6.000000476837158,0.44999998807907104,-38.162360497474964,1.5267360140569508e-06
grid-r029-c003,29,3,0.7999997138977051,6.000000476837158,0.44999998807907104,-37.82605999398635,1.64965831572772e-06
grid-r029-c004,29,4,1.0,6.000000476837158,0.44999998807907104,-37.716675613365055,1.6917354059842182e-06
grid-r029-c005,29,5,1.1999998092651367,6.000000476837158,0.44999998807907104,-37.88636583643101,1.6269095794996247e-06
grid-r029-c006,29,6,1.4000000953674316,6.000000476837158,0.44999998807907104,-37.96672872707872,1.597081677573442e-06
grid-r029-c007,29,7,1.5999999046325684,6.000000476837158,0.44999998807907104,-37.88659891586531,1.6268222680082545e-06
grid-r029-c008,29,8,1.799999713897705,6.000000476837158,0.44999998807907104,-38.088995571970756,1.5527460845987662e-06
grid-r029-c009,29,9,2.0,6.000000476837158,0.44999998807907104,-38.11597806303551,1.5431288602485438e-06
grid-r029-c010,29,10,2.200000047683716,6.000000476837158,0.44999998807907104,-38.1392995600094,1.5348645092672086e-06
grid-r029-c011,29,11,2.3999998569488525,6.000000476837158,0.44999998807907104,-38.1324261906,1.5372955886050477e-06
grid-r029-c012,29,12,2.5999999046325684,6.000000476837158,0.44999998807907104,-38.18708330103838,1.5180695527305943e-06
grid-r029-c013,29,13,2.799999952316284,6.000000476837158,0.44999998807907104,-38.204228582592314,1.5120882608243846e-06
grid-r029-c014,29,14,3.0,6.000000476837158,0.44999998807907104,-38.27507158488566,1.4876228533466929e-06
grid-r029-c015,29,15,3.200000047683716,6.000000476837158,0.44999998807907104,-38.28200278098174,1.485250550103956e-06
grid-r029-c016,29,16,3.3999998569488525,6.000000476837158,0.44999998807907104,-38.31625067124651,1.4735841205038014e-06
grid-r029-c017,29,17,3.5999999046325684,6.000000476837158,0.44999998807907104,-38.399990326924815,1.4454429901888943e-06
grid-r029-c018,29,18,3.799999952316284,6.000000476837158,0.44999998807907104,-38.41633631822094,1.440012852071959e-06
grid-r029-c019,29,19,4.0,6.000000476837158,0.44999998807907104,-38.44234625547446,1.43141437547456e-06
grid-r029-c020,29,20,4.199999809265137,6.000000476837158,0.44999998807907104,-38.43358942092135,1.4343034990815795e-06
grid-r029-c021,29,21,4.400000095367432,6.000000476837158,0.44999998807907104,-38.386988064351144,1.4497769598165178e-06
grid-r029-c022,29,22,4.599999904632568,6.000000476837158,0.44999998807907104,-38.36894053112262,1.4558141856468865e-06
grid-r029-c023,29,23,4.800000190734863,6.000000476837158,0.44999998807907104,-38.359606378679,1.4589464853997924e-06
grid-r029-c024,29,24,5.0,6.000000476837158,0.44999998807907104,-38.53311450622286,1.4018080491950968e-06
grid-r029-c025,29,25,5.199999809265137,6.000000476837158,0.44999998807907104,-38.85672536640592,1.3011502915105666e-06
grid-r029-c026,29,26,5.400000095367432,6.000000476837158,0.44999998807907104,-38.927157861231414,1.2802188393834513e-06
grid-r029-c027,29,27,5.599999904632568,6.000000476837158,0.44999998807907104,-38.999159633876445,1.2591690392582677e-06
grid-r029-c028,29,28,5.800000190734863,6.000000476837158,0.44999998807907104,-39.12140731378053,1.2242194316058885e-06
grid-r029-c029,29,29,6.0,6.000000476837158,0.44999998807907104,-39.115395756476694,1.2259151844773442e-06
grid-r029-c030,29,30,6.199999809265137,6.000000476837158,0.44999998807907104,-39.4547009113722,1.1337829164403956e-06
grid-r029-c031,29,31,6.400000095367432,6.000000476837158,0.44999998807907104,-39.2856516935384,1.178785623778822e-06
grid-r029-c032,29,32,6.599999904632568,6.000000476837158,0.44999998807907104,-39.091538938965925,1.2326679552643327e-06
grid-r029-c033,29,33,6.800000190734863,6.000000476837158,0.44999998807907104,-39.12042497023723,1.2244963727425784e-06
grid-r029-c034,29,34,7.0,6.000000476837158,0.44999998807907104,-39.19239970681985,1.204370278173883e-06
grid-r029-c035,29,35,7.199999809265137,6.000000476837158,0.44999998807907104,-39.20345298534699,1.2013089190077153e-06
grid-r029-c036,29,36,7.400000095367432,6.000000476837158,0.44999998807907104,-39.353830189341686,1.16042474473943e-06
grid-r029-c037,29,37,7.599999904632568,6.000000476837158,0.44999998807907104,-39.19460007395909,1.2037602346026688e-06
grid-r029-c038,29,38,7.800000190734863,6.000000476837158,0.44999998807907104,-39.26415175939917,1.1846357210743008e-06
grid-r029-c039,29,39,8.0,6.000000476837158,0.44999998807907104,-39.58001624111066,1.1015351901733084e-06
grid-r029-c040,29,40,8.199999809265137,6.000000476837158,0.44999998807907104,-39.59271642402225,1.0983186484736507e-06
grid-r029-c041,29,41,8.399999618530273,6.000000476837158,0.44999998807907104,-39.56999697898759,1.1040793879146804e-06
grid-r029-c042,29,42,8.600000381469727,6.000000476837158,0.44999998807907104,-39.586889830066795,1.0997931667589e-06
grid-r029-c043,29,43,8.800000190734863,6.000000476837158,0.44999998807907104,-39.573412186526234,1.1032115025955136e-06
grid-r029-c044,29,44,9.0,6.000000476837158,0.44999998807907104,-39.58764051428816,1.0996030823662295e-06
grid-r029-c045,29,45,9.199999809265137,6.000000476837158,0.44999998807907104,-39.60574827567514,1.0950278692689608e-06
grid-r029-c046,29,46,9.399999618530273,6.000000476837158,0.44999998807907104,-39.66452803637366,1.0803070153997396e-06
grid-r029-c047,29,47,9.600000381469727,6.000000476837158,0.44999998807907104,-39.80130021258866,1.046815100380627e-06
grid-r029-c048,29,48,9.800000190734863,6.000000476837158,0.44999998807907104,-39.843945124472874,1.0365863545303e-06
grid-r029-c049,29,49,10.0,6.000000476837158,0.44999998807907104,-39.81217603568016,1.0441968925078982e-06
grid-r029-c050,29,50,10.200000762939453,6.000000476837158,0.44999998807907104,-39.88699561990011,1.026361701406131e-06
grid-r029-c051,29,51,10.399999618530273,6.000000476837158,0.44999998807907104,-39.84971181691574,1.0352108574807062e-06
grid-r029-c052,29,52,10.600000381469727,6.000000476837158,0.44999998807907104,-40.02803574702717,9.935653224601992e-07
grid-r029-c053,29,53,10.800000190734863,6.000000476837158,0.44999998807907104,-40.20611846874975,9.536481115901552e-07
grid-r029-c054,29,54,11.0,6.000000476837158,0.44999998807907104,-40.264052363950384,9.410111374563712e-07
grid-r029-c055,29,55,11.200000762939453,6.000000476837158,0.44999998807907104,-40.25839154144072,9.422385005564138e-07
grid-r029-c056,29,56,11.399999618530273,6.000000476837158,0.44999998807907104,-40.38474538726166,9.1521991407717e-07
grid-r029-c057,29,57,11.600000381469727,6.000000476837158,0.44999998807907104,-40.41506899862151,9.088518595490314e-07
grid-r030-c000,30,0,0.19999980926513672,6.200000762939453,0.44999998807907104,-37.839179664847904,1.6446823565274826e-06
grid-r030-c001,30,1,0.40000009536743164,6.200000762939453,0.44999998807907104,-38.12504519862876,1.5399104995594826e-06
grid-r030-c002,30,2,0.5999999046325684,6.200000762939453,0.44999998807907104,-38.00511638749309,1.5830271422601072e-06
grid-r030-c003,30,3,0.7999997138977051,6.200000762939453,0.44999998807907104,-37.710308287616556,1.6942175307121943e-06
grid-r030-c004,30,4,1.0,6.200000762939453,0.44999998807907104,-37.88902787440606,1.6259126596196438e-06
grid-r030-c005,30,5,1.1999998092651367,6.200000762939453,0.44999998807907104,-38.02170050435685,1.5769936680953833e-06
grid-r030-c006,30,6,1.4000000953674316,6.200000762939453,0.44999998807907104,-37.916705527751745,1.6155836419784464e-06
grid-r030-c007,30,7,1.5999999046325684,6.200000762939453,0.44999998807907104,-38.04515599899139,1.5684995560150128e-06
grid-r030-c008,30,8,1.799999713897705,6.200000762939453,0.44999998807907104,-38.11618764025919,1.5430543953698361e-06
grid-r030-c009,30,9,2.0,6.200000762939453,0.44999998807907104,-38.155907783128924,1.529006112832576e-06
grid-r030-c010,30,10,2.200000047683716,6.200000762939453,0.44999998807907104,-38.181916374225594,1.519876718703017e-06
grid-r030-c011,30,11,2.3999998569488525,6.200000762939453,0.44999998807907104,-38.21400530923796,1.5086881148818065e-06
grid-r030-c012,30,12,2.5999999046325684,6.200000762939453,0.44999998807907104,-38.222242763535334,1.505829231973621e-06
grid-r030-c013,30,13,2.799999952316284,6.200000762939453,0.44999998807907104,-38.259221325128074,1.4930620864106459e-06
grid-r030-c014,30,14,3.0,6.200000762939453,0.44999998807907104,-38.29771468674668,1.4798869187870878e-06
grid-r030-c015,30,15,3.200000047683716,6.200000762939453,0.44999998807907104,-38.35962533020171,1.45894011893688e-06
grid-r030-c016,30,16,3.3999998569488525,6.200000762939453,0.44999998807907104,-38.38552220208732,1.4502663816529093e-06
grid-r030-c017,30,17,3.5999999046325684,6.200000762939453,0.44999998807907104,-38.43828420773211,1.4327538337965962e-06
grid-r030-c018,30,18,3.799999952316284,6.200000762939453,0.44999998807907104,-38.45991376606349,1.4256359008868458e-06
grid-r030-c019,30,19,4.0,6.200000762939453,0.44999998807907104,-38.484697871366876,1.417523321833869e-06
grid-r030-c020,30,20,4.199999809265137,6.200000762939453,0.44999998807907104,-38.4957721723475,1.4139133099888568e-06
grid-r030-c021,30,21,4.400000095367432,6.200000762939453,0.44999998807907104,-38.49703470651992,1.4135023320704931e-06
grid-r030-c022,30,22,4.599999904632568,6.200000762939453,0.44999998807907104,-38.47724280535648,1.4199587212715414e-06
grid-r030-c023,30,23,4.800000190734863,6.200000762939453,0.44999998807907104,-38.45740120073168,1.4264609262681915e-06
grid-r030-c024,30,24,5.0,6.200000762939453,0.44999998807907104,-38.47184620353043,1.4217242778613581e-06
grid-r030-c025,30,25,5.199999809265137,6.200000762939453,0.44999998807907104,-38.91674967354095,1.2832906577386893e-06
grid-r030-c026,30,26,5.400000095367432,6.200000762939453,0.44999998807907104,-38.95676928568705,1.271519636247831e-06
grid-r030-c027,30,27,5.599999904632568,6.200000762939453,0.44999998807907104,-39.00265907717407,1.2581548389789532e-06
grid-r030-c028,30,28,5.800000190734863,6.200000762939453,0.44999998807907104,-39.136918320046384,1.219854880218918e-06
grid-r030-c029,30,29,6.0,6.200000762939453,0.44999998807907104,-39.2574280104066,1.1864711950693163e-06
grid-r030-c030,30,30,6.199999809265137,6.200000762939453,0.44999998807907104,-39.521291497843485,1.1165311661898158e-06
grid-r030-c031,30,31,6.400000095367432,6.200000762939453,0.44999998807907104,-39.61571080676752,1.0925188007604447e-06
grid-r030-c032,30,32,6.599999904632568,6.200000762939453,0.44999998807907104,-39.59011662661031,1.0989763268298702e-06
grid-r030-c033,30,33,6.800000190734863,6.200000762939453,0.44999998807907104,-39.304986111593095,1.1735494354070397e-06
grid-r030-c034,30,34,7.0,6.200000762939453,0.44999998807907104,-39.29634429232528,1.1758869504774339e-06
grid-r030-c035,30,35,7.199999809265137,6.200000762939453,0.44999998807907104,-39.38062121027599,1.153288280875131e-06
grid-r030-c036,30,36,7.400000095367432,6.200000762939453,0.44999998807907104,-39.352973785768405,1.1606535963437636e-06
grid-r030-c037,30,37,7.599999904632568,6.200000762939453,0.44999998807907104,-39.36215072629266,1.1582036449908628e-06
grid-r030-c038,30,38,7.800000190734863,6.200000762939453,0.44999998807907104,-39.28388408278191,1.1792654959208448e-06
grid-r030-c039,30,39,8.0,6.200000762939453,0.44999998807907104,-39.05975712533204,1.2417217476468068e-06
grid-r030-c040,30,40,8.199999809265137,6.200000762939453,0.44999998807907104,-39.18966617824112,1.2051285693814862e-06
grid-r030-c041,30,41,8.399999618530273,6.200000762939453,0.44999998807907104,-39.536990255945156,1.112502445721475e-06
grid-r030-c042,30,42,8.600000381469727,6.200000762939453,0.44999998807907104,-39.67187968523773,1.0784798405438778e-06
grid-r030-c043,30,43,8.800000190734863,6.200000762939453,0.44999998807907104,-39.69643800441907,1.0723985042204731e-06
grid-r030-c044,30,44,9.0,6.200000762939453,0.44999998807907104,-39.645768569496866,1.0849835234694183e-06
grid-r030-c045,30,45,9.199999809265137,6.200000762939453,0.44999998807907104,-39.70778979489435,1.069599079528416e-06
grid-r030-c046,30,46,9.399999618530273,6.200000762939453,0.44999998807907104,-39.92728986848461,1.0168830613110913e-06
grid-r030-c047,30,47,9.600000381469727,6.200000762939453,0.44999998807907104,-39.7816409131466,1.0515644817132852e-06
grid-r030-c048,30,48,9.800000190734863,6.200000762939453,0.44999998807907104,-39.8667567934431,1.0311558753528516e-06
grid-r030-c049,30,49,10.0,6.200000762939453,0.44999998807907104,-39.99405013015327,1.0013709470513277e-06
grid-r030-c050,30,50,10.200000762939453,6.200000762939453,0.44999998807907104,-40.15083233102257,9.65865751823003e-07
grid-r030-c051,30,51,10.399999618530273,6.200000762939453,0.44999998807907104,-40.25966453092061,9.41962355227588e-07
grid-r030-c052,30,52,10.600000381469727,6.200000762939453,0.44999998807907104,-40.28483103665431,9.365196547150845e-07
grid-r030-c053,30,53,10.800000190734863,6.200000762939453,0.44999998807907104,-40.393397422783906,9.133984235631942e-07
grid-r030-c054,30,54,11.0,6.200000762939453,0.44999998807907104,-40.491663761625404,8.929633281695715e-07
grid-r030-c055,30,55,11.200000762939453,6.200000762939453,0.44999998807907104,-40.635293113012565,8.639143516120384e-07
grid-r030-c056,30,56,11.399999618530273,6.200000762939453,0.44999998807907104,-40.60129141642676,8.707046390554751e-07
grid-r030-c057,30,57,11.600000381469727,6.200000762939453,0.44999998807907104,-40.60357355360922,8.702472200639022e-07
grid-r031-c000,31,0,0.19999980926513672,6.40000057220459,0.44999998807907104,-37.63141023677061,1.7252775705856038e-06
grid-r031-c001,31,1,0.40000009536743164,6.40000057220459,0.44999998807907104,-38.1099111089867,1.5452860679943115e-06
grid-r031-c002,31,2,0.5999999046325684,6.40000057220459,0.44999998807907104,-37.9225419809159,1.6134139286805294e-06
grid-r031-c003,31,3,0.7999997138977051,6.40000057220459,0.44999998807907104,-37.71903791876717,1.690815452093375e-06
grid-r031-c004,31,4,1.0,6.40000057220459,0.44999998807907104,-38.00845212019055,1.5818117162780254e-06
grid-r031-c005,31,5,1.1999998092651367,6.40000057220459,0.44999998807907104,-38.14334947253782,1.5334338741013198e-06
grid-r031-c006,31,6,1.4000000953674316,6.40000057220459,0.44999998807907104,-37.88017075328423,1.6292319742206018e-06
grid-r031-c007,31,7,1.5999999046325684,6.40000057220459,0.44999998807907104,-38.18078473576733,1.5202728036456392e-06
grid-r031-c008,31,8,1.799999713897705,6.40000057220459,0.44999998807907104,-38.182624610293615,1.519628881396784e-06
grid-r031-c009,31,9,2.0,6.40000057220459,0.44999998807907104,-38.22097371424256,1.5062693137224414e-06
grid-r031-c010,31,10,2.200000047683716,6.40000057220459,0.44999998807907104,-38.202954339776866,1.512531980552012e-06
grid-r031-c011,31,11,2.3999998569488525,6.40000057220459,0.44999998807907104,-38.26353528991654,1.4915797237335937e-06
grid-r031-c012,31,12,2.5999999046325684,6.40000057220459,0.44999998807907104,-38.32484905088488,1.4706695310451323e-06
grid-r031-c013,31,13,2.799999952316284,6.40000057220459,0.44999998807907104,-38.33600294323433,1.4668972880826914e-06
grid-r031-c014,31,14,3.0,6.40000057220459,0.44999998807907104,-38.36588758168536,1.4568379356205696e-06
grid-r031-c015,31,15,3.200000047683716,6.40000057220459,0.44999998807907104,-38.38401973861795,1.4507681953546125e-06
grid-r031-c016,31,16,3.3999998569488525,6.40000057220459,0.44999998807907104,-38.362954636017164,1.4578221225747257e-06
grid-r031-c017,31,17,3.5999999046325684,6.40000057220459,0.44999998807907104,-38.411430235942845,1.4416405065276194e-06
grid-r031-c018,31,18,3.799999952316284,6.40000057220459,0.44999998807907104,-38.476691022611185,1.4201391422830056e-06
grid-r031-c019,31,19,4.0,6.40000057220459,0.44999998807907104,-38.55724959982851,1.394039372826228e-06
grid-r031-c020,31,20,4.199999809265137,6.40000057220459,0.44999998807907104,-38.5412356839307,1.3991891592013417e-06
grid-r031-c021,31,21,4.400000095367432,6.40000057220459,0.44999998807907104,-38.59221078348319,1.3828622513756272e-06
grid-r031-c022,31,22,4.599999904632568,6.40000057220459,0.44999998807907104,-38.588946175678416,1.3839021448802669e-06
grid-r031-c023,31,23,4.800000190734863,6.40000057220459,0.44999998807907104,-38.58884199989912,1.3839353414368816e-06
grid-r031-c024,31,24,5.0,6.40000057220459,0.44999998807907104,-38.603483910526236,1.3792773643217515e-06
grid-r031-c025,31,25,5.199999809265137,6.40000057220459,0.44999998807907104,-38.853445406876716,1.3021333415963454e-06
grid-r031-c026,31,26,5.400000095367432,6.40000057220459,0.44999998807907104,-39.00441554931437,1.257646090380149e-06
grid-r031-c027,31,27,5.599999904632568,6.40000057220459,0.44999998807907104,-39.070927155471715,1.238532149727689e-06
grid-r031-c028,31,28,5.800000190734863,6.40000057220459,0.44999998807907104,-39.15076458854419,1.2159719062765362e-06
grid-r031-c029,31,29,6.0,6.40000057220459,0.44999998807907104,-39.38964231441008,1.150895172941091e-06
grid-r031-c030,31,30,6.199999809265137,6.40000057220459,0.44999998807907104,-39.580854502843515,1.101322595786769e-06
grid-r031-c031,31,31,6.400000095367432,6.40000057220459,0.44999998807907104,-39.608871351502884,1.0942407016045763e-06
grid-r031-c032,31,32,6.599999904632568,6.40000057220459,0.44999998807907104,-39.66825902561099,1.0793793308039312e-06
grid-r031-c033,31,33,6.800000190734863,6.40000057220459,0.44999998807907104,-39.80290272052423,1.0464289061928866e-06
grid-r031-c034,31,34,7.0,6.40000057220459,0.44999998807907104,-39.59679159667543,1.0972885320370551e-06
grid-r031-c035,31,35,7.199999809265137,6.40000057220459,0.44999998807907104,-39.46734462926865,1.1304869076411705e-06
grid-r031-c036,31,36,7.400000095367432,6.40000057220459,0.44999998807907104,-39.461610883379734,1.1319804116283194e-06
grid-r031-c037,31,37,7.599999904632568,6.40000057220459,0.44999998807907104,-39.51063064916368,1.1192753390787402e-06
grid-r031-c038,31,38,7.800000190734863,6.40000057220459,0.44999998807907104,-39.30602246847951,1.1732694247257314e-06
grid-r031-c039,31,39,8.0,6.40000057220459,0.44999998807907104,-39.072683545418315,1.2380313592075254e-06
grid-r031-c040,31,40,8.199999809265137,6.40000057220459,0.44999998807907104,-39.14146482174472,1.2185785180918174e-06
grid-r031-c041,31,41,8.399999618530273,6.40000057220459,0.44999998807907104,-39.146850078170004,1.2170684158263612e-06
grid-r031-c042,31,42,8.600000381469727,6.40000057220459,0.44999998807907104,-39.36450536185613,1.157575866272964e-06
grid-r031-c043,31,43,8.800000190734863,6.40000057220459,0.44999998807907104,-39.623974867339754,1.0904418559221085e-06
grid-r031-c044,31,44,9.0,6.40000057220459,0.44999998807907104,-39.64657956716159,1.0847809335245984e-06
grid-r031-c045,31,45,9.199999809265137,6.40000057220459,0.44999998807907104,-39.984953344253185,1.0034706292572082e-06
grid-r031-c046,31,46,9.399999618530273,6.40000057220459,0.44999998807907104,-40.016737769520475,9.961534033209318e-07
grid-r031-c047,31,47,9.600000381469727,6.40000057220459,0.44999998807907104,-40.1454967982718,9.670530971561675e-07
grid-r031-c048,31,48,9.800000190734863,6.40000057220459,0.44999998807907104,-40.072754633508424,9.833871672526584e-07
grid-r031-c049,31,49,10.0,6.40000057220459,0.44999998807907104,-40.11840909900574,9.731036243465496e-07
grid-r031-c050,31,50,10.200000762939453,6.40000057220459,0.44999998807907104,-40.30860879532114,9.314061912846228e-07
grid-r031-c051,31,51,10.399999618530273,6.40000057220459,0.44999998807907104,-40.466308934897754,8.981918426798075e-07
grid-r031-c052,31,52,10.600000381469727,6.40000057220459,0.44999998807907104,-40.67056409763224,8.569265332880605e-07
grid-r031-c053,31,53,10.800000190734863,6.40000057220459,0.44999998807907104,-40.6549684101808,8.600093224231387e-07
grid-r031-c054,31,54,11.0,6.40000057220459,0.44999998807907104,-40.64058680575794,8.628619525552494e-07
grid-r031-c055,31,55,11.200000762939453,6.40000057220459,0.44999998807907104,-40.625562634457495,8.658521437610034e-07
grid-r031-c056,31,56,11.399999618530273,6.40000057220459,0.44999998807907104,-40.66379447739877,8.582633199694101e-07
grid-r031-c057,31,57,11.600000381469727,6.40000057220459,0.44999998807907104,-40.79368482438936,8.329741376655875e-07
grid-r032-c000,32,0,0.19999980926513672,6.600000381469727,0.44999998807907104,-37.29468395803828,1.8643678458829527e-06
grid-r032-c001,32,1,0.40000009536743164,6.600000381469727,0.44999998807907104,-37.97070650911921,1.5956195511535043e-06
grid-r032-c002,32,2,0.5999999046325684,6.600000381469727,0.44999998807907104,-37.6251906175554,1.7277501456192113e-06
grid-r032-c003,32,3,0.7999997138977051,6.600000381469727,0.44999998807907104,-37.72883422698673,1.6870058061613236e-06
grid-r032-c004,32,4,1.0,6.600000381469727,0.44999998807907104,-37.993523825927014,1.5872583389864303e-06
grid-r032-c005,32,5,1.1999998092651367,6.600000381469727,0.44999998807907104,-38.01203376238292,1.5805077282493585e-06
grid-r032-c006,32,6,1.4000000953674316,6.600000381469727,0.44999998807907104,-37.96433503048256,1.597962182131596e-06
grid-r032-c007,32,7,1.5999999046325684,6.600000381469727,0.44999998807907104,-38.25104717403298,1.495874926149554e-06
grid-r032-c008,32,8,1.799999713897705,6.600000381469727,0.44999998807907104,-38.27767442717665,1.4867315485389554e-06
grid-r032-c009,32,9,2.0,6.600000381469727,0.44999998807907104,-38.2996348220263,1.4792327647228376e-06
grid-r032-c010,32,10,2.200000047683716,6.600000381469727,0.44999998807907104,-38.34543486592394,1.463714966121188e-06
grid-r032-c011,32,11,2.3999998569488525,6.600000381469727,0.44999998807907104,-38.33572998135593,1.4669894881080836e-06
grid-r032-c012,32,12,2.5999999046325684,6.600000381469727,0.44999998807907104,-38.329632697063076,1.4690505167891388e-06
grid-r032-c013,32,13,2.799999952316284,6.600000381469727,0.44999998807907104,-38.32858690566539,1.4694043102281285e-06
grid-r032-c014,32,14,3.0,6.600000381469727,0.44999998807907104,-38.38491897577924,1.450467834729352e-06
grid-r032-c015,32,15,3.200000047683716,6.600000381469727,0.44999998807907104,-38.36692985228776,1.4564883485945757e-06
grid-r032-c016,32,16,3.3999998569488525,6.600000381469727,0.44999998807907104,-38.38973656985993,1.4488597344097798e-06
grid-r032-c017,32,17,3.5999999046325684,6.600000381469727,0.44999998807907104,-38.45520143295383,1.4271836334955879e-06
grid-r032-c018,32,18,3.799999952316284,6.600000381469727,0.44999998807907104,-38.47796158404727,1.4197237305779709e-06
grid-r032-c019,32,19,4.0,6.600000381469727,0.44999998807907104,-38.500114873666334,1.412500182595977e-06
grid-r032-c020,32,20,4.199999809265137,6.600000381469727,0.44999998807907104,-38.59732444817062,1.38123493798048e-06
grid-r032-c021,32,21,4.400000095367432,6.600000381469727,0.44999998807907104,-38.63082215471507,1.3706222716791672e-06
grid-r032-c022,32,22,4.599999904632568,6.600000381469727,0.44999998807907104,-38.66593022958816,1.3595869177152053e-06
grid-r032-c023,32,23,4.800000190734863,6.600000381469727,0.44999998807907104,-38.689613316821045,1.3521929531634669e-06
grid-r032-c024,32,24,5.0,6.600000381469727,0.44999998807907104,-38.69694195398124,1.3499130773197976e-06
grid-r032-c025,32,25,5.199999809265137,6.600000381469727,0.44999998807907104,-38.89074067195062,1.2909990800835658e-06
grid-r032-c026,32,26,5.400000095367432,6.600000381469727,0.44999998807907104,-39.107782027434766,1.2280662531338749e-06
grid-r032-c027,32,27,5.599999904632568,6.600000381469727,0.44999998807907104,-39.14077324573136,1.2187725815238082e-06
grid-r032-c028,32,28,5.800000190734863,6.600000381469727,0.44999998807907104,-39.22272463709384,1.1959899666180718e-06
grid-r032-c029,32,29,6.0,6.600000381469727,0.44999998807907104,-39.56411010810238,1.1055769846279873e-06
grid-r032-c030,32,30,6.199999809265137,6.600000381469727,0.44999998807907104,-39.52989692530518,1.11432098037767e-06
grid-r032-c031,32,31,6.400000095367432,6.600000381469727,0.44999998807907104,-39.60527216333524,1.0951479225695948e-06
grid-r032-c032,32,32,6.599999904632568,6.600000381469727,0.44999998807907104,-39.81578575994302,1.0433293482492445e-06
grid-r032-c033,32,33,6.800000190734863,6.600000381469727,0.44999998807907104,-39.95387612912996,1.010677010526706e-06
grid-r032-c034,32,34,7.0,6.600000381469727,0.44999998807907104,-39.995084199450694,1.0011325457526254e-06
grid-r032-c035,32,35,7.199999809265137,6.600000381469727,0.44999998807907104,-39.91223614042474,1.0204139471170492e-06
grid-r032-c036,32,36,7.400000095367432,6.600000381469727,0.44999998807907104,-39.61521417049143,1.0926437425951008e-06
grid-r032-c037,32,37,7.599999904632568,6.600000381469727,0.44999998807907104,-39.57406341183538,1.1030460882466286e-06
grid-r032-c038,32,38,7.800000190734863,6.600000381469727,0.44999998807907104,-39.27474135378241,1.1817506901934394e-06
grid-r032-c039,32,39,8.0,6.600000381469727,0.44999998807907104,-39.16084571550044,1.2131525863878778e-06
grid-r032-c040,32,40,8.199999809265137,6.600000381469727,0.44999998807907104,-39.17120077636531,1.2102634627808584e-06
grid-r032-c041,32,41,8.399999618530273,6.600000381469727,0.44999998807907104,-39.221164435386285,1.1964197028646595e-06
grid-r032-c042,32,42,8.600000381469727,6.600000381469727,0.44999998807907104,-39.17905206953516,1.2080774922651472e-06
grid-r032-c043,32,43,8.800000190734863,6.600000381469727,0.44999998807907104,-39.18084579513672,1.2075786344212247e-06
grid-r032-c044,32,44,9.0,6.600000381469727,0.44999998807907104,-39.747659467707564,1.0598247399684624e-06
grid-r032-c045,32,45,9.199999809265137,6.600000381469727,0.44999998807907104,-40.185999676612425,9.580761570759933e-07
grid-r032-c046,32,46,9.399999618530273,6.600000381469727,0.44999998807907104,-40.3075174626518,9.316402724834916e-07
grid-r032-c047,32,47,9.600000381469727,6.600000381469727,0.44999998807907104,-40.30045375751098,9.331567980552791e-07
grid-r032-c048,32,48,9.800000190734863,6.600000381469727,0.44999998807907104,-40.430969179130244,9.055304985849943e-07
grid-r032-c049,32,49,10.0,6.600000381469727,0.44999998807907104,-40.46844559291151,8.977500556284213e-07
grid-r032-c050,32,50,10.200000762939453,6.600000381469727,0.44999998807907104,-40.49712200452375,8.918417506720289e-07
grid-r032-c051,32,51,10.399999618530273,6.600000381469727,0.44999998807907104,-40.6665356549512,8.577217727179232e-07
grid-r032-c052,32,52,10.600000381469727,6.600000381469727,0.44999998807907104,-40.7187883912495,8.474638093503017e-07
grid-r032-c053,32,53,10.800000190734863,6.600000381469727,0.44999998807907104,-40.762067652110176,8.39060419366433e-07
grid-r032-c054,32,54,11.0,6.600000381469727,0.44999998807907104,-40.747819351370076,8.418177230851143e-07
grid-r032-c055,32,55,11.200000762939453,6.600000381469727,0.44999998807907104,-40.792650322930996,8.331725780408306e-07
grid-r032-c056,32,56,11.399999618530273,6.600000381469727,0.44999998807907104,-40.792680249188216,8.331668368555256e-07
grid-r032-c057,32,57,11.600000381469727,6.600000381469727,0.44999998807907104,-40.70301394499657,8.505475648235006e-07
grid-r033-c000,33,0,0.19999980926513672,6.800000190734863,0.44999998807907104,-37.083154842799516,1.9574222278606612e-06
grid-r033-c001,33,1,0.40000009536743164,6.800000190734863,0.44999998807907104,-37.7377669095799,1.6835394944791915e-06
grid-r033-c002,33,2,0.5999999046325684,6.800000190734863,0.44999998807907104,-37.62409683548916,1.7281853388340096e-06
grid-r033-c003,33,3,0.7999997138977051,6.800000190734863,0.44999998807907104,-37.89216558178132,1.6247383882728172e-06
grid-r033-c004,33,4,1.0,6.800000190734863,0.44999998807907104,-38.044479899562205,1.5687437553424388e-06
grid-r033-c005,33,5,1.1999998092651367,6.800000190734863,0.44999998807907104,-37.86183811881863,1.6361238976969616e-06
grid-r033-c006,33,6,1.4000000953674316,6.800000190734863,0.44999998807907104,-37.98129144970791,1.5917353266559076e-06
grid-r033-c007,33,7,1.5999999046325684,6.800000190734863,0.44999998807907104,-38.21818415867241,1.5072371297719656e-06
grid-r033-c008,33,8,1.799999713897705,6.800000190734863,0.44999998807907104,-38.24724846970818,1.4971839163990808e-06
grid-r033-c009,33,9,2.0,6.800000190734863,0.44999998807907104,-38.26986991249507,1.4894056903358432e-06
grid-r033-c010,33,10,2.200000047683716,6.800000190734863,0.44999998807907104,-38.303216069482914,1.4780134733882733e-06
grid-r033-c011,33,11,2.3999998569488525,6.800000190734863,0.44999998807907104,-38.35788247448634,1.459525719837984e-06
grid-r033-c012,33,12,2.5999999046325684,6.800000190734863,0.44999998807907104,-38.379973093874526,1.4521206139761489e-06
grid-r033-c013,33,13,2.799999952316284,6.800000190734863,0.44999998807907104,-38.38919068208079,1.4490418607238098e-06
grid-r033-c014,33,14,3.0,6.800000190734863,0.44999998807907104,-38.43403591503777,1.4341560472530546e-06
grid-r033-c015,33,15,3.200000047683716,6.800000190734863,0.44999998807907104,-38.41850996535178,1.4392923048944795e-06
grid-r033-c016,33,16,3.3999998569488525,6.800000190734863,0.44999998807907104,-38.4479591087875,1.4295656001195312e-06
grid-r033-c017,33,17,3.5999999046325684,6.800000190734863,0.44999998807907104,-38.46572138896596,1.423730736860307e-06
grid-r033-c018,33,18,3.799999952316284,6.800000190734863,0.44999998807907104,-38.50314860562213,1.4115138355919044e-06
grid-r033-c019,33,19,4.0,6.800000190734863,0.44999998807907104,-38.55016159057888,1.3963164064989542e-06
grid-r033-c020,33,20,4.199999809265137,6.800000190734863,0.44999998807907104,-38.57891859189952,1.3871011788069154e-06
grid-r033-c021,33,21,4.400000095367432,6.800000190734863,0.44999998807907104,-38.6423662007354,1.3669838381247246e-06
grid-r033-c022,33,22,4.599999904632568,6.800000190734863,0.44999998807907104,-38.67648314178866,1.3562872709371732e-06
grid-r033-c023,33,23,4.800000190734863,6.800000190734863,0.44999998807907104,-38.732757529469986,1.3388263369051856e-06
grid-r033-c024,33,24,5.0,6.800000190734863,0.44999998807907104,-38.76941685558122,1.3275727042127983e-06
grid-r033-c025,33,25,5.199999809265137,6.800000190734863,0.44999998807907104,-38.856449127654926,1.301233055528428e-06
grid-r033-c026,33,26,5.400000095367432,6.800000190734863,0.44999998807907104,-39.242304456230954,1.1906100780834095e-06
grid-r033-c027,33,27,5.599999904632568,6.800000190734863,0.44999998807907104,-39.21668300575706,1.1976549103565048e-06
grid-r033-c028,33,28,5.800000190734863,6.800000190734863,0.44999998807907104,-39.34218812498271,1.1635396504061646e-06
grid-r033-c029,33,29,6.0,6.800000190734863,0.44999998807907104,-39.613632452927206,1.0930417602139642e-06
grid-r033-c030,33,30,6.199999809265137,6.800000190734863,0.44999998807907104,-39.68798356838043,1.0744881819846341e-06
grid-r033-c031,33,31,6.400000095367432,6.800000190734863,0.44999998807907104,-39.772436717677024,1.0537954722167342e-06
grid-r033-c032,33,32,6.599999904632568,6.800000190734863,0.44999998807907104,-39.80814507416283,1.0451665275468258e-06
grid-r033-c033,33,33,6.800000190734863,6.800000190734863,0.44999998807907104,-39.899286131738364,1.0234612091153394e-06
grid-r033-c034,33,34,7.0,6.800000190734863,0.44999998807907104,-40.028284717730855,9.935083653545007e-07
grid-r033-c035,33,35,7.199999809265137,6.800000190734863,0.44999998807907104,-40.08583835452576,9.80429035735142e-07
grid-r033-c036,33,36,7.400000095367432,6.800000190734863,0.44999998807907104,-40.16648280809263,9.623913683753926e-07
grid-r033-c037,33,37,7.599999904632568,6.800000190734863,0.44999998807907104,-39.669031228553486,1.0791874274218571e-06
grid-r033-c038,33,38,7.800000190734863,6.800000190734863,0.44999998807907104,-39.33410773866499,1.1657065215331386e-06
grid-r033-c039,33,39,8.0,6.800000190734863,0.44999998807907104,-39.33881678469245,1.164443233392376e-06
grid-r033-c040,33,40,8.199999809265137,6.800000190734863,0.44999998807907104,-39.198814472972884,1.2025926707792678e-06
grid-r033-c041,33,41,8.399999618530273,6.800000190734863,0.44999998807907104,-39.13443548690891,1.2205524626551778e-06
grid-r033-c042,33,42,8.600000381469727,6.800000190734863,0.44999998807907104,-39.241693244239784,1.1907776524822111e-06
grid-r033-c043,33,43,8.800000190734863,6.800000190734863,0.44999998807907104,-39.5040294430693,1.1209779131604591e-06
grid-r033-c044,33,44,9.0,6.800000190734863,0.44999998807907104,-39.700372089150726,1.0714275049394928e-06
grid-r033-c045,33,45,9.199999809265137,6.800000190734863,0.44999998807907104,-39.85356817478171,1.03429204045824e-06
grid-r033-c046,33,46,9.399999618530273,6.800000190734863,0.44999998807907104,-40.33340529612909,9.261033824259357e-07
grid-r033-c047,33,47,9.600000381469727,6.800000190734863,0.44999998807907104,-40.70729805315614,8.497089538650471e-07
grid-r033-c048,33,48,9.800000190734863,6.800000190734863,0.44999998807907104,-40.80466137863382,8.308714996019262e-07
grid-r033-c049,33,49,10.0,6.800000190734863,0.44999998807907104,-40.80926797920735,8.299906539832591e-07
grid-r033-c050,33,50,10.200000762939453,6.800000190734863,0.44999998807907104,-40.682173877746166,8.546388130525884e-07
grid-r033-c051,33,51,10.399999618530273,6.800000190734863,0.44999998807907104,-40.599881668016124,8.709873213774699e-07
grid-r033-c052,33,52,10.600000381469727,6.800000190734863,0.44999998807907104,-40.758277701202275,8.397929605052923e-07
grid-r033-c053,33,53,10.800000190734863,6.800000190734863,0.44999998807907104,-40.82230862461532,8.275021627923707e-07
grid-r033-c054,33,54,11.0,6.800000190734863,0.44999998807907104,-40.83721392525231,8.246669835898501e-07
grid-r033-c055,33,55,11.200000762939453,6.800000190734863,0.44999998807907104,-40.88208347233341,8.161907203430019e-07
grid-r033-c056,33,56,11.399999618530273,6.800000190734863,0.44999998807907104,-40.847550656644735,8.227065109167597e-07
grid-r033-c057,33,57,11.600000381469727,6.800000190734863,0.44999998807907104,-40.909228015424866,8.111052238746197e-07
grid-r034-c000,34,0,0.19999980926513672,7.000000476837158,0.44999998807907104,-37.147830550922805,1.928488018165808e-06
grid-r034-c001,34,1,0.40000009536743164,7.000000476837158,0.44999998807907104,-37.167947672716735,1.91957565220946e-06
grid-r034-c002,34,2,0.5999999046325684,7.000000476837158,0.44999998807907104,-37.77510776092885,1.6691263908796827e-06
grid-r034-c003,34,3,0.7999997138977051,7.000000476837158,0.44999998807907104,-38.122417820519345,1.5408423905682866e-06
grid-r034-c004,34,4,1.0,7.000000476837158,0.44999998807907104,-38.122741469196235,1.5407275668621878e-06
grid-r034-c005,34,5,1.1999998092651367,7.000000476837158,0.44999998807907104,-37.87807780137156,1.6300173228955828e-06
grid-r034-c006,34,6,1.4000000953674316,7.000000476837158,0.44999998807907104,-38.08159812738018,1.5553931689282763e-06
grid-r034-c007,34,7,1.5999999046325684,7.000000476837158,0.44999998807907104,-38.183223452271015,1.519419356554863e-06
grid-r034-c008,34,8,1.799999713897705,7.000000476837158,0.44999998807907104,-38.166561462691455,1.5252599041559733e-06
grid-r034-c009,34,9,2.0,7.000000476837158,0.44999998807907104,-38.19977281388894,1.5136404272197979e-06
grid-r034-c010,34,10,2.200000047683716,7.000000476837158,0.44999998807907104,-38.22573152702914,1.504620058767614e-06
grid-r034-c011,34,11,2.3999998569488525,7.000000476837158,0.44999998807907104,-38.307130268140384,1.4766819731448777e-06
grid-r034-c012,34,12,2.5999999046325684,7.000000476837158,0.44999998807907104,-38.35511415594038,1.4604563602915732e-06
grid-r034-c013,34,13,2.799999952316284,7.000000476837158,0.44999998807907104,-38.397475653625236,1.4462801800618763e-06
grid-r034-c014,34,14,3.0,7.000000476837158,0.44999998807907104,-38.42704702546487,1.4364658227350446e-06
grid-r034-c015,34,15,3.200000047683716,7.000000476837158,0.44999998807907104,-38.46006476709486,1.4255863334255992e-06
grid-r034-c016,34,16,3.3999998569488525,7.000000476837158,0.44999998807907104,-38.47411314094067,1.4209823575583869e-06
grid-r034-c017,34,17,3.5999999046325684,7.000000476837158,0.44999998807907104,-38.515023459801085,1.4076596244194661e-06
grid-r034-c018,34,18,3.799999952316284,7.000000476837158,0.44999998807907104,-38.544454016554404,1.3981526763018337e-06
grid-r034-c019,34,19,4.0,7.000000476837158,0.44999998807907104,-38.56639768401376,1.3911060250393348e-06
grid-r034-c020,34,20,4.199999809265137,7.000000476837158,0.44999998807907104,-38.59706136588716,1.3813186114930431e-06
grid-r034-c021,34,21,4.400000095367432,7.000000476837158,0.44999998807907104,-38.618468812185455,1.374526505060203e-06
grid-r034-c022,34,22,4.599999904632568,7.000000476837158,0.44999998807907104,-38.6587298288245,1.361842919322953e-06
grid-r034-c023,34,23,4.800000190734863,7.000000476837158,0.44999998807907104,-38.68653338328478,1.3531522427001619e-06
grid-r034-c024,34,24,5.0,7.000000476837158,0.44999998807907104,-38.728606286099904,1.3401066780716064e-06
grid-r034-c025,34,25,5.199999809265137,7.000000476837158,0.44999998807907104,-38.79204048838158,1.3206749827077147e-06
grid-r034-c026,34,26,5.400000095367432,7.000000476837158,0.44999998807907104,-39.17475349631522,1.2092738188584917e-06
grid-r034-c027,34,27,5.599999904632568,7.000000476837158,0.44999998807907104,-39.3327441199264,1.1660725931506022e-06
grid-r034-c028,34,28,5.800000190734863,7.000000476837158,0.44999998807907104,-39.62722164321111,1.08962694866932e-06
grid-r034-c029,34,29,6.0,7.000000476837158,0.44999998807907104,-39.87650544183839,1.028843826134107e-06
grid-r034-c030,34,30,6.199999809265137,7.000000476837158,0.44999998807907104,-39.94106212695013,1.0136634500668151e-06
grid-r034-c031,34,31,6.400000095367432,7.000000476837158,0.44999998807907104,-39.88847703858308,1.0260116596327862e-06
grid-r034-c032,34,32,6.599999904632568,7.000000476837158,0.44999998807907104,-39.92090827426108,1.0183783842876437e-06
grid-r034-c033,34,33,6.800000190734863,7.000000476837158,0.44999998807907104,-39.97008709755127,1.0069114750876906e-06
grid-r034-c034,34,34,7.0,7.000000476837158,0.44999998807907104,-40.0025677015843,9.99408939605928e-07
grid-r034-c035,34,35,7.199999809265137,7.000000476837158,0.44999998807907104,-40.07780092336118,9.822451829677448e-07
grid-r034-c036,34,36,7.400000095367432,7.000000476837158,0.44999998807907104,-40.09986636721666,9.77267291091266e-07
grid-r034-c037,34,37,7.599999904632568,7.000000476837158,0.44999998807907104,-39.798573016054306,1.0474726650500088e-06
grid-r034-c038,34,38,7.800000190734863,7.000000476837158,0.44999998807907104,-39.686402689924805,1.0748793783932342e-06
grid-r034-c039,34,39,8.0,7.000000476837158,0.44999998807907104,-39.364266514125916,1.1576395309020882e-06
grid-r034-c040,34,40,8.199999809265137,7.000000476837158,0.44999998807907104,-39.350398360424144,1.1613420838330057e-06
grid-r034-c041,34,41,8.399999618530273,7.000000476837158,0.44999998807907104,-39.293709062663574,1.1766006764446502e-06
grid-r034-c042,34,42,8.600000381469727,7.000000476837158,0.44999998807907104,-39.358975994092916,1.1590506119318889e-06
grid-r034-c043,34,43,8.800000190734863,7.000000476837158,0.44999998807907104,-39.817998204515696,1.0427979759697337e-06
grid-r034-c044,34,44,9.0,7.000000476837158,0.44999998807907104,-39.97682625405012,1.0053502137452597e-06
grid-r034-c045,34,45,9.199999809265137,7.000000476837158,0.44999998807907104,-40.118841410335875,9.730067631608108e-07
grid-r034-c046,34,46,9.399999618530273,7.000000476837158,0.44999998807907104,-40.15607411248123,9.647006891100318e-07
grid-r034-c047,34,47,9.600000381469727,7.000000476837158,0.44999998807907104,-40.39151996501068,9.137933716374391e-07
grid-r034-c048,34,48,9.800000190734863,7.000000476837158,0.44999998807907104,-40.74324872821037,8.427041393588297e-07
grid-r034-c049,34,49,10.0,7.000000476837158,0.44999998807907104,-40.83038114662113,8.259654578068876e-07
grid-r034-c050,34,50,10.200000762939453,7.000000476837158,0.44999998807907104,-40.87342743494521,8.178191137631075e-07
grid-r034-c051,34,51,10.399999618530273,7.000000476837158,0.44999998807907104,-40.78813027108382,8.340401791429031e-07
grid-r034-c052,34,52,10.600000381469727,7.000000476837158,0.44999998807907104,-40.68521717866028,8.540401381651463e-07
grid-r034-c053,34,53,10.800000190734863,7.000000476837158,0.44999998807907104,-40.84155254199892,8.238435498242325e-07
grid-r034-c054,34,54,11.0,7.000000476837158,0.44999998807907104,-40.97240597171818,7.993912731762975e-07
grid-r034-c055,34,55,11.200000762939453,7.000000476837158,0.44999998807907104,-40.98375230440152,7.973055176080379e-07
grid-r034-c056,34,56,11.399999618530273,7.000000476837158,0.44999998807907104,-40.978744488535305,7.982254146554624e-07
grid-r034-c057,34,57,11.600000381469727,7.000000476837158,0.44999998807907104,-40.96803158166803,8.001968581083929e-07
grid-r035-c000,35,0,0.19999980926513672,7.200000286102295,0.44999998807907104,-37.39372438690695,1.8223322513222229e-06
grid-r035-c001,35,1,0.40000009536743164,7.200000286102295,0.44999998807907104,-36.8525480923245,2.064168711513048e-06
grid-r035-c002,35,2,0.5999999046325684,7.200000286102295,0.44999998807907104,-37.850321503758515,1.6404683265136555e-06
grid-r035-c003,35,3,0.7999997138977051,7.200000286102295,0.44999998807907104,-38.12934981431071,1.5383849358840962e-06
grid-r035-c004,35,4,1.0,7.200000286102295,0.44999998807907104,-38.0896528776678,1.5525110939051956e-06
grid-r035-c005,35,5,1.1999998092651367,7.200000286102295,0.44999998807907104,-37.89954290912179,1.6219808003370417e-06
grid-r035-c006,35,6,1.4000000953674316,7.200000286102295,0.44999998807907104,-38.13586633692478,1.5360783436335623e-06
grid-r035-c007,35,7,1.5999999046325684,7.200000286102295,0.44999998807907104,-38.20489768527189,1.511855316493893e-06
grid-r035-c008,35,8,1.799999713897705,7.200000286102295,0.44999998807907104,-38.22588182068307,1.5045679901959375e-06
grid-r035-c009,35,9,2.0,7.200000286102295,0.44999998807907104,-38.23834901920931,1.5002550526332925e-06
grid-r035-c010,35,10,2.200000047683716,7.200000286102295,0.44999998807907104,-38.25837418862054,1.4933533520888886e-06
grid-r035-c011,35,11,2.3999998569488525,7.200000286102295,0.44999998807907104,-38.27620183688478,1.4872357496642508e-06
grid-r035-c012,35,12,2.5999999046325684,7.200000286102295,0.44999998807907104,-38.31972694525463,1.4724050743097905e-06
grid-r035-c013,35,13,2.799999952316284,7.200000286102295,0.44999998807907104,-38.36562934061379,1.4569245649909135e-06
grid-r035-c014,35,14,3.0,7.200000286102295,0.44999998807907104,-38.38902542995995,1.4490969988401048e-06
grid-r035-c015,35,15,3.200000047683716,7.200000286102295,0.44999998807907104,-38.47333211930085,1.421237925569585e-06
grid-r035-c016,35,16,3.3999998569488525,7.200000286102295,0.44999998807907104,-38.502945731240956,1.4115797739577829e-06
grid-r035-c017,35,17,3.5999999046325684,7.200000286102295,0.44999998807907104,-38.589259788399694,1.3838022141499096e-06
grid-r035-c018,35,18,3.799999952316284,7.200000286102295,0.44999998807907104,-38.620060378288635,1.3740228723690961e-06
grid-r035-c019,35,19,4.0,7.200000286102295,0.44999998807907104,-38.58480925037398,1.3852210258846753e-06
grid-r035-c020,35,20,4.199999809265137,7.200000286102295,0.44999998807907104,-38.613196382146896,1.3761962236458203e-06
grid-r035-c021,35,21,4.400000095367432,7.200000286102295,0.44999998807907104,-38.603995117366516,1.379115019517485e-06
grid-r035-c022,35,22,4.599999904632568,7.200000286102295,0.44999998807907104,-38.63562988781871,1.3691058029507985e-06
grid-r035-c023,35,23,4.800000190734863,7.200000286102295,0.44999998807907104,-38.6552275616249,1.3629415889226948e-06
grid-r035-c024,35,24,5.0,7.200000286102295,0.44999998807907104,-38.65939769661555,1.3616335081678699e-06
grid-r035-c025,35,25,5.199999809265137,7.200000286102295,0.44999998807907104,-38.65657210690901,1.3625196970679099e-06
grid-r035-c026,35,26,5.400000095367432,7.200000286102295,0.44999998807907104,-39.021117265095604,1.2528188335636514e-06
grid-r035-c027,35,27,5.599999904632568,7.200000286102295,0.44999998807907104,-39.40952650659253,1.1456378388174926e-06
grid-r035-c028,35,28,5.800000190734863,7.200000286102295,0.44999998807907104,-39.940624750718825,1.0137655408470891e-06
grid-r035-c029,35,29,6.0,7.200000286102295,0.44999998807907104,-40.10587405814025,9.759163503986201e-07
grid-r035-c030,35,30,6.199999809265137,7.200000286102295,0.44999998807907104,-40.12120466088564,9.72477437244379e-07
grid-r035-c031,35,31,6.400000095367432,7.200000286102295,0.44999998807907104,-40.07224907182263,9.83501649898244e-07
grid-r035-c032,35,32,6.599999904632568,7.200000286102295,0.44999998807907104,-39.99984004355585,1.0000368320106645e-06
grid-r035-c033,35,33,6.800000190734863,7.200000286102295,0.44999998807907104,-40.00884638933502,9.979651167668635e-07
grid-r035-c034,35,34,7.0,7.200000286102295,0.44999998807907104,-40.07073474715565,9.838446430876502e-07
grid-r035-c035,35,35,7.199999809265137,7.200000286102295,0.44999998807907104,-40.0725452726222,9.834345746639883e-07
grid-r035-c036,35,36,7.400000095367432,7.200000286102295,0.44999998807907104,-39.83940350979941,1.0376709269621642e-06
grid-r035-c037,35,37,7.599999904632568,7.200000286102295,0.44999998807907104,-39.82474758184448,1.041178620653227e-06
grid-r035-c038,35,38,7.800000190734863,7.200000286102295,0.44999998807907104,-39.864227936053496,1.0317564829165349e-06
grid-r035-c039,35,39,8.0,7.200000286102295,0.44999998807907104,-39.85252286945438,1.0345410146328504e-06
grid-r035-c040,35,40,8.199999809265137,7.200000286102295,0.44999998807907104,-39.59725597995433,1.0971712072205264e-06
grid-r035-c041,35,41,8.399999618530273,7.200000286102295,0.44999998807907104,-39.55287647725872,1.1084404150096816e-06
grid-r035-c042,35,42,8.600000381469727,7.200000286102295,0.44999998807907104,-39.82056802385003,1.0421811111882562e-06
grid-r035-c043,35,43,8.800000190734863,7.200000286102295,0.44999998807907104,-40.03786526988635,9.913190979204956e-07
grid-r035-c044,35,44,9.0,7.200000286102295,0.44999998807907104,-40.20890166069515,9.530371585242392e-07
grid-r035-c045,35,45,9.199999809265137,7.200000286102295,0.44999998807907104,-40.21931819292543,9.507540426056948e-07
grid-r035-c046,35,46,9.399999618530273,7.200000286102295,0.44999998807907104,-40.29536888510465,9.342500106868101e-07
grid-r035-c047,35,47,9.600000381469727,7.200000286102295,0.44999998807907104,-40.24212972829482,9.457732517148543e-07
grid-r035-c048,35,48,9.800000190734863,7.200000286102295,0.44999998807907104,-40.33107240256996,9.266009897146432e-07
grid-r035-c049,35,49,10.0,7.200000286102295,0.44999998807907104,-40.64882638715166,8.612264537077863e-07
grid-r035-c050,35,50,10.200000762939453,7.200000286102295,0.44999998807907104,-40.92436216654164,8.082836302492069e-07
grid-r035-c051,35,51,10.399999618530273,7.200000286102295,0.44999998807907104,-41.02606714067704,7.89574812642968e-07
grid-r035-c052,35,52,10.600000381469727,7.200000286102295,0.44999998807907104,-40.908966578217665,8.111540523714211e-07
grid-r035-c053,35,53,10.800000190734863,7.200000286102295,0.44999998807907104,-40.72060882710442,8.471086516692594e-07
grid-r035-c054,35,54,11.0,7.200000286102295,0.44999998807907104,-40.91192182629568,8.106022733045393e-07
grid-r035-c055,35,55,11.200000762939453,7.200000286102295,0.44999998807907104,-41.062840093591404,7.829174819562468e-07
grid-r035-c056,35,56,11.399999618530273,7.200000286102295,0.44999998807907104,-41.032998382789145,7.883156740717823e-07
grid-r035-c057,35,57,11.600000381469727,7.200000286102295,0.44999998807907104,-41.01654866464932,7.913072295195889e-07
grid-r036-c000,36,0,0.19999980926513672,7.40000057220459,0.44999998807907104,-40.57274388561513,8.764469043853751e-07
grid-r036-c001,36,1,0.40000009536743164,7.40000057220459,0.44999998807907104,-64.06564550383524,3.921348579183359e-09
grid-r036-c002,36,2,0.5999999046325684,7.40000057220459,0.44999998807907104,-66.81863383488613,2.0803510025757532e-09
grid-r036-c003,36,3,0.7999997138977051,7.40000057220459,0.44999998807907104,-64.70608463800174,3.3836975443790607e-09
grid-r036-c004,36,4,1.0,7.40000057220459,0.44999998807907104,-64.40625160335304,3.6255578539368116e-09
grid-r036-c005,36,5,1.1999998092651367,7.40000057220459,0.44999998807907104,-63.740601938319,4.226100358550866e-09
grid-r036-c006,36,6,1.4000000953674316,7.40000057220459,0.44999998807907104,-63.45369548905323,4.514716156478471e-09
grid-r036-c007,36,7,1.5999999046325684,7.40000057220459,0.44999998807907104,-69.7708245168743,1.054186737903251e-09
grid-r036-c008,36,8,1.799999713897705,7.40000057220459,0.44999998807907104,-61.13654688826911,7.697422255148467e-09
grid-r036-c009,36,9,2.0,7.40000057220459,0.44999998807907104,-65.48620372157194,2.8273503538400746e-09
grid-r036-c010,36,10,2.200000047683716,7.40000057220459,0.44999998807907104,-71.0821455070166,7.794449530251768e-10
grid-r036-c011,36,11,2.3999998569488525,7.40000057220459,0.44999998807907104,-67.26039077163462,1.8791477263135903e-09
grid-r036-c012,36,12,2.5999999046325684,7.40000057220459,0.44999998807907104,-65.63626558435423,2.7313253880834054e-09
grid-r036-c013,36,13,2.799999952316284,7.40000057220459,0.44999998807907104,-62.902402052002216,5.125778024250849e-09
grid-r036-c014,36,14,3.0,7.40000057220459,0.44999998807907104,-65.54056443230053,2.792180930910604e-09
grid-r036-c015,36,15,3.200000047683716,7.40000057220459,0.44999998807907104,-67.83723398062769,1.6454193563220088e-09
grid-r036-c016,36,16,3.3999998569488525,7.40000057220459,0.44999998807907104,-65.60245905844765,2.752669647776429e-09
grid-r036-c017,36,17,3.5999999046325684,7.40000057220459,0.44999998807907104,-67.64586186336845,1.7195460610963664e-09
grid-r036-c018,36,18,3.799999952316284,7.40000057220459,0.44999998807907104,-64.01091130778553,3.971082129794468e-09
grid-r036-c019,36,19,4.0,7.40000057220459,0.44999998807907104,-65.63660489028287,2.7311120032180725e-09
grid-r036-c020,36,20,4.199999809265137,7.40000057220459,0.44999998807907104,-66.82114138704125,2.0791501853523187e-09
grid-r036-c021,36,21,4.400000095367432,7.40000057220459,0.44999998807907104,-66.85634247943968,2.0623660557106405e-09
grid-r036-c022,36,22,4.599999904632568,7.40000057220459,0.44999998807907104,-65.806588131288,2.6262809704746815e-09
grid-r036-c023,36,23,4.800000190734863,7.40000057220459,0.44999998807907104,-67.78220680506932,1.6664002400190725e-09
grid-r036-c024,36,24,5.0,7.40000057220459,0.44999998807907104,-66.46941862735127,2.2545409983365516e-09
grid-r036-c025,36,25,5.199999809265137,7.40000057220459,0.44999998807907104,-68.39455013227021,1.4472547604782449e-09
grid-r036-c026,36,26,5.400000095367432,7.40000057220459,0.44999998807907104,-67.8289133455356,1.6485748322025984e-09
grid-r036-c027,36,27,5.599999904632568,7.40000057220459,0.44999998807907104,-50.059122392586104,9.864788097502242e-08
grid-r036-c028,36,28,5.800000190734863,7.40000057220459,0.44999998807907104,-40.52879345647456,8.853615440784779e-07
grid-r036-c029,36,29,6.0,7.40000057220459,0.44999998807907104,-40.202437648834504,9.544567092234502e-07
grid-r036-c030,36,30,6.199999809265137,7.40000057220459,0.44999998807907104,-40.2757681323649,9.384760346620169e-07
grid-r036-c031,36,31,6.400000095367432,7.40000057220459,0.44999998807907104,-40.30640017761144,9.318799811808276e-07
grid-r036-c032,36,32,6.599999904632568,7.40000057220459,0.44999998807907104,-40.23863578561291,9.465344419368193e-07
grid-r036-c033,36,33,6.800000190734863,7.40000057220459,0.44999998807907104,-40.14143007470625,9.67959067565971e-07
grid-r036-c034,36,34,7.0,7.40000057220459,0.44999998807907104,-40.14854384960139,9.663748414823203e-07
grid-r036-c035,36,35,7.199999809265137,7.40000057220459,0.44999998807907104,-40.12646924009523,9.712993005450699e-07
grid-r036-c036,36,36,7.400000095367432,7.40000057220459,0.44999998807907104,-39.73084589807588,1.0639357697073137e-06
grid-r036-c037,36,37,7.599999904632568,7.40000057220459,0.44999998807907104,-39.701975579341294,1.0710319884310593e-06
grid-r036-c038,36,38,7.800000190734863,7.40000057220459,0.44999998807907104,-39.796178701127644,1.0480503078724723e-06
grid-r036-c039,36,39,8.0,7.40000057220459,0.44999998807907104,-39.98774748594788,1.0028252290794626e-06
grid-r036-c040,36,40,8.199999809265137,7.40000057220459,0.44999998807907104,-40.06494583192311,9.851569302554708e-07
grid-r036-c041,36,41,8.399999618530273,7.40000057220459,0.44999998807907104,-40.20186452381677,9.545826742396457e-07
grid-r036-c042,36,42,8.600000381469727,7.40000057220459,0.44999998807907104,-40.26601565914411,9.405858349964547e-07
grid-r036-c043,36,43,8.800000190734863,7.40000057220459,0.44999998807907104,-40.08796906888142,9.799481404115795e-07
grid-r036-c044,36,44,9.0,7.40000057220459,0.44999998807907104,-40.30194952348454,9.328354622084589e-07
grid-r036-c045,36,45,9.199999809265137,7.40000057220459,0.44999998807907104,-40.36402602112871,9.195966867991956e-07
grid-r036-c046,36,46,9.399999618530273,7.40000057220459,0.44999998807907104,-40.37502042966884,9.17271620437532e-07
grid-r036-c047,36,47,9.600000381469727,7.40000057220459,0.44999998807907104,-40.402533637847604,9.114789349951025e-07
grid-r036-c048,36,48,9.800000190734863,7.40000057220459,0.44999998807907104,-40.38443088638084,9.152861935035617e-07
grid-r036-c049,36,49,10.0,7.40000057220459,0.44999998807907104,-40.41333474104542,9.092148616218765e-07
grid-r036-c050,36,50,10.200000762939453,7.40000057220459,0.44999998807907104,-40.50211098927945,8.908178301680891e-07
grid-r036-c051,36,51,10.399999618530273,7.40000057220459,0.44999998807907104,-40.898633400640804,8.130863307087566e-07
grid-r036-c052,36,52,10.600000381469727,7.40000057220459,0.44999998807907104,-41.04249966607246,7.865929205763678e-07
grid-r036-c053,36,53,10.800000190734863,7.40000057220459,0.44999998807907104,-41.06713937212746,7.821428198440117e-07
grid-r036-c054,36,54,11.0,7.40000057220459,0.44999998807907104,-40.83788093845658,8.245403364526283e-07
grid-r036-c055,36,55,11.200000762939453,7.40000057220459,0.44999998807907104,-41.00984015317717,7.925304998934735e-07
grid-r036-c056,36,56,11.399999618530273,7.40000057220459,0.44999998807907104,-41.13913596974278,7.692834742556443e-07
grid-r036-c057,36,57,11.600000381469727,7.40000057220459,0.44999998807907104,-41.101835944111144,7.759190339129418e-07
grid-r037-c000,37,0,0.19999980926513672,7.600000381469727,0.44999998807907104,-44.11227239432736,3.8794732404312526e-07
grid-r037-c027,37,27,5.599999904632568,7.600000381469727,0.44999998807907104,-53.35833415744733,4.6149455812383167e-08
grid-r037-c028,37,28,5.800000190734863,7.600000381469727,0.44999998807907104,-42.144298181407535,6.103376790633774e-07
grid-r037-c029,37,29,6.0,7.600000381469727,0.44999998807907104,-40.66864558608985,8.573051673010923e-07
grid-r037-c030,37,30,6.199999809265137,7.600000381469727,0.44999998807907104,-40.339923996846345,9.24714356642653e-07
grid-r037-c031,37,31,6.400000095367432,7.600000381469727,0.44999998807907104,-40.398548114222585,9.123157838075713e-07
grid-r037-c032,37,32,6.599999904632568,7.600000381469727,0.44999998807907104,-40.466562353789605,8.981394330476178e-07
grid-r037-c033,37,33,6.800000190734863,7.600000381469727,0.44999998807907104,-40.52171492348237,8.868057648214744e-07
grid-r037-c034,37,34,7.0,7.600000381469727,0.44999998807907104,-40.64137251706043,8.627058605270577e-07
grid-r037-c035,37,35,7.199999809265137,7.600000381469727,0.44999998807907104,-42.15609297134478,6.086823418627318e-07
grid-r037-c036,37,36,7.400000095367432,7.600000381469727,0.44999998807907104,-42.724144268037456,5.340544930731994e-07
grid-r037-c037,37,37,7.599999904632568,7.600000381469727,0.44999998807907104,-42.7853888999493,5.265760592010338e-07
grid-r037-c038,37,38,7.800000190734863,7.600000381469727,0.44999998807907104,-42.76141565697585,5.294908191899594e-07
grid-r037-c039,37,39,8.0,7.600000381469727,0.44999998807907104,-42.79636087762198,5.252474011285813e-07
grid-r037-c040,37,40,8.199999809265137,7.600000381469727,0.44999998807907104,-42.59518395939608,5.50150616618339e-07
grid-r037-c041,37,41,8.399999618530273,7.600000381469727,0.44999998807907104,-40.95560013225853,8.024906605896831e-07
grid-r037-c042,37,42,8.600000381469727,7.600000381469727,0.44999998807907104,-40.906952000551456,8.115304126476985e-07
grid-r037-c043,37,43,8.800000190734863,7.600000381469727,0.44999998807907104,-40.47096573687101,8.972292562248185e-07
grid-r037-c044,37,44,9.0,7.600000381469727,0.44999998807907104,-40.242549472304,9.456818474973261e-07
grid-r037-c045,37,45,9.199999809265137,7.600000381469727,0.44999998807907104,-40.423687002577,9.070501505448192e-07
grid-r037-c046,37,46,9.399999618530273,7.600000381469727,0.44999998807907104,-40.448884105427624,9.018028208629403e-07
grid-r037-c047,37,47,9.600000381469727,7.600000381469727,0.44999998807907104,-40.473380527266116,8.967305120677338e-07
grid-r037-c048,37,48,9.800000190734863,7.600000381469727,0.44999998807907104,-40.47017779407055,8.973920557764359e-07
grid-r037-c049,37,49,10.0,7.600000381469727,0.44999998807907104,-40.504949398812414,8.902358104023733e-07
grid-r037-c050,37,50,10.200000762939453,7.600000381469727,0.44999998807907104,-40.50149609258547,8.909439657145413e-07
grid-r037-c051,37,51,10.399999618530273,7.600000381469727,0.44999998807907104,-40.50161551816372,8.909194662010123e-07
grid-r037-c052,37,52,10.600000381469727,7.600000381469727,0.44999998807907104,-40.707137391808466,8.497403882756771e-07
grid-r037-c053,37,53,10.800000190734863,7.600000381469727,0.44999998807907104,-41.06497121887849,7.825333909750043e-07
grid-r037-c054,37,54,11.0,7.600000381469727,0.44999998807907104,-41.13732002039907,7.696052080063964e-07
grid-r037-c055,37,55,11.200000762939453,7.600000381469727,0.44999998807907104,-40.92224885318433,8.086770435511426e-07
grid-r037-c056,37,56,11.399999618530273,7.600000381469727,0.44999998807907104,-41.044483930142306,7.862336133257486e-07
grid-r037-c057,37,57,11.600000381469727,7.600000381469727,0.44999998807907104,-41.191936317088036,7.599873583785666e-07
grid-r038-c000,38,0,0.19999980926513672,7.8000006675720215,0.44999998807907104,-45.49762619332549,2.819923849983752e-07
grid-r038-c027,38,27,5.599999904632568,7.8000006675720215,0.44999998807907104,-53.304171509935784,4.672860853816019e-08
grid-r038-c028,38,28,5.800000190734863,7.8000006675720215,0.44999998807907104,-44.18050008743896,3.819002927230031e-07
grid-r038-c029,38,29,6.0,7.8000006675720215,0.44999998807907104,-41.0907348418817,7.77904915594263e-07
grid-r038-c030,38,30,6.199999809265137,7.8000006675720215,0.44999998807907104,-41.026021805329265,7.895830549387028e-07
grid-r038-c031,38,31,6.400000095367432,7.8000006675720215,0.44999998807907104,-40.65868187329763,8.592742801738495e-07
grid-r038-c032,38,32,6.599999904632568,7.8000006675720215,0.44999998807907104,-40.728814916303726,8.455095326098672e-07
grid-r038-c033,38,33,6.800000190734863,7.8000006675720215,0.44999998807907104,-41.034162236075005,7.881044439272955e-07
grid-r038-c034,38,34,7.0,7.8000006675720215,0.44999998807907104,-40.93580123330841,8.061574590101372e-07
grid-r038-c035,38,35,7.199999809265137,7.8000006675720215,0.44999998807907104,-46.625890326762914,2.1747581513409386e-07
grid-r038-c040,38,40,8.199999809265137,7.8000006675720215,0.44999998807907104,-53.55798738336641,4.4075907368323897e-08
grid-r038-c041,38,41,8.399999618530273,7.8000006675720215,0.44999998807907104,-43.289188478243226,4.689009927005827e-07
grid-r038-c042,38,42,8.600000381469727,7.8000006675720215,0.44999998807907104,-41.22710097946761,7.53858614643832e-07
grid-r038-c043,38,43,8.800000190734863,7.8000006675720215,0.44999998807907104,-41.094062892813255,7.773090260343452e-07
grid-r038-c044,38,44,9.0,7.8000006675720215,0.44999998807907104,-40.7191216534278,8.47398780479125e-07
grid-r038-c045,38,45,9.199999809265137,7.8000006675720215,0.44999998807907104,-40.381720811112686,9.158575267065316e-07
grid-r038-c046,38,46,9.399999618530273,7.8000006675720215,0.44999998807907104,-40.543519575180724,8.823645316624606e-07
grid-r038-c047,38,47,9.600000381469727,7.8000006675720215,0.44999998807907104,-40.565417101411,8.779267659519974e-07
grid-r038-c048,38,48,9.800000190734863,7.8000006675720215,0.44999998807907104,-40.56599893098725,8.778091569183744e-07
grid-r038-c049,38,49,10.0,7.8000006675720215,0.44999998807907104,-40.59856276427248,8.712518706488481e-07
grid-r038-c050,38,50,10.200000762939453,7.8000006675720215,0.44999998807907104,-40.60994759525841,8.689709147802205e-07
grid-r038-c051,38,51,10.399999618530273,7.8000006675720215,0.44999998807907104,-40.61103836205894,8.687526928952138e-07
grid-r038-c052,38,52,10.600000381469727,7.8000006675720215,0.44999998807907104,-40.60556370962169,8.698485203240125e-07
grid-r038-c053,38,53,10.800000190734863,7.8000006675720215,0.44999998807907104,-40.63821594104042,8.633331276541867e-07
grid-r038-c054,38,54,11.0,7.8000006675720215,0.44999998807907104,-40.95612189907031,8.023942541512952e-07
grid-r038-c055,38,55,11.200000762939453,7.8000006675720215,0.44999998807907104,-41.22475691034785,7.542656135228754e-07
grid-r038-c056,38,56,11.399999618530273,7.8000006675720215,0.44999998807907104,-41.03044939366345,7.88778493188147e-07
grid-r038-c057,38,57,11.600000381469727,7.8000006675720215,0.44999998807907104,-41.05041827196941,7.851600116737245e-07
grid-r039-c000,39,0,0.19999980926513672,8.000000953674316,0.44999998807907104,-44.961951434137845,3.190104109762615e-07
grid-r039-c027,39,27,5.599999904632568,8.000000953674316,0.44999998807907104,-54.06723343620956,3.919915059213963e-08
grid-r039-c028,39,28,5.800000190734863,8.000000953674316,0.44999998807907104,-47.140872325422336,1.931580300151836e-07
grid-r039-c029,39,29,6.0,8.000000953674316,0.44999998807907104,-41.73010857451062,6.714120672768331e-07
grid-r039-c030,39,30,6.199999809265137,8.000000953674316,0.44999998807907104,-41.55168949579497,6.995697958700475e-07
grid-r039-c031,39,31,6.400000095367432,8.000000953674316,0.44999998807907104,-41.80354927352308,6.601537165806803e-07
grid-r039-c032,39,32,6.599999904632568,8.000000953674316,0.44999998807907104,-41.5616406053124,6.979686872909951e-07
grid-r039-c033,39,33,6.800000190734863,8.000000953674316,0.44999998807907104,-41.24360842696409,7.509986517106881e-07
grid-r039-c034,39,34,7.0,8.000000953674316,0.44999998807907104,-40.376864380391225,9.168822430183354e-07
grid-r039-c035,39,35,7.199999809265137,8.000000953674316,0.44999998807907104,-46.6980734655843,2.138910701887653e-07
grid-r039-c040,39,40,8.199999809265137,8.000000953674316,0.44999998807907104,-53.761052195114715,4.206247083970993e-08
grid-r039-c041,39,41,8.399999618530273,8.000000953674316,0.44999998807907104,-47.58155723416917,1.7451962719405856e-07
grid-r039-c042,39,42,8.600000381469727,8.000000953674316,0.44999998807907104,-42.34711502713515,5.824900313200487e-07
grid-r039-c043,39,43,8.800000190734863,8.000000953674316,0.44999998807907104,-41.51043300680517,7.062471354402078e-07
grid-r039-c044,39,44,9.0,8.000000953674316,0.44999998807907104,-41.20323630103299,7.580125043205044e-07
grid-r039-c045,39,45,9.199999809265137,8.000000953674316,0.44999998807907104,-40.93166300555323,8.069259820331354e-07
grid-r039-c046,39,46,9.399999618530273,8.000000953674316,0.44999998807907104,-40.58548271760466,8.73879855589621e-07
grid-r039-c047,39,47,9.600000381469727,8.000000953674316,0.44999998807907104,-40.65264247257612,8.604700383330055e-07
grid-r039-c048,39,48,9.800000190734863,8.000000953674316,0.44999998807907104,-40.69968755148116,8.511992746207397e-07
grid-r039-c049,39,49,10.0,8.000000953674316,0.44999998807907104,-40.68764913315814,8.535620281691081e-07
grid-r039-c050,39,50,10.200000762939453,8.000000953674316,0.44999998807907104,-40.64453052994831,8.620787639301852e-07
grid-r039-c051,39,51,10.399999618530273,8.000000953674316,0.44999998807907104,-40.709075893138774,8.493611858284567e-07
grid-r039-c052,39,52,10.600000381469727,8.000000953674316,0.44999998807907104,-40.707990737213606,8.495734391544829e-07
grid-r039-c053,39,53,10.800000190734863,8.000000953674316,0.44999998807907104,-40.69956719337761,8.51222864639567e-07
grid-r039-c054,39,54,11.0,8.000000953674316,0.44999998807907104,-40.703130335109265,8.505247706125374e-07
grid-r039-c055,39,55,11.200000762939453,8.000000953674316,0.44999998807907104,-40.778613073902235,8.358699119526136e-07
grid-r039-c056,39,56,11.399999618530273,8.000000953674316,0.44999998807907104,-41.17037531404178,7.637697763129836e-07
grid-r039-c057,39,57,11.600000381469727,8.000000953674316,0.44999998807907104,-41.1399010774996,7.691479595450801e-07
grid-r040-c000,40,0,0.19999980926513672,8.200000762939453,0.44999998807907104,-44.10859683812083,3.8827579373901244e-07
grid-r040-c027,40,27,5.599999904632568,8.200000762939453,0.44999998807907104,-55.13742828152682,3.063777143097468e-08
grid-r040-c028,40,28,5.800000190734863,8.200000762939453,0.44999998807907104,-48.90040738423039,1.2881287148047704e-07
grid-r040-c029,40,29,6.0,8.200000762939453,0.44999998807907104,-43.79115289417215,4.177194625754055e-07
grid-r040-c030,40,30,6.199999809265137,8.200000762939453,0.44999998807907104,-41.66019040060017,6.823087801421934e-07
grid-r040-c031,40,31,6.400000095367432,8.200000762939453,0.44999998807907104,-42.2714993976106,5.927206530031981e-07
grid-r040-c032,40,32,6.599999904632568,8.200000762939453,0.44999998807907104,-42.23314018653063,5.979790671517549e-07
grid-r040-c033,40,33,6.800000190734863,8.200000762939453,0.44999998807907104,-41.22225774561922,7.546997835561342e-07
grid-r040-c034,40,34,7.0,8.200000762939453,0.44999998807907104,-40.312724563003144,9.305239245804842e-07
grid-r040-c035,40,35,7.199999809265137,8.200000762939453,0.44999998807907104,-46.673182424418044,2.1512047965188685e-07
grid-r040-c040,40,40,8.199999809265137,8.200000762939453,0.44999998807907104,-53.765960047324796,4.201496395239701e-08
grid-r040-c041,40,41,8.399999618530273,8.200000762939453,0.44999998807907104,-48.08568956442521,1.5539285413979087e-07
grid-r040-c042,40,42,8.600000381469727,8.200000762939453,0.44999998807907104,-46.02350257853672,2.498329649824882e-07
grid-r040-c043,40,43,8.800000190734863,8.200000762939453,0.44999998807907104,-41.883556845365746,6.481034233729588e-07
grid-r040-c044,40,44,9.0,8.200000762939453,0.44999998807907104,-41.73715655218046,6.703233452753921e-07
grid-r040-c045,40,45,9.199999809265137,8.200000762939453,0.44999998807907104,-41.42984499875051,7.194746558525367e-07
grid-r040-c046,40,46,9.399999618530273,8.200000762939453,0.44999998807907104,-41.0445448442197,7.862225857024896e-07
grid-r040-c047,40,47,9.600000381469727,8.200000762939453,0.44999998807907104,-40.90184595854663,8.124850978674658e-07
grid-r040-c048,40,48,9.800000190734863,8.200000762939453,0.44999998807907104,-40.77530502243871,8.36506842460949e-07
grid-r040-c049,40,49,10.0,8.200000762939453,0.44999998807907104,-40.79525378963802,8.326732654495572e-07
grid-r040-c050,40,50,10.200000762939453,8.200000762939453,0.44999998807907104,-40.83679395109556,8.247467349065118e-07
grid-r040-c051,40,51,10.399999618530273,8.200000762939453,0.44999998807907104,-40.77587345599605,8.363973620362231e-07
grid-r040-c052,40,52,10.600000381469727,8.200000762939453,0.44999998807907104,-40.81582481289818,8.287385071525932e-07
grid-r040-c053,40,53,10.800000190734863,8.200000762939453,0.44999998807907104,-40.83661376080777,8.247809546446661e-07
grid-r040-c054,40,54,11.0,8.200000762939453,0.44999998807907104,-40.775868733500104,8.363982715309248e-07
grid-r040-c055,40,55,11.200000762939453,8.200000762939453,0.44999998807907104,-40.808918210354065,8.300575018438394e-07
grid-r040-c056,40,56,11.399999618530273,8.200000762939453,0.44999998807907104,-40.716350296100245,8.479397024530044e-07
grid-r040-c057,40,57,11.600000381469727,8.200000762939453,0.44999998807907104,-39.863405405496664,1.0319519105905783e-06
grid-r041-c000,41,0,0.19999980926513672,8.40000057220459,0.44999998807907104,-45.24309296120508,2.990134362335084e-07
grid-r041-c001,41,1,0.40000009536743164,8.40000057220459,0.44999998807907104,-97.014482941794,1.988619555484683e-12
grid-r041-c002,41,2,0.5999999046325684,8.40000057220459,0.44999998807907104,-66.93402058694434,2.025806411509734e-09
grid-r041-c003,41,3,0.7999997138977051,8.40000057220459,0.44999998807907104,-61.39283786631927,7.256316436610177e-09
grid-r041-c004,41,4,1.0,8.40000057220459,0.44999998807907104,-95.87524784392187,2.5850873091454174e-12
grid-r041-c005,41,5,1.1999998092651367,8.40000057220459,0.44999998807907104,-101.66276609088123,6.819042401053077e-13
grid-r041-c006,41,6,1.4000000953674316,8.40000057220459,0.44999998807907104,-106.36605454356734,2.3088437628784875e-13
grid-r041-c010,41,10,2.200000047683716,8.40000057220459,0.44999998807907104,-109.55977464850778,1.1066812071781895e-13
grid-r041-c015,41,15,3.200000047683716,8.40000057220459,0.44999998807907104,-121.67355163146007,6.80212857611176e-15
grid-r041-c026,41,26,5.400000095367432,8.40000057220459,0.44999998807907104,-76.46468440237562,2.2570000035582183e-10
grid-r041-c027,41,27,5.599999904632568,8.40000057220459,0.44999998807907104,-56.015497942358934,2.5029386563346634e-08
grid-r041-c028,41,28,5.800000190734863,8.40000057220459,0.44999998807907104,-52.56709522564876,5.537203406902336e-08
grid-r041-c029,41,29,6.0,8.40000057220459,0.44999998807907104,-48.18881993745525,1.5174626355474174e-07
grid-r041-c030,41,30,6.199999809265137,8.40000057220459,0.44999998807907104,-42.34938048360721,5.821862600896566e-07
grid-r041-c031,41,31,6.400000095367432,8.40000057220459,0.44999998807907104,-42.330243568026546,5.847572879247309e-07
grid-r041-c032,41,32,6.599999904632568,8.40000057220459,0.44999998807907104,-42.272517858198235,5.925816708440834e-07
grid-r041-c033,41,33,6.800000190734863,8.40000057220459,0.44999998807907104,-41.19985382642518,7.586031074424682e-07
grid-r041-c034,41,34,7.0,8.40000057220459,0.44999998807907104,-40.75961073278148,8.395352324441774e-07
grid-r041-c035,41,35,7.199999809265137,8.40000057220459,0.44999998807907104,-47.02331085880357,1.9845813881147478e-07
grid-r041-c040,41,40,8.199999809265137,8.40000057220459,0.44999998807907104,-53.68632158249599,4.2792517973566646e-08
grid-r041-c041,41,41,8.399999618530273,8.40000057220459,0.44999998807907104,-48.06446644569532,1.561540869943201e-07
grid-r041-c042,41,42,8.600000381469727,8.40000057220459,0.44999998807907104,-48.021763278683636,1.5769708738844201e-07
grid-r041-c043,41,43,8.800000190734863,8.40000057220459,0.44999998807907104,-44.37539021077268,3.6514131807052763e-07
grid-r041-c044,41,44,9.0,8.40000057220459,0.44999998807907104,-41.877984308622004,6.489355541816622e-07
grid-r041-c045,41,45,9.199999809265137,8.40000057220459,0.44999998807907104,-41.84029843969661,6.545911901412182e-07
grid-r041-c046,41,46,9.399999618530273,8.40000057220459,0.44999998807907104,-41.60471530090078,6.910802312631859e-07
grid-r041-c047,41,47,9.600000381469727,8.40000057220459,0.44999998807907104,-41.22081903880262,7.549498377557029e-07
grid-r041-c048,41,48,9.800000190734863,8.40000057220459,0.44999998807907104,-41.16792113017564,7.642015020792314e-07
grid-r041-c049,41,49,10.0,8.40000057220459,0.44999998807907104,-40.93054739969933,8.071332899817207e-07
grid-r041-c050,41,50,10.200000762939453,8.40000057220459,0.44999998807907104,-40.89222631934941,8.142867500282591e-07
grid-r041-c051,41,51,10.399999618530273,8.40000057220459,0.44999998807907104,-40.89211566347721,8.143074978761433e-07
grid-r041-c052,41,52,10.600000381469727,8.40000057220459,0.44999998807907104,-40.91377753310529,8.102559831968392e-07
grid-r041-c053,41,53,10.800000190734863,8.40000057220459,0.44999998807907104,-40.87310837941254,8.178791972568433e-07
grid-r041-c054,41,54,11.0,8.40000057220459,0.44999998807907104,-40.81755169107508,8.28409042696876e-07
grid-r041-c055,41,55,11.200000762939453,8.40000057220459,0.44999998807907104,-40.691558553476064,8.527940167368797e-07
grid-r041-c056,41,56,11.399999618530273,8.40000057220459,0.44999998807907104,-39.54845113113973,1.1095704621766345e-06
grid-r041-c057,41,57,11.600000381469727,8.40000057220459,0.44999998807907104,-38.95685354838751,1.2714949662040453e-06
grid-r042-c000,42,0,0.19999980926513672,8.600000381469727,0.44999998807907104,-48.51999159551079,1.4060502451229695e-07
grid-r042-c001,42,1,0.40000009536743164,8.600000381469727,0.44999998807907104,-51.210948110344845,7.566676885062407e-08
grid-r042-c002,42,2,0.5999999046325684,8.600000381469727,0.44999998807907104,-60.02962352161953,9.932021427516702e-09
grid-r042-c003,42,3,0.7999997138977051,8.600000381469727,0.44999998807907104,-60.388807724954674,9.143642287767761e-09
grid-r042-c004,42,4,1.0,8.600000381469727,0.44999998807907104,-71.97431301663279,6.347002923234868e-10
grid-r042-c005,42,5,1.1999998092651367,8.600000381469727,0.44999998807907104,-84.98741716124626,3.1714530307480615e-11
grid-r042-c006,42,6,1.4000000953674316,8.600000381469727,0.44999998807907104,-92.66727357391665,5.410939057926001e-12
grid-r042-c007,42,7,1.5999999046325684,8.600000381469727,0.44999998807907104,-99.21214947846629,1.1989057750044774e-12
grid-r042-c008,42,8,1.799999713897705,8.600000381469727,0.44999998807907104,-103.78650024943383,4.181672098434869e-13
grid-r042-c009,42,9,2.0,8.600000381469727,0.44999998807907104,-94.56293138390862,3.497090421064608e-12
grid-r042-c018,42,18,3.799999952316284,8.600000381469727,0.44999998807907104,-119.03420106738815,1.2490502000208313e-14
grid-r042-c026,42,26,5.400000095367432,8.600000381469727,0.44999998807907104,-59.00615958743657,1.2571411467376947e-08
grid-r042-c027,42,27,5.599999904632568,8.600000381469727,0.44999998807907104,-54.87297134660324,3.256138469964753e-08
grid-r042-c028,42,28,5.800000190734863,8.600000381469727,0.44999998807907104,-56.222073237357776,2.3866716603038185e-08
grid-r042-c029,42,29,6.0,8.600000381469727,0.44999998807907104,-53.420260909028386,4.549607268700129e-08
grid-r042-c030,42,30,6.199999809265137,8.600000381469727,0.44999998807907104,-43.09808966269668,4.899943064629042e-07
grid-r042-c031,42,31,6.400000095367432,8.600000381469727,0.44999998807907104,-42.48282967152295,5.645690066558018e-07
grid-r042-c032,42,32,6.599999904632568,8.600000381469727,0.44999998807907104,-41.73574442140776,6.705413397867233e-07
grid-r042-c033,42,33,6.800000190734863,8.600000381469727,0.44999998807907104,-41.249440207085264,7.499908747377049e-07
grid-r042-c034,42,34,7.0,8.600000381469727,0.44999998807907104,-41.23959169030185,7.516935625062615e-07
grid-r042-c035,42,35,7.199999809265137,8.600000381469727,0.44999998807907104,-47.58391417070668,1.7442494026909117e-07
grid-r042-c040,42,40,8.199999809265137,8.600000381469727,0.44999998807907104,-53.84709443155525,4.123733177152644e-08
grid-r042-c041,42,41,8.399999618530273,8.600000381469727,0.44999998807907104,-48.01691033835563,1.5787340146289353e-07
grid-r042-c042,42,42,8.600000381469727,8.600000381469727,0.44999998807907104,-48.11638042823897,1.5429858990501089e-07
grid-r042-c043,42,43,8.800000190734863,8.600000381469727,0.44999998807907104,-47.73349786260003,1.6851952011620597e-07
grid-r042-c044,42,44,9.0,8.600000381469727,0.44999998807907104,-43.00088624490368,5.010849690734176e-07
grid-r042-c045,42,45,9.199999809265137,8.600000381469727,0.44999998807907104,-41.967609794588725,6.356806920848612e-07
grid-r042-c046,42,46,9.399999618530273,8.600000381469727,0.44999998807907104,-41.980825303791335,6.337492663988087e-07
grid-r042-c047,42,47,9.600000381469727,8.600000381469727,0.44999998807907104,-41.765966827526746,6.658912639068149e-07
grid-r042-c048,42,48,9.800000190734863,8.600000381469727,0.44999998807907104,-41.34441742331579,7.337671377172228e-07
grid-r042-c049,42,49,10.0,8.600000381469727,0.44999998807907104,-41.38392732035196,7.271219715221378e-07
grid-r042-c050,42,50,10.200000762939453,8.600000381469727,0.44999998807907104,-41.13927492434749,7.692588610552775e-07
grid-r042-c051,42,51,10.399999618530273,8.600000381469727,0.44999998807907104,-40.93919740233662,8.055272928686463e-07
grid-r042-c052,42,52,10.600000381469727,8.600000381469727,0.44999998807907104,-40.88935412120808,8.14825455108803e-07
grid-r042-c053,42,53,10.800000190734863,8.600000381469727,0.44999998807907104,-40.811229407536025,8.296158853227098e-07
grid-r042-c054,42,54,11.0,8.600000381469727,0.44999998807907104,-40.544776808083505,8.82109134181519e-07
grid-r042-c055,42,55,11.200000762939453,8.600000381469727,0.44999998807907104,-39.4231341351953,1.1420538612583186e-06
grid-r042-c056,42,56,11.399999618530273,8.600000381469727,0.44999998807907104,-39.049938623459006,1.2445321999621228e-06
grid-r042-c057,42,57,11.600000381469727,8.600000381469727,0.44999998807907104,-39.074769408430996,1.237436890733079e-06
grid-r043-c000,43,0,0.19999980926513672,8.800000190734863,0.44999998807907104,-55.3285996880647,2.9318384164866984e-08
grid-r043-c001,43,1,0.40000009536743164,8.800000190734863,0.44999998807907104,-48.073960386513605,1.5581309753542882e-07
grid-r043-c002,43,2,0.5999999046325684,8.800000190734863,0.44999998807907104,-57.77283215746877,1.6700012039905232e-08
grid-r043-c003,43,3,0.7999997138977051,8.800000190734863,0.44999998807907104,-83.02839669150586,4.9792087120081874e-11
grid-r043-c004,43,4,1.0,8.800000190734863,0.44999998807907104,-67.0488098256336,1.9729633482512554e-09
grid-r043-c005,43,5,1.1999998092651367,8.800000190734863,0.44999998807907104,-83.1426675040065,4.849905199666438e-11
grid-r043-c006,43,6,1.4000000953674316,8.800000190734863,0.44999998807907104,-114.02838357079497,3.955138015601482e-14
grid-r043-c007,43,7,1.5999999046325684,8.800000190734863,0.44999998807907104,-88.68075116214976,1.354955037058403e-11
grid-r043-c008,43,8,1.799999713897705,8.800000190734863,0.44999998807907104,-92.79451688621202,5.254704657509102e-12
grid-r043-c010,43,10,2.200000047683716,8.800000190734863,0.44999998807907104,-93.6682396948715,4.2971056400664676e-12
grid-r043-c014,43,14,3.0,8.800000190734863,0.44999998807907104,-91.96341482786266,6.362950097371645e-12
grid-r043-c016,43,16,3.3999998569488525,8.800000190734863,0.44999998807907104,-109.56761281470901,1.1046856653170942e-13
grid-r043-c026,43,26,5.400000095367432,8.800000190734863,0.44999998807907104,-59.373643481789685,1.1551427370193323e-08
grid-r043-c027,43,27,5.599999904632568,8.800000190734863,0.44999998807907104,-54.517554456303316,3.5338210579993756e-08
grid-r043-c028,43,28,5.800000190734863,8.800000190734863,0.44999998807907104,-54.56573721016356,3.4948318017313795e-08
grid-r043-c029,43,29,6.0,8.800000190734863,0.44999998807907104,-54.09072224078322,3.89877143902595e-08
grid-r043-c030,43,30,6.199999809265137,8.800000190734863,0.44999998807907104,-45.639003667126474,2.7296039206703426e-07
grid-r043-c031,43,31,6.400000095367432,8.800000190734863,0.44999998807907104,-42.36607629468773,5.799524274152645e-07
grid-r043-c032,43,32,6.599999904632568,8.800000190734863,0.44999998807907104,-41.35683528941031,7.3167205982827e-07
grid-r043-c033,43,33,6.800000190734863,8.800000190734863,0.44999998807907104,-41.41511847924345,7.219184681162005e-07
grid-r043-c034,43,34,7.0,8.800000190734863,0.44999998807907104,-41.456002973823345,7.151542149586021e-07
grid-r043-c035,43,35,7.199999809265137,8.800000190734863,0.44999998807907104,-47.86334814442385,1.6355551224478404e-07
grid-r043-c040,43,40,8.199999809265137,8.800000190734863,0.44999998807907104,-53.815188191667445,4.15414049825813e-08
grid-r043-c041,43,41,8.399999618530273,8.800000190734863,0.44999998807907104,-48.13937346668524,1.534838389716242e-07
grid-r043-c042,43,42,8.600000381469727,8.800000190734863,0.44999998807907104,-48.03537941140664,1.5720344492820004e-07
grid-r043-c043,43,43,8.800000190734863,8.800000190734863,0.44999998807907104,-47.9307791032234,1.6103567190839385e-07
grid-r043-c044,43,44,9.0,8.800000190734863,0.44999998807907104,-46.67781738799901,2.1489101698080049e-07
grid-r043-c045,43,45,9.199999809265137,8.800000190734863,0.44999998807907104,-42.30078704508871,5.88736952522595e-07
grid-r043-c046,43,46,9.399999618530273,8.800000190734863,0.44999998807907104,-41.99657939110496,6.314544975793979e-07
grid-r043-c047,43,47,9.600000381469727,8.800000190734863,0.44999998807907104,-42.01776737255252,6.283813149821071e-07
grid-r043-c048,43,48,9.800000190734863,8.800000190734863,0.44999998807907104,-41.84714917826582,6.535594252454757e-07
grid-r043-c049,43,49,10.0,8.800000190734863,0.44999998807907104,-41.57636189637913,6.956067863939097e-07
grid-r043-c050,43,50,10.200000762939453,8.800000190734863,0.44999998807907104,-41.55186911807925,6.995408625698474e-07
grid-r043-c051,43,51,10.399999618530273,8.800000190734863,0.44999998807907104,-41.19656958553278,7.591769985992869e-07
grid-r043-c052,43,52,10.600000381469727,8.800000190734863,0.44999998807907104,-40.81080598772718,8.296967735077487e-07
grid-r043-c053,43,53,10.800000190734863,8.800000190734863,0.44999998807907104,-40.32972344593133,9.268888447877544e-07
grid-r043-c054,43,54,11.0,8.800000190734863,0.44999998807907104,-39.40053501017413,1.1480121884233085e-06
grid-r043-c055,43,55,11.200000762939453,8.800000190734863,0.44999998807907104,-39.15794569043897,1.2139629461671575e-06
grid-r043-c056,43,56,11.399999618530273,8.800000190734863,0.44999998807907104,-39.14975772111304,1.2162538496340858e-06
grid-r043-c057,43,57,11.600000381469727,8.800000190734863,0.44999998807907104,-39.14926371064995,1.216392206515593e-06
grid-r044-c000,44,0,0.19999980926513672,9.000000953674316,0.44999998807907104,-54.435175784974476,3.601491727067696e-08
grid-r044-c001,44,1,0.40000009536743164,9.000000953674316,0.44999998807907104,-49.520382916894874,1.116764778430479e-07
grid-r044-c002,44,2,0.5999999046325684,9.000000953674316,0.44999998807907104,-54.85347168456536,3.270791282261598e-08
grid-r044-c003,44,3,0.7999997138977051,9.000000953674316,0.44999998807907104,-85.3362598416551,2.9266717521680974e-11
grid-r044-c004,44,4,1.0,9.000000953674316,0.44999998807907104,-67.97809783345762,1.5929062513464487e-09
grid-r044-c005,44,5,1.1999998092651367,9.000000953674316,0.44999998807907104,-84.80079309334171,3.310706570003319e-11
grid-r044-c006,44,6,1.4000000953674316,9.000000953674316,0.44999998807907104,-92.15125499851412,6.093607823193237e-12
grid-r044-c007,44,7,1.5999999046325684,9.000000953674316,0.44999998807907104,-89.312137034463,1.1716187048316229e-11
grid-r044-c008,44,8,1.799999713897705,9.000000953674316,0.44999998807907104,-96.3906109837651,2.2958256389732368e-12
grid-r044-c016,44,16,3.3999998569488525,9.000000953674316,0.44999998807907104,-106.14979338863832,2.426725541435776e-13
grid-r044-c026,44,26,5.400000095367432,9.000000953674316,0.44999998807907104,-56.94612390886658,2.0201685657639246e-08
grid-r044-c027,44,27,5.599999904632568,9.000000953674316,0.44999998807907104,-54.29278256020632,3.721531882661111e-08
grid-r044-c028,44,28,5.800000190734863,9.000000953674316,0.44999998807907104,-54.92265482813224,3.2191003640491545e-08
grid-r044-c029,44,29,6.0,9.000000953674316,0.44999998807907104,-53.859503101597255,4.1119676552625606e-08
grid-r044-c030,44,30,6.199999809265137,9.000000953674316,0.44999998807907104,-50.12345953810757,9.719726534740403e-08
grid-r044-c031,44,31,6.400000095367432,9.000000953674316,0.44999998807907104,-41.97050553514679,6.352569812406728e-07
grid-r044-c032,44,32,6.599999904632568,9.000000953674316,0.44999998807907104,-41.60532619043758,6.909830290169339e-07
grid-r044-c033,44,33,6.800000190734863,9.000000953674316,0.44999998807907104,-41.553935485025626,6.992081011958362e-07
grid-r044-c034,44,34,7.0,9.000000953674316,0.44999998807907104,-41.56154546247797,6.979839781706687e-07
grid-r044-c035,44,35,7.199999809265137,9.000000953674316,0.44999998807907104,-47.92428518665051,1.6127664537179953e-07
grid-r044-c040,44,40,8.199999809265137,9.000000953674316,0.44999998807907104,-53.64726562984468,4.317908519624325e-08
grid-r044-c041,44,41,8.399999618530273,9.000000953674316,0.44999998807907104,-48.08461456564386,1.5543132292350492e-07
grid-r044-c042,44,42,8.600000381469727,9.000000953674316,0.44999998807907104,-47.99917156002576,1.5851955481593905e-07
grid-r044-c043,44,43,8.800000190734863,9.000000953674316,0.44999998807907104,-48.09525633570476,1.550509267644884e-07
grid-r044-c044,44,44,9.0,9.000000953674316,0.44999998807907104,-47.711701517826214,1.693674107627885e-07
grid-r044-c045,44,45,9.199999809265137,9.000000953674316,0.44999998807907104,-45.16087206816718,3.0472830303551746e-07
grid-r044-c046,44,46,9.399999618530273,9.000000953674316,0.44999998807907104,-42.200965496999075,6.024256435921416e-07
grid-r044-c047,44,47,9.600000381469727,9.000000953674316,0.44999998807907104,-42.11413049168306,6.145920679045958e-07
grid-r044-c048,44,48,9.800000190734863,9.000000953674316,0.44999998807907104,-42.03073548257727,6.265077558964549e-07
grid-r044-c049,44,49,10.0,9.000000953674316,0.44999998807907104,-41.71897209639653,6.731359576406248e-07
grid-r044-c050,44,50,10.200000762939453,9.000000953674316,0.44999998807907104,-41.51978370874196,7.047281656014093e-07
grid-r044-c051,44,51,10.399999618530273,9.000000953674316,0.44999998807907104,-41.29447934252152,7.422531780321151e-07
grid-r044-c052,44,52,10.600000381469727,9.000000953674316,0.44999998807907104,-40.61229710472788,8.685009333930793e-07
grid-r044-c053,44,53,10.800000190734863,9.000000953674316,0.44999998807907104,-39.46862055181634,1.1301548283881857e-06
grid-r044-c054,44,54,11.0,9.000000953674316,0.44999998807907104,-39.19799876815717,1.2028185665258206e-06
grid-r044-c055,44,55,11.200000762939453,9.000000953674316,0.44999998807907104,-39.2274644000486,1.1946854101552162e-06
grid-r044-c056,44,56,11.399999618530273,9.000000953674316,0.44999998807907104,-39.189367930212036,1.2052113333993475e-06
grid-r044-c057,44,57,11.600000381469727,9.000000953674316,0.44999998807907104,-39.22526219359098,1.1952913610002724e-06
grid-r045-c016,45,16,3.3999998569488525,9.200000762939453,0.44999998807907104,-88.19873069401129,1.5140036793703793e-11
grid-r045-c026,45,26,5.400000095367432,9.200000762939453,0.44999998807907104,-56.81557591357351,2.0818163193325745e-08
grid-r045-c027,45,27,5.599999904632568,9.200000762939453,0.44999998807907104,-54.250364344701254,3.7580587530783305e-08
grid-r045-c028,45,28,5.800000190734863,9.200000762939453,0.44999998807907104,-54.325100692214676,3.6939407976888106e-08
grid-r045-c029,45,29,6.0,9.200000762939453,0.44999998807907104,-54.08378757929182,3.905001833004462e-08
grid-r045-c030,45,30,6.199999809265137,9.200000762939453,0.44999998807907104,-51.20214199872382,7.582035266295861e-08
grid-r045-c031,45,31,6.400000095367432,9.200000762939453,0.44999998807907104,-42.59125622740225,5.506483944373031e-07
grid-r045-c032,45,32,6.599999904632568,9.200000762939453,0.44999998807907104,-41.73834368638449,6.701401389364037e-07
grid-r045-c033,45,33,6.800000190734863,9.200000762939453,0.44999998807907104,-41.75061155374787,6.682498110421875e-07
grid-r045-c034,45,34,7.0,9.200000762939453,0.44999998807907104,-41.69142556546497,6.774191092517867e-07
grid-r045-c035,45,35,7.199999809265137,9.200000762939453,0.44999998807907104,-47.97767989320043,1.593059550941689e-07
grid-r045-c040,45,40,8.199999809265137,9.200000762939453,0.44999998807907104,-53.86169047907936,4.1098971337305557e-08
grid-r045-c041,45,41,8.399999618530273,9.200000762939453,0.44999998807907104,-48.01782363959562,1.5784020490627881e-07
grid-r045-c042,45,42,8.600000381469727,9.200000762939453,0.44999998807907104,-48.024302799086655,1.576049015739045e-07
grid-r045-c043,45,43,8.800000190734863,9.200000762939453,0.44999998807907104,-48.20531000704517,1.5117117868612695e-07
grid-r045-c044,45,44,9.0,9.200000762939453,0.44999998807907104,-47.87520201678956,1.6310970352151344e-07
grid-r045-c045,45,45,9.199999809265137,9.200000762939453,0.44999998807907104,-47.8332225814583,1.6469398644858302e-07
grid-r045-c046,45,46,9.399999618530273,9.200000762939453,0.44999998807907104,-43.709845108894754,4.256135923697002e-07
grid-r045-c047,45,47,9.600000381469727,9.200000762939453,0.44999998807907104,-42.02569314898196,6.272355790315487e-07
grid-r045-c048,45,48,9.800000190734863,9.200000762939453,0.44999998807907104,-41.90244595750347,6.452906973208883e-07
grid-r045-c049,45,49,10.0,9.200000762939453,0.44999998807907104,-41.72590944174894,6.720615601807367e-07
grid-r045-c050,45,50,10.200000762939453,9.200000762939453,0.44999998807907104,-41.17935467046838,7.621922577527585e-07
grid-r045-c051,45,51,10.399999618530273,9.200000762939453,0.44999998807907104,-40.826895765229985,8.266285931313178e-07
grid-r045-c052,45,52,10.600000381469727,9.200000762939453,0.44999998807907104,-39.902117880999484,1.022794094751589e-06
grid-r045-c053,45,53,10.800000190734863,9.200000762939453,0.44999998807907104,-39.699717773460165,1.0715889402490575e-06
grid-r045-c054,45,54,11.0,9.200000762939453,0.44999998807907104,-39.46640485351054,1.1307315617159475e-06
grid-r045-c055,45,55,11.200000762939453,9.200000762939453,0.44999998807907104,-39.33612515498425,1.1651651448119082e-06
grid-r045-c056,45,56,11.399999618530273,9.200000762939453,0.44999998807907104,-39.2983576810039,1.1753419357773964e-06
grid-r045-c057,45,57,11.600000381469727,9.200000762939453,0.44999998807907104,-39.30685703543802,1.1730439837265294e-06
grid-r046-c026,46,26,5.400000095367432,9.40000057220459,0.44999998807907104,-56.92280905524241,2.031042889427681e-08
grid-r046-c027,46,27,5.599999904632568,9.40000057220459,0.44999998807907104,-54.64430926252662,3.432172235307007e-08
grid-r046-c028,46,28,5.800000190734863,9.40000057220459,0.44999998807907104,-54.670344006558,3.411658866525613e-08
grid-r046-c029,46,29,6.0,9.40000057220459,0.44999998807907104,-55.75611734184706,2.6569798805553546e-08
grid-r046-c030,46,30,6.199999809265137,9.40000057220459,0.44999998807907104,-48.101258593655174,1.5483678339478502e-07
grid-r046-c031,46,31,6.400000095367432,9.40000057220459,0.44999998807907104,-44.494067172628206,3.5529842534742784e-07
grid-r046-c032,46,32,6.599999904632568,9.40000057220459,0.44999998807907104,-41.81097825811242,6.590254315597122e-07
grid-r046-c033,46,33,6.800000190734863,9.40000057220459,0.44999998807907104,-41.77604576710046,6.643476808676496e-07
grid-r046-c034,46,34,7.0,9.40000057220459,0.44999998807907104,-41.748330587329136,6.686008759970719e-07
grid-r046-c035,46,35,7.199999809265137,9.40000057220459,0.44999998807907104,-48.13113647673691,1.537752183367047e-07
grid-r046-c040,46,40,8.199999809265137,9.40000057220459,0.44999998807907104,-53.955410763488075,4.0221561192765876e-08
grid-r046-c041,46,41,8.399999618530273,9.40000057220459,0.44999998807907104,-48.33636983641061,1.4667733694295748e-07
grid-r046-c042,46,42,8.600000381469727,9.40000057220459,0.44999998807907104,-48.17376803403087,1.5227310257159843e-07
grid-r046-c043,46,43,8.800000190734863,9.40000057220459,0.44999998807907104,-48.14567704855314,1.5326122593251057e-07
grid-r046-c044,46,44,9.0,9.40000057220459,0.44999998807907104,-47.785817183472645,1.6650155032493785e-07
grid-r046-c045,46,45,9.199999809265137,9.40000057220459,0.44999998807907104,-47.36967177093642,1.832452909411586e-07
grid-r046-c046,46,46,9.399999618530273,9.40000057220459,0.44999998807907104,-46.34612307413511,2.3194643006263505e-07
grid-r046-c047,46,47,9.600000381469727,9.40000057220459,0.44999998807907104,-42.50988268304085,5.610631319541426e-07
grid-r046-c048,46,48,9.800000190734863,9.40000057220459,0.44999998807907104,-41.57993006319224,6.950355100343586e-07
grid-r046-c049,46,49,10.0,9.40000057220459,0.44999998807907104,-41.417482071571506,7.215256800918723e-07
grid-r046-c050,46,50,10.200000762939453,9.40000057220459,0.44999998807907104,-40.96098940904797,8.014954460122681e-07
grid-r046-c051,46,51,10.399999618530273,9.40000057220459,0.44999998807907104,-39.94803687192242,1.0120368187926942e-06
grid-r046-c052,46,52,10.600000381469727,9.40000057220459,0.44999998807907104,-39.916021076578396,1.019525029732904e-06
grid-r046-c053,46,53,10.800000190734863,9.40000057220459,0.44999998807907104,-39.883360371599046,1.0272211738993065e-06
grid-r046-c054,46,54,11.0,9.40000057220459,0.44999998807907104,-39.860798644609744,1.0325715038561611e-06
grid-r046-c055,46,55,11.200000762939453,9.40000057220459,0.44999998807907104,-39.69652962561486,1.0723758805397665e-06
grid-r046-c056,46,56,11.399999618530273,9.40000057220459,0.44999998807907104,-39.43669693105616,1.1384928484403645e-06
grid-r046-c057,46,57,11.600000381469727,9.40000057220459,0.44999998807907104,-39.36403919446887,1.1577001259865938e-06
grid-r047-c026,47,26,5.400000095367432,9.600000381469727,0.44999998807907104,-56.51766994764388,2.2296310575598e-08
grid-r047-c027,47,27,5.599999904632568,9.600000381469727,0.44999998807907104,-55.3045136701551,2.9481435959155533e-08
grid-r047-c028,47,28,5.800000190734863,9.600000381469727,0.44999998807907104,-56.61647913482457,2.1794759774707018e-08
grid-r047-c029,47,29,6.0,9.600000381469727,0.44999998807907104,-50.65263859944389,8.604708057191601e-08
grid-r047-c030,47,30,6.199999809265137,9.600000381469727,0.44999998807907104,-47.40769231435044,1.8164806192544347e-07
grid-r047-c031,47,31,6.400000095367432,9.600000381469727,0.44999998807907104,-46.754763311994424,2.111172250351956e-07
grid-r047-c032,47,32,6.599999904632568,9.600000381469727,0.44999998807907104,-42.04828311399365,6.23981463832024e-07
grid-r047-c033,47,33,6.800000190734863,9.600000381469727,0.44999998807907104,-41.83872758842932,6.548279998241924e-07
grid-r047-c034,47,34,7.0,9.600000381469727,0.44999998807907104,-41.79239208356772,6.618518568757281e-07
grid-r047-c035,47,35,7.199999809265137,9.600000381469727,0.44999998807907104,-48.13095908574661,1.5378149953448883e-07
grid-r047-c040,47,40,8.199999809265137,9.600000381469727,0.44999998807907104,-53.53100260438589,4.4350624506250824e-08
grid-r047-c041,47,41,8.399999618530273,9.600000381469727,0.44999998807907104,-48.25779687810265,1.49355187772926e-07
grid-r047-c042,47,42,8.600000381469727,9.600000381469727,0.44999998807907104,-48.13392873058402,1.5367638184216048e-07
grid-r047-c043,47,43,8.800000190734863,9.600000381469727,0.44999998807907104,-47.53206421145188,1.765198618386421e-07
grid-r047-c044,47,44,9.0,9.600000381469727,0.44999998807907104,-46.99909513668456,1.9956780761276605e-07
grid-r047-c045,47,45,9.199999809265137,9.600000381469727,0.44999998807907104,-46.95359669931834,2.0166955039258028e-07
grid-r047-c046,47,46,9.399999618530273,9.600000381469727,0.44999998807907104,-46.10309922975679,2.4529578013243736e-07
grid-r047-c047,47,47,9.600000381469727,9.600000381469727,0.44999998807907104,-44.293321980203885,3.721069674611499e-07
grid-r047-c048,47,48,9.800000190734863,9.600000381469727,0.44999998807907104,-41.60263606259669,6.914111736477935e-07
grid-r047-c049,47,49,10.0,9.600000381469727,0.44999998807907104,-40.929857439817845,8.072615287346707e-07
grid-r047-c050,47,50,10.200000762939453,9.600000381469727,0.44999998807907104,-40.17574466046205,9.60341139943921e-07
grid-r047-c051,47,51,10.399999618530273,9.600000381469727,0.44999998807907104,-39.99393327657547,1.0013978908318677e-06
grid-r047-c052,47,52,10.600000381469727,9.600000381469727,0.44999998807907104,-39.87209458011972,1.029889290293795e-06
grid-r047-c053,47,53,10.800000190734863,9.600000381469727,0.44999998807907104,-40.03468931138353,9.920443062583217e-07
grid-r047-c054,47,54,11.0,9.600000381469727,0.44999998807907104,-40.05630466132004,9.871190513877082e-07
grid-r047-c055,47,55,11.200000762939453,9.600000381469727,0.44999998807907104,-39.92203660942788,1.0181138350162655e-06
grid-r047-c056,47,56,11.399999618530273,9.600000381469727,0.44999998807907104,-39.92021987681693,1.0185398195972084e-06
grid-r047-c057,47,57,11.600000381469727,9.600000381469727,0.44999998807907104,-39.57577675740386,1.102611008718668e-06
grid-r048-c026,48,26,5.400000095367432,9.800000190734863,0.44999998807907104,-58.437536659980964,1.4330004738383195e-08
grid-r048-c027,48,27,5.599999904632568,9.800000190734863,0.44999998807907104,-57.64050467244884,1.7216684966570028e-08
grid-r048-c028,48,28,5.800000190734863,9.800000190734863,0.44999998807907104,-56.657226134997856,2.1591230137119055e-08
grid-r048-c029,48,29,6.0,9.800000190734863,0.44999998807907104,-48.01822131406587,1.5782575246703345e-07
grid-r048-c030,48,30,6.199999809265137,9.800000190734863,0.44999998807907104,-47.3584190646401,1.8372070087480097e-07
grid-r048-c031,48,31,6.400000095367432,9.800000190734863,0.44999998807907104,-47.21202724923839,1.9001910800398036e-07
grid-r048-c032,48,32,6.599999904632568,9.800000190734863,0.44999998807907104,-43.18170088904256,4.806510673915909e-07
grid-r048-c033,48,33,6.800000190734863,9.800000190734863,0.44999998807907104,-41.8674863925152,6.505060810013674e-07
grid-r048-c034,48,34,7.0,9.800000190734863,0.44999998807907104,-41.89582492238067,6.462752253355575e-07
grid-r048-c035,48,35,7.199999809265137,9.800000190734863,0.44999998807907104,-48.239909815017455,1.499715978070526e-07
grid-r048-c040,48,40,8.199999809265137,9.800000190734863,0.44999998807907104,-53.97797160049545,4.001315900836744e-08
grid-r048-c041,48,41,8.399999618530273,9.800000190734863,0.44999998807907104,-47.4709036577043,1.7902333127040038e-07
grid-r048-c042,48,42,8.600000381469727,9.800000190734863,0.44999998807907104,-47.4659607951248,1.7922720019214466e-07
grid-r048-c043,48,43,8.800000190734863,9.800000190734863,0.44999998807907104,-47.21857254430142,1.8973294402258034e-07
grid-r048-c044,48,44,9.0,9.800000190734863,0.44999998807907104,-46.5311261895005,2.222733428425272e-07
grid-r048-c045,48,45,9.199999809265137,9.800000190734863,0.44999998807907104,-45.567584640908805,2.7748629349844123e-07
grid-r048-c046,48,46,9.399999618530273,9.800000190734863,0.44999998807907104,-45.44171470695761,2.856462515410385e-07
grid-r048-c047,48,47,9.600000381469727,9.800000190734863,0.44999998807907104,-45.279340621073956,2.965281566957856e-07
grid-r048-c048,48,48,9.800000190734863,9.800000190734863,0.44999998807907104,-42.32342789487255,5.85675707043265e-07
grid-r048-c049,48,49,10.0,9.800000190734863,0.44999998807907104,-40.279315256054446,9.377098422191921e-07
grid-r048-c050,48,50,10.200000762939453,9.800000190734863,0.44999998807907104,-40.165407117369156,9.626297696740949e-07
grid-r048-c051,48,51,10.399999618530273,9.800000190734863,0.44999998807907104,-40.12847402800409,9.708510333439335e-07
grid-r048-c052,48,52,10.600000381469727,9.800000190734863,0.44999998807907104,-40.04810647664072,9.88984197647369e-07
grid-r048-c053,48,53,10.800000190734863,9.800000190734863,0.44999998807907104,-39.946507689600416,1.0123932270289515e-06
grid-r048-c054,48,54,11.0,9.800000190734863,0.44999998807907104,-40.10273747483279,9.766214361661696e-07
grid-r048-c055,48,55,11.200000762939453,9.800000190734863,0.44999998807907104,-40.16023910580973,9.637759603720042e-07
grid-r048-c056,48,56,11.399999618530273,9.800000190734863,0.44999998807907104,-40.04868762522321,9.88851866168261e-07
grid-r048-c057,48,57,11.600000381469727,9.800000190734863,0.44999998807907104,-40.27132404197812,9.394368589710211e-07
grid-r049-c026,49,26,5.400000095367432,10.0,0.44999998807907104,-60.55883364566796,8.792586214667608e-09
grid-r049-c027,49,27,5.599999904632568,10.0,0.44999998807907104,-59.301921525138425,1.174377839419094e-08
grid-r049-c028,49,28,5.800000190734863,10.0,0.44999998807907104,-50.8117418512993,8.295180009554315e-08
grid-r049-c029,49,29,6.0,10.0,0.44999998807907104,-47.72747425701685,1.6875341657396348e-07
grid-r049-c030,49,30,6.199999809265137,10.0,0.44999998807907104,-47.4531114479814,1.7975825983285176e-07
grid-r049-c031,49,31,6.400000095367432,10.0,0.44999998807907104,-47.19432704832653,1.9079513435826811e-07
grid-r049-c032,49,32,6.599999904632568,10.0,0.44999998807907104,-45.05791806201147,3.120385088095645e-07
grid-r049-c033,49,33,6.800000190734863,10.0,0.44999998807907104,-41.93348420093749,6.406953616533428e-07
grid-r049-c034,49,34,7.0,10.0,0.44999998807907104,-41.91024395971516,6.441330810957879e-07
grid-r049-c035,49,35,7.199999809265137,10.0,0.44999998807907104,-48.28067394578666,1.485705070081167e-07
grid-r049-c040,49,40,8.199999809265137,10.0,0.44999998807907104,-52.86787758699802,5.1666880551692884e-08
grid-r049-c041,49,41,8.399999618530273,10.0,0.44999998807907104,-47.17888285753533,1.9147483953929623e-07
grid-r049-c042,49,42,8.600000381469727,10.0,0.44999998807907104,-46.98292967641254,2.0031203007420118e-07
grid-r049-c043,49,43,8.800000190734863,10.0,0.44999998807907104,-45.963065058567,2.533340079935442e-07
grid-r049-c044,49,44,9.0,10.0,0.44999998807907104,-45.62686538905808,2.737243676165235e-07
grid-r049-c045,49,45,9.199999809265137,10.0,0.44999998807907104,-45.5405543890365,2.792187387967715e-07
grid-r049-c046,49,46,9.399999618530273,10.0,0.44999998807907104,-45.38628477838989,2.8931538054166595e-07
grid-r049-c047,49,47,9.600000381469727,10.0,0.44999998807907104,-43.76007957807599,4.2071891925843374e-07
grid-r049-c048,49,48,9.800000190734863,10.0,0.44999998807907104,-42.69977396442168,5.370597477849515e-07
grid-r049-c049,49,49,10.0,10.0,0.44999998807907104,-40.872243696789205,8.180420536518795e-07
grid-r049-c050,49,50,10.200000762939453,10.0,0.44999998807907104,-40.25556206194782,9.428525800103671e-07
grid-r049-c051,49,51,10.399999618530273,10.0,0.44999998807907104,-40.216851653766916,9.512941687717102e-07
grid-r049-c052,49,52,10.600000381469727,10.0,0.44999998807907104,-40.233819688815224,9.475846809436916e-07
grid-r049-c053,49,53,10.800000190734863,10.0,0.44999998807907104,-40.088854403470776,9.797483926377026e-07
grid-r049-c054,49,54,11.0,10.0,0.44999998807907104,-40.075537028854015,9.827573421716806e-07
grid-r049-c055,49,55,11.200000762939453,10.0,0.44999998807907104,-40.31993077546775,9.289811941926018e-07
grid-r049-c056,49,56,11.399999618530273,10.0,0.44999998807907104,-40.67935699796867,8.551933206035756e-07
grid-r049-c057,49,57,11.600000381469727,10.0,0.44999998807907104,-40.65085947561804,8.608233770246443e-07
grid-r050-c026,50,26,5.400000095367432,10.200000762939453,0.44999998807907104,-64.19469909362653,3.806537307582403e-09
grid-r050-c027,50,27,5.599999904632568,10.200000762939453,0.44999998807907104,-56.72093600582981,2.1276804318404174e-08
grid-r050-c028,50,28,5.800000190734863,10.200000762939453,0.44999998807907104,-48.25985108079166,1.4928455982499145e-07
grid-r050-c029,50,29,6.0,10.200000762939453,0.44999998807907104,-47.66268573978033,1.7128976992353273e-07
grid-r050-c030,50,30,6.199999809265137,10.200000762939453,0.44999998807907104,-47.443716351000916,1.8014755198692e-07
grid-r050-c031,50,31,6.400000095367432,10.200000762939453,0.44999998807907104,-47.06561545745146,1.965343443544043e-07
grid-r050-c032,50,32,6.599999904632568,10.200000762939453,0.44999998807907104,-46.98695260570116,2.0012656420931307e-07
grid-r050-c033,50,33,6.800000190734863,10.200000762939453,0.44999998807907104,-42.33580374640523,5.84009114845685e-07
grid-r050-c034,50,34,7.0,10.200000762939453,0.44999998807907104,-41.95836172626288,6.37035782347084e-07
grid-r050-c035,50,35,7.199999809265137,10.200000762939453,0.44999998807907104,-48.37557660941354,1.4535913805957534e-07
grid-r050-c040,50,40,8.199999809265137,10.200000762939453,0.44999998807907104,-52.6188875608178,5.4715609820732425e-08
grid-r050-c041,50,41,8.399999618530273,10.200000762939453,0.44999998807907104,-46.1874895732346,2.4057530367826985e-07
grid-r050-c042,50,42,8.600000381469727,10.200000762939453,0.44999998807907104,-45.71048717999733,2.685043227756978e-07
grid-r050-c043,50,43,8.800000190734863,10.200000762939453,0.44999998807907104,-45.46584821771667,2.840633328560216e-07
grid-r050-c044,50,44,9.0,10.200000762939453,0.44999998807907104,-45.538127225103224,2.793748308249633e-07
grid-r050-c045,50,45,9.199999809265137,10.200000762939453,0.44999998807907104,-45.575570429226346,2.769765217180975e-07
grid-r050-c046,50,46,9.399999618530273,10.200000762939453,0.44999998807907104,-43.62866625500864,4.3364403268242313e-07
grid-r050-c047,50,47,9.600000381469727,10.200000762939453,0.44999998807907104,-42.87642715047404,5.156526867722278e-07
grid-r050-c048,50,48,9.800000190734863,10.200000762939453,0.44999998807907104,-42.662153791911734,5.417321631284722e-07
grid-r050-c049,50,49,10.0,10.200000762939453,0.44999998807907104,-42.29287920782375,5.898099288970116e-07
grid-r050-c050,50,50,10.200000762939453,10.200000762939453,0.44999998807907104,-40.49676438490563,8.91915192369197e-07
grid-r050-c051,50,51,10.399999618530273,10.200000762939453,0.44999998807907104,-40.31557349082053,9.299137104790134e-07
grid-r050-c052,50,52,10.600000381469727,10.200000762939453,0.44999998807907104,-40.26163344678929,9.415354043085244e-07
grid-r050-c053,50,53,10.800000190734863,10.200000762939453,0.44999998807907104,-40.26579204746532,9.406342655893241e-07
grid-r050-c054,50,54,11.0,10.200000762939453,0.44999998807907104,-40.4150486267163,9.088561228054459e-07
grid-r050-c055,50,55,11.200000762939453,10.200000762939453,0.44999998807907104,-40.736109616614414,8.440905503448448e-07
grid-r050-c056,50,56,11.399999618530273,10.200000762939453,0.44999998807907104,-40.844193294474735,8.233427593040687e-07
grid-r050-c057,50,57,11.600000381469727,10.200000762939453,0.44999998807907104,-40.95911496267898,8.018414519028738e-07
grid-r051-c026,51,26,5.400000095367432,10.40000057220459,0.44999998807907104,-67.63610755420673,1.723412523801926e-09
grid-r051-c027,51,27,5.599999904632568,10.40000057220459,0.44999998807907104,-49.99134752488274,1.0019942919825553e-07
grid-r051-c028,51,28,5.800000190734863,10.40000057220459,0.44999998807907104,-48.0304406536724,1.573823169565003e-07
grid-r051-c029,51,29,6.0,10.40000057220459,0.44999998807907104,-47.7874688277505,1.6643824096718163e-07
grid-r051-c030,51,30,6.199999809265137,10.40000057220459,0.44999998807907104,-47.385098630297364,1.8259552803101542e-07
grid-r051-c031,51,31,6.400000095367432,10.40000057220459,0.44999998807907104,-47.14610818341322,1.9292529884751275e-07
grid-r051-c032,51,32,6.599999904632568,10.40000057220459,0.44999998807907104,-47.000658383029716,1.9949598595303542e-07
grid-r051-c033,51,33,6.800000190734863,10.40000057220459,0.44999998807907104,-43.736885338601546,4.22971851321563e-07
grid-r051-c034,51,34,7.0,10.40000057220459,0.44999998807907104,-42.02177839215025,6.278012278926326e-07
grid-r051-c035,51,35,7.199999809265137,10.40000057220459,0.44999998807907104,-48.47679567167032,1.4201049225448514e-07
grid-r051-c040,51,40,8.199999809265137,10.40000057220459,0.44999998807907104,-50.67379141832244,8.562899722619477e-08
grid-r051-c041,51,41,8.399999618530273,10.40000057220459,0.44999998807907104,-45.75946901765204,2.6549301423983707e-07
grid-r051-c042,51,42,8.600000381469727,10.40000057220459,0.44999998807907104,-45.71476136044279,2.6824019982996106e-07
grid-r051-c043,51,43,8.800000190734863,10.40000057220459,0.44999998807907104,-45.5718570989759,2.7721344508790935e-07
grid-r051-c044,51,44,9.0,10.40000057220459,0.44999998807907104,-45.24643754760989,2.9878324880883156e-07
grid-r051-c045,51,45,9.199999809265137,10.40000057220459,0.44999998807907104,-43.55755984037053,4.4080246652811184e-07
grid-r051-c046,51,46,9.399999618530273,10.40000057220459,0.44999998807907104,-43.010299967604695,4.999999987376214e-07
grid-r051-c047,51,47,9.600000381469727,10.40000057220459,0.44999998807907104,-42.79083574889149,5.259160502646409e-07
grid-r051-c048,51,48,9.800000190734863,10.40000057220459,0.44999998807907104,-42.819043129167945,5.225113000051351e-07
grid-r051-c049,51,49,10.0,10.40000057220459,0.44999998807907104,-42.65245228269829,5.429436669146526e-07
grid-r051-c050,51,50,10.200000762939453,10.40000057220459,0.44999998807907104,-41.859945044773625,6.5163663975909e-07
grid-r051-c051,51,51,10.399999618530273,10.40000057220459,0.44999998807907104,-40.36500007524139,9.193904588755686e-07
grid-r051-c052,51,52,10.600000381469727,10.40000057220459,0.44999998807907104,-40.47002979562389,8.97422637535783e-07
grid-r051-c053,51,53,10.800000190734863,10.40000057220459,0.44999998807907104,-40.86877040379244,8.186965487766429e-07
grid-r051-c054,51,54,11.0,10.40000057220459,0.44999998807907104,-40.93526353056589,8.062572760536568e-07
grid-r051-c055,51,55,11.200000762939453,10.40000057220459,0.44999998807907104,-40.7621735723765,8.390399557356432e-07
grid-r051-c056,51,56,11.399999618530273,10.40000057220459,0.44999998807907104,-40.94827832381363,8.038447276703664e-07
grid-r051-c057,51,57,11.600000381469727,10.40000057220459,0.44999998807907104,-42.584783247974954,5.514697249964229e-07
grid-r052-c026,52,26,5.400000095367432,10.600000381469727,0.44999998807907104,-54.96651512651363,3.1867536165464116e-08
grid-r052-c027,52,27,5.599999904632568,10.600000381469727,0.44999998807907104,-48.2680975034327,1.490013659122269e-07
grid-r052-c028,52,28,5.800000190734863,10.600000381469727,0.44999998807907104,-47.97761635818037,1.593082856743422e-07
grid-r052-c029,52,29,6.0,10.600000381469727,0.44999998807907104,-47.78620121350232,1.664868278794529e-07
grid-r052-c030,52,30,6.199999809265137,10.600000381469727,0.44999998807907104,-47.36687622301805,1.8336328366785892e-07
grid-r052-c031,52,31,6.400000095367432,10.600000381469727,0.44999998807907104,-47.11034156441772,1.9452070887382433e-07
grid-r052-c032,52,32,6.599999904632568,10.600000381469727,0.44999998807907104,-47.086454229701346,1.9559357156140322e-07
grid-r052-c033,52,33,6.800000190734863,10.600000381469727,0.44999998807907104,-45.77060844358384,2.6481291115487693e-07
grid-r052-c034,52,34,7.0,10.600000381469727,0.44999998807907104,-42.08269038875094,6.190574595166254e-07
grid-r052-c035,52,35,7.199999809265137,10.600000381469727,0.44999998807907104,-48.462119041132496,1.42491217047791e-07
grid-r052-c040,52,40,8.199999809265137,10.600000381469727,0.44999998807907104,-51.323943572931185,7.372344867917491e-08
grid-r052-c041,52,41,8.399999618530273,10.600000381469727,0.44999998807907104,-45.71012080719443,2.6852697487811383e-07
grid-r052-c042,52,42,8.600000381469727,10.600000381469727,0.44999998807907104,-45.68283973266432,2.7021908977076237e-07
grid-r052-c043,52,43,8.800000190734863,10.600000381469727,0.44999998807907104,-45.20792940784311,3.01444288197672e-07
grid-r052-c044,52,44,9.0,10.600000381469727,0.44999998807907104,-43.633605063511595,4.331511718191905e-07
grid-r052-c045,52,45,9.199999809265137,10.600000381469727,0.44999998807907104,-43.02686276798841,4.980967673873238e-07
grid-r052-c046,52,46,9.399999618530273,10.600000381469727,0.44999998807907104,-42.86925090119264,5.165054517419776e-07
grid-r052-c047,52,47,9.600000381469727,10.600000381469727,0.44999998807907104,-42.80268466919662,5.244831413619977e-07
grid-r052-c048,52,48,9.800000190734863,10.600000381469727,0.44999998807907104,-42.848071739889804,5.190304364077747e-07
grid-r052-c049,52,49,10.0,10.600000381469727,0.44999998807907104,-42.699592400348976,5.370822009354015e-07
grid-r052-c050,52,50,10.200000762939453,10.600000381469727,0.44999998807907104,-42.59518261321314,5.501507871485956e-07
grid-r052-c051,52,51,10.399999618530273,10.600000381469727,0.44999998807907104,-41.72493319048449,6.722126499880687e-07
grid-r052-c052,52,52,10.600000381469727,10.600000381469727,0.44999998807907104,-41.01239920031858,7.920636448943696e-07
grid-r052-c053,52,53,10.800000190734863,10.600000381469727,0.44999998807907104,-41.00703886433009,7.930418632895453e-07
grid-r052-c054,52,54,11.0,10.600000381469727,0.44999998807907104,-41.1168424914497,7.732425615358807e-07
grid-r052-c055,52,55,11.200000762939453,10.600000381469727,0.44999998807907104,-41.13662111436727,7.697290698160941e-07
grid-r052-c056,52,56,11.399999618530273,10.600000381469727,0.44999998807907104,-41.955133286119434,6.3750951539987e-07
grid-r052-c057,52,57,11.600000381469727,10.600000381469727,0.44999998807907104,-42.97184773222096,5.044466320214269e-07
grid-r053-c026,53,26,5.400000095367432,10.800000190734863,0.44999998807907104,-50.11601998511367,9.736390893522184e-08
grid-r053-c027,53,27,5.599999904632568,10.800000190734863,0.44999998807907104,-48.24907218532577,1.496555341873318e-07
grid-r053-c028,53,28,5.800000190734863,10.800000190734863,0.44999998807907104,-47.983853031624704,1.5907967565453873e-07
grid-r053-c029,53,29,6.0,10.800000190734863,0.44999998807907104,-47.669128848345196,1.7103583616062679e-07
grid-r053-c030,53,30,6.199999809265137,10.800000190734863,0.44999998807907104,-47.31158677636698,1.8571257953681197e-07
grid-r053-c031,53,31,6.400000095367432,10.800000190734863,0.44999998807907104,-47.33381196130102,1.84764616051325e-07
grid-r053-c032,53,32,6.599999904632568,10.800000190734863,0.44999998807907104,-47.12859761265011,1.9370473580693215e-07
grid-r053-c033,53,33,6.800000190734863,10.800000190734863,0.44999998807907104,-46.9208634424685,2.0319529880907794e-07
grid-r053-c034,53,34,7.0,10.800000190734863,0.44999998807907104,-42.80442985958173,5.242724228082807e-07
grid-r053-c035,53,35,7.199999809265137,10.800000190734863,0.44999998807907104,-48.50392897330856,1.4112602286786569e-07
grid-r053-c040,53,40,8.199999809265137,10.800000190734863,0.44999998807907104,-51.387944775603955,7.264496559855615e-08
grid-r053-c041,53,41,8.399999618530273,10.800000190734863,0.44999998807907104,-45.73289826646442,2.671223171546444e-07
grid-r053-c042,53,42,8.600000381469727,10.800000190734863,0.44999998807907104,-45.00494613393448,3.158678225645417e-07
grid-r053-c043,53,43,8.800000190734863,10.800000190734863,0.44999998807907104,-43.723352615499856,4.242918976160581e-07
grid-r053-c044,53,44,9.0,10.800000190734863,0.44999998807907104,-42.98927140961467,5.024268716624647e-07
grid-r053-c045,53,45,9.199999809265137,10.800000190734863,0.44999998807907104,-43.03405524289256,4.972725378138421e-07
grid-r053-c046,53,46,9.399999618530273,10.800000190734863,0.44999998807907104,-42.91881923771305,5.106438152324699e-07
grid-r053-c047,53,47,9.600000381469727,10.800000190734863,0.44999998807907104,-42.82498890592046,5.217964371695416e-07
grid-r053-c048,53,48,9.800000190734863,10.800000190734863,0.44999998807907104,-42.71012692945696,5.357809982342587e-07
grid-r053-c049,53,49,10.0,10.800000190734863,0.44999998807907104,-42.99736313740234,5.014916268919478e-07
grid-r053-c050,53,50,10.200000762939453,10.800000190734863,0.44999998807907104,-43.68912554742633,4.2764898466884915e-07
grid-r053-c051,53,51,10.399999618530273,10.800000190734863,0.44999998807907104,-43.47356105263763,4.494112033626152e-07
grid-r053-c052,53,52,10.600000381469727,10.800000190734863,0.44999998807907104,-41.55199369349581,6.995207968429895e-07
grid-r053-c053,53,53,10.800000190734863,10.800000190734863,0.44999998807907104,-41.22745400897951,7.537973374383e-07
grid-r053-c054,53,54,11.0,10.800000190734863,0.44999998807907104,-41.29862442463619,7.41545079563366e-07
grid-r053-c055,53,55,11.200000762939453,10.800000190734863,0.44999998807907104,-42.06896852985838,6.210165111042443e-07
grid-r053-c056,53,56,11.399999618530273,10.800000190734863,0.44999998807907104,-43.16672978602139,4.823108383789076e-07
grid-r053-c057,53,57,11.600000381469727,10.800000190734863,0.44999998807907104,-42.45090518838076,5.687343787030841e-07
grid-r054-c026,54,26,5.400000095367432,11.0,0.44999998807907104,-49.092833684672115,1.2323005194048164e-07
grid-r054-c027,54,27,5.599999904632568,11.0,0.44999998807907104,-47.93076607273521,1.6103615507745417e-07
grid-r054-c028,54,28,5.800000190734863,11.0,0.44999998807907104,-47.83566580542825,1.6460136009754933e-07
grid-r054-c029,54,29,6.0,11.0,0.44999998807907104,-47.67995207526518,1.7061012158592348e-07
grid-r054-c030,54,30,6.199999809265137,11.0,0.44999998807907104,-47.390926924174266,1.8235064658256306e-07
grid-r054-c031,54,31,6.400000095367432,11.0,0.44999998807907104,-47.2993409277163,1.8623697428665764e-07
grid-r054-c032,54,32,6.599999904632568,11.0,0.44999998807907104,-47.203505241282116,1.9039234189222043e-07
grid-r054-c033,54,33,6.800000190734863,11.0,0.44999998807907104,-46.94420072880962,2.0210633522310673e-07
grid-r054-c034,54,34,7.0,11.0,0.44999998807907104,-44.33725066181208,3.6836209460489044e-07
grid-r054-c035,54,35,7.199999809265137,11.0,0.44999998807907104,-48.6119848110238,1.376580200940225e-07
grid-r054-c040,54,40,8.199999809265137,11.0,0.44999998807907104,-51.72269585771973,6.725590395717518e-08
grid-r054-c041,54,41,8.399999618530273,11.0,0.44999998807907104,-44.988124147575746,3.1709367931398447e-07
grid-r054-c042,54,42,8.600000381469727,11.0,0.44999998807907104,-43.54529629365849,4.4204895743860106e-07
grid-r054-c043,54,43,8.800000190734863,11.0,0.44999998807907104,-43.014830873795546,4.9947863089983e-07
grid-r054-c044,54,44,9.0,11.0,0.44999998807907104,-43.088638257111604,4.910618258691102e-07
grid-r054-c045,54,45,9.199999809265137,11.0,0.44999998807907104,-42.950773730245196,5.069003918833914e-07
grid-r054-c046,54,46,9.399999618530273,11.0,0.44999998807907104,-42.95653064625089,5.062289005763887e-07
grid-r054-c047,54,47,9.600000381469727,11.0,0.44999998807907104,-42.919588949211295,5.105533205096435e-07
grid-r054-c048,54,48,9.800000190734863,11.0,0.44999998807907104,-43.41425223177176,4.555906230052642e-07
grid-r054-c049,54,49,10.0,11.0,0.44999998807907104,-43.825469176631486,4.1443180975875293e-07
grid-r054-c050,54,50,10.200000762939453,11.0,0.44999998807907104,-43.815975818521416,4.153387180849677e-07
grid-r054-c051,54,51,10.399999618530273,11.0,0.44999998807907104,-43.86753409030283,4.104370816548908e-07
grid-r054-c052,54,52,10.600000381469727,11.0,0.44999998807907104,-43.45850439590568,4.5097198153598583e-07
grid-r054-c053,54,53,10.800000190734863,11.0,0.44999998807907104,-41.42383559609536,7.204708936114912e-07
grid-r054-c054,54,54,11.0,11.0,0.44999998807907104,-41.955371831202946,6.374744998538517e-07
grid-r054-c055,54,55,11.200000762939453,11.0,0.44999998807907104,-43.46320867128902,4.5048375341139035e-07
grid-r054-c056,54,56,11.399999618530273,11.0,0.44999998807907104,-42.830753333954746,5.211043117014924e-07
grid-r054-c057,54,57,11.600000381469727,11.0,0.44999998807907104,-42.67163861892959,5.405503316069371e-07
grid-r055-c026,55,26,5.400000095367432,11.200000762939453,0.44999998807907104,-48.907210959161134,1.2861123366292304e-07
grid-r055-c027,55,27,5.599999904632568,11.200000762939453,0.44999998807907104,-47.14858652213414,1.928152357777435e-07
grid-r055-c028,55,28,5.800000190734863,11.200000762939453,0.44999998807907104,-47.88552542794358,1.6272244351966947e-07
grid-r055-c029,55,29,6.0,11.200000762939453,0.44999998807907104,-47.749377673708366,1.679044601132773e-07
grid-r055-c030,55,30,6.199999809265137,11.200000762939453,0.44999998807907104,-47.34179995201404,1.8442509031046939e-07
grid-r055-c031,55,31,6.400000095367432,11.200000762939453,0.44999998807907104,-47.38819173895071,1.8246552713208075e-07
grid-r055-c032,55,32,6.599999904632568,11.200000762939453,0.44999998807907104,-47.22145616200925,1.8960700742809422e-07
grid-r055-c033,55,33,6.800000190734863,11.200000762939453,0.44999998807907104,-46.98252669494589,2.0033061787216866e-07
grid-r055-c034,55,34,7.0,11.200000762939453,0.44999998807907104,-46.28003880070186,2.3550282435280678e-07
grid-r055-c035,55,35,7.199999809265137,11.200000762939453,0.44999998807907104,-49.09811410937078,1.2308031216434756e-07
grid-r055-c040,55,40,8.199999809265137,11.200000762939453,0.44999998807907104,-49.46413813209742,1.131321880620817e-07
grid-r055-c041,55,41,8.399999618530273,11.200000762939453,0.44999998807907104,-43.57571171536609,4.3896392298847786e-07
grid-r055-c042,55,42,8.600000381469727,11.200000762939453,0.44999998807907104,-43.20661973053099,4.779010964739427e-07
grid-r055-c043,55,43,8.800000190734863,11.200000762939453,0.44999998807907104,-43.1614640591164,4.828959845326608e-07
grid-r055-c044,55,44,9.0,11.200000762939453,0.44999998807907104,-42.991432416519466,5.021769311497337e-07
grid-r055-c045,55,45,9.199999809265137,11.200000762939453,0.44999998807907104,-43.03654363515808,4.969876954419306e-07
grid-r055-c046,55,46,9.399999618530273,11.200000762939453,0.44999998807907104,-43.30604249561269,4.6708481704627047e-07
grid-r055-c047,55,47,9.600000381469727,11.200000762939453,0.44999998807907104,-43.87764582870348,4.094825669653801e-07
grid-r055-c048,55,48,9.800000190734863,11.200000762939453,0.44999998807907104,-43.91795775934078,4.0569926795797073e-07
grid-r055-c049,55,49,10.0,11.200000762939453,0.44999998807907104,-43.98786751990641,3.992208803538233e-07
grid-r055-c050,55,50,10.200000762939453,11.200000762939453,0.44999998807907104,-44.07903986836497,3.909273118551937e-07
grid-r055-c051,55,51,10.399999618530273,11.200000762939453,0.44999998807907104,-44.22705009173828,3.7782874073855055e-07
grid-r055-c052,55,52,10.600000381469727,11.200000762939453,0.44999998807907104,-44.01626468406093,3.9661901496401697e-07
grid-r055-c053,55,53,10.800000190734863,11.200000762939453,0.44999998807907104,-43.45681103090216,4.5114785507394117e-07
grid-r055-c054,55,54,11.0,11.200000762939453,0.44999998807907104,-43.417677616353814,4.5523142944148276e-07
grid-r055-c055,55,55,11.200000762939453,11.200000762939453,0.44999998807907104,-42.99625075621683,5.016200930185732e-07
grid-r055-c056,55,56,11.399999618530273,11.200000762939453,0.44999998807907104,-42.96738586922429,5.049651576882752e-07
grid-r055-c057,55,57,11.600000381469727,11.200000762939453,0.44999998807907104,-42.36506374593,5.800876579087344e-07
grid-r056-c026,56,26,5.400000095367432,11.40000057220459,0.44999998807907104,-48.858877537756214,1.3005056587189756e-07
grid-r056-c027,56,27,5.599999904632568,11.40000057220459,0.44999998807907104,-46.68407828970216,2.1458144772168453e-07
grid-r056-c028,56,28,5.800000190734863,11.40000057220459,0.44999998807907104,-47.57613014502948,1.747378490790652e-07
grid-r056-c029,56,29,6.0,11.40000057220459,0.44999998807907104,-47.70318917305255,1.6969970317859406e-07
grid-r056-c030,56,30,6.199999809265137,11.40000057220459,0.44999998807907104,-47.55958332656459,1.7540487817768735e-07
grid-r056-c031,56,31,6.400000095367432,11.40000057220459,0.44999998807907104,-47.3935520749414,1.8224045561510138e-07
grid-r056-c032,56,32,6.599999904632568,11.40000057220459,0.44999998807907104,-47.29865003578968,1.8626660391873884e-07
grid-r056-c033,56,33,6.800000190734863,11.40000057220459,0.44999998807907104,-47.03993290850458,1.9770001813412819e-07
grid-r056-c034,56,34,7.0,11.40000057220459,0.44999998807907104,-46.89102305782271,2.0459626171032141e-07
grid-r056-c035,56,35,7.199999809265137,11.40000057220459,0.44999998807907104,-54.96057070922919,3.191118480572186e-08
grid-r056-c040,56,40,8.199999809265137,11.40000057220459,0.44999998807907104,-49.05050934828222,1.2443686614460603e-07
grid-r056-c041,56,41,8.399999618530273,11.40000057220459,0.44999998807907104,-42.90307977462311,5.12497820182034e-07
grid-r056-c042,56,42,8.600000381469727,11.40000057220459,0.44999998807907104,-43.16159135566241,4.828818305213645e-07
grid-r056-c043,56,43,8.800000190734863,11.40000057220459,0.44999998807907104,-43.16373704279653,4.826433155358245e-07
grid-r056-c044,56,44,9.0,11.40000057220459,0.44999998807907104,-43.12946664365826,4.864669449489156e-07
grid-r056-c045,56,45,9.199999809265137,11.40000057220459,0.44999998807907104,-43.77419980500129,4.1935325612030283e-07
grid-r056-c046,56,46,9.399999618530273,11.40000057220459,0.44999998807907104,-44.06199809528174,3.924643294794805e-07
grid-r056-c047,56,47,9.600000381469727,11.40000057220459,0.44999998807907104,-43.95596096632304,4.021646589080774e-07
grid-r056-c048,56,48,9.800000190734863,11.40000057220459,0.44999998807907104,-44.07892809555567,3.9093737314033206e-07
grid-r056-c049,56,49,10.0,11.40000057220459,0.44999998807907104,-44.26947349447457,3.741559453374066e-07
grid-r056-c050,56,50,10.200000762939453,11.40000057220459,0.44999998807907104,-44.26385003846451,3.74640734435161e-07
grid-r056-c051,56,51,10.399999618530273,11.40000057220459,0.44999998807907104,-44.20805562912088,3.7948484532535076e-07
grid-r056-c052,56,52,10.600000381469727,11.40000057220459,0.44999998807907104,-44.7069388208743,3.383032094461669e-07
grid-r056-c053,56,53,10.800000190734863,11.40000057220459,0.44999998807907104,-48.64048419653109,1.3675763455012202e-07
grid-r056-c054,56,54,11.0,11.40000057220459,0.44999998807907104,-44.18249701338118,3.8172473182385147e-07
grid-r056-c055,56,55,11.200000762939453,11.40000057220459,0.44999998807907104,-42.95422364968667,5.06497883634438e-07
grid-r056-c056,56,56,11.399999618530273,11.40000057220459,0.44999998807907104,-42.70277523787085,5.36688730790047e-07
grid-r056-c057,56,57,11.600000381469727,11.40000057220459,0.44999998807907104,-41.490387624111264,7.095144383129082e-07
grid-r057-c026,57,26,5.400000095367432,11.600000381469727,0.44999998807907104,-48.26788005179047,1.4900882661095238e-07
grid-r057-c027,57,27,5.599999904632568,11.600000381469727,0.44999998807907104,-46.675202346935606,2.1502044944554655e-07
grid-r057-c028,57,28,5.800000190734863,11.600000381469727,0.44999998807907104,-46.9059345716292,2.0389498445183563e-07
grid-r057-c029,57,29,6.0,11.600000381469727,0.44999998807907104,-47.770708709427325,1.6708179373381427e-07
grid-r057-c030,57,30,6.199999809265137,11.600000381469727,0.44999998807907104,-47.511548451478134,1.7735570168042614e-07
grid-r057-c031,57,31,6.400000095367432,11.600000381469727,0.44999998807907104,-47.452838850067494,1.7976954325149563e-07
grid-r057-c032,57,32,6.599999904632568,11.600000381469727,0.44999998807907104,-47.22635638871384,1.893931909080493e-07
grid-r057-c033,57,33,6.800000190734863,11.600000381469727,0.44999998807907104,-46.939399017799104,2.02329914600341e-07
grid-r057-c034,57,34,7.0,11.600000381469727,0.44999998807907104,-47.93655852796189,1.6082151432783576e-07
grid-r057-c035,57,35,7.199999809265137,11.600000381469727,0.44999998807907104,-63.140409979509386,4.85242690473342e-09
grid-r057-c040,57,40,8.199999809265137,11.600000381469727,0.44999998807907104,-48.18504810609144,1.518781118647894e-07
grid-r057-c041,57,41,8.399999618530273,11.600000381469727,0.44999998807907104,-42.94898334709166,5.071094051345426e-07
grid-r057-c042,57,42,8.600000381469727,11.600000381469727,0.44999998807907104,-42.762360820763035,5.293755975799286e-07
grid-r057-c043,57,43,8.800000190734863,11.600000381469727,0.44999998807907104,-43.37580969851277,4.596412850332854e-07
grid-r057-c044,57,44,9.0,11.600000381469727,0.44999998807907104,-44.10037856908325,3.890112338922336e-07
grid-r057-c045,57,45,9.199999809265137,11.600000381469727,0.44999998807907104,-44.22970691641068,3.7759767224088137e-07
grid-r057-c046,57,46,9.399999618530273,11.600000381469727,0.44999998807907104,-44.176659145157856,3.8223819842642115e-07
grid-r057-c047,57,47,9.600000381469727,11.600000381469727,0.44999998807907104,-44.31372460027558,3.7036295452708146e-07
grid-r057-c048,57,48,9.800000190734863,11.600000381469727,0.44999998807907104,-44.39022625468456,3.6389607771525334e-07
grid-r057-c049,57,49,10.0,11.600000381469727,0.44999998807907104,-44.289626244179615,3.724237558344612e-07
grid-r057-c050,57,50,10.200000762939453,11.600000381469727,0.44999998807907104,-44.418928425713545,3.6149904758531193e-07
grid-r057-c051,57,51,10.399999618530273,11.600000381469727,0.44999998807907104,-44.67833973188088,3.405383495191927e-07
grid-r057-c052,57,52,10.600000381469727,11.600000381469727,0.44999998807907104,-48.83716378618425,1.3070241777768388e-07
grid-r057-c053,57,53,10.800000190734863,11.600000381469727,0.44999998807907104,-47.86946998444637,1.6332512586814119e-07
grid-r057-c054,57,54,11.0,11.600000381469727,0.44999998807907104,-46.76761845721519,2.1049324061550578e-07
grid-r057-c055,57,55,11.200000762939453,11.600000381469727,0.44999998807907104,-43.19577247168461,4.790962293554912e-07
grid-r057-c056,57,56,11.399999618530273,11.600000381469727,0.44999998807907104,-41.659076161112324,6.824838578722847e-07
grid-r057-c057,57,57,11.600000381469727,11.600000381469727,0.44999998807907104,-41.58095489965003,6.948715167709452e-07
grid-r058-c026,58,26,5.400000095367432,11.80000114440918,0.44999998807907104,-47.99438889757599,1.586942204312436e-07
grid-r058-c027,58,27,5.599999904632568,11.80000114440918,0.44999998807907104,-46.27692527904071,2.3567172036109696e-07
grid-r058-c028,58,28,5.800000190734863,11.80000114440918,0.44999998807907104,-46.685482368073366,2.1451208453981963e-07
grid-r058-c029,58,29,6.0,11.80000114440918,0.44999998807907104,-47.39062672754389,1.8236325161069544e-07
grid-r058-c030,58,30,6.199999809265137,11.80000114440918,0.44999998807907104,-47.63454809036779,1.7240314775790466e-07
grid-r058-c031,58,31,6.400000095367432,11.80000114440918,0.44999998807907104,-47.51267641429612,1.7730964430029417e-07
grid-r058-c032,58,32,6.599999904632568,11.80000114440918,0.44999998807907104,-47.33929451748287,1.8453151540143153e-07
grid-r058-c033,58,33,6.800000190734863,11.80000114440918,0.44999998807907104,-47.12886430039828,1.9369284132153552e-07
grid-r058-c034,58,34,7.0,11.80000114440918,0.44999998807907104,-50.52107490842961,8.869364620522902e-08
grid-r058-c035,58,35,7.199999809265137,11.80000114440918,0.44999998807907104,-66.3914047094265,2.2954060874269544e-09
grid-r058-c040,58,40,8.199999809265137,11.80000114440918,0.44999998807907104,-48.51288091001631,1.4083542509979452e-07
grid-r058-c041,58,41,8.399999618530273,11.80000114440918,0.44999998807907104,-42.83902417346973,5.201128487897222e-07
grid-r058-c042,58,42,8.600000381469727,11.80000114440918,0.44999998807907104,-43.26102006372168,4.719521768947743e-07
grid-r058-c043,58,43,8.800000190734863,11.80000114440918,0.44999998807907104,-43.923966892744104,4.0513830867894285e-07
grid-r058-c044,58,44,9.0,11.80000114440918,0.44999998807907104,-44.167489392857846,3.830461139386898e-07
grid-r058-c045,58,45,9.199999809265137,11.80000114440918,0.44999998807907104,-44.29196149339785,3.722235533132334e-07
grid-r058-c046,58,46,9.399999618530273,11.80000114440918,0.44999998807907104,-44.42953554328328,3.606172072068148e-07
grid-r058-c047,58,47,9.600000381469727,11.80000114440918,0.44999998807907104,-44.48612190254066,3.559490266979992e-07
grid-r058-c048,58,48,9.800000190734863,11.80000114440918,0.44999998807907104,-44.41995665392379,3.61413469818217e-07
grid-r058-c049,58,49,10.0,11.80000114440918,0.44999998807907104,-44.480572555267585,3.564041435311083e-07
grid-r058-c050,58,50,10.200000762939453,11.80000114440918,0.44999998807907104,-44.47782840041482,3.5662941400005366e-07
grid-r058-c051,58,51,10.399999618530273,11.80000114440918,0.44999998807907104,-48.02757618252569,1.5748615567190427e-07
grid-r058-c052,58,52,10.600000381469727,11.80000114440918,0.44999998807907104,-48.423833443024876,1.437529135728255e-07
grid-r058-c053,58,53,10.800000190734863,11.80000114440918,0.44999998807907104,-47.56372979699081,1.7523748851999699e-07
grid-r058-c054,58,54,11.0,11.80000114440918,0.44999998807907104,-47.21900031290525,1.8971425674862985e-07
grid-r058-c055,58,55,11.200000762939453,11.80000114440918,0.44999998807907104,-43.907153304834914,4.067098302584782e-07
grid-r058-c056,58,56,11.399999618530273,11.80000114440918,0.44999998807907104,-41.66406895270968,6.816997029090999e-07
grid-r058-c057,58,57,11.600000381469727,11.80000114440918,0.44999998807907104,-41.539187141693915,7.01586600371229e-07
grid-r059-c026,59,26,5.400000095367432,12.0,0.44999998807907104,-47.80944700189045,1.6559808102556417e-07
grid-r059-c027,59,27,5.599999904632568,12.0,0.44999998807907104,-45.94857590156366,2.5418060545234766e-07
grid-r059-c028,59,28,5.800000190734863,12.0,0.44999998807907104,-46.60844579031999,2.1835111851942202e-07
grid-r059-c029,59,29,6.0,12.0,0.44999998807907104,-46.78058028637889,2.0986594506666734e-07
grid-r059-c030,59,30,6.199999809265137,12.0,0.44999998807907104,-47.643479931757014,1.7204894220412825e-07
grid-r059-c031,59,31,6.400000095367432,12.0,0.44999998807907104,-47.413725905305284,1.813958760976675e-07
grid-r059-c032,59,32,6.599999904632568,12.0,0.44999998807907104,-47.252387256937695,1.8826139580596646e-07
grid-r059-c033,59,33,6.800000190734863,12.0,0.44999998807907104,-47.25187260080078,1.8828370684786933e-07
grid-r059-c034,59,34,7.0,12.0,0.44999998807907104,-56.68149900062235,2.1470892619390725e-08
grid-r059-c035,59,35,7.199999809265137,12.0,0.44999998807907104,-67.48563137543192,1.7841725874490066e-09
grid-r059-c040,59,40,8.199999809265137,12.0,0.44999998807907104,-49.18914098046241,1.2052743159074453e-07
grid-r059-c041,59,41,8.399999618530273,12.0,0.44999998807907104,-43.70653585978899,4.2593802618284826e-07
grid-r059-c042,59,42,8.600000381469727,12.0,0.44999998807907104,-43.87529735156754,4.0970405734697124e-07
grid-r059-c043,59,43,8.800000190734863,12.0,0.44999998807907104,-43.805548409708955,4.1633714431554836e-07
grid-r059-c044,59,44,9.0,12.0,0.44999998807907104,-44.008447459227526,3.9733356516080676e-07
grid-r059-c045,59,45,9.199999809265137,12.0,0.44999998807907104,-44.53078362559438,3.523072962252627e-07
grid-r059-c046,59,46,9.399999618530273,12.0,0.44999998807907104,-44.56910768408308,3.4921205838145397e-07
grid-r059-c047,59,47,9.600000381469727,12.0,0.44999998807907104,-44.684198974577384,3.4007922522505396e-07
grid-r059-c048,59,48,9.800000190734863,12.0,0.44999998807907104,-44.52357817374029,3.528923002704687e-07
grid-r059-c049,59,49,10.0,12.0,0.44999998807907104,-44.54473627528132,3.511772490583098e-07
grid-r059-c050,59,50,10.200000762939453,12.0,0.44999998807907104,-47.48215441171911,1.785601568826678e-07
grid-r059-c051,59,51,10.399999618530273,12.0,0.44999998807907104,-48.7118054374878,1.3453009728436882e-07
grid-r059-c052,59,52,10.600000381469727,12.0,0.44999998807907104,-47.680559845445714,1.7058624735000194e-07
grid-r059-c053,59,53,10.800000190734863,12.0,0.44999998807907104,-47.65233456588716,1.7169851673770609e-07
grid-r059-c054,59,54,11.0,12.0,0.44999998807907104,-45.473907088470796,2.8353670700198563e-07
grid-r059-c055,59,55,11.200000762939453,12.0,0.44999998807907104,-44.100488991469575,3.890013431373518e-07
grid-r059-c056,59,56,11.399999618530273,12.0,0.44999998807907104,-42.741227530974975,5.319578804119374e-07
grid-r059-c057,59,57,11.600000381469727,12.0,0.44999998807907104,-41.650369620614484,6.83853443206317e-07
grid-r060-c026,60,26,5.400000095367432,12.200000762939453,0.44999998807907104,-47.73970917368578,1.6827867455049272e-07
grid-r060-c027,60,27,5.599999904632568,12.200000762939453,0.44999998807907104,-45.99006333468358,2.5176402118631813e-07
grid-r060-c028,60,28,5.800000190734863,12.200000762939453,0.44999998807907104,-46.11705384523883,2.4450886826343776e-07
grid-r060-c029,60,29,6.0,12.200000762939453,0.44999998807907104,-46.6113747497934,2.1820390827542724e-07
grid-r060-c030,60,30,6.199999809265137,12.200000762939453,0.44999998807907104,-47.16100589450727,1.92264636211803e-07
grid-r060-c031,60,31,6.400000095367432,12.200000762939453,0.44999998807907104,-47.50860341715952,1.7747601077644504e-07
grid-r060-c032,60,32,6.599999904632568,12.200000762939453,0.44999998807907104,-47.28256728000461,1.869576635726844e-07
grid-r060-c033,60,33,6.800000190734863,12.200000762939453,0.44999998807907104,-49.099772676455615,1.230333168678044e-07
grid-r060-c034,60,34,7.0,12.200000762939453,0.44999998807907104,-60.64099538078551,8.627807801531162e-09
grid-r060-c035,60,35,7.199999809265137,12.200000762939453,0.44999998807907104,-67.23659865876961,1.889470579996555e-09
grid-r060-c040,60,40,8.199999809265137,12.200000762939453,0.44999998807907104,-49.6409318413715,1.0861925403560235e-07
grid-r060-c041,60,41,8.399999618530273,12.200000762939453,0.44999998807907104,-44.058159940471626,3.928113301299163e-07
grid-r060-c042,60,42,8.600000381469727,12.200000762939453,0.44999998807907104,-43.94518321600386,4.03163937789941e-07
grid-r060-c043,60,43,8.800000190734863,12.200000762939453,0.44999998807907104,-44.230983619972164,3.7748668546555564e-07
grid-r060-c044,60,44,9.0,12.200000762939453,0.44999998807907104,-44.18136637608603,3.818241225417296e-07
grid-r060-c045,60,45,9.199999809265137,12.200000762939453,0.44999998807907104,-44.08825364457685,3.900988190252974e-07
grid-r060-c046,60,46,9.399999618530273,12.200000762939453,0.44999998807907104,-44.380677397188975,3.64697058330421e-07
grid-r060-c047,60,47,9.600000381469727,12.200000762939453,0.44999998807907104,-44.63160656671312,3.442225704475277e-07
grid-r060-c048,60,48,9.800000190734863,12.200000762939453,0.44999998807907104,-44.61352233365788,3.45658918377012e-07
grid-r060-c049,60,49,10.0,12.200000762939453,0.44999998807907104,-46.76453946596624,2.1064252564428898e-07
grid-r060-c050,60,50,10.200000762939453,12.200000762939453,0.44999998807907104,-48.87666440044724,1.2951902306213015e-07
grid-r060-c051,60,51,10.399999618530273,12.200000762939453,0.44999998807907104,-47.77794686220197,1.6680355940934533e-07
grid-r060-c052,60,52,10.600000381469727,12.200000762939453,0.44999998807907104,-47.69242549364537,1.7012081343636964e-07
grid-r060-c053,60,53,10.800000190734863,12.200000762939453,0.44999998807907104,-46.17099162556086,2.4149093746927974e-07
grid-r060-c054,60,54,11.0,12.200000762939453,0.44999998807907104,-44.46467011876055,3.577115705866163e-07
grid-r060-c055,60,55,11.200000762939453,12.200000762939453,0.44999998807907104,-44.44093935627065,3.5967153166893695e-07
grid-r060-c056,60,56,11.399999618530273,12.200000762939453,0.44999998807907104,-44.17778984951494,3.821386940217053e-07
grid-r060-c057,60,57,11.600000381469727,12.200000762939453,0.44999998807907104,-42.22298225076895,5.99379347931972e-07
grid-r061-c026,61,26,5.400000095367432,12.40000057220459,0.44999998807907104,-47.94947745202175,1.6034383065743896e-07
grid-r061-c027,61,27,5.599999904632568,12.40000057220459,0.44999998807907104,-45.899303824586966,2.570807851043355e-07
grid-r061-c028,61,28,5.800000190734863,12.40000057220459,0.44999998807907104,-45.94736106275123,2.5425171656934253e-07
grid-r061-c029,61,29,6.0,12.40000057220459,0.44999998807907104,-46.26214681807194,2.364750457672926e-07
grid-r061-c030,61,30,6.199999809265137,12.40000057220459,0.44999998807907104,-46.68837480184054,2.1436926544993185e-07
grid-r061-c031,61,31,6.400000095367432,12.40000057220459,0.44999998807907104,-47.392293470246045,1.822932773620778e-07
grid-r061-c032,61,32,6.599999904632568,12.40000057220459,0.44999998807907104,-47.59682269278716,1.739072672535258e-07
grid-r061-c033,61,33,6.800000190734863,12.40000057220459,0.44999998807907104,-52.12668568138794,6.128178853259669e-08
grid-r061-c034,61,34,7.0,12.40000057220459,0.44999998807907104,-60.13351522140408,9.697247449480528e-09
grid-r061-c035,61,35,7.199999809265137,12.40000057220459,0.44999998807907104,-66.90989251303714,2.0370924946888636e-09
grid-r061-c040,61,40,8.199999809265137,12.40000057220459,0.44999998807907104,-49.77950287117223,1.0520822968373977e-07
grid-r061-c041,61,41,8.399999618530273,12.40000057220459,0.44999998807907104,-43.98371465087365,3.9960281128514907e-07
grid-r061-c042,61,42,8.600000381469727,12.40000057220459,0.44999998807907104,-44.402847930378016,3.6284004067965725e-07
grid-r061-c043,61,43,8.800000190734863,12.40000057220459,0.44999998807907104,-44.217817447519025,3.786328193200461e-07
grid-r061-c044,61,44,9.0,12.40000057220459,0.44999998807907104,-44.279198930766555,3.733190112598095e-07
grid-r061-c045,61,45,9.199999809265137,12.40000057220459,0.44999998807907104,-44.2231896461639,3.781647421874368e-07
grid-r061-c046,61,46,9.399999618530273,12.40000057220459,0.44999998807907104,-44.273416264896525,3.73816419596551e-07
grid-r061-c047,61,47,9.600000381469727,12.40000057220459,0.44999998807907104,-44.38108491735909,3.646628385922668e-07
grid-r061-c048,61,48,9.800000190734863,12.40000057220459,0.44999998807907104,-46.34427312833773,2.3204525234632456e-07
grid-r061-c049,61,49,10.0,12.40000057220459,0.44999998807907104,-48.97202775322992,1.2670601279296534e-07
grid-r061-c050,61,50,10.200000762939453,12.40000057220459,0.44999998807907104,-47.83441853241145,1.646486396111868e-07
grid-r061-c051,61,51,10.399999618530273,12.40000057220459,0.44999998807907104,-47.80708962418906,1.6568799310334725e-07
grid-r061-c052,61,52,10.600000381469727,12.40000057220459,0.44999998807907104,-46.89727870416553,2.0430177016805828e-07
grid-r061-c053,61,53,10.800000190734863,12.40000057220459,0.44999998807907104,-44.66487757064564,3.415955802665849e-07
grid-r061-c054,61,54,11.0,12.40000057220459,0.44999998807907104,-44.65702397298497,3.422138661335339e-07
grid-r061-c055,61,55,11.200000762939453,12.40000057220459,0.44999998807907104,-44.60895103628745,3.4602294363139663e-07
grid-r061-c056,61,56,11.399999618530273,12.40000057220459,0.44999998807907104,-44.33593798332244,3.6847345086243877e-07
grid-r061-c057,61,57,11.600000381469727,12.40000057220459,0.44999998807907104,-43.88840755309218,4.084691340722202e-07
grid-r062-c026,62,26,5.400000095367432,12.600000381469727,0.44999998807907104,-47.66259890658441,1.712931947395191e-07
grid-r062-c027,62,27,5.599999904632568,12.600000381469727,0.44999998807907104,-46.03443765748172,2.492047030955291e-07
grid-r062-c028,62,28,5.800000190734863,12.600000381469727,0.44999998807907104,-45.988626082618666,2.518473536383681e-07
grid-r062-c029,62,29,6.0,12.600000381469727,0.44999998807907104,-45.87861177220934,2.5830857453001954e-07
grid-r062-c030,62,30,6.199999809265137,12.600000381469727,0.44999998807907104,-46.29719594863769,2.3457428710571548e-07
grid-r062-c031,62,31,6.400000095367432,12.600000381469727,0.44999998807907104,-47.00095074223687,1.9948255669532955e-07
grid-r062-c032,62,32,6.599999904632568,12.600000381469727,0.44999998807907104,-48.044276822745516,1.5688171117744787e-07
grid-r062-c033,62,33,6.800000190734863,12.600000381469727,0.44999998807907104,-59.06392763279047,1.2405299010254112e-08
grid-r062-c034,62,34,7.0,12.600000381469727,0.44999998807907104,-61.0770408613714,7.803616419721493e-09
grid-r062-c035,62,35,7.199999809265137,12.600000381469727,0.44999998807907104,-67.05112135043916,1.97191352135917e-09
grid-r062-c036,62,36,7.400000095367432,12.600000381469727,0.44999998807907104,-127.45324027873795,1.797529274949819e-15
grid-r062-c040,62,40,8.199999809265137,12.600000381469727,0.44999998807907104,-49.91796928797075,1.0190677812715876e-07
grid-r062-c041,62,41,8.399999618530273,12.600000381469727,0.44999998807907104,-44.40939434153505,3.6229351962902e-07
grid-r062-c042,62,42,8.600000381469727,12.600000381469727,0.44999998807907104,-44.26046306169138,3.7493302329494327e-07
grid-r062-c043,62,43,8.800000190734863,12.600000381469727,0.44999998807907104,-44.35411956912169,3.669340742362692e-07
grid-r062-c044,62,44,9.0,12.600000381469727,0.44999998807907104,-44.243420444923686,3.764072289413889e-07
grid-r062-c045,62,45,9.199999809265137,12.600000381469727,0.44999998807907104,-44.315520341389146,3.7020984677837987e-07
grid-r062-c046,62,46,9.399999618530273,12.600000381469727,0.44999998807907104,-44.2915901034808,3.722553856277955e-07
grid-r062-c047,62,47,9.600000381469727,12.600000381469727,0.44999998807907104,-45.321261914992746,2.9367961928983277e-07
grid-r062-c048,62,48,9.800000190734863,12.600000381469727,0.44999998807907104,-48.46419595404336,1.4242309021028632e-07
grid-r062-c049,62,49,10.0,12.600000381469727,0.44999998807907104,-48.037681793824504,1.571201266870048e-07
grid-r062-c050,62,50,10.200000762939453,12.600000381469727,0.44999998807907104,-47.917656531886564,1.6152299053828756e-07
grid-r062-c051,62,51,10.399999618530273,12.600000381469727,0.44999998807907104,-47.51884414622603,1.7705801269585209e-07
grid-r062-c052,62,52,10.600000381469727,12.600000381469727,0.44999998807907104,-44.974664729974876,3.1807792311155936e-07
grid-r062-c053,62,53,10.800000190734863,12.600000381469727,0.44999998807907104,-44.660363825057004,3.4195079479104606e-07
grid-r062-c054,62,54,11.0,12.600000381469727,0.44999998807907104,-44.66408485167736,3.416579374970752e-07
grid-r062-c055,62,55,11.200000762939453,12.600000381469727,0.44999998807907104,-44.5889035976021,3.4762391010190186e-07
grid-r062-c056,62,56,11.399999618530273,12.600000381469727,0.44999998807907104,-44.53777224423399,3.517408231346053e-07
grid-r062-c057,62,57,11.600000381469727,12.600000381469727,0.44999998807907104,-46.275119228402104,2.3576974683692242e-07
grid-r063-c026,63,26,5.400000095367432,12.80000114440918,0.44999998807907104,-47.83502169245757,1.6462577434595005e-07
grid-r063-c027,63,27,5.599999904632568,12.80000114440918,0.44999998807907104,-45.979868738807625,2.523557043332403e-07
grid-r063-c028,63,28,5.800000190734863,12.80000114440918,0.44999998807907104,-45.94591894355928,2.5433615746806026e-07
grid-r063-c029,63,29,6.0,12.80000114440918,0.44999998807907104,-45.78587542232323,2.6388363494334044e-07
grid-r063-c030,63,30,6.199999809265137,12.80000114440918,0.44999998807907104,-46.153032338772036,2.4249163743661484e-07
grid-r063-c031,63,31,6.400000095367432,12.80000114440918,0.44999998807907104,-46.64540420682853,2.1650083681379328e-07
grid-r063-c032,63,32,6.599999904632568,12.80000114440918,0.44999998807907104,-49.781888711959155,1.0515044834846776e-07
grid-r063-c033,63,33,6.800000190734863,12.80000114440918,0.44999998807907104,-60.90923893434676,8.11103184616968e-09
grid-r063-c034,63,34,7.0,12.80000114440918,0.44999998807907104,-60.37709632608333,9.168332759657005e-09
grid-r063-c035,63,35,7.199999809265137,12.80000114440918,0.44999998807907104,-67.9555991255483,1.6011797443482578e-09
grid-r063-c040,63,40,8.199999809265137,12.80000114440918,0.44999998807907104,-50.249005011271336,9.442771897738567e-08
grid-r063-c041,63,41,8.399999618530273,12.80000114440918,0.44999998807907104,-44.35620536778808,3.6675788805951015e-07
grid-r063-c042,63,42,8.600000381469727,12.80000114440918,0.44999998807907104,-44.51893246135883,3.5326999636708933e-07
grid-r063-c043,63,43,8.800000190734863,12.80000114440918,0.44999998807907104,-44.357575359532845,3.666422117021284e-07
grid-r063-c044,63,44,9.0,12.80000114440918,0.44999998807907104,-44.27166689124594,3.739670262348227e-07
grid-r063-c045,63,45,9.199999809265137,12.80000114440918,0.44999998807907104,-44.338665636100586,3.682420981476753e-07
grid-r063-c046,63,46,9.399999618530273,12.80000114440918,0.44999998807907104,-45.03973412685106,3.133477548544761e-07
grid-r063-c047,63,47,9.600000381469727,12.80000114440918,0.44999998807907104,-48.057854916297885,1.563919909131073e-07
grid-r063-c048,63,48,9.800000190734863,12.80000114440918,0.44999998807907104,-47.57944440114183,1.746045512618366e-07
grid-r063-c049,63,49,10.0,12.80000114440918,0.44999998807907104,-47.357781183902816,1.8374768728790514e-07
grid-r063-c050,63,50,10.200000762939453,12.80000114440918,0.44999998807907104,-47.72160362267138,1.6898168553325377e-07
grid-r063-c051,63,51,10.399999618530273,12.80000114440918,0.44999998807907104,-45.380958015580944,2.8967045295758e-07
grid-r063-c052,63,52,10.600000381469727,12.80000114440918,0.44999998807907104,-44.62895848823618,3.444325216150901e-07
grid-r063-c053,63,53,10.800000190734863,12.80000114440918,0.44999998807907104,-44.71096766864423,3.379895190391835e-07
grid-r063-c054,63,54,11.0,12.80000114440918,0.44999998807907104,-44.66238644889171,3.4179157637481694e-07
grid-r063-c055,63,55,11.200000762939453,12.80000114440918,0.44999998807907104,-44.647179221811555,3.4299048934371967e-07
grid-r063-c056,63,56,11.399999618530273,12.80000114440918,0.44999998807907104,-45.57172619253922,2.772218010704819e-07
grid-r063-c057,63,57,11.600000381469727,12.80000114440918,0.44999998807907104,-50.628023378923345,8.653616845322176e-08
grid-r064-c026,64,26,5.400000095367432,13.0,0.44999998807907104,-47.80290188740055,1.6584783679718385e-07
grid-r064-c027,64,27,5.599999904632568,13.0,0.44999998807907104,-45.98055014576987,2.5231611289200373e-07
grid-r064-c028,64,28,5.800000190734863,13.0,0.44999998807907104,-46.0017018943561,2.5109022772085154e-07
grid-r064-c029,64,29,6.0,13.0,0.44999998807907104,-45.822123696132024,2.6169030320488673e-07
grid-r064-c030,64,30,6.199999809265137,13.0,0.44999998807907104,-46.11858070102184,2.444229210141202e-07
grid-r064-c031,64,31,6.400000095367432,13.0,0.44999998807907104,-46.18544902807204,2.40688365238384e-07
grid-r064-c032,64,32,6.599999904632568,13.0,0.44999998807907104,-51.377046588446035,7.282748981651821e-08
grid-r064-c033,64,33,6.800000190734863,13.0,0.44999998807907104,-61.01357537443144,7.918491640168668e-09
grid-r064-c034,64,34,7.0,13.0,0.44999998807907104,-61.067769829868865,7.820292857729783e-09
grid-r064-c035,64,35,7.199999809265137,13.0,0.44999998807907104,-66.4956574992531,2.2409607502993367e-09
grid-r064-c040,64,40,8.199999809265137,13.0,0.44999998807907104,-50.12163122095669,9.723819260898381e-08
grid-r064-c041,64,41,8.399999618530273,13.0,0.44999998807907104,-44.552972721294395,3.5051186841883464e-07
grid-r064-c042,64,42,8.600000381469727,13.0,0.44999998807907104,-44.49358291130524,3.553380452103738e-07
grid-r064-c043,64,43,8.800000190734863,13.0,0.44999998807907104,-44.258375347063975,3.751133021978603e-07
grid-r064-c044,64,44,9.0,13.0,0.44999998807907104,-44.38943124029764,3.639626982021582e-07
grid-r064-c045,64,45,9.199999809265137,13.0,0.44999998807907104,-44.775411216801785,3.330112292587728e-07
grid-r064-c046,64,46,9.399999618530273,13.0,0.44999998807907104,-47.77715069981711,1.6683414116869244e-07
grid-r064-c047,64,47,9.600000381469727,13.0,0.44999998807907104,-47.466326855025585,1.792120940535824e-07
grid-r064-c048,64,48,9.800000190734863,13.0,0.44999998807907104,-47.35404647410965,1.8390576883575704e-07
grid-r064-c049,64,49,10.0,13.0,0.44999998807907104,-47.33620260509858,1.8466293738583772e-07
grid-r064-c050,64,50,10.200000762939453,13.0,0.44999998807907104,-45.64679716490198,2.7247099865235214e-07
grid-r064-c051,64,51,10.399999618530273,13.0,0.44999998807907104,-44.596260669022485,3.4703552387327363e-07
grid-r064-c052,64,52,10.600000381469727,13.0,0.44999998807907104,-44.784601438691524,3.3230728035960055e-07
grid-r064-c053,64,53,10.800000190734863,13.0,0.44999998807907104,-44.753297331625504,3.3471121696493356e-07
grid-r064-c054,64,54,11.0,13.0,0.44999998807907104,-44.8010768966312,3.3104902286140714e-07
grid-r064-c055,64,55,11.200000762939453,13.0,0.44999998807907104,-44.89014529641858,3.2432876651000697e-07
grid-r064-c056,64,56,11.399999618530273,13.0,0.44999998807907104,-49.403574633867535,1.1472089767039506e-07
grid-r064-c057,64,57,11.600000381469727,13.0,0.44999998807907104,-51.661349440619446,6.821267106715823e-08
grid-r065-c026,65,26,5.400000095367432,13.200000762939453,0.44999998807907104,-47.93427268408257,1.6090618260022893e-07
grid-r065-c027,65,27,5.599999904632568,13.200000762939453,0.44999998807907104,-46.00291432914271,2.5102013978539617e-07
grid-r065-c028,65,28,5.800000190734863,13.200000762939453,0.44999998807907104,-45.9141471397982,2.562036343078944e-07
grid-r065-c029,65,29,6.0,13.200000762939453,0.44999998807907104,-46.12380454587972,2.441290973820287e-07
grid-r065-c030,65,30,6.199999809265137,13.200000762939453,0.44999998807907104,-46.080685067645305,2.4656503683218034e-07
grid-r065-c031,65,31,6.400000095367432,13.200000762939453,0.44999998807907104,-46.33904146918162,2.3232495038882917e-07
grid-r065-c032,65,32,6.599999904632568,13.200000762939453,0.44999998807907104,-51.46868660425088,7.130686441314538e-08
grid-r065-c033,65,33,6.800000190734863,13.200000762939453,0.44999998807907104,-57.11760272628757,1.941957528117655e-08
grid-r065-c034,65,34,7.0,13.200000762939453,0.44999998807907104,-60.524643793592304,8.862079070581785e-09
grid-r065-c035,65,35,7.199999809265137,13.200000762939453,0.44999998807907104,-67.21550283311586,1.8986709982016237e-09
grid-r065-c040,65,40,8.199999809265137,13.200000762939453,0.44999998807907104,-50.02469447316065,9.94330022763279e-08
grid-r065-c041,65,41,8.399999618530273,13.200000762939453,0.44999998807907104,-44.51100020488448,3.539158228704764e-07
grid-r065-c042,65,42,8.600000381469727,13.200000762939453,0.44999998807907104,-44.405668666553126,3.6260445313018863e-07
grid-r065-c043,65,43,8.800000190734863,13.200000762939453,0.44999998807907104,-44.45393839505181,3.5859659419656964e-07
grid-r065-c044,65,44,9.0,13.200000762939453,0.44999998807907104,-44.707793046337144,3.382366742243903e-07
grid-r065-c045,65,45,9.199999809265137,13.200000762939453,0.44999998807907104,-47.707662599375794,1.6952499493072537e-07
grid-r065-c046,65,46,9.399999618530273,13.200000762939453,0.44999998807907104,-47.36355407378076,1.8350360164731683e-07
grid-r065-c047,65,47,9.600000381469727,13.200000762939453,0.44999998807907104,-47.35955028208329,1.8367285292697488e-07
grid-r065-c048,65,48,9.800000190734863,13.200000762939453,0.44999998807907104,-47.20888795645402,1.9015651275822165e-07
grid-r065-c049,65,49,10.0,13.200000762939453,0.44999998807907104,-46.30676497755658,2.340580067539122e-07
grid-r065-c050,65,50,10.200000762939453,13.200000762939453,0.44999998807907104,-44.51036933245271,3.53967237742836e-07
grid-r065-c051,65,51,10.399999618530273,13.200000762939453,0.44999998807907104,-44.45903643956419,3.581758960535808e-07
grid-r065-c052,65,52,10.600000381469727,13.200000762939453,0.44999998807907104,-44.748896729105965,3.3505054375382315e-07
grid-r065-c053,65,53,10.800000190734863,13.200000762939453,0.44999998807907104,-44.870777308129746,3.257783873777953e-07
grid-r065-c054,65,54,11.0,13.200000762939453,0.44999998807907104,-44.866960540336535,3.260648213654349e-07
grid-r065-c055,65,55,11.200000762939453,13.200000762939453,0.44999998807907104,-47.71784777454417,1.6912788680656377e-07
grid-r065-c056,65,56,11.399999618530273,13.200000762939453,0.44999998807907104,-51.498758402852204,7.081482067405886e-08
grid-r065-c057,65,57,11.600000381469727,13.200000762939453,0.44999998807907104,-52.39119479212442,5.766078103874861e-08
grid-r066-c014,66,14,3.0,13.40000057220459,0.44999998807907104,-70.9409472716909,8.052027933302952e-10
grid-r066-c015,66,15,3.200000047683716,13.40000057220459,0.44999998807907104,-77.03816254580136,1.9778062521069728e-10
grid-r066-c026,66,26,5.400000095367432,13.40000057220459,0.44999998807907104,-47.94502601166785,1.6050826445734856e-07
grid-r066-c027,66,27,5.599999904632568,13.40000057220459,0.44999998807907104,-45.98399893155941,2.5211582510564767e-07
grid-r066-c028,66,28,5.800000190734863,13.40000057220459,0.44999998807907104,-45.98692474007814,2.5194603381351044e-07
grid-r066-c029,66,29,6.0,13.40000057220459,0.44999998807907104,-46.25005464529471,2.3713438679351384e-07
grid-r066-c030,66,30,6.199999809265137,13.40000057220459,0.44999998807907104,-45.98021211933346,2.5233575229322014e-07
grid-r066-c031,66,31,6.400000095367432,13.40000057220459,0.44999998807907104,-47.777560601627144,1.66818395541668e-07
grid-r066-c032,66,32,6.599999904632568,13.40000057220459,0.44999998807907104,-49.956583188765066,1.0100472280782924e-07
grid-r066-c033,66,33,6.800000190734863,13.40000057220459,0.44999998807907104,-53.08754830298382,4.911850837174825e-08
grid-r066-c034,66,34,7.0,13.40000057220459,0.44999998807907104,-60.80067319736473,8.31634849873808e-09
grid-r066-c035,66,35,7.199999809265137,13.40000057220459,0.44999998807907104,-65.11240151580425,3.081483512801242e-09
grid-r066-c040,66,40,8.199999809265137,13.40000057220459,0.44999998807907104,-50.261443292521776,9.415766299980532e-08
grid-r066-c041,66,41,8.399999618530273,13.40000057220459,0.44999998807907104,-44.532579935576294,3.5216160654272244e-07
grid-r066-c042,66,42,8.600000381469727,13.40000057220459,0.44999998807907104,-44.26901495816733,3.7419545151351485e-07
grid-r066-c043,66,43,8.800000190734863,13.40000057220459,0.44999998807907104,-44.63224023707649,3.4417234928696416e-07
grid-r066-c044,66,44,9.0,13.40000057220459,0.44999998807907104,-47.18123033372582,1.9137137030611484e-07
grid-r066-c045,66,45,9.199999809265137,13.40000057220459,0.44999998807907104,-47.47208352693053,1.7897470172556496e-07
grid-r066-c046,66,46,9.399999618530273,13.40000057220459,0.44999998807907104,-47.18235309572282,1.9132190232085122e-07
grid-r066-c047,66,47,9.600000381469727,13.40000057220459,0.44999998807907104,-47.467451743895936,1.7916568140208255e-07
grid-r066-c048,66,48,9.800000190734863,13.40000057220459,0.44999998807907104,-46.84078734067951,2.0697660829682718e-07
grid-r066-c049,66,49,10.0,13.40000057220459,0.44999998807907104,-44.61786859811353,3.4531316828179115e-07
grid-r066-c050,66,50,10.200000762939453,13.40000057220459,0.44999998807907104,-44.52423055845762,3.52839293782381e-07
grid-r066-c051,66,51,10.399999618530273,13.40000057220459,0.44999998807907104,-44.63449702656277,3.439935483129375e-07
grid-r066-c052,66,52,10.600000381469727,13.40000057220459,0.44999998807907104,-44.55454924563446,3.5038465284742415e-07
grid-r066-c053,66,53,10.800000190734863,13.40000057220459,0.44999998807907104,-44.77662492696129,3.3291817658209766e-07
grid-r066-c054,66,54,11.0,13.40000057220459,0.44999998807907104,-46.21330264351893,2.3914964231153135e-07
grid-r066-c055,66,55,11.200000762939453,13.40000057220459,0.44999998807907104,-51.46467421294713,7.137277435731448e-08
grid-r066-c056,66,56,11.399999618530273,13.40000057220459,0.44999998807907104,-52.05027974058817,6.236946603621618e-08
grid-r066-c057,66,57,11.600000381469727,13.40000057220459,0.44999998807907104,-53.6131387818903,4.351972293648032e-08
grid-r067-c013,67,13,2.799999952316284,13.600000381469727,0.44999998807907104,-78.43810896831391,1.4328116471062913e-10
grid-r067-c014,67,14,3.0,13.600000381469727,0.44999998807907104,-68.02670580044749,1.575177210888512e-09
grid-r067-c015,67,15,3.200000047683716,13.600000381469727,0.44999998807907104,-70.99534776205306,7.951795888416768e-10
grid-r067-c026,67,26,5.400000095367432,13.600000381469727,0.44999998807907104,-47.968350978478995,1.5964852195793355e-07
grid-r067-c027,67,27,5.599999904632568,13.600000381469727,0.44999998807907104,-46.17506624177716,2.412644732885383e-07
grid-r067-c028,67,28,5.800000190734863,13.600000381469727,0.44999998807907104,-46.03129554863838,2.4938506726357446e-07
grid-r067-c029,67,29,6.0,13.600000381469727,0.44999998807907104,-46.09131960516784,2.4596201342319546e-07
grid-r067-c030,67,30,6.199999809265137,13.600000381469727,0.44999998807907104,-46.046968769122515,2.484866854501888e-07
grid-r067-c031,67,31,6.400000095367432,13.600000381469727,0.44999998807907104,-49.635867628792184,1.0874598643795252e-07
grid-r067-c032,67,32,6.599999904632568,13.600000381469727,0.44999998807907104,-49.909358621445236,1.0210902701146551e-07
grid-r067-c033,67,33,6.800000190734863,13.600000381469727,0.44999998807907104,-50.61927561576667,8.671064932741501e-08
grid-r067-c034,67,34,7.0,13.600000381469727,0.44999998807907104,-56.14968508227257,2.4267860609938907e-08
grid-r067-c035,67,35,7.199999809265137,13.600000381469727,0.44999998807907104,-66.71526292303736,2.1304615849260244e-09
grid-r067-c040,67,40,8.199999809265137,13.600000381469727,0.44999998807907104,-49.961165278089055,1.008982124517388e-07
grid-r067-c041,67,41,8.399999618530273,13.600000381469727,0.44999998807907104,-44.4335859802937,3.6028103522767196e-07
grid-r067-c042,67,42,8.600000381469727,13.600000381469727,0.44999998807907104,-44.60939803166353,3.4598733122948033e-07
grid-r067-c043,67,43,8.800000190734863,13.600000381469727,0.44999998807907104,-46.77976459060788,2.099053659776473e-07
grid-r067-c044,67,44,9.0,13.600000381469727,0.44999998807907104,-47.74197740886288,1.6819080883578863e-07
grid-r067-c045,67,45,9.199999809265137,13.600000381469727,0.44999998807907104,-47.24470064548353,1.8859489614442282e-07
grid-r067-c046,67,46,9.399999618530273,13.600000381469727,0.44999998807907104,-47.41525314185539,1.8133209778170567e-07
grid-r067-c047,67,47,9.600000381469727,13.600000381469727,0.44999998807907104,-47.16542124691942,1.920692653811784e-07
grid-r067-c048,67,48,9.800000190734863,13.600000381469727,0.44999998807907104,-44.92874950794901,3.214586001831776e-07
grid-r067-c049,67,49,10.0,13.600000381469727,0.44999998807907104,-44.644030012688404,3.4323929298807343e-07
grid-r067-c050,67,50,10.200000762939453,13.600000381469727,0.44999998807907104,-44.59828887949534,3.468734917078109e-07
grid-r067-c051,67,51,10.399999618530273,13.600000381469727,0.44999998807907104,-44.596764698138415,3.4699525031101075e-07
grid-r067-c052,67,52,10.600000381469727,13.600000381469727,0.44999998807907104,-44.66902454047029,3.412695548377087e-07
grid-r067-c053,67,53,10.800000190734863,13.600000381469727,0.44999998807907104,-44.984300510347964,3.1737297945255705e-07
grid-r067-c054,67,54,11.0,13.600000381469727,0.44999998807907104,-50.05564341324859,9.872693595980309e-08
grid-r067-c055,67,55,11.200000762939453,13.600000381469727,0.44999998807907104,-52.011952375486345,6.29223251280564e-08
grid-r067-c056,67,56,11.399999618530273,13.600000381469727,0.44999998807907104,-53.46902704848611,4.4988063052642246e-08
grid-r067-c057,67,57,11.600000381469727,13.600000381469727,0.44999998807907104,-53.847797529611185,4.1230656222523976e-08
grid-r068-c009,68,9,2.0,13.80000114440918,0.44999998807907104,-106.82492550420419,2.0773393584732486e-13
grid-r068-c010,68,10,2.200000047683716,13.80000114440918,0.44999998807907104,-104.1442847700385,3.8509823043104963e-13
grid-r068-c011,68,11,2.3999998569488525,13.80000114440918,0.44999998807907104,-118.44363864731653,1.4309884725197293e-14
grid-r068-c012,68,12,2.5999999046325684,13.80000114440918,0.44999998807907104,-105.96250620387266,2.5336660937694266e-13
grid-r068-c013,68,13,2.799999952316284,13.80000114440918,0.44999998807907104,-67.75838628436846,1.675565353131958e-09
grid-r068-c014,68,14,3.0,13.80000114440918,0.44999998807907104,-75.02315181284126,3.1454647220208187e-10
grid-r068-c015,68,15,3.200000047683716,13.80000114440918,0.44999998807907104,-69.15776821108885,1.2140125571491467e-09
grid-r068-c016,68,16,3.3999998569488525,13.80000114440918,0.44999998807907104,-63.7269624735338,4.239393724958518e-09
grid-r068-c017,68,17,3.5999999046325684,13.80000114440918,0.44999998807907104,-63.50106630382581,4.465739333880947e-09
grid-r068-c018,68,18,3.799999952316284,13.80000114440918,0.44999998807907104,-58.87072925180732,1.2969614715530042e-08
grid-r068-c019,68,19,4.0,13.80000114440918,0.44999998807907104,-57.931326419033994,1.6101537880786054e-08
grid-r068-c020,68,20,4.199999809265137,13.80000114440918,0.44999998807907104,-62.86578626768622,5.169176642283446e-09
grid-r068-c026,68,26,5.400000095367432,13.80000114440918,0.44999998807907104,-48.006202380014415,1.5826313415345794e-07
grid-r068-c027,68,27,5.599999904632568,13.80000114440918,0.44999998807907104,-46.25419998655626,2.3690814998644782e-07
grid-r068-c028,68,28,5.800000190734863,13.80000114440918,0.44999998807907104,-46.10615123017446,2.451234593081608e-07
grid-r068-c029,68,29,6.0,13.80000114440918,0.44999998807907104,-46.16082075886793,2.4205715476455225e-07
grid-r068-c030,68,30,6.199999809265137,13.80000114440918,0.44999998807907104,-46.627732215570134,2.1738360089784692e-07
grid-r068-c031,68,31,6.400000095367432,13.80000114440918,0.44999998807907104,-50.00717429640527,9.983494209109267e-08
grid-r068-c032,68,32,6.599999904632568,13.80000114440918,0.44999998807907104,-49.99867632224293,1.0003048345197385e-07
grid-r068-c033,68,33,6.800000190734863,13.80000114440918,0.44999998807907104,-49.94983319028695,1.0116183091213315e-07
grid-r068-c034,68,34,7.0,13.80000114440918,0.44999998807907104,-51.291493605397875,7.427636461443399e-08
grid-r068-c035,68,35,7.199999809265137,13.80000114440918,0.44999998807907104,-63.64550103966306,4.3196632937281265e-09
grid-r068-c040,68,40,8.199999809265137,13.80000114440918,0.44999998807907104,-50.72546936629425,8.461611145094139e-08
grid-r068-c041,68,41,8.399999618530273,13.80000114440918,0.44999998807907104,-44.395847398748586,3.634253857853764e-07
grid-r068-c042,68,42,8.600000381469727,13.80000114440918,0.44999998807907104,-46.58465681063858,2.195504436031115e-07
grid-r068-c043,68,43,8.800000190734863,13.80000114440918,0.44999998807907104,-47.58404296711471,1.7441976751797483e-07
grid-r068-c044,68,44,9.0,13.80000114440918,0.44999998807907104,-47.48313578541267,1.7851981226613134e-07
grid-r068-c045,68,45,9.199999809265137,13.80000114440918,0.44999998807907104,-47.286428664961974,1.8679151025935425e-07
grid-r068-c046,68,46,9.399999618530273,13.80000114440918,0.44999998807907104,-47.467204422457755,1.7917588479576807e-07
grid-r068-c047,68,47,9.600000381469727,13.80000114440918,0.44999998807907104,-45.29290909772401,2.956031721623731e-07
grid-r068-c048,68,48,9.800000190734863,13.80000114440918,0.44999998807907104,-44.67637995256402,3.4069205412379233e-07
grid-r068-c049,68,49,10.0,13.80000114440918,0.44999998807907104,-44.55532362868313,3.503221819300961e-07
grid-r068-c050,68,50,10.200000762939453,13.80000114440918,0.44999998807907104,-44.61509563283359,3.455337207469711e-07
grid-r068-c051,68,51,10.399999618530273,13.80000114440918,0.44999998807907104,-44.58337498881403,3.4806672033482755e-07
grid-r068-c052,68,52,10.600000381469727,13.80000114440918,0.44999998807907104,-44.700872489129154,3.3877608984766994e-07
grid-r068-c053,68,53,10.800000190734863,13.80000114440918,0.44999998807907104,-48.30708496330523,1.476697377711389e-07
grid-r068-c054,68,54,11.0,13.80000114440918,0.44999998807907104,-50.80915644271283,8.300119702653319e-08
grid-r068-c055,68,55,11.200000762939453,13.80000114440918,0.44999998807907104,-52.12932811134503,6.124451346067872e-08
grid-r068-c056,68,56,11.399999618530273,13.80000114440918,0.44999998807907104,-54.28029803202149,3.732245446030902e-08
grid-r068-c057,68,57,11.600000381469727,13.80000114440918,0.44999998807907104,-53.84795283271457,4.1229181846347274e-08
grid-r069-c001,69,1,0.40000009536743164,14.0,0.44999998807907104,-118.55549171727569,1.3946037487539472e-14
grid-r069-c004,69,4,1.0,14.0,0.44999998807907104,-118.47615426762741,1.420314671538199e-14
grid-r069-c005,69,5,1.1999998092651367,14.0,0.44999998807907104,-97.64330122942367,1.7205602177369772e-12
grid-r069-c006,69,6,1.4000000953674316,14.0,0.44999998807907104,-98.11482254105789,1.543539493269186e-12
grid-r069-c007,69,7,1.5999999046325684,14.0,0.44999998807907104,-107.64860323275653,1.7184609854906108e-13
grid-r069-c009,69,9,2.0,14.0,0.44999998807907104,-89.10429337912109,1.2290531439806962e-11
grid-r069-c010,69,10,2.200000047683716,14.0,0.44999998807907104,-102.94724012193862,5.07312995865622e-13
grid-r069-c011,69,11,2.3999998569488525,14.0,0.44999998807907104,-102.03337775867888,6.261267004002702e-13
grid-r069-c012,69,12,2.5999999046325684,14.0,0.44999998807907104,-86.57169060597396,2.2020690826352052e-11
grid-r069-c013,69,13,2.799999952316284,14.0,0.44999998807907104,-67.2339506504006,1.890622991496116e-09
grid-r069-c014,69,14,3.0,14.0,0.44999998807907104,-94.1466416305628,3.848892992514008e-12
grid-r069-c015,69,15,3.200000047683716,14.0,0.44999998807907104,-72.82052203855471,5.223333987558476e-10
grid-r069-c016,69,16,3.3999998569488525,14.0,0.44999998807907104,-56.140000741008436,2.4322035940826936e-08
grid-r069-c017,69,17,3.5999999046325684,14.0,0.44999998807907104,-55.15491070924904,3.051468766557264e-08
grid-r069-c018,69,18,3.799999952316284,14.0,0.44999998807907104,-53.41090074621492,4.5594234165946546e-08
grid-r069-c019,69,19,4.0,14.0,0.44999998807907104,-51.605482320439336,6.909581884428917e-08
grid-r069-c020,69,20,4.199999809265137,14.0,0.44999998807907104,-52.790869135478545,5.259120072764745e-08
grid-r069-c021,69,21,4.400000095367432,14.0,0.44999998807907104,-54.86947431417833,3.258761438473812e-08
grid-r069-c022,69,22,4.599999904632568,14.0,0.44999998807907104,-55.70612977166094,2.6877385650436736e-08
grid-r069-c023,69,23,4.800000190734863,14.0,0.44999998807907104,-56.79200678134873,2.0931450350758496e-08
grid-r069-c024,69,24,5.0,14.0,0.44999998807907104,-56.8588729344565,2.061164749989075e-08
grid-r069-c025,69,25,5.199999809265137,14.0,0.44999998807907104,-56.337378159067356,2.3241394586648312e-08
grid-r069-c026,69,26,5.400000095367432,14.0,0.44999998807907104,-48.24794196203557,1.4969448614010616e-07
grid-r069-c027,69,27,5.599999904632568,14.0,0.44999998807907104,-46.32702843675608,2.3296847473375237e-07
grid-r069-c028,69,28,5.800000190734863,14.0,0.44999998807907104,-46.12871172636096,2.438534068005538e-07
grid-r069-c029,69,29,6.0,14.0,0.44999998807907104,-46.12899165337181,2.4383768959523877e-07
grid-r069-c030,69,30,6.199999809265137,14.0,0.44999998807907104,-46.89005425830871,2.0464190697566664e-07
grid-r069-c031,69,31,6.400000095367432,14.0,0.44999998807907104,-49.77504745319929,1.053162179687206e-07
grid-r069-c032,69,32,6.599999904632568,14.0,0.44999998807907104,-50.174049663143904,9.60716022291308e-08
grid-r069-c033,69,33,6.800000190734863,14.0,0.44999998807907104,-50.118127510896755,9.731667205414851e-08
grid-r069-c034,69,34,7.0,14.0,0.44999998807907104,-49.831045306410346,1.0396698968406781e-07
grid-r069-c035,69,35,7.199999809265137,14.0,0.44999998807907104,-54.15514434552206,3.841364915047052e-08
grid-r069-c036,69,36,7.400000095367432,14.0,0.44999998807907104,-63.83040573850586,4.139609988129678e-09
grid-r069-c037,69,37,7.599999904632568,14.0,0.44999998807907104,-63.30020289209523,4.6771329031969344e-09
grid-r069-c038,69,38,7.800000190734863,14.0,0.44999998807907104,-60.69342295921176,8.524279948574076e-09
grid-r069-c039,69,39,8.0,14.0,0.44999998807907104,-59.815870483884936,1.0433089947525787e-08
grid-r069-c040,69,40,8.199999809265137,14.0,0.44999998807907104,-47.22248486178118,1.8956210112719418e-07
grid-r069-c041,69,41,8.399999618530273,14.0,0.44999998807907104,-46.60481525490091,2.1853372800251236e-07
grid-r069-c042,69,42,8.600000381469727,14.0,0.44999998807907104,-47.59786937269027,1.7386535944297066e-07
grid-r069-c043,69,43,8.800000190734863,14.0,0.44999998807907104,-47.585634484065224,1.7435586130432057e-07
grid-r069-c044,69,44,9.0,14.0,0.44999998807907104,-47.45083883434738,1.7985234990192112e-07
grid-r069-c045,69,45,9.199999809265137,14.0,0.44999998807907104,-47.32688435908044,1.8505957655179373e-07
grid-r069-c046,69,46,9.399999618530273,14.0,0.44999998807907104,-45.751112625257534,2.6600434921419946e-07
grid-r069-c047,69,47,9.600000381469727,14.0,0.44999998807907104,-44.7472410693605,3.351782993377128e-07
grid-r069-c048,69,48,9.800000190734863,14.0,0.44999998807907104,-44.76979749544044,3.3344196026519057e-07
grid-r069-c049,69,49,10.0,14.0,0.44999998807907104,-44.65314717924592,3.42519484775039e-07
grid-r069-c050,69,50,10.200000762939453,14.0,0.44999998807907104,-44.62786810846087,3.445190088768868e-07
grid-r069-c051,69,51,10.399999618530273,14.0,0.44999998807907104,-44.6057951955416,3.462744757598557e-07
grid-r069-c052,69,52,10.600000381469727,14.0,0.44999998807907104,-46.78652207809422,2.095790136991127e-07
grid-r069-c053,69,53,10.800000190734863,14.0,0.44999998807907104,-50.630683688885185,8.648317617598877e-08
grid-r069-c054,69,54,11.0,14.0,0.44999998807907104,-50.96313083064334,8.011003416186213e-08
grid-r069-c055,69,55,11.200000762939453,14.0,0.44999998807907104,-52.00534798535692,6.301808497255479e-08
grid-r069-c056,69,56,11.399999618530273,14.0,0.44999998807907104,-52.7388072473633,5.322544183172795e-08
grid-r069-c057,69,57,11.600000381469727,14.0,0.44999998807907104,-54.60508633830838,3.463309994344854e-08
grid-r070-c001,70,1,0.40000009536743164,14.200000762939453,0.44999998807907104,-85.75274959181941,2.659041042907262e-11
grid-r070-c002,70,2,0.5999999046325684,14.200000762939453,0.44999998807907104,-102.22308965497382,5.993645250251811e-13
grid-r070-c003,70,3,0.7999997138977051,14.200000762939453,0.44999998807907104,-104.03017826291793,3.9535039196396393e-13
grid-r070-c005,70,5,1.1999998092651367,14.200000762939453,0.44999998807907104,-94.79064706505595,3.318450115391558e-12
grid-r070-c006,70,6,1.4000000953674316,14.200000762939453,0.44999998807907104,-100.55204524890078,8.806340530929935e-13
grid-r070-c007,70,7,1.5999999046325684,14.200000762939453,0.44999998807907104,-94.16830571761395,3.829741211658355e-12
grid-r070-c008,70,8,1.799999713897705,14.200000762939453,0.44999998807907104,-101.72927115025438,6.715415441609085e-13
grid-r070-c009,70,9,2.0,14.200000762939453,0.44999998807907104,-99.90929565102981,1.0211050754938e-12
grid-r070-c010,70,10,2.200000047683716,14.200000762939453,0.44999998807907104,-88.10317552807525,1.5476845499629022e-11
grid-r070-c011,70,11,2.3999998569488525,14.200000762939453,0.44999998807907104,-80.49724100170667,8.918173144412123e-11
grid-r070-c012,70,12,2.5999999046325684,14.200000762939453,0.44999998807907104,-69.56308325171085,1.1058384208340044e-09
grid-r070-c013,70,13,2.799999952316284,14.200000762939453,0.44999998807907104,-70.1311958258371,9.70242775011343e-10
grid-r070-c014,70,14,3.0,14.200000762939453,0.44999998807907104,-84.72478924933756,3.369155648913491e-11
grid-r070-c015,70,15,3.200000047683716,14.200000762939453,0.44999998807907104,-73.81711374934775,4.152299060145026e-10
grid-r070-c016,70,16,3.3999998569488525,14.200000762939453,0.44999998807907104,-57.19525033666011,1.9075457657891093e-08
grid-r070-c017,70,17,3.5999999046325684,14.200000762939453,0.44999998807907104,-54.65122025529702,3.426714911825002e-08
grid-r070-c018,70,18,3.799999952316284,14.200000762939453,0.44999998807907104,-55.41406701119263,2.8747050961897003e-08
grid-r070-c019,70,19,4.0,14.200000762939453,0.44999998807907104,-54.02325467839374,3.959811678555525e-08
grid-r070-c020,70,20,4.199999809265137,14.200000762939453,0.44999998807907104,-51.412371778304134,7.223751907758924e-08
grid-r070-c021,70,21,4.400000095367432,14.200000762939453,0.44999998807907104,-53.38636992898368,4.585249868682695e-08
grid-r070-c022,70,22,4.599999904632568,14.200000762939453,0.44999998807907104,-55.84989824855168,2.6002204833730502e-08
grid-r070-c023,70,23,4.800000190734863,14.200000762939453,0.44999998807907104,-55.08363865815538,3.1019595780890086e-08
grid-r070-c024,70,24,5.0,14.200000762939453,0.44999998807907104,-56.54730959461739,2.214466121586156e-08
grid-r070-c025,70,25,5.199999809265137,14.200000762939453,0.44999998807907104,-52.84067096227753,5.199156660751214e-08
grid-r070-c026,70,26,5.400000095367432,14.200000762939453,0.44999998807907104,-48.11947740790603,1.5418859788951522e-07
grid-r070-c027,70,27,5.599999904632568,14.200000762939453,0.44999998807907104,-46.822838960935684,2.0783376442068402e-07
grid-r070-c028,70,28,5.800000190734863,14.200000762939453,0.44999998807907104,-46.17089655591859,2.414962239072338e-07
grid-r070-c029,70,29,6.0,14.200000762939453,0.44999998807907104,-46.12180330024947,2.4424161892966367e-07
grid-r070-c030,70,30,6.199999809265137,14.200000762939453,0.44999998807907104,-46.416899696886006,2.2819705236543086e-07
grid-r070-c031,70,31,6.400000095367432,14.200000762939453,0.44999998807907104,-49.63272264749607,1.0882476431106625e-07
grid-r070-c032,70,32,6.599999904632568,14.200000762939453,0.44999998807907104,-49.86731548990514,1.0310232312349399e-07
grid-r070-c033,70,33,6.800000190734863,14.200000762939453,0.44999998807907104,-50.18362145068626,9.58600949729771e-08
grid-r070-c034,70,34,7.0,14.200000762939453,0.44999998807907104,-49.71898285583988,1.0668459538010211e-07
grid-r070-c035,70,35,7.199999809265137,14.200000762939453,0.44999998807907104,-50.55293169938696,8.804543227824979e-08
grid-r070-c036,70,36,7.400000095367432,14.200000762939453,0.44999998807907104,-58.44767304010196,1.4296597683483014e-08
grid-r070-c037,70,37,7.599999904632568,14.200000762939453,0.44999998807907104,-62.606382769891724,5.487338139431586e-09
grid-r070-c038,70,38,7.800000190734863,14.200000762939453,0.44999998807907104,-58.88151010024137,1.2937459104023219e-08
grid-r070-c039,70,39,8.0,14.200000762939453,0.44999998807907104,-48.09159588185166,1.5518166662786825e-07
grid-r070-c040,70,40,8.199999809265137,14.200000762939453,0.44999998807907104,-47.430386052754145,1.8070134899517143e-07
grid-r070-c041,70,41,8.399999618530273,14.200000762939453,0.44999998807907104,-49.614802590628514,1.0927472970934105e-07
grid-r070-c042,70,42,8.600000381469727,14.200000762939453,0.44999998807907104,-47.73005044031319,1.6865334373505902e-07
grid-r070-c043,70,43,8.800000190734863,14.200000762939453,0.44999998807907104,-47.424108965260814,1.8096271503509342e-07
grid-r070-c044,70,44,9.0,14.200000762939453,0.44999998807907104,-47.31660778724232,1.8549799563061242e-07
grid-r070-c045,70,45,9.199999809265137,14.200000762939453,0.44999998807907104,-46.230439373757605,2.3820784633699077e-07
grid-r070-c046,70,46,9.399999618530273,14.200000762939453,0.44999998807907104,-44.87163785077635,3.2571384167567885e-07
grid-r070-c047,70,47,9.600000381469727,14.200000762939453,0.44999998807907104,-44.68590121047788,3.399459558295348e-07
grid-r070-c048,70,48,9.800000190734863,14.200000762939453,0.44999998807907104,-44.70394506736389,3.3853649483717163e-07
grid-r070-c049,70,49,10.0,14.200000762939453,0.44999998807907104,-44.73647461816526,3.360102596161596e-07
grid-r070-c050,70,50,10.200000762939453,14.200000762939453,0.44999998807907104,-44.76497856098908,3.338121530305216e-07
grid-r070-c051,70,51,10.399999618530273,14.200000762939453,0.44999998807907104,-45.598867980375374,2.754946706318151e-07
grid-r070-c052,70,52,10.600000381469727,14.200000762939453,0.44999998807907104,-50.365299946929326,9.193269789875558e-08
grid-r070-c053,70,53,10.800000190734863,14.200000762939453,0.44999998807907104,-50.57975732687015,8.750326685458276e-08
grid-r070-c054,70,54,11.0,14.200000762939453,0.44999998807907104,-51.8159296708597,6.582745015748515e-08
grid-r070-c055,70,55,11.200000762939453,14.200000762939453,0.44999998807907104,-52.35685349124152,5.811853398540734e-08
grid-r070-c056,70,56,11.399999618530273,14.200000762939453,0.44999998807907104,-52.435878266665185,5.7070565162575804e-08
grid-r070-c057,70,57,11.600000381469727,14.200000762939453,0.44999998807907104,-52.63549887418536,5.450672801998735e-08
grid-r071-c001,71,1,0.40000009536743164,14.40000057220459,0.44999998807907104,-99.00786806133432,1.2566466964236689e-12
grid-r071-c003,71,3,0.7999997138977051,14.40000057220459,0.44999998807907104,-117.66768236235438,1.710928118202771e-14
grid-r071-c008,71,8,1.799999713897705,14.40000057220459,0.44999998807907104,-73.45843569828197,4.5097911516300826e-10
grid-r071-c009,71,9,2.0,14.40000057220459,0.44999998807907104,-86.14143734246552,2.431399179214644e-11
grid-r071-c010,71,10,2.200000047683716,14.40000057220459,0.44999998807907104,-91.4398014994447,7.178270998442482e-12
grid-r071-c011,71,11,2.3999998569488525,14.40000057220459,0.44999998807907104,-89.85857276170678,1.0331008618025272e-11
grid-r071-c012,71,12,2.5999999046325684,14.40000057220459,0.44999998807907104,-66.77065589674284,2.1034607389225357e-09
grid-r071-c013,71,13,2.799999952316284,14.40000057220459,0.44999998807907104,-82.67738975809027,5.398349822716142e-11
grid-r071-c014,71,14,3.0,14.40000057220459,0.44999998807907104,-80.16866971871066,9.61906873597762e-11
grid-r071-c015,71,15,3.200000047683716,14.40000057220459,0.44999998807907104,-65.44280443828237,2.8557458620070975e-09
grid-r071-c016,71,16,3.3999998569488525,14.40000057220459,0.44999998807907104,-59.55423303182758,1.1080942385888193e-08
grid-r071-c017,71,17,3.5999999046325684,14.40000057220459,0.44999998807907104,-55.36101248802956,2.9100386100822107e-08
grid-r071-c018,71,18,3.799999952316284,14.40000057220459,0.44999998807907104,-55.28422332856249,2.961949618907056e-08
grid-r071-c019,71,19,4.0,14.40000057220459,0.44999998807907104,-55.03062552305698,3.14005639268089e-08
grid-r071-c020,71,20,4.199999809265137,14.40000057220459,0.44999998807907104,-53.29468665007528,4.6830773925421454e-08
grid-r071-c021,71,21,4.400000095367432,14.40000057220459,0.44999998807907104,-51.614403910122334,6.895402293594088e-08
grid-r071-c022,71,22,4.599999904632568,14.40000057220459,0.44999998807907104,-54.94098797929014,3.205540011208541e-08
grid-r071-c023,71,23,4.800000190734863,14.40000057220459,0.44999998807907104,-55.59144580187663,2.7596589902145752e-08
grid-r071-c024,71,24,5.0,14.40000057220459,0.44999998807907104,-55.96284270108863,2.5334697895118552e-08
grid-r071-c025,71,25,5.199999809265137,14.40000057220459,0.44999998807907104,-49.80669363448415,1.0455158871991443e-07
grid-r071-c026,71,26,5.400000095367432,14.40000057220459,0.44999998807907104,-48.201578492491805,1.5130112274164276e-07
grid-r071-c027,71,27,5.599999904632568,14.40000057220459,0.44999998807907104,-47.20250306433087,1.9043628185499983e-07
grid-r071-c028,71,28,5.800000190734863,14.40000057220459,0.44999998807907104,-46.553909741375136,2.2111032649263507e-07
grid-r071-c029,71,29,6.0,14.40000057220459,0.44999998807907104,-46.77385992476361,2.10190947314004e-07
grid-r071-c030,71,30,6.199999809265137,14.40000057220459,0.44999998807907104,-47.37733735712692,1.829221361049349e-07
grid-r071-c031,71,31,6.400000095367432,14.40000057220459,0.44999998807907104,-49.503839392690494,1.121026969030936e-07
grid-r071-c032,71,32,6.599999904632568,14.40000057220459,0.44999998807907104,-49.740310315452646,1.0616196988166848e-07
grid-r071-c033,71,33,6.800000190734863,14.40000057220459,0.44999998807907104,-49.842973859924214,1.0368182046249785e-07
grid-r071-c034,71,34,7.0,14.40000057220459,0.44999998807907104,-49.846538807262206,1.035967471807453e-07
grid-r071-c035,71,35,7.199999809265137,14.40000057220459,0.44999998807907104,-50.07979977215116,9.817932067335278e-08
grid-r071-c036,71,36,7.400000095367432,14.40000057220459,0.44999998807907104,-51.41531391424945,7.218859821023216e-08
grid-r071-c037,71,37,7.599999904632568,14.40000057220459,0.44999998807907104,-58.89675502356995,1.2892124701124885e-08
grid-r071-c038,71,38,7.800000190734863,14.40000057220459,0.44999998807907104,-49.37102623214986,1.1558390866639456e-07
grid-r071-c039,71,39,8.0,14.40000057220459,0.44999998807907104,-46.79978569386827,2.0893992314086063e-07
grid-r071-c040,71,40,8.199999809265137,14.40000057220459,0.44999998807907104,-50.06438367566332,9.85284458465685e-08
grid-r071-c041,71,41,8.399999618530273,14.40000057220459,0.44999998807907104,-49.6952032060432,1.0727034549518066e-07
grid-r071-c042,71,42,8.600000381469727,14.40000057220459,0.44999998807907104,-49.14304427244207,1.2181354236417974e-07
grid-r071-c043,71,43,8.800000190734863,14.40000057220459,0.44999998807907104,-47.34352103824327,1.8435201809552382e-07
grid-r071-c044,71,44,9.0,14.40000057220459,0.44999998807907104,-46.80394192540018,2.0874006168014603e-07
grid-r071-c045,71,45,9.199999809265137,14.40000057220459,0.44999998807907104,-45.05215246300469,3.1245303944160696e-07
grid-r071-c046,71,46,9.399999618530273,14.40000057220459,0.44999998807907104,-44.63770935042237,3.437392024352448e-07
grid-r071-c047,71,47,9.600000381469727,14.40000057220459,0.44999998807907104,-44.77296777278565,3.331986420107569e-07
grid-r071-c048,71,48,9.800000190734863,14.40000057220459,0.44999998807907104,-44.91807798132017,3.2224946266978804e-07
grid-r071-c049,71,49,10.0,14.40000057220459,0.44999998807907104,-44.73702421097356,3.359677407388517e-07
grid-r071-c050,71,50,10.200000762939453,14.40000057220459,0.44999998807907104,-44.83551704823887,3.284341403286817e-07
grid-r071-c051,71,51,10.399999618530273,14.40000057220459,0.44999998807907104,-49.29210307261671,1.1770358554485938e-07
grid-r071-c052,71,52,10.600000381469727,14.40000057220459,0.44999998807907104,-50.45886153540927,8.997334077776031e-08
grid-r071-c053,71,53,10.800000190734863,14.40000057220459,0.44999998807907104,-50.98940614572898,7.962682246898112e-08
grid-r071-c054,71,54,11.0,14.40000057220459,0.44999998807907104,-51.419547933076785,7.211825447939191e-08
grid-r071-c055,71,55,11.200000762939453,14.40000057220459,0.44999998807907104,-51.95560370880766,6.374404648568088e-08
grid-r071-c056,71,56,11.399999618530273,14.40000057220459,0.44999998807907104,-52.32638383974526,5.8527721336076866e-08
grid-r071-c057,71,57,11.600000381469727,14.40000057220459,0.44999998807907104,-52.637998821838835,5.447536111091722e-08
grid-r072-c003,72,3,0.7999997138977051,14.600000381469727,0.44999998807907104,-91.97580066074339,6.344829175941591e-12
grid-r072-c004,72,4,1.0,14.600000381469727,0.44999998807907104,-110.70148752346097,8.508465606333823e-14
grid-r072-c007,72,7,1.5999999046325684,14.600000381469727,0.44999998807907104,-96.34008101063569,2.3226934698500346e-12
grid-r072-c008,72,8,1.799999713897705,14.600000381469727,0.44999998807907104,-101.64917910255498,6.840409315367335e-13
grid-r072-c009,72,9,2.0,14.600000381469727,0.44999998807907104,-100.03777827575725,9.91338955369514e-13
grid-r072-c010,72,10,2.200000047683716,14.600000381469727,0.44999998807907104,-88.27070827300199,1.489118203745754e-11
grid-r072-c011,72,11,2.3999998569488525,14.600000381469727,0.44999998807907104,-74.46261152551565,3.5788116914403645e-10
grid-r072-c012,72,12,2.5999999046325684,14.600000381469727,0.44999998807907104,-68.27349421801593,1.4881632592889105e-09
grid-r072-c013,72,13,2.799999952316284,14.600000381469727,0.44999998807907104,-85.19842524703533,3.021046954265749e-11
grid-r072-c014,72,14,3.0,14.600000381469727,0.44999998807907104,-66.0252269324347,2.4973378920378764e-09
grid-r072-c015,72,15,3.200000047683716,14.600000381469727,0.44999998807907104,-63.444840269239776,4.52393100758286e-09
grid-r072-c016,72,16,3.3999998569488525,14.600000381469727,0.44999998807907104,-61.4566773111396,7.150431802216417e-09
grid-r072-c017,72,17,3.5999999046325684,14.600000381469727,0.44999998807907104,-55.9971159822349,2.513555052985339e-08
grid-r072-c018,72,18,3.799999952316284,14.600000381469727,0.44999998807907104,-55.541084517238886,2.7918465761445077e-08
grid-r072-c019,72,19,4.0,14.600000381469727,0.44999998807907104,-55.38324415660179,2.8951800956633633e-08
grid-r072-c020,72,20,4.199999809265137,14.600000381469727,0.44999998807907104,-55.719369967777055,2.679557020712764e-08
grid-r072-c021,72,21,4.400000095367432,14.600000381469727,0.44999998807907104,-53.30560971806166,4.671313647008901e-08
grid-r072-c022,72,22,4.599999904632568,14.600000381469727,0.44999998807907104,-52.1635515538139,6.076378866737286e-08
grid-r072-c023,72,23,4.800000190734863,14.600000381469727,0.44999998807907104,-56.6472167475263,2.1641049841036875e-08
grid-r072-c024,72,24,5.0,14.600000381469727,0.44999998807907104,-54.22278786327725,3.781997293117456e-08
grid-r072-c025,72,25,5.199999809265137,14.600000381469727,0.44999998807907104,-48.400370693871196,1.4453163998950913e-07
grid-r072-c026,72,26,5.400000095367432,14.600000381469727,0.44999998807907104,-48.13456411364382,1.5365390027000103e-07
grid-r072-c027,72,27,5.599999904632568,14.600000381469727,0.44999998807907104,-47.818003845556206,1.6527212665096158e-07
grid-r072-c028,72,28,5.800000190734863,14.600000381469727,0.44999998807907104,-46.782300100937874,2.0978285419914755e-07
grid-r072-c029,72,29,6.0,14.600000381469727,0.44999998807907104,-49.036315586557095,1.248442202950173e-07
grid-r072-c030,72,30,6.199999809265137,14.600000381469727,0.44999998807907104,-48.94023866636333,1.2763686640937522e-07
grid-r072-c031,72,31,6.400000095367432,14.600000381469727,0.44999998807907104,-49.64275527897709,1.0857365850824863e-07
grid-r072-c032,72,32,6.599999904632568,14.600000381469727,0.44999998807907104,-49.60141885959777,1.0961200302972429e-07
grid-r072-c033,72,33,6.800000190734863,14.600000381469727,0.44999998807907104,-49.95651933655593,1.0100620784214698e-07
grid-r072-c034,72,34,7.0,14.600000381469727,0.44999998807907104,-49.69946482853403,1.0716513543229667e-07
grid-r072-c035,72,35,7.199999809265137,14.600000381469727,0.44999998807907104,-49.67062673367644,1.0787910298404313e-07
grid-r072-c036,72,36,7.400000095367432,14.600000381469727,0.44999998807907104,-50.10543949454727,9.76014007392223e-08
grid-r072-c037,72,37,7.599999904632568,14.600000381469727,0.44999998807907104,-50.01793484843944,9.958788638186888e-08
grid-r072-c038,72,38,7.800000190734863,14.600000381469727,0.44999998807907104,-46.30692002552746,2.3404965077133966e-07
grid-r072-c039,72,39,8.0,14.600000381469727,0.44999998807907104,-50.292402793973594,9.348882912263434e-08
grid-r072-c040,72,40,8.199999809265137,14.600000381469727,0.44999998807907104,-49.579828719004965,1.1015827539040401e-07
grid-r072-c041,72,41,8.399999618530273,14.600000381469727,0.44999998807907104,-49.74489578557021,1.0604993860852119e-07
grid-r072-c042,72,42,8.600000381469727,14.600000381469727,0.44999998807907104,-49.4261720473735,1.1412552680667432e-07
grid-r072-c043,72,43,8.800000190734863,14.600000381469727,0.44999998807907104,-48.853347675767964,1.3021626443787682e-07
grid-r072-c044,72,44,9.0,14.600000381469727,0.44999998807907104,-45.13466841310046,3.0657247407361865e-07
grid-r072-c045,72,45,9.199999809265137,14.600000381469727,0.44999998807907104,-44.79784319426615,3.312956096124253e-07
grid-r072-c046,72,46,9.399999618530273,14.600000381469727,0.44999998807907104,-44.85181896969456,3.2720362241889234e-07
grid-r072-c047,72,47,9.600000381469727,14.600000381469727,0.44999998807907104,-44.880832914529094,3.250249562825047e-07
grid-r072-c048,72,48,9.800000190734863,14.600000381469727,0.44999998807907104,-44.846253360434076,3.276232121152134e-07
grid-r072-c049,72,49,10.0,14.600000381469727,0.44999998807907104,-44.901102000198165,3.2351155709875457e-07
grid-r072-c050,72,50,10.200000762939453,14.600000381469727,0.44999998807907104,-45.28757087206685,2.959667426694068e-07
grid-r072-c051,72,51,10.399999618530273,14.600000381469727,0.44999998807907104,-50.20352313400424,9.542181800270555e-08
grid-r072-c052,72,52,10.600000381469727,14.600000381469727,0.44999998807907104,-50.78378952290316,8.348742142061383e-08
grid-r072-c053,72,53,10.800000190734863,14.600000381469727,0.44999998807907104,-51.78986614607193,6.622369141950912e-08
grid-r072-c054,72,54,11.0,14.600000381469727,0.44999998807907104,-51.4961938234142,7.085665032491306e-08
grid-r072-c055,72,55,11.200000762939453,14.600000381469727,0.44999998807907104,-51.74517794962934,6.690864040592714e-08
grid-r072-c056,72,56,11.399999618530273,14.600000381469727,0.44999998807907104,-52.14528076829326,6.101996063989645e-08
grid-r072-c057,72,57,11.600000381469727,14.600000381469727,0.44999998807907104,-51.8888979837958,6.473068481227529e-08
grid-r073-c001,73,1,0.40000009536743164,14.80000114440918,0.44999998807907104,-84.3791667671413,3.6482393495074206e-11
grid-r073-c002,73,2,0.5999999046325684,14.80000114440918,0.44999998807907104,-87.44746687340124,1.7999204557361814e-11
grid-r073-c004,73,4,1.0,14.80000114440918,0.44999998807907104,-88.7691641029416,1.3276499691294852e-11
grid-r073-c005,73,5,1.1999998092651367,14.80000114440918,0.44999998807907104,-88.22826792660054,1.5037415757035433e-11
grid-r073-c008,73,8,1.799999713897705,14.80000114440918,0.44999998807907104,-82.18480335797207,6.046717293539672e-11
grid-r073-c009,73,9,2.0,14.80000114440918,0.44999998807907104,-85.19657276809973,3.0223358538084e-11
grid-r073-c010,73,10,2.200000047683716,14.80000114440918,0.44999998807907104,-90.14191353328917,9.678513199218308e-12
grid-r073-c011,73,11,2.3999998569488525,14.80000114440918,0.44999998807907104,-67.32040469574686,1.8533589107860848e-09
grid-r073-c012,73,12,2.5999999046325684,14.80000114440918,0.44999998807907104,-75.70069203669138,2.6911059491929734e-10
grid-r073-c013,73,13,2.799999952316284,14.80000114440918,0.44999998807907104,-72.45299282500153,5.684610560052761e-10
grid-r073-c014,73,14,3.0,14.80000114440918,0.44999998807907104,-62.918301635703926,5.107046785468583e-09
grid-r073-c015,73,15,3.200000047683716,14.80000114440918,0.44999998807907104,-64.06097951718246,3.925563873963256e-09
grid-r073-c016,73,16,3.3999998569488525,14.80000114440918,0.44999998807907104,-62.80402685170431,5.24321075445755e-09
grid-r073-c017,73,17,3.5999999046325684,14.80000114440918,0.44999998807907104,-58.00853372423276,1.5817819942753886e-08
grid-r073-c018,73,18,3.799999952316284,14.80000114440918,0.44999998807907104,-55.38044665031906,2.8970456256161015e-08
grid-r073-c019,73,19,4.0,14.80000114440918,0.44999998807907104,-55.24733711051388,2.987213676419742e-08
grid-r073-c020,73,20,4.199999809265137,14.80000114440918,0.44999998807907104,-55.53984150095988,2.792645759086554e-08
grid-r073-c021,73,21,4.400000095367432,14.80000114440918,0.44999998807907104,-55.3837411408505,2.8948488051128152e-08
grid-r073-c022,73,22,4.599999904632568,14.80000114440918,0.44999998807907104,-53.07513089579808,4.9259149648150924e-08
grid-r073-c023,73,23,4.800000190734863,14.80000114440918,0.44999998807907104,-53.34715912419695,4.626835803378526e-08
grid-r073-c024,73,24,5.0,14.80000114440918,0.44999998807907104,-50.91494925736325,8.100374060404647e-08
grid-r073-c025,73,25,5.199999809265137,14.80000114440918,0.44999998807907104,-48.325107480345906,1.470582020601796e-07
grid-r073-c026,73,26,5.400000095367432,14.80000114440918,0.44999998807907104,-48.09308157454541,1.5512858908550697e-07
grid-r073-c027,73,27,5.599999904632568,14.80000114440918,0.44999998807907104,-48.15261854748465,1.5301645817089593e-07
grid-r073-c028,73,28,5.800000190734863,14.80000114440918,0.44999998807907104,-47.419425493075366,1.811579721788803e-07
grid-r073-c029,73,29,6.0,14.80000114440918,0.44999998807907104,-51.26725228961217,7.469211737998194e-08
grid-r073-c030,73,30,6.199999809265137,14.80000114440918,0.44999998807907104,-50.031981884977384,9.926629473966386e-08
grid-r073-c031,73,31,6.400000095367432,14.80000114440918,0.44999998807907104,-50.3170620590234,9.29595032062025e-08
grid-r073-c032,73,32,6.599999904632568,14.80000114440918,0.44999998807907104,-49.78882130290617,1.0498273184111895e-07
grid-r073-c033,73,33,6.800000190734863,14.80000114440918,0.44999998807907104,-49.742316717167185,1.0611293532747368e-07
grid-r073-c034,73,34,7.0,14.80000114440918,0.44999998807907104,-49.55754461486674,1.1072496164388212e-07
grid-r073-c035,73,35,7.199999809265137,14.80000114440918,0.44999998807907104,-49.22664887502479,1.1949097711294598e-07
grid-r073-c036,73,36,7.400000095367432,14.80000114440918,0.44999998807907104,-48.23553504664065,1.501227444578035e-07
grid-r073-c037,73,37,7.599999904632568,14.80000114440918,0.44999998807907104,-45.63759482646306,2.730489541136194e-07
grid-r073-c038,73,38,7.800000190734863,14.80000114440918,0.44999998807907104,-49.83324671302347,1.039143029402112e-07
grid-r073-c039,73,39,8.0,14.80000114440918,0.44999998807907104,-49.480271002541485,1.1271271205259836e-07
grid-r073-c040,73,40,8.199999809265137,14.80000114440918,0.44999998807907104,-49.60493765349818,1.0952322782031843e-07
grid-r073-c041,73,41,8.399999618530273,14.80000114440918,0.44999998807907104,-49.40967174594742,1.1455995263531804e-07
grid-r073-c042,73,42,8.600000381469727,14.80000114440918,0.44999998807907104,-49.898183646043236,1.0237210545938069e-07
grid-r073-c043,73,43,8.800000190734863,14.80000114440918,0.44999998807907104,-46.53811807930565,2.21915783527038e-07
grid-r073-c044,73,44,9.0,14.80000114440918,0.44999998807907104,-45.676541029803644,2.706112809391925e-07
grid-r073-c045,73,45,9.199999809265137,14.80000114440918,0.44999998807907104,-44.78537299872676,3.322482484691136e-07
grid-r073-c046,73,46,9.399999618530273,14.80000114440918,0.44999998807907104,-44.80849898627558,3.3048374348254583e-07
grid-r073-c047,73,47,9.600000381469727,14.80000114440918,0.44999998807907104,-44.937639307121245,3.2080126288747124e-07
grid-r073-c048,73,48,9.800000190734863,14.80000114440918,0.44999998807907104,-45.02067522589229,3.1472589512304694e-07
grid-r073-c049,73,49,10.0,14.80000114440918,0.44999998807907104,-45.18305759097012,3.0317559662762505e-07
grid-r073-c050,73,50,10.200000762939453,14.80000114440918,0.44999998807907104,-44.419336477850635,3.614650836425426e-07
grid-r073-c051,73,51,10.399999618530273,14.80000114440918,0.44999998807907104,-48.03580618086754,1.5718799772912462e-07
grid-r073-c052,73,52,10.600000381469727,14.80000114440918,0.44999998807907104,-51.49412305181157,7.089044373742581e-08
grid-r073-c053,73,53,10.800000190734863,14.80000114440918,0.44999998807907104,-51.56609679133824,6.972528865389904e-08
grid-r073-c054,73,54,11.0,14.80000114440918,0.44999998807907104,-52.034385216088126,6.259814711029321e-08
grid-r073-c055,73,55,11.200000762939453,14.80000114440918,0.44999998807907104,-51.50766188179651,7.066979179626287e-08
grid-r073-c056,73,56,11.399999618530273,14.80000114440918,0.44999998807907104,-51.523626997948185,7.041047922484722e-08
grid-r073-c057,73,57,11.600000381469727,14.80000114440918,0.44999998807907104,-51.57900454354406,6.951836439839099e-08
grid-r074-c000,74,0,0.19999980926513672,15.0,0.44999998807907104,-91.945113396163,6.389820530333656e-12
grid-r074-c001,74,1,0.40000009536743164,15.0,0.44999998807907104,-98.03277839394076,1.5729762327734709e-12
grid-r074-c004,74,4,1.0,15.0,0.44999998807907104,-101.29156108427583,7.427521054800823e-13
grid-r074-c005,74,5,1.1999998092651367,15.0,0.44999998807907104,-80.09310737857872,9.787894106327855e-11
grid-r074-c007,74,7,1.5999999046325684,15.0,0.44999998807907104,-107.96029108128307,1.5994508235223082e-13
grid-r074-c008,74,8,1.799999713897705,15.0,0.44999998807907104,-88.87440363537007,1.2958646308791621e-11
grid-r074-c009,74,9,2.0,15.0,0.44999998807907104,-78.88289567753174,1.2933332182996082e-10
grid-r074-c010,74,10,2.200000047683716,15.0,0.44999998807907104,-87.03606526393406,1.9787615990196628e-11
grid-r074-c011,74,11,2.3999998569488525,15.0,0.44999998807907104,-67.22418230145551,1.8948802527063435e-09
grid-r074-c012,74,12,2.5999999046325684,15.0,0.44999998807907104,-75.66537749391102,2.7130778179618176e-10
grid-r074-c013,74,13,2.799999952316284,15.0,0.44999998807907104,-62.9406138998271,5.080876164242909e-09
grid-r074-c014,74,14,3.0,15.0,0.44999998807907104,-62.72458851506306,5.339998665476742e-09
grid-r074-c015,74,15,3.200000047683716,15.0,0.44999998807907104,-66.28660984747995,2.3514676872338214e-09
grid-r074-c016,74,16,3.3999998569488525,15.0,0.44999998807907104,-61.79668361768401,6.6119816288789934e-09
grid-r074-c017,74,17,3.5999999046325684,15.0,0.44999998807907104,-60.88942041538104,8.148130170582135e-09
grid-r074-c018,74,18,3.799999952316284,15.0,0.44999998807907104,-55.49269506039907,2.8231275095436104e-08
grid-r074-c019,74,19,4.0,15.0,0.44999998807907104,-55.65664887271525,2.7185361517467754e-08
grid-r074-c020,74,20,4.199999809265137,15.0,0.44999998807907104,-55.73264891959077,2.671376542195958e-08
grid-r074-c021,74,21,4.400000095367432,15.0,0.44999998807907104,-55.595621206574336,2.7570070670890345e-08
grid-r074-c022,74,22,4.599999904632568,15.0,0.44999998807907104,-56.11160188948692,2.4481600746639742e-08
grid-r074-c023,74,23,4.800000190734863,15.0,0.44999998807907104,-53.25955105129866,4.7211184295292696e-08
grid-r074-c024,74,24,5.0,15.0,0.44999998807907104,-48.235104635824655,1.501376232226903e-07
grid-r074-c025,74,25,5.199999809265137,15.0,0.44999998807907104,-48.44214844346493,1.4314795748759934e-07
grid-r074-c026,74,26,5.400000095367432,15.0,0.44999998807907104,-48.183973420905474,1.519156995755111e-07
grid-r074-c027,74,27,5.599999904632568,15.0,0.44999998807907104,-48.350534462799885,1.4619972432683426e-07
grid-r074-c028,74,28,5.800000190734863,15.0,0.44999998807907104,-49.55201270202265,1.108660896420588e-07
grid-r074-c029,74,29,6.0,15.0,0.44999998807907104,-51.202753754787864,7.580967320564014e-08
grid-r074-c030,74,30,6.199999809265137,15.0,0.44999998807907104,-51.16394107979812,7.649021682709645e-08
grid-r074-c031,74,31,6.400000095367432,15.0,0.44999998807907104,-49.88774787350465,1.0261839378244986e-07
grid-r074-c032,74,32,6.599999904632568,15.0,0.44999998807907104,-49.9227927143732,1.0179365972362575e-07
grid-r074-c033,74,33,6.800000190734863,15.0,0.44999998807907104,-49.61046183022302,1.0938400407667359e-07
grid-r074-c034,74,34,7.0,15.0,0.44999998807907104,-49.23644912788775,1.1922163878352876e-07
grid-r074-c035,74,35,7.199999809265137,15.0,0.44999998807907104,-47.92128488292953,1.6138810110533086e-07
grid-r074-c036,74,36,7.400000095367432,15.0,0.44999998807907104,-45.07231662045679,3.1100569231057307e-07
grid-r074-c037,74,37,7.599999904632568,15.0,0.44999998807907104,-48.277261902132466,1.486872776013115e-07
grid-r074-c038,74,38,7.800000190734863,15.0,0.44999998807907104,-48.06453244979731,1.5615171378158266e-07
grid-r074-c039,74,39,8.0,15.0,0.44999998807907104,-49.6667548135693,1.0797532468131976e-07
grid-r074-c040,74,40,8.199999809265137,15.0,0.44999998807907104,-49.499271217505836,1.1222067541893921e-07
grid-r074-c041,74,41,8.399999618530273,15.0,0.44999998807907104,-49.79236235494247,1.0489716828487872e-07
grid-r074-c042,74,42,8.600000381469727,15.0,0.44999998807907104,-47.25574910089408,1.8811572033428092e-07
grid-r074-c043,74,43,8.800000190734863,15.0,0.44999998807907104,-45.97347762285068,2.5272734660575225e-07
grid-r074-c044,74,44,9.0,15.0,0.44999998807907104,-45.888401612589504,2.5772695266823575e-07
grid-r074-c045,74,45,9.199999809265137,15.0,0.44999998807907104,-45.46888490265145,2.838647787939408e-07
grid-r074-c046,74,46,9.399999618530273,15.0,0.44999998807907104,-44.89807397769428,3.2373719704992254e-07
grid-r074-c047,74,47,9.600000381469727,15.0,0.44999998807907104,-45.13070637223083,3.06852285802961e-07
grid-r074-c048,74,48,9.800000190734863,15.0,0.44999998807907104,-45.56105723665323,2.779036663014267e-07
grid-r074-c049,74,49,10.0,15.0,0.44999998807907104,-47.156430523756995,1.924672972108965e-07
grid-r074-c050,74,50,10.200000762939453,15.0,0.44999998807907104,-45.55384384080091,2.783656327665085e-07
grid-r074-c051,74,51,10.399999618530273,15.0,0.44999998807907104,-48.23686806974065,1.500766728668168e-07
grid-r074-c052,74,52,10.600000381469727,15.0,0.44999998807907104,-51.947610352285466,6.386147788361995e-08
grid-r074-c053,74,53,10.800000190734863,15.0,0.44999998807907104,-51.78218949928062,6.63408528112086e-08
grid-r074-c054,74,54,11.0,15.0,0.44999998807907104,-51.66591687184736,6.814097019969267e-08
grid-r074-c055,74,55,11.200000762939453,15.0,0.44999998807907104,-51.556653721458204,6.98770605822574e-08
grid-r074-c056,74,56,11.399999618530273,15.0,0.44999998807907104,-51.42598727247541,7.20114030627883e-08
grid-r074-c057,74,57,11.600000381469727,15.0,0.44999998807907104,-51.17028521661143,7.63785621415991e-08
grid-r075-c000,75,0,0.19999980926513672,15.200000762939453,0.44999998807907104,-95.70612989835783,2.6877384866341725e-12
grid-r075-c003,75,3,0.7999997138977051,15.200000762939453,0.44999998807907104,-91.00956713176669,7.925803242880836e-12
grid-r075-c004,75,4,1.0,15.200000762939453,0.44999998807907104,-94.37515941902275,3.651607228399856e-12
grid-r075-c005,75,5,1.1999998092651367,15.200000762939453,0.44999998807907104,-94.7588583213465,3.342829051761198e-12
grid-r075-c006,75,6,1.4000000953674316,15.200000762939453,0.44999998807907104,-95.31662628108215,2.9399325855716807e-12
grid-r075-c007,75,7,1.5999999046325684,15.200000762939453,0.44999998807907104,-87.559468993982,1.7540949595606925e-11
grid-r075-c009,75,9,2.0,15.200000762939453,0.44999998807907104,-101.63200937411789,6.867506238163179e-13
grid-r075-c010,75,10,2.200000047683716,15.200000762939453,0.44999998807907104,-68.13458732224765,1.5365307914905202e-09
grid-r075-c011,75,11,2.3999998569488525,15.200000762939453,0.44999998807907104,-69.02540554949825,1.2515823932801595e-09
grid-r075-c012,75,12,2.5999999046325684,15.200000762939453,0.44999998807907104,-61.02020779703288,7.906407972768648e-09
grid-r075-c013,75,13,2.799999952316284,15.200000762939453,0.44999998807907104,-61.902341266530826,6.453062528777309e-09
grid-r075-c014,75,14,3.0,15.200000762939453,0.44999998807907104,-64.79927170062025,3.311866558775023e-09
grid-r075-c015,75,15,3.200000047683716,15.200000762939453,0.44999998807907104,-64.28535411038527,3.727902875283462e-09
grid-r075-c016,75,16,3.3999998569488525,15.200000762939453,0.44999998807907104,-61.30166868480754,7.410254632134183e-09
grid-r075-c017,75,17,3.5999999046325684,15.200000762939453,0.44999998807907104,-61.48705841632815,7.100585452946007e-09
grid-r075-c018,75,18,3.799999952316284,15.200000762939453,0.44999998807907104,-57.40188110666851,1.8189128425660783e-08
grid-r075-c019,75,19,4.0,15.200000762939453,0.44999998807907104,-55.526767335380725,2.801065512869627e-08
grid-r075-c020,75,20,4.199999809265137,15.200000762939453,0.44999998807907104,-55.99771574661462,2.5132079528589202e-08
grid-r075-c021,75,21,4.400000095367432,15.200000762939453,0.44999998807907104,-56.00299288358215,2.5101559941731466e-08
grid-r075-c022,75,22,4.599999904632568,15.200000762939453,0.44999998807907104,-56.27208796685336,2.3593436537794332e-08
grid-r075-c023,75,23,4.800000190734863,15.200000762939453,0.44999998807907104,-51.99091527271986,6.322785850443324e-08
grid-r075-c024,75,24,5.0,15.200000762939453,0.44999998807907104,-48.04020823958669,1.5702875089118606e-07
grid-r075-c025,75,25,5.199999809265137,15.200000762939453,0.44999998807907104,-47.852642470429615,1.6395918578382407e-07
grid-r075-c026,75,26,5.400000095367432,15.200000762939453,0.44999998807907104,-48.26851628384057,1.4898699873810983e-07
grid-r075-c027,75,27,5.599999904632568,15.200000762939453,0.44999998807907104,-48.02179380518042,1.5769597894177423e-07
grid-r075-c028,75,28,5.800000190734863,15.200000762939453,0.44999998807907104,-53.535914488848846,4.430049216352927e-08
grid-r075-c029,75,29,6.0,15.200000762939453,0.44999998807907104,-51.551989723260974,6.995214363314517e-08
grid-r075-c030,75,30,6.199999809265137,15.200000762939453,0.44999998807907104,-51.02403048726735,7.899451759385556e-08
grid-r075-c031,75,31,6.400000095367432,15.200000762939453,0.44999998807907104,-50.8550888247366,8.212797553142082e-08
grid-r075-c032,75,32,6.599999904632568,15.200000762939453,0.44999998807907104,-49.56148882301363,1.106244482684815e-07
grid-r075-c033,75,33,6.800000190734863,15.200000762939453,0.44999998807907104,-49.5739712608797,1.1030694935243446e-07
grid-r075-c034,75,34,7.0,15.200000762939453,0.44999998807907104,-48.17488843989172,1.522338237691656e-07
grid-r075-c035,75,35,7.199999809265137,15.200000762939453,0.44999998807907104,-44.990819096327556,3.1689697266301664e-07
grid-r075-c036,75,36,7.400000095367432,15.200000762939453,0.44999998807907104,-47.191751354691945,1.909083238160747e-07
grid-r075-c037,75,37,7.599999904632568,15.200000762939453,0.44999998807907104,-48.005970357508346,1.5827158961201349e-07
grid-r075-c038,75,38,7.800000190734863,15.200000762939453,0.44999998807907104,-47.69509712448428,1.7001619312395633e-07
grid-r075-c039,75,39,8.0,15.200000762939453,0.44999998807907104,-48.46374704183563,1.4243781265577127e-07
grid-r075-c040,75,40,8.199999809265137,15.200000762939453,0.44999998807907104,-49.72750179722138,1.0647553239095942e-07
grid-r075-c041,75,41,8.399999618530273,15.200000762939453,0.44999998807907104,-47.89979640803682,1.621886127622929e-07
grid-r075-c042,75,42,8.600000381469727,15.200000762939453,0.44999998807907104,-46.056427104882246,2.4794610453682253e-07
grid-r075-c043,75,43,8.800000190734863,15.200000762939453,0.44999998807907104,-45.98857707149449,2.518501958093111e-07
grid-r075-c044,75,44,9.0,15.200000762939453,0.44999998807907104,-45.99047322495599,2.517402606372343e-07
grid-r075-c045,75,45,9.199999809265137,15.200000762939453,0.44999998807907104,-45.90391750708291,2.568078230069659e-07
grid-r075-c046,75,46,9.399999618530273,15.200000762939453,0.44999998807907104,-45.63322652906781,2.7332373520039255e-07
grid-r075-c047,75,47,9.600000381469727,15.200000762939453,0.44999998807907104,-45.07686255382788,3.106803205810138e-07
grid-r075-c048,75,48,9.800000190734863,15.200000762939453,0.44999998807907104,-48.93703545808839,1.2773104174357286e-07
grid-r075-c049,75,49,10.0,15.200000762939453,0.44999998807907104,-51.161561492456954,7.653213884850629e-08
grid-r075-c050,75,50,10.200000762939453,15.200000762939453,0.44999998807907104,-47.96971543432994,1.595983718516436e-07
grid-r075-c051,75,51,10.399999618530273,15.200000762939453,0.44999998807907104,-49.9009984485849,1.0230577629499749e-07
grid-r075-c052,75,52,10.600000381469727,15.200000762939453,0.44999998807907104,-50.850622112473445,8.221248748441212e-08
grid-r075-c053,75,53,10.800000190734863,15.200000762939453,0.44999998807907104,-51.71896494491591,6.731370660872926e-08
grid-r075-c054,75,54,11.0,15.200000762939453,0.44999998807907104,-51.21076541048882,7.566995208208027e-08
grid-r075-c055,75,55,11.200000762939453,15.200000762939453,0.44999998807907104,-51.56084265493634,6.980969402547998e-08
grid-r075-c056,75,56,11.399999618530273,15.200000762939453,0.44999998807907104,-51.389766635009806,7.261449752604676e-08
grid-r075-c057,75,57,11.600000381469727,15.200000762939453,0.44999998807907104,-51.10542892040738,7.752773711899863e-08
grid-r076-c003,76,3,0.7999997138977051,15.40000057220459,0.44999998807907104,-89.89616407276598,1.0241972200897287e-11
grid-r076-c006,76,6,1.4000000953674316,15.40000057220459,0.44999998807907104,-91.68162515573039,6.789495181347416e-12
grid-r076-c008,76,8,1.799999713897705,15.40000057220459,0.44999998807907104,-92.43516791070198,5.707990070186186e-12
grid-r076-c010,76,10,2.200000047683716,15.40000057220459,0.44999998807907104,-65.73426116224333,2.6703850242171256e-09
grid-r076-c011,76,11,2.3999998569488525,15.40000057220459,0.44999998807907104,-62.83000574813529,5.211940212745958e-09
grid-r076-c012,76,12,2.5999999046325684,15.40000057220459,0.44999998807907104,-59.95709831795557,1.0099274305730432e-08
grid-r076-c013,76,13,2.799999952316284,15.40000057220459,0.44999998807907104,-63.24197779340048,4.740260628466331e-09
grid-r076-c014,76,14,3.0,15.40000057220459,0.44999998807907104,-63.977625727361726,4.001634579253732e-09
grid-r076-c015,76,15,3.200000047683716,15.40000057220459,0.44999998807907104,-63.59017498376588,4.375044770910108e-09
grid-r076-c016,76,16,3.3999998569488525,15.40000057220459,0.44999998807907104,-61.5143212050383,7.056151218876039e-09
grid-r076-c017,76,17,3.5999999046325684,15.40000057220459,0.44999998807907104,-61.525372028377205,7.038219340671503e-09
grid-r076-c018,76,18,3.799999952316284,15.40000057220459,0.44999998807907104,-60.86327490975049,8.197331702319843e-09
grid-r076-c019,76,19,4.0,15.40000057220459,0.44999998807907104,-55.68251696401889,2.7023917326118863e-08
grid-r076-c020,76,20,4.199999809265137,15.40000057220459,0.44999998807907104,-56.130953230442,2.437275803401917e-08
grid-r076-c021,76,21,4.400000095367432,15.40000057220459,0.44999998807907104,-56.102790650621856,2.4531320974574555e-08
grid-r076-c022,76,22,4.599999904632568,15.40000057220459,0.44999998807907104,-56.31921886615427,2.3338778021297912e-08
grid-r076-c023,76,23,4.800000190734863,15.40000057220459,0.44999998807907104,-49.308107134172204,1.1727063764510604e-07
grid-r076-c024,76,24,5.0,15.40000057220459,0.44999998807907104,-49.08604477231465,1.2342283639554807e-07
grid-r076-c025,76,25,5.199999809265137,15.40000057220459,0.44999998807907104,-47.75555727568353,1.6766571775406192e-07
grid-r076-c026,76,26,5.400000095367432,15.40000057220459,0.44999998807907104,-48.09357214373992,1.5511106710164313e-07
grid-r076-c027,76,27,5.599999904632568,15.40000057220459,0.44999998807907104,-49.15915674838135,1.2136244720295508e-07
grid-r076-c028,76,28,5.800000190734863,15.40000057220459,0.44999998807907104,-55.73750356212936,2.6683920850700815e-08
grid-r076-c029,76,29,6.0,15.40000057220459,0.44999998807907104,-53.12319762458557,4.87169664609155e-08
grid-r076-c030,76,30,6.199999809265137,15.40000057220459,0.44999998807907104,-50.682263424131776,8.546211915927415e-08
grid-r076-c031,76,31,6.400000095367432,15.40000057220459,0.44999998807907104,-50.817631332930105,8.283938512931854e-08
grid-r076-c032,76,32,6.599999904632568,15.40000057220459,0.44999998807907104,-50.35729000814695,9.210241103119188e-08
grid-r076-c033,76,33,6.800000190734863,15.40000057220459,0.44999998807907104,-49.09048844356256,1.2329661558396765e-07
grid-r076-c034,76,34,7.0,15.40000057220459,0.44999998807907104,-45.070604790134595,3.1112830356505583e-07
grid-r076-c035,76,35,7.199999809265137,15.40000057220459,0.44999998807907104,-46.405747495658545,2.2878379013491212e-07
grid-r076-c036,76,36,7.400000095367432,15.40000057220459,0.44999998807907104,-47.214504505533085,1.8991075023677695e-07
grid-r076-c037,76,37,7.599999904632568,15.40000057220459,0.44999998807907104,-48.122914278626695,1.5406662612349464e-07
grid-r076-c038,76,38,7.800000190734863,15.40000057220459,0.44999998807907104,-47.335302993915576,1.8470119300673105e-07
grid-r076-c039,76,39,8.0,15.40000057220459,0.44999998807907104,-47.578262921474234,1.7465205814914952e-07
grid-r076-c040,76,40,8.199999809265137,15.40000057220459,0.44999998807907104,-47.929468968330184,1.6108425882066513e-07
grid-r076-c041,76,41,8.399999618530273,15.40000057220459,0.44999998807907104,-46.241746460663094,2.375884662342287e-07
grid-r076-c042,76,42,8.600000381469727,15.40000057220459,0.44999998807907104,-45.9496327283877,2.541187598126271e-07
grid-r076-c043,76,43,8.800000190734863,15.40000057220459,0.44999998807907104,-45.917800090087226,2.5598822617212136e-07
grid-r076-c044,76,44,9.0,15.40000057220459,0.44999998807907104,-46.005199995785105,2.508880641016731e-07
grid-r076-c045,76,45,9.199999809265137,15.40000057220459,0.44999998807907104,-46.14087861145191,2.431712005090958e-07
grid-r076-c046,76,46,9.399999618530273,15.40000057220459,0.44999998807907104,-46.13754140297313,2.4335813009201956e-07
grid-r076-c047,76,47,9.600000381469727,15.40000057220459,0.44999998807907104,-47.87713103262692,1.6303727079503005e-07
grid-r076-c048,76,48,9.800000190734863,15.40000057220459,0.44999998807907104,-50.55323522877998,8.803927897815811e-08
grid-r076-c049,76,49,10.0,15.40000057220459,0.44999998807907104,-51.2390894078124,7.517805045154091e-08
grid-r076-c050,76,50,10.200000762939453,15.40000057220459,0.44999998807907104,-50.762766700045205,8.389253736140745e-08
grid-r076-c051,76,51,10.399999618530273,15.40000057220459,0.44999998807907104,-52.3251689723775,5.854409579342246e-08
grid-r076-c052,76,52,10.600000381469727,15.40000057220459,0.44999998807907104,-51.397641536387596,7.248294764394814e-08
grid-r076-c053,76,53,10.800000190734863,15.40000057220459,0.44999998807907104,-51.44351056484781,7.172143057232461e-08
grid-r076-c054,76,54,11.0,15.40000057220459,0.44999998807907104,-51.53254696474781,7.026601167581248e-08
grid-r076-c055,76,55,11.200000762939453,15.40000057220459,0.44999998807907104,-51.342298543244226,7.341252228343365e-08
grid-r076-c056,76,56,11.399999618530273,15.40000057220459,0.44999998807907104,-50.850123675925744,8.222192349194302e-08
grid-r076-c057,76,57,11.600000381469727,15.40000057220459,0.44999998807907104,-50.72163782159467,8.469079659789713e-08
grid-r077-c000,77,0,0.19999980926513672,15.600000381469727,0.44999998807907104,-88.48590374987423,1.4171297815779305e-11
grid-r077-c003,77,3,0.7999997138977051,15.600000381469727,0.44999998807907104,-79.13737031437755,1.2197279297687658e-10
grid-r077-c005,77,5,1.1999998092651367,15.600000381469727,0.44999998807907104,-91.12893093693863,7.710932586890706e-12
grid-r077-c006,77,6,1.4000000953674316,15.600000381469727,0.44999998807907104,-98.31981929868101,1.4723737637098444e-12
grid-r077-c008,77,8,1.799999713897705,15.600000381469727,0.44999998807907104,-84.43722970172588,3.5997888697680835e-11
grid-r077-c009,77,9,2.0,15.600000381469727,0.44999998807907104,-69.95694439914095,1.0099632241633572e-09
grid-r077-c010,77,10,2.200000047683716,15.600000381469727,0.44999998807907104,-62.120921336893474,6.136318120297801e-09
grid-r077-c011,77,11,2.3999998569488525,15.600000381469727,0.44999998807907104,-60.66107308474044,8.588012967436498e-09
grid-r077-c012,77,12,2.5999999046325684,15.600000381469727,0.44999998807907104,-64.23304898392291,3.7730720769957315e-09
grid-r077-c013,77,13,2.799999952316284,15.600000381469727,0.44999998807907104,-62.622282281023004,5.467285735250016e-09
grid-r077-c014,77,14,3.0,15.600000381469727,0.44999998807907104,-62.59162208763652,5.506020084311558e-09
grid-r077-c015,77,15,3.200000047683716,15.600000381469727,0.44999998807907104,-64.01736975575312,3.96518107237398e-09
grid-r077-c016,77,16,3.3999998569488525,15.600000381469727,0.44999998807907104,-61.68514841240719,6.783989370262589e-09
grid-r077-c017,77,17,3.5999999046325684,15.600000381469727,0.44999998807907104,-62.004142691358325,6.303557675835236e-09
grid-r077-c018,77,18,3.799999952316284,15.600000381469727,0.44999998807907104,-63.46652551127957,4.5013983651642775e-09
grid-r077-c019,77,19,4.0,15.600000381469727,0.44999998807907104,-57.84240641288365,1.643460834088728e-08
grid-r077-c020,77,20,4.199999809265137,15.600000381469727,0.44999998807907104,-56.04395638736611,2.4865910219773468e-08
grid-r077-c021,77,21,4.400000095367432,15.600000381469727,0.44999998807907104,-56.17534456788508,2.4124901187860814e-08
grid-r077-c022,77,22,4.599999904632568,15.600000381469727,0.44999998807907104,-52.798832621416665,5.2494854685392056e-08
grid-r077-c023,77,23,4.800000190734863,15.600000381469727,0.44999998807907104,-48.44663462645387,1.4300016459856124e-07
grid-r077-c024,77,24,5.0,15.600000381469727,0.44999998807907104,-48.839413903403695,1.3063471726582065e-07
grid-r077-c025,77,25,5.199999809265137,15.600000381469727,0.44999998807907104,-48.94187235656605,1.2758886214214726e-07
grid-r077-c026,77,26,5.400000095367432,15.600000381469727,0.44999998807907104,-47.71538421618803,1.6922385270845552e-07
grid-r077-c027,77,27,5.599999904632568,15.600000381469727,0.44999998807907104,-50.66269742665712,8.584801491906546e-08
grid-r077-c028,77,28,5.800000190734863,15.600000381469727,0.44999998807907104,-55.774424883352765,2.6458030433218482e-08
grid-r077-c029,77,29,6.0,15.600000381469727,0.44999998807907104,-53.95204860626568,4.02527113863016e-08
grid-r077-c030,77,30,6.199999809265137,15.600000381469727,0.44999998807907104,-50.76660747528463,8.381837801607617e-08
grid-r077-c031,77,31,6.400000095367432,15.600000381469727,0.44999998807907104,-50.65367442674696,8.602656009770726e-08
grid-r077-c032,77,32,6.599999904632568,15.600000381469727,0.44999998807907104,-50.489511577141116,8.934059536613859e-08
grid-r077-c033,77,33,6.800000190734863,15.600000381469727,0.44999998807907104,-46.03352241856942,2.492572264145565e-07
grid-r077-c034,77,34,7.0,15.600000381469727,0.44999998807907104,-46.128933439216354,2.4384095809182327e-07
grid-r077-c035,77,35,7.199999809265137,15.600000381469727,0.44999998807907104,-46.758361399804414,2.1094238888963446e-07
grid-r077-c036,77,36,7.400000095367432,15.600000381469727,0.44999998807907104,-47.165659356433565,1.9205873513783445e-07
grid-r077-c037,77,37,7.599999904632568,15.600000381469727,0.44999998807907104,-48.01576155617522,1.579151671649015e-07
grid-r077-c038,77,38,7.800000190734863,15.600000381469727,0.44999998807907104,-47.327668483143114,1.8502616683235829e-07
grid-r077-c039,77,39,8.0,15.600000381469727,0.44999998807907104,-47.15091799521791,1.927117523337074e-07
grid-r077-c040,77,40,8.199999809265137,15.600000381469727,0.44999998807907104,-45.68201621479007,2.702703341128654e-07
grid-r077-c041,77,41,8.399999618530273,15.600000381469727,0.44999998807907104,-45.90848942397082,2.5653761781541107e-07
grid-r077-c042,77,42,8.600000381469727,15.600000381469727,0.44999998807907104,-45.97295505833269,2.527577578348428e-07
grid-r077-c043,77,43,8.800000190734863,15.600000381469727,0.44999998807907104,-46.03238260171263,2.493226531896653e-07
grid-r077-c044,77,44,9.0,15.600000381469727,0.44999998807907104,-46.20538613202234,2.395859723947069e-07
grid-r077-c045,77,45,9.199999809265137,15.600000381469727,0.44999998807907104,-46.255920214657706,2.3681432992361806e-07
grid-r077-c046,77,46,9.399999618530273,15.600000381469727,0.44999998807907104,-47.44371669359208,1.801475377760653e-07
grid-r077-c047,77,47,9.600000381469727,15.600000381469727,0.44999998807907104,-54.89158613604532,3.2422118323438553e-08
grid-r077-c048,77,48,9.800000190734863,15.600000381469727,0.44999998807907104,-51.455727603050335,7.151995617959983e-08
grid-r077-c049,77,49,10.0,15.600000381469727,0.44999998807907104,-51.388778708274344,7.263101764465318e-08
grid-r077-c050,77,50,10.200000762939453,15.600000381469727,0.44999998807907104,-51.27746063173397,7.451675543279634e-08
grid-r077-c051,77,51,10.399999618530273,15.600000381469727,0.44999998807907104,-52.177413905732266,6.057014445559616e-08
grid-r077-c052,77,52,10.600000381469727,15.600000381469727,0.44999998807907104,-52.024161897980036,6.274567709851908e-08
grid-r077-c053,77,53,10.800000190734863,15.600000381469727,0.44999998807907104,-51.1467149222031,7.679421543116405e-08
grid-r077-c054,77,54,11.0,15.600000381469727,0.44999998807907104,-51.633156148814535,6.865693080726487e-08
grid-r077-c055,77,55,11.200000762939453,15.600000381469727,0.44999998807907104,-51.1115159009844,7.741915197811977e-08
grid-r077-c056,77,56,11.399999618530273,15.600000381469727,0.44999998807907104,-50.45579643346687,9.003686329833727e-08
grid-r077-c057,77,57,11.600000381469727,15.600000381469727,0.44999998807907104,-50.74652049625307,8.420695252198129e-08
grid-r078-c000,78,0,0.19999980926513672,15.80000114440918,0.44999998807907104,-87.27904899134168,1.87109182314682e-11
grid-r078-c003,78,3,0.7999997138977051,15.80000114440918,0.44999998807907104,-101.16869555528626,7.640652433665851e-13
grid-r078-c004,78,4,1.0,15.80000114440918,0.44999998807907104,-115.32160736584166,2.9365626006165255e-14
grid-r078-c005,78,5,1.1999998092651367,15.80000114440918,0.44999998807907104,-89.70787953138837,1.0695769790680654e-11
grid-r078-c007,78,7,1.5999999046325684,15.80000114440918,0.44999998807907104,-86.0976412454145,2.4560424874420228e-11
grid-r078-c008,78,8,1.799999713897705,15.80000114440918,0.44999998807907104,-80.92344537727075,8.084542757469393e-11
grid-r078-c009,78,9,2.0,15.80000114440918,0.44999998807907104,-61.08634559640481,7.786915112717452e-09
grid-r078-c010,78,10,2.200000047683716,15.80000114440918,0.44999998807907104,-61.542167454048496,7.011053071437345e-09
grid-r078-c011,78,11,2.3999998569488525,15.80000114440918,0.44999998807907104,-64.58257369399445,3.481309462927129e-09
grid-r078-c012,78,12,2.5999999046325684,15.80000114440918,0.44999998807907104,-63.24172472958992,4.740536851954857e-09
grid-r078-c013,78,13,2.799999952316284,15.80000114440918,0.44999998807907104,-61.65148421231143,6.836779586905095e-09
grid-r078-c014,78,14,3.0,15.80000114440918,0.44999998807907104,-62.48647242320584,5.6409565907245e-09
grid-r078-c015,78,15,3.200000047683716,15.80000114440918,0.44999998807907104,-63.63869438988135,4.326438762802809e-09
grid-r078-c016,78,16,3.3999998569488525,15.80000114440918,0.44999998807907104,-61.66118206090823,6.821530007528054e-09
grid-r078-c017,78,17,3.5999999046325684,15.80000114440918,0.44999998807907104,-62.68108659345606,5.3937565525075115e-09
grid-r078-c018,78,18,3.799999952316284,15.80000114440918,0.44999998807907104,-67.23384098930549,1.8906707310861748e-09
grid-r078-c019,78,19,4.0,15.80000114440918,0.44999998807907104,-61.69799678424755,6.763948956489685e-09
grid-r078-c020,78,20,4.199999809265137,15.80000114440918,0.44999998807907104,-56.213550073614854,2.3913601765457315e-08
grid-r078-c021,78,21,4.400000095367432,15.80000114440918,0.44999998807907104,-56.121538870172216,2.4425649058912313e-08
grid-r078-c022,78,22,4.599999904632568,15.80000114440918,0.44999998807907104,-50.01628979403347,9.962561620113775e-08
grid-r078-c023,78,23,4.800000190734863,15.80000114440918,0.44999998807907104,-48.457156928955115,1.4265411607539136e-07
grid-r078-c024,78,24,5.0,15.80000114440918,0.44999998807907104,-48.44303668481474,1.4311868312688603e-07
grid-r078-c025,78,25,5.199999809265137,15.80000114440918,0.44999998807907104,-49.21102091260967,1.199217365410732e-07
grid-r078-c026,78,26,5.400000095367432,15.80000114440918,0.44999998807907104,-48.936790976392615,1.2773823243605875e-07
grid-r078-c027,78,27,5.599999904632568,15.80000114440918,0.44999998807907104,-52.069878155838126,6.208864533618907e-08
grid-r078-c028,78,28,5.800000190734863,15.80000114440918,0.44999998807907104,-54.455650249723135,3.584552743518543e-08
grid-r078-c029,78,29,6.0,15.80000114440918,0.44999998807907104,-54.33467760912737,3.685804017550254e-08
grid-r078-c030,78,30,6.199999809265137,15.80000114440918,0.44999998807907104,-51.76015179064933,6.667834639983994e-08
grid-r078-c031,78,31,6.400000095367432,15.80000114440918,0.44999998807907104,-50.46483441002934,8.984968502545598e-08
grid-r078-c032,78,32,6.599999904632568,15.80000114440918,0.44999998807907104,-46.95764767263975,2.0148152657384344e-07
grid-r078-c033,78,33,6.800000190734863,15.80000114440918,0.44999998807907104,-46.31333854021479,2.337040001521018e-07
grid-r078-c034,78,34,7.0,15.80000114440918,0.44999998807907104,-46.97757720252311,2.0055905736171553e-07
grid-r078-c035,78,35,7.199999809265137,15.80000114440918,0.44999998807907104,-46.96326545892131,2.0122107002862322e-07
grid-r078-c036,78,36,7.400000095367432,15.80000114440918,0.44999998807907104,-47.25434121085027,1.8817671332271857e-07
grid-r078-c037,78,37,7.599999904632568,15.80000114440918,0.44999998807907104,-47.93481315184614,1.608861595059352e-07
grid-r078-c038,78,38,7.800000190734863,15.80000114440918,0.44999998807907104,-47.627206392505045,1.726948397617889e-07
grid-r078-c039,78,39,8.0,15.80000114440918,0.44999998807907104,-45.17043517112849,3.0405803386202024e-07
grid-r078-c040,78,40,8.199999809265137,15.80000114440918,0.44999998807907104,-45.037214558349675,3.135295969514118e-07
grid-r078-c041,78,41,8.399999618530273,15.80000114440918,0.44999998807907104,-45.48656464435328,2.827115395120927e-07
grid-r078-c042,78,42,8.600000381469727,15.80000114440918,0.44999998807907104,-46.15544119636256,2.423571743292996e-07
grid-r078-c043,78,43,8.800000190734863,15.80000114440918,0.44999998807907104,-46.25469628658939,2.3688107830821536e-07
grid-r078-c044,78,44,9.0,15.80000114440918,0.44999998807907104,-46.418854442157624,2.2809436472925881e-07
grid-r078-c045,78,45,9.199999809265137,15.80000114440918,0.44999998807907104,-46.57268191328886,2.2015665024355258e-07
grid-r078-c046,78,46,9.399999618530273,15.80000114440918,0.44999998807907104,-53.276229266717095,4.703022682406299e-08
grid-r078-c047,78,47,9.600000381469727,15.80000114440918,0.44999998807907104,-55.84341771785856,2.6041034217882952e-08
grid-r078-c048,78,48,9.800000190734863,15.80000114440918,0.44999998807907104,-55.71592020266179,2.681686339656153e-08
grid-r078-c049,78,49,10.0,15.80000114440918,0.44999998807907104,-52.29600735773266,5.8938525171470246e-08
grid-r078-c050,78,50,10.200000762939453,15.80000114440918,0.44999998807907104,-51.62760034502459,6.874481783825104e-08
grid-r078-c051,78,51,10.399999618530273,15.80000114440918,0.44999998807907104,-52.16551735196242,6.073629066349895e-08
grid-r078-c052,78,52,10.600000381469727,15.80000114440918,0.44999998807907104,-52.07407442284136,6.202868263471828e-08
grid-r078-c053,78,53,10.800000190734863,15.80000114440918,0.44999998807907104,-51.25919192977922,7.483087216542117e-08
grid-r078-c054,78,54,11.0,15.80000114440918,0.44999998807907104,-51.210341315451444,7.567734172653218e-08
grid-r078-c055,78,55,11.200000762939453,15.80000114440918,0.44999998807907104,-50.72860535614592,8.455503319737545e-08
grid-r078-c056,78,56,11.399999618530273,15.80000114440918,0.44999998807907104,-50.63927285960587,8.631230485889319e-08
grid-r078-c057,78,57,11.600000381469727,15.80000114440918,0.44999998807907104,-50.69001473520822,8.530972195330833e-08
grid-r079-c001,79,1,0.40000009536743164,16.0,0.44999998807907104,-93.22834368150866,4.755165445430309e-12
grid-r079-c004,79,4,1.0,16.0,0.44999998807907104,-84.71065411260264,3.380139224073986e-11
grid-r079-c007,79,7,1.5999999046325684,16.0,0.44999998807907104,-83.81466221100831,4.154643643006217e-11
grid-r079-c008,79,8,1.799999713897705,16.0,0.44999998807907104,-63.61641609340799,4.3486894085731365e-09
grid-r079-c009,79,9,2.0,16.0,0.44999998807907104,-60.324799625558,9.279403023754185e-09
grid-r079-c010,79,10,2.200000047683716,16.0,0.44999998807907104,-64.46581436644365,3.5761733574446453e-09
grid-r079-c011,79,11,2.3999998569488525,16.0,0.44999998807907104,-64.86329543760357,3.2634011049026412e-09
grid-r079-c012,79,12,2.5999999046325684,16.0,0.44999998807907104,-61.271589764431866,7.461755657800495e-09
grid-r079-c013,79,13,2.799999952316284,16.0,0.44999998807907104,-61.605424597237516,6.909673722077514e-09
grid-r079-c014,79,14,3.0,16.0,0.44999998807907104,-63.16270510394301,4.827580113442309e-09
grid-r079-c015,79,15,3.200000047683716,16.0,0.44999998807907104,-63.47041206802197,4.497371808298567e-09
grid-r079-c016,79,16,3.3999998569488525,16.0,0.44999998807907104,-61.914313924421705,6.435297184026467e-09
grid-r079-c017,79,17,3.5999999046325684,16.0,0.44999998807907104,-64.61302933282528,3.456981589877728e-09
grid-r079-c018,79,18,3.799999952316284,16.0,0.44999998807907104,-81.34331276342101,7.339538005135537e-11
grid-r079-c019,79,19,4.0,16.0,0.44999998807907104,-89.24774671013174,1.1891190289381459e-11
grid-r079-c020,79,20,4.199999809265137,16.0,0.44999998807907104,-56.98138896707799,2.0038310566405926e-08
grid-r079-c021,79,21,4.400000095367432,16.0,0.44999998807907104,-54.246384928502124,3.761503819532663e-08
grid-r079-c022,79,22,4.599999904632568,16.0,0.44999998807907104,-48.797181177032044,1.3191126413403254e-07
grid-r079-c023,79,23,4.800000190734863,16.0,0.44999998807907104,-48.51683896697794,1.4070712950342568e-07
grid-r079-c024,79,24,5.0,16.0,0.44999998807907104,-48.52854438846593,1.4032839601441083e-07
grid-r079-c025,79,25,5.199999809265137,16.0,0.44999998807907104,-49.00215954457836,1.2582995623233728e-07
grid-r079-c026,79,26,5.400000095367432,16.0,0.44999998807907104,-50.40562932709312,9.108294563020536e-08
grid-r079-c027,79,27,5.599999904632568,16.0,0.44999998807907104,-56.98734543476287,2.001084631331196e-08
grid-r079-c028,79,28,5.800000190734863,16.0,0.44999998807907104,-52.30358191052636,5.88358197717298e-08
grid-r079-c029,79,29,6.0,16.0,0.44999998807907104,-54.3623664906258,3.6623795551804506e-08
grid-r079-c030,79,30,6.199999809265137,16.0,0.44999998807907104,-53.48948936273845,4.4776594876339004e-08
grid-r079-c031,79,31,6.400000095367432,16.0,0.44999998807907104,-47.00117505232552,1.9947225382566103e-07
grid-r079-c032,79,32,6.599999904632568,16.0,0.44999998807907104,-46.4675367295352,2.2555181544703373e-07
grid-r079-c033,79,33,6.800000190734863,16.0,0.44999998807907104,-47.82245437919285,1.651028469495941e-07
grid-r079-c034,79,34,7.0,16.0,0.44999998807907104,-47.428097646562236,1.807965901434727e-07
grid-r079-c035,79,35,7.199999809265137,16.0,0.44999998807907104,-47.096168471766674,1.9515655935720133e-07
grid-r079-c036,79,36,7.400000095367432,16.0,0.44999998807907104,-47.048138677469325,1.9732682687845227e-07
grid-r079-c037,79,37,7.599999904632568,16.0,0.44999998807907104,-48.20826108725937,1.510684910499549e-07
grid-r079-c038,79,38,7.800000190734863,16.0,0.44999998807907104,-45.837691513514244,2.6075392156599264e-07
grid-r079-c039,79,39,8.0,16.0,0.44999998807907104,-44.95322415872157,3.1965211633178114e-07
grid-r079-c040,79,40,8.199999809265137,16.0,0.44999998807907104,-44.748341948319535,3.3509334684822534e-07
grid-r079-c041,79,41,8.399999618530273,16.0,0.44999998807907104,-45.18950531336033,3.027258230758889e-07
grid-r079-c042,79,42,8.600000381469727,16.0,0.44999998807907104,-45.76134910986541,2.6537810526860994e-07
grid-r079-c043,79,43,8.800000190734863,16.0,0.44999998807907104,-46.2836819782967,2.3530535031568434e-07
grid-r079-c044,79,44,9.0,16.0,0.44999998807907104,-46.22780213364874,2.3835254125970096e-07
grid-r079-c045,79,45,9.199999809265137,16.0,0.44999998807907104,-50.32586382673364,9.277129464635436e-08
grid-r079-c046,79,46,9.399999618530273,16.0,0.44999998807907104,-55.74408930157202,2.6643487416322387e-08
grid-r079-c047,79,47,9.600000381469727,16.0,0.44999998807907104,-56.22327455434231,2.3860115661022974e-08
grid-r079-c048,79,48,9.800000190734863,16.0,0.44999998807907104,-59.64510859368639,1.0851484155693925e-08
grid-r079-c049,79,49,10.0,16.0,0.44999998807907104,-58.72984094426501,1.3397257525582518e-08
grid-r079-c050,79,50,10.200000762939453,16.0,0.44999998807907104,-52.18938247408586,6.040345112978684e-08
grid-r079-c051,79,51,10.399999618530273,16.0,0.44999998807907104,-52.375794703842644,5.7865609193186174e-08
grid-r079-c052,79,52,10.600000381469727,16.0,0.44999998807907104,-52.11087681724577,6.150526843384796e-08
grid-r079-c053,79,53,10.800000190734863,16.0,0.44999998807907104,-51.38601922814337,7.267718160619552e-08
grid-r079-c054,79,54,11.0,16.0,0.44999998807907104,-50.66629634081367,8.577690380207059e-08
grid-r079-c055,79,55,11.200000762939453,16.0,0.44999998807907104,-50.700939473528706,8.509539384249365e-08
grid-r079-c056,79,56,11.399999618530273,16.0,0.44999998807907104,-50.7964622466332,8.3244160009599e-08
grid-r079-c057,79,57,11.600000381469727,16.0,0.44999998807907104,-50.7881028920642,8.340454371591477e-08
grid-r080-c003,80,3,0.7999997138977051,16.200000762939453,0.44999998807907104,-86.67692303739295,2.1493527443960936e-11
grid-r080-c005,80,5,1.1999998092651367,16.200000762939453,0.44999998807907104,-93.00871025472945,5.0018305469690105e-12
grid-r080-c006,80,6,1.4000000953674316,16.200000762939453,0.44999998807907104,-83.01462736394188,4.995020369547021e-11
grid-r080-c007,80,7,1.5999999046325684,16.200000762939453,0.44999998807907104,-64.53592300006619,3.5189062774776403e-09
grid-r080-c008,80,8,1.799999713897705,16.200000762939453,0.44999998807907104,-59.99216172149593,1.0018064600103571e-08
grid-r080-c009,80,9,2.0,16.200000762939453,0.44999998807907104,-63.56559604845508,4.3998755749896645e-09
grid-r080-c010,80,10,2.200000047683716,16.200000762939453,0.44999998807907104,-70.82566108666722,8.268636331187906e-10
grid-r080-c011,80,11,2.3999998569488525,16.200000762939453,0.44999998807907104,-62.00632077557053,6.300397092928733e-09
grid-r080-c012,80,12,2.5999999046325684,16.200000762939453,0.44999998807907104,-61.924216185287975,6.420640907833786e-09
grid-r080-c013,80,13,2.799999952316284,16.200000762939453,0.44999998807907104,-61.31841327636664,7.381738775791291e-09
grid-r080-c014,80,14,3.0,16.200000762939453,0.44999998807907104,-62.536751167536394,5.576027195530742e-09
grid-r080-c015,80,15,3.200000047683716,16.200000762939453,0.44999998807907104,-64.47293554705722,3.5703142664544885e-09
grid-r080-c016,80,16,3.3999998569488525,16.200000762939453,0.44999998807907104,-62.923998759411276,5.1003516965408835e-09
grid-r080-c017,80,17,3.5999999046325684,16.200000762939453,0.44999998807907104,-71.1091448024591,7.746143171338815e-10
grid-r080-c018,80,18,3.799999952316284,16.200000762939453,0.44999998807907104,-75.66818190626432,2.7113264411404714e-10
grid-r080-c019,80,19,4.0,16.200000762939453,0.44999998807907104,-89.94621607327463,1.012461208621529e-11
grid-r080-c020,80,20,4.199999809265137,16.200000762939453,0.44999998807907104,-60.70339773942155,8.504724036129119e-09
grid-r080-c021,80,21,4.400000095367432,16.200000762939453,0.44999998807907104,-50.8565330202445,8.210066937408556e-08
grid-r080-c022,80,22,4.599999904632568,16.200000762939453,0.44999998807907104,-48.565951568590705,1.3912489293943509e-07
grid-r080-c023,80,23,4.800000190734863,16.200000762939453,0.44999998807907104,-48.642797659051965,1.366848039197066e-07
grid-r080-c024,80,24,5.0,16.200000762939453,0.44999998807907104,-48.21755296437263,1.507456204308255e-07
grid-r080-c025,80,25,5.199999809265137,16.200000762939453,0.44999998807907104,-48.361151622304334,1.4584274765638838e-07
grid-r080-c026,80,26,5.400000095367432,16.200000762939453,0.44999998807907104,-53.76846382226675,4.1990748655962307e-08
grid-r080-c027,80,27,5.599999904632568,16.200000762939453,0.44999998807907104,-60.34200060892499,9.242723031377409e-09
grid-r080-c028,80,28,5.800000190734863,16.200000762939453,0.44999998807907104,-56.07515261539362,2.468793347532028e-08
grid-r080-c029,80,29,6.0,16.200000762939453,0.44999998807907104,-52.022206931440294,6.27739282776929e-08
grid-r080-c030,80,30,6.199999809265137,16.200000762939453,0.44999998807907104,-49.706689518130574,1.0698700947386897e-07
grid-r080-c031,80,31,6.400000095367432,16.200000762939453,0.44999998807907104,-46.11623257444302,2.4455511038468103e-07
grid-r080-c032,80,32,6.599999904632568,16.200000762939453,0.44999998807907104,-47.985009702025664,1.5903731309663272e-07
grid-r080-c033,80,33,6.800000190734863,16.200000762939453,0.44999998807907104,-47.30148455186692,1.8614507268921443e-07
grid-r080-c034,80,34,7.0,16.200000762939453,0.44999998807907104,-47.78283839743207,1.6661579138599336e-07
grid-r080-c035,80,35,7.199999809265137,16.200000762939453,0.44999998807907104,-47.42729654549677,1.808299430194893e-07
grid-r080-c036,80,36,7.400000095367432,16.200000762939453,0.44999998807907104,-47.41584607758617,1.813073424727918e-07
grid-r080-c037,80,37,7.599999904632568,16.200000762939453,0.44999998807907104,-46.89043095448308,2.0462415761812736e-07
grid-r080-c038,80,38,7.800000190734863,16.200000762939453,0.44999998807907104,-45.07768544424451,3.1062145922078344e-07
grid-r080-c039,80,39,8.0,16.200000762939453,0.44999998807907104,-44.77096483335737,3.333523466153565e-07
grid-r080-c040,80,40,8.199999809265137,16.200000762939453,0.44999998807907104,-44.92240809003941,3.219283257749339e-07
grid-r080-c041,80,41,8.399999618530273,16.200000762939453,0.44999998807907104,-44.915724465188916,3.224241424959473e-07
grid-r080-c042,80,42,8.600000381469727,16.200000762939453,0.44999998807907104,-45.24856936684101,2.986366212098801e-07
grid-r080-c043,80,43,8.800000190734863,16.200000762939453,0.44999998807907104,-46.25934185079876,2.3662782666633575e-07
grid-r080-c044,80,44,9.0,16.200000762939453,0.44999998807907104,-48.39158353889627,1.4482436938578758e-07
grid-r080-c045,80,45,9.199999809265137,16.200000762939453,0.44999998807907104,-55.100534437140524,3.089915168175139e-08
grid-r080-c046,80,46,9.399999618530273,16.200000762939453,0.44999998807907104,-55.975165337385434,2.5262915315238388e-08
grid-r080-c047,80,47,9.600000381469727,16.200000762939453,0.44999998807907104,-57.41804093342827,1.8121573575058392e-08
grid-r080-c048,80,48,9.800000190734863,16.200000762939453,0.44999998807907104,-59.47357717949134,1.1288657120189782e-08
grid-r080-c049,80,49,10.0,16.200000762939453,0.44999998807907104,-63.986923655173314,3.993076536090712e-09
grid-r080-c050,80,50,10.200000762939453,16.200000762939453,0.44999998807907104,-56.62046946448898,2.1774743785840656e-08
grid-r080-c051,80,51,10.399999618530273,16.200000762939453,0.44999998807907104,-52.60938363427823,5.4835478380255154e-08
grid-r080-c052,80,52,10.600000381469727,16.200000762939453,0.44999998807907104,-51.879535271097865,6.487038461955308e-08
grid-r080-c053,80,53,10.800000190734863,16.200000762939453,0.44999998807907104,-50.90725362566741,8.11474052397898e-08
grid-r080-c054,80,54,11.0,16.200000762939453,0.44999998807907104,-50.798806805515284,8.319923239241689e-08
grid-r080-c055,80,55,11.200000762939453,16.200000762939453,0.44999998807907104,-50.66787054446117,8.574581755738109e-08
grid-r080-c056,80,56,11.399999618530273,16.200000762939453,0.44999998807907104,-50.705612349225234,8.50038830435551e-08
grid-r080-c057,80,57,11.600000381469727,16.200000762939453,0.44999998807907104,-50.720904049697964,8.470510692859534e-08
