grid_id,row,column,x,y,z,sionna_rssi_dbm,path_gain_linear
grid-r000-c000,0,0,0.19999980926513672,0.20000028610229492,0.44999998807907104,-38.432820126643605,1.4345575891638873e-06
grid-r000-c001,0,1,0.40000009536743164,0.20000028610229492,0.44999998807907104,-37.79575632325992,1.6612093531875871e-06
grid-r000-c002,0,2,0.5999999046325684,0.20000028610229492,0.44999998807907104,-37.4087284376942,1.8160473018724588e-06
grid-r000-c003,0,3,0.7999997138977051,0.20000028610229492,0.44999998807907104,-36.993920581955706,1.9980573142674984e-06
grid-r000-c004,0,4,1.0,0.20000028610229492,0.44999998807907104,-36.5529532366761,2.21159029933915e-06
grid-r000-c005,0,5,1.1999998092651367,0.20000028610229492,0.44999998807907104,-36.279864269172855,2.355122887820471e-06
grid-r000-c006,0,6,1.4000000953674316,0.20000028610229492,0.44999998807907104,-35.751790532734645,2.6596283078106353e-06
grid-r000-c007,0,7,1.5999999046325684,0.20000028610229492,0.44999998807907104,-34.888146327290066,3.2447808280267054e-06
grid-r000-c008,0,8,1.799999713897705,0.20000028610229492,0.44999998807907104,-34.03671072337466,3.9475617086282e-06
grid-r000-c009,0,9,2.0,0.20000028610229492,0.44999998807907104,-32.64971794621576,5.4328561418515164e-06
grid-r000-c010,0,10,2.200000047683716,0.20000028610229492,0.44999998807907104,-31.05738713273243,7.839011232135817e-06
grid-r000-c011,0,11,2.3999998569488525,0.20000028610229492,0.44999998807907104,-29.446219847388647,1.1359991731296759e-05
grid-r000-c012,0,12,2.5999999046325684,0.20000028610229492,0.44999998807907104,-28.07437038115711,1.557983887323644e-05
grid-r000-c013,0,13,2.799999952316284,0.20000028610229492,0.44999998807907104,-27.099547897384184,1.9500475900713354e-05
grid-r000-c014,0,14,3.0,0.20000028610229492,0.44999998807907104,-26.601712160779194,2.1868992917006835e-05
grid-r000-c015,0,15,3.200000047683716,0.20000028610229492,0.44999998807907104,-26.465962042701932,2.2563361198990606e-05
grid-r000-c016,0,16,3.3999998569488525,0.20000028610229492,0.44999998807907104,-26.498428819568034,2.2395312043954618e-05
grid-r000-c017,0,17,3.5999999046325684,0.20000028610229492,0.44999998807907104,-26.84529281651212,2.0676199710578658e-05
grid-r000-c018,0,18,3.799999952316284,0.20000028610229492,0.44999998807907104,-27.868399603347484,1.6336538465111516e-05
grid-r000-c019,0,19,4.0,0.20000028610229492,0.44999998807907104,-29.343652087864065,1.1631474990281276e-05
grid-r000-c020,0,20,4.199999809265137,0.20000028610229492,0.44999998807907104,-31.054161512531522,7.844835636205971e-06
grid-r000-c021,0,21,4.400000095367432,0.20000028610229492,0.44999998807907104,-32.83812263554108,5.202208285481902e-06
grid-r000-c022,0,22,4.599999904632568,0.20000028610229492,0.44999998807907104,-34.91714048114154,3.223190333301318e-06
grid-r000-c023,0,23,4.800000190734863,0.20000028610229492,0.44999998807907104,-36.779331163864065,2.0992631561966846e-06
grid-r000-c024,0,24,5.0,0.20000028610229492,0.44999998807907104,-38.216410365917675,1.5078528576850658e-06
grid-r000-c025,0,25,5.199999809265137,0.20000028610229492,0.44999998807907104,-38.1789628458082,1.5209107004920952e-06
grid-r000-c026,0,26,5.400000095367432,0.20000028610229492,0.44999998807907104,-37.64684744155225,1.719155875434808e-06
grid-r000-c027,0,27,5.599999904632568,0.20000028610229492,0.44999998807907104,-37.1059036037734,1.9471958694339264e-06
grid-r000-c028,0,28,5.800000190734863,0.20000028610229492,0.44999998807907104,-36.99126350282255,1.999280129894032e-06
grid-r000-c029,0,29,6.0,0.20000028610229492,0.44999998807907104,-36.97481329966263,2.0068673620698974e-06
grid-r000-c030,0,30,6.199999809265137,0.20000028610229492,0.44999998807907104,-36.96425306181688,2.0117531676078215e-06
grid-r000-c031,0,31,6.400000095367432,0.20000028610229492,0.44999998807907104,-36.977712418822,2.0055281311215367e-06
grid-r000-c032,0,32,6.599999904632568,0.20000028610229492,0.44999998807907104,-36.743703172172374,2.1165556063351687e-06
grid-r000-c033,0,33,6.800000190734863,0.20000028610229492,0.44999998807907104,-36.562879513253776,2.2065412395022577e-06
grid-r000-c034,0,34,7.0,0.20000028610229492,0.44999998807907104,-36.73975052443644,2.1184828256082255e-06
grid-r000-c035,0,35,7.199999809265137,0.20000028610229492,0.44999998807907104,-37.04621928653019,1.974140559468651e-06
grid-r000-c036,0,36,7.400000095367432,0.20000028610229492,0.44999998807907104,-37.3836577802576,1.8265611743117915e-06
grid-r000-c037,0,37,7.599999904632568,0.20000028610229492,0.44999998807907104,-37.763427063976465,1.6736216821300332e-06
grid-r000-c038,0,38,7.800000190734863,0.20000028610229492,0.44999998807907104,-38.15409113274264,1.5296458286684356e-06
grid-r000-c039,0,39,8.0,0.20000028610229492,0.44999998807907104,-38.54069582224852,1.3993631000630558e-06
grid-r000-c040,0,40,8.199999809265137,0.20000028610229492,0.44999998807907104,-38.956348773238226,1.2716427590930834e-06
grid-r000-c041,0,41,8.399999618530273,0.20000028610229492,0.44999998807907104,-39.53110138941753,1.1140119795527426e-06
grid-r000-c042,0,42,8.600000381469727,0.20000028610229492,0.44999998807907104,-39.59958449471167,1.0965831052089925e-06
grid-r000-c043,0,43,8.800000190734863,0.20000028610229492,0.44999998807907104,-39.43337538521468,1.1393639169909875e-06
grid-r000-c044,0,44,9.0,0.20000028610229492,0.44999998807907104,-39.28195941562233,1.1797882280006888e-06
grid-r000-c045,0,45,9.199999809265137,0.20000028610229492,0.44999998807907104,-39.179547436559055,1.2079397038178286e-06
grid-r000-c046,0,46,9.399999618530273,0.20000028610229492,0.44999998807907104,-39.07758964848348,1.2366335795377381e-06
grid-r000-c047,0,47,9.600000381469727,0.20000028610229492,0.44999998807907104,-38.98690148221418,1.2627281193999806e-06
grid-r000-c048,0,48,9.800000190734863,0.20000028610229492,0.44999998807907104,-38.9132007259048,1.2843397598771844e-06
grid-r000-c049,0,49,10.0,0.20000028610229492,0.44999998807907104,-38.794046288265776,1.320065166510176e-06
grid-r000-c050,0,50,10.200000762939453,0.20000028610229492,0.44999998807907104,-38.7026390106702,1.348143428003823e-06
grid-r000-c051,0,51,10.399999618530273,0.20000028610229492,0.44999998807907104,-38.917966782645195,1.2829310662709759e-06
grid-r000-c052,0,52,10.600000381469727,0.20000028610229492,0.44999998807907104,-39.11820583710959,1.2251222187842359e-06
grid-r000-c053,0,53,10.800000190734863,0.20000028610229492,0.44999998807907104,-39.18603288064784,1.2061371990057523e-06
grid-r000-c054,0,54,11.0,0.20000028610229492,0.44999998807907104,-39.13614369857372,1.2200724768263171e-06
grid-r000-c055,0,55,11.200000762939453,0.20000028610229492,0.44999998807907104,-39.04273533388324,1.2465981171772e-06
grid-r000-c056,0,56,11.399999618530273,0.20000028610229492,0.44999998807907104,-38.89879400426185,1.2886073363915784e-06
grid-r000-c057,0,57,11.600000381469727,0.20000028610229492,0.44999998807907104,-38.75768894832049,1.3311625934875337e-06
grid-r001-c000,1,0,0.19999980926513672,0.40000057220458984,0.44999998807907104,-36.637118528950836,2.169142817365355e-06
grid-r001-c001,1,1,0.40000009536743164,0.40000057220458984,0.44999998807907104,-36.6913621604164,2.14221859096142e-06
grid-r001-c002,1,2,0.5999999046325684,0.40000057220458984,0.44999998807907104,-36.79586055026895,2.091288479277864e-06
grid-r001-c003,1,3,0.7999997138977051,0.40000057220458984,0.44999998807907104,-36.82907548037736,2.0753552689711796e-06
grid-r001-c004,1,4,1.0,0.40000057220458984,0.44999998807907104,-36.821802182566934,2.0788338588317856e-06
grid-r001-c005,1,5,1.1999998092651367,0.40000057220458984,0.44999998807907104,-36.85343702620332,2.0637462512240745e-06
grid-r001-c006,1,6,1.4000000953674316,0.40000057220458984,0.44999998807907104,-37.07585567207759,1.9607148260547547e-06
grid-r001-c007,1,7,1.5999999046325684,0.40000057220458984,0.44999998807907104,-36.34458724966742,2.320284693269059e-06
grid-r001-c008,1,8,1.799999713897705,0.40000057220458984,0.44999998807907104,-34.564367844090135,3.495933924568817e-06
grid-r001-c009,1,9,2.0,0.40000057220458984,0.44999998807907104,-32.88154760386891,5.150450760993408e-06
grid-r001-c010,1,10,2.200000047683716,0.40000057220458984,0.44999998807907104,-31.106618130572357,7.750651093374472e-06
grid-r001-c011,1,11,2.3999998569488525,0.40000057220458984,0.44999998807907104,-29.36976649814668,1.1561744031496346e-05
grid-r001-c012,1,12,2.5999999046325684,0.40000057220458984,0.44999998807907104,-27.858247918069885,1.6374769984395243e-05
grid-r001-c013,1,13,2.799999952316284,0.40000057220458984,0.44999998807907104,-26.748295108826703,2.1143188860150985e-05
grid-r001-c014,1,14,3.0,0.40000057220458984,0.44999998807907104,-26.135157658466426,2.434917405480519e-05
grid-r001-c015,1,15,3.200000047683716,0.40000057220458984,0.44999998807907104,3.382542910206297,0.021789852529764175
grid-r001-c016,1,16,3.3999998569488525,0.40000057220458984,0.44999998807907104,-26.383922474588786,2.2993641323409975e-05
grid-r001-c017,1,17,3.5999999046325684,0.40000057220458984,0.44999998807907104,-27.00751269643036,1.9918137695640326e-05
grid-r001-c018,1,18,3.799999952316284,0.40000057220458984,0.44999998807907104,-28.209492295936307,1.5102566976565868e-05
grid-r001-c019,1,19,4.0,0.40000057220458984,0.44999998807907104,-29.766799173438415,1.05516428448027e-05
grid-r001-c020,1,20,4.199999809265137,0.40000057220458984,0.44999998807907104,-31.496170741670575,7.0857026912563015e-06
grid-r001-c021,1,21,4.400000095367432,0.40000057220458984,0.44999998807907104,-33.194848985273346,4.7919811549945734e-06
grid-r001-c022,1,22,4.599999904632568,0.40000057220458984,0.44999998807907104,-34.662113003830214,3.4181309729319764e-06
grid-r001-c023,1,23,4.800000190734863,0.40000057220458984,0.44999998807907104,-35.75274854518317,2.6590416837279918e-06
grid-r001-c024,1,24,5.0,0.40000057220458984,0.44999998807907104,-36.44414577307973,2.267699073854601e-06
grid-r001-c025,1,25,5.199999809265137,0.40000057220458984,0.44999998807907104,-37.24439841143567,1.8860802128983778e-06
grid-r001-c026,1,26,5.400000095367432,0.40000057220458984,0.44999998807907104,-38.03016082679508,1.5739245782242506e-06
grid-r001-c027,1,27,5.599999904632568,0.40000057220458984,0.44999998807907104,-38.736835226884864,1.3375698699746863e-06
grid-r001-c028,1,28,5.800000190734863,0.40000057220458984,0.44999998807907104,-38.49369005482185,1.4145913382890285e-06
grid-r001-c029,1,29,6.0,0.40000057220458984,0.44999998807907104,-37.84328806008772,1.6431272342742886e-06
grid-r001-c030,1,30,6.199999809265137,0.40000057220458984,0.44999998807907104,-37.27505436018858,1.8728136410572915e-06
grid-r001-c031,1,31,6.400000095367432,0.40000057220458984,0.44999998807907104,-37.08943252915552,1.9545948362065246e-06
grid-r001-c032,1,32,6.599999904632568,0.40000057220458984,0.44999998807907104,-37.39563761740648,1.8215296222479083e-06
grid-r001-c033,1,33,6.800000190734863,0.40000057220458984,0.44999998807907104,-37.86535125503267,1.6348009239663952e-06
grid-r001-c034,1,34,7.0,0.40000057220458984,0.44999998807907104,-38.06754836569929,1.560433133818151e-06
grid-r001-c035,1,35,7.199999809265137,0.40000057220458984,0.44999998807907104,-38.15464731444528,1.5294499462470412e-06
grid-r001-c036,1,36,7.400000095367432,0.40000057220458984,0.44999998807907104,-37.98588930364822,1.5900510561550618e-06
grid-r001-c037,1,37,7.599999904632568,0.40000057220458984,0.44999998807907104,-37.66184486390656,1.7132293805843801e-06
grid-r001-c038,1,38,7.800000190734863,0.40000057220458984,0.44999998807907104,-37.36571583998558,1.8341228269491694e-06
grid-r001-c039,1,39,8.0,0.40000057220458984,0.44999998807907104,-37.156667178796816,1.924568096001167e-06
grid-r001-c040,1,40,8.199999809265137,0.40000057220458984,0.44999998807907104,-37.13295148222596,1.9351064111106098e-06
grid-r001-c041,1,41,8.399999618530273,0.40000057220458984,0.44999998807907104,-37.25096302148047,1.8832314481187495e-06
grid-r001-c042,1,42,8.600000381469727,0.40000057220458984,0.44999998807907104,-37.484812618891894,1.7845089814727544e-06
grid-r001-c043,1,43,8.800000190734863,0.40000057220458984,0.44999998807907104,-37.80013888246497,1.659533836573246e-06
grid-r001-c044,1,44,9.0,0.40000057220458984,0.44999998807907104,-38.14326994410546,1.533461954750237e-06
grid-r001-c045,1,45,9.199999809265137,0.40000057220458984,0.44999998807907104,-38.49152311549269,1.4152973335512797e-06
grid-r001-c046,1,46,9.399999618530273,0.40000057220458984,0.44999998807907104,-38.86442499859587,1.2988455182494363e-06
grid-r001-c047,1,47,9.600000381469727,0.40000057220458984,0.44999998807907104,-39.25184910496284,1.1879963039973518e-06
grid-r001-c048,1,48,9.800000190734863,0.40000057220458984,0.44999998807907104,-39.639064300668565,1.0866597222047858e-06
grid-r001-c049,1,49,10.0,0.40000057220458984,0.44999998807907104,-40.02529999736496,9.941913958755322e-07
grid-r001-c050,1,50,10.200000762939453,0.40000057220458984,0.44999998807907104,-40.12971814309353,9.705729553388664e-07
grid-r001-c051,1,51,10.399999618530273,0.40000057220458984,0.44999998807907104,-40.28222453817329,9.370818929710367e-07
grid-r001-c052,1,52,10.600000381469727,0.40000057220458984,0.44999998807907104,-40.17959768165405,9.594895118425484e-07
grid-r001-c053,1,53,10.800000190734863,0.40000057220458984,0.44999998807907104,-40.06010117404405,9.862565093499143e-07
grid-r001-c054,1,54,11.0,0.40000057220458984,0.44999998807907104,-39.94585179394249,1.012546135825687e-06
grid-r001-c055,1,55,11.200000762939453,0.40000057220458984,0.44999998807907104,-39.974904972981435,1.0057950703412644e-06
grid-r001-c056,1,56,11.399999618530273,0.40000057220458984,0.44999998807907104,-40.015970583163366,9.963293905457249e-07
grid-r001-c057,1,57,11.600000381469727,0.40000057220458984,0.44999998807907104,-40.051255795023756,9.882672884486965e-07
grid-r002-c000,2,0,0.19999980926513672,0.6000003814697266,0.44999998807907104,-36.50255980691409,2.2374019863491412e-06
grid-r002-c001,2,1,0.40000009536743164,0.6000003814697266,0.44999998807907104,-36.48924448992165,2.244272309326334e-06
grid-r002-c002,2,2,0.5999999046325684,0.6000003814697266,0.44999998807907104,-36.54802713669473,2.214100277342368e-06
grid-r002-c003,2,3,0.7999997138977051,0.6000003814697266,0.44999998807907104,-37.23446376238002,1.8903996306107729e-06
grid-r002-c004,2,4,1.0,0.6000003814697266,0.44999998807907104,-38.18305415650318,1.519478587397316e-06
grid-r002-c005,2,5,1.1999998092651367,0.6000003814697266,0.44999998807907104,-38.01976731154213,1.577695798005152e-06
grid-r002-c006,2,6,1.4000000953674316,0.6000003814697266,0.44999998807907104,-36.573395529031465,2.201204779339605e-06
grid-r002-c007,2,7,1.5999999046325684,0.6000003814697266,0.44999998807907104,-35.550480799042965,2.7858127396029886e-06
grid-r002-c008,2,8,1.799999713897705,0.6000003814697266,0.44999998807907104,-34.40274254133925,3.628488457252388e-06
grid-r002-c009,2,9,2.0,0.6000003814697266,0.44999998807907104,-32.90356429086101,5.1244064707134385e-06
grid-r002-c010,2,10,2.200000047683716,0.6000003814697266,0.44999998807907104,-31.178558228757545,7.6233204708842095e-06
grid-r002-c011,2,11,2.3999998569488525,0.6000003814697266,0.44999998807907104,-29.45832802761032,1.1328364053042606e-05
grid-r002-c012,2,12,2.5999999046325684,0.6000003814697266,0.44999998807907104,-27.94560393718689,1.6048690667958e-05
grid-r002-c013,2,13,2.799999952316284,0.6000003814697266,0.44999998807907104,-26.819214707350085,2.0800727725145407e-05
grid-r002-c014,2,14,3.0,0.6000003814697266,0.44999998807907104,-26.155604360635174,2.4234806915046647e-05
grid-r002-c015,2,15,3.200000047683716,0.6000003814697266,0.44999998807907104,13.723826935432864,0.23571254312992096
grid-r002-c016,2,16,3.3999998569488525,0.6000003814697266,0.44999998807907104,-26.45991731493605,2.2594787878915668e-05
grid-r002-c017,2,17,3.5999999046325684,0.6000003814697266,0.44999998807907104,-27.249730503328273,1.883765980892349e-05
grid-r002-c018,2,18,3.799999952316284,0.6000003814697266,0.44999998807907104,-28.423379548256463,1.4376793842529878e-05
grid-r002-c019,2,19,4.0,0.6000003814697266,0.44999998807907104,-29.945275467777194,1.012680513667874e-05
grid-r002-c020,2,20,4.199999809265137,0.6000003814697266,0.44999998807907104,-31.582571613398677,6.946128905838123e-06
grid-r002-c021,2,21,4.400000095367432,0.6000003814697266,0.44999998807907104,-33.165252446526765,4.82474933960475e-06
grid-r002-c022,2,22,4.599999904632568,0.6000003814697266,0.44999998807907104,-34.52375684394948,3.5287778246129164e-06
grid-r002-c023,2,23,4.800000190734863,0.6000003814697266,0.44999998807907104,-35.55698122082919,2.7816461170004914e-06
grid-r002-c024,2,24,5.0,0.6000003814697266,0.44999998807907104,-36.20544486484965,2.3958273231983185e-06
grid-r002-c025,2,25,5.199999809265137,0.6000003814697266,0.44999998807907104,-36.53898292007456,2.2187159629538655e-06
grid-r002-c026,2,26,5.400000095367432,0.6000003814697266,0.44999998807907104,-36.63725737806971,2.1690734683943447e-06
grid-r002-c027,2,27,5.599999904632568,0.6000003814697266,0.44999998807907104,-36.675431688616804,2.150090949726291e-06
grid-r002-c028,2,28,5.800000190734863,0.6000003814697266,0.44999998807907104,-36.97373290075081,2.0073666746611707e-06
grid-r002-c029,2,29,6.0,0.6000003814697266,0.44999998807907104,-37.66628843327287,1.7114773527282523e-06
grid-r002-c030,2,30,6.199999809265137,0.6000003814697266,0.44999998807907104,-38.432093294572375,1.4347976957651554e-06
grid-r002-c031,2,31,6.400000095367432,0.6000003814697266,0.44999998807907104,-38.28878457409807,1.4829330439170008e-06
grid-r002-c032,2,32,6.599999904632568,0.6000003814697266,0.44999998807907104,-37.5809113250864,1.7454558474128135e-06
grid-r002-c033,2,33,6.800000190734863,0.6000003814697266,0.44999998807907104,-37.04850331440756,1.973102598640253e-06
grid-r002-c034,2,34,7.0,0.6000003814697266,0.44999998807907104,-36.82617592095287,2.0767413388966816e-06
grid-r002-c035,2,35,7.199999809265137,0.6000003814697266,0.44999998807907104,-36.869553554028336,2.056101948255673e-06
grid-r002-c036,2,36,7.400000095367432,0.6000003814697266,0.44999998807907104,-37.217840913680085,1.8976490991917672e-06
grid-r002-c037,2,37,7.599999904632568,0.6000003814697266,0.44999998807907104,-37.76705159773931,1.672225494075974e-06
grid-r002-c038,2,38,7.800000190734863,0.6000003814697266,0.44999998807907104,-38.39062029021173,1.4485649444395676e-06
grid-r002-c039,2,39,8.0,0.6000003814697266,0.44999998807907104,-38.994869692176366,1.2604134553839685e-06
grid-r002-c040,2,40,8.199999809265137,0.6000003814697266,0.44999998807907104,-39.265733737802826,1.1842042795251473e-06
grid-r002-c041,2,41,8.399999618530273,0.6000003814697266,0.44999998807907104,-39.17333736561229,1.209668198498548e-06
grid-r002-c042,2,42,8.600000381469727,0.6000003814697266,0.44999998807907104,-38.88152856175941,1.2937404108015471e-06
grid-r002-c043,2,43,8.800000190734863,0.6000003814697266,0.44999998807907104,-38.646048609765316,1.3658252555615036e-06
grid-r002-c044,2,44,9.0,0.6000003814697266,0.44999998807907104,-38.42147862377945,1.4383088000613498e-06
grid-r002-c045,2,45,9.199999809265137,0.6000003814697266,0.44999998807907104,-38.19152020262945,1.51651943269826e-06
grid-r002-c046,2,46,9.399999618530273,0.6000003814697266,0.44999998807907104,-38.1112235383286,1.5448191561517888e-06
grid-r002-c047,2,47,9.600000381469727,0.6000003814697266,0.44999998807907104,-38.20714445607446,1.5110733784240438e-06
grid-r002-c048,2,48,9.800000190734863,0.6000003814697266,0.44999998807907104,-38.30816020295038,1.4763318176846951e-06
grid-r002-c049,2,49,10.0,0.6000003814697266,0.44999998807907104,-38.41240676138778,1.4413163853532751e-06
grid-r002-c050,2,50,10.200000762939453,0.6000003814697266,0.44999998807907104,-38.461737558609215,1.4250373396862415e-06
grid-r002-c051,2,51,10.399999618530273,0.6000003814697266,0.44999998807907104,-38.64252006877137,1.3669354075318552e-06
grid-r002-c052,2,52,10.600000381469727,0.6000003814697266,0.44999998807907104,-38.87822791671704,1.2947240293215145e-06
grid-r002-c053,2,53,10.800000190734863,0.6000003814697266,0.44999998807907104,-39.19814900725668,1.2027769571432145e-06
grid-r002-c054,2,54,11.0,0.6000003814697266,0.44999998807907104,-39.51019969549863,1.1193864111191942e-06
grid-r002-c055,2,55,11.200000762939453,0.6000003814697266,0.44999998807907104,-39.81519473479487,1.0434713431095588e-06
grid-r002-c056,2,56,11.399999618530273,0.6000003814697266,0.44999998807907104,-40.18477694521102,9.583459359419066e-07
grid-r002-c057,2,57,11.600000381469727,0.6000003814697266,0.44999998807907104,-40.51077756799557,8.890419280760398e-07
grid-r003-c000,3,0,0.19999980926513672,0.8000001907348633,0.44999998807907104,-34.528179909969495,3.5251857752882643e-06
grid-r003-c001,3,1,0.40000009536743164,0.8000001907348633,0.44999998807907104,-35.58984254458495,2.760677944024792e-06
grid-r003-c002,3,2,0.5999999046325684,0.8000001907348633,0.44999998807907104,-36.796226507681816,2.0911122646793956e-06
grid-r003-c003,3,3,0.7999997138977051,0.8000001907348633,0.44999998807907104,-36.99931434079491,1.995577349589439e-06
grid-r003-c004,3,4,1.0,0.8000001907348633,0.44999998807907104,-36.35924431425073,2.31246713155997e-06
grid-r003-c005,3,5,1.1999998092651367,0.8000001907348633,0.44999998807907104,-35.94737028686551,2.5425117655686336e-06
grid-r003-c006,3,6,1.4000000953674316,0.8000001907348633,0.44999998807907104,-35.773556797936706,2.646331950018066e-06
grid-r003-c007,3,7,1.5999999046325684,0.8000001907348633,0.44999998807907104,-35.29422914180288,2.9551333682320546e-06
grid-r003-c008,3,8,1.799999713897705,0.8000001907348633,0.44999998807907104,-34.43930205421452,3.5980715438199695e-06
grid-r003-c009,3,9,2.0,0.8000001907348633,0.44999998807907104,-33.15618530611805,4.834832907363307e-06
grid-r003-c010,3,10,2.200000047683716,0.8000001907348633,0.44999998807907104,-31.60296384616491,6.9135899138927925e-06
grid-r003-c011,3,11,2.3999998569488525,0.8000001907348633,0.44999998807907104,-29.98068159205249,1.0044581358670257e-05
grid-r003-c012,3,12,2.5999999046325684,0.8000001907348633,0.44999998807907104,-28.5161747015093,1.4072865269554313e-05
grid-r003-c013,3,13,2.799999952316284,0.8000001907348633,0.44999998807907104,-27.398228813679005,1.8204431398771703e-05
grid-r003-c014,3,14,3.0,0.8000001907348633,0.44999998807907104,-26.718076887942743,2.1290816221153364e-05
grid-r003-c015,3,15,3.200000047683716,0.8000001907348633,0.44999998807907104,-26.61957925369363,2.1779207600047812e-05
grid-r003-c016,3,16,3.3999998569488525,0.8000001907348633,0.44999998807907104,-27.012430294294568,1.9895596778951585e-05
grid-r003-c017,3,17,3.5999999046325684,0.8000001907348633,0.44999998807907104,-27.937880216293863,1.6077257896540686e-05
grid-r003-c018,3,18,3.799999952316284,0.8000001907348633,0.44999998807907104,-29.077799503478985,1.2365738257358316e-05
grid-r003-c019,3,19,4.0,0.8000001907348633,0.44999998807907104,-30.541707259614753,8.827328201732598e-06
grid-r003-c020,3,20,4.199999809265137,0.8000001907348633,0.44999998807907104,-32.05003169028152,6.237302841327619e-06
grid-r003-c021,3,21,4.400000095367432,0.8000001907348633,0.44999998807907104,-33.47416440602912,4.493487722356804e-06
grid-r003-c022,3,22,4.599999904632568,0.8000001907348633,0.44999998807907104,-34.662356835679205,3.4179390695499023e-06
grid-r003-c023,3,23,4.800000190734863,0.8000001907348633,0.44999998807907104,-35.51136089157253,2.811019840009976e-06
grid-r003-c024,3,24,5.0,0.8000001907348633,0.44999998807907104,-36.02724288319848,2.4961789222288644e-06
grid-r003-c025,3,25,5.199999809265137,0.8000001907348633,0.44999998807907104,-36.286674626725485,2.3514326130680274e-06
grid-r003-c026,3,26,5.400000095367432,0.8000001907348633,0.44999998807907104,-36.38920943679536,2.296566663062549e-06
grid-r003-c027,3,27,5.599999904632568,0.8000001907348633,0.44999998807907104,-36.43666203592048,2.2716101284459e-06
grid-r003-c028,3,28,5.800000190734863,0.8000001907348633,0.44999998807907104,-36.452521902905005,2.2633296339336084e-06
grid-r003-c029,3,29,6.0,0.8000001907348633,0.44999998807907104,-36.4455372612091,2.26697261496156e-06
grid-r003-c030,3,30,6.199999809265137,0.8000001907348633,0.44999998807907104,-36.46148253190749,2.2586646082345396e-06
grid-r003-c031,3,31,6.400000095367432,0.8000001907348633,0.44999998807907104,-36.860258397250185,2.0605073132173857e-06
grid-r003-c032,3,32,6.599999904632568,0.8000001907348633,0.44999998807907104,-37.62587594323292,1.7274775245823548e-06
grid-r003-c033,3,33,6.800000190734863,0.8000001907348633,0.44999998807907104,-38.520063845388044,1.4060268540561083e-06
grid-r003-c034,3,34,7.0,0.8000001907348633,0.44999998807907104,-38.64339136808582,1.3666611948792706e-06
grid-r003-c035,3,35,7.199999809265137,0.8000001907348633,0.44999998807907104,-38.01871437148143,1.5780783542140853e-06
grid-r003-c036,3,36,7.400000095367432,0.8000001907348633,0.44999998807907104,-37.505763382526425,1.7759210777512635e-06
grid-r003-c037,3,37,7.599999904632568,0.8000001907348633,0.44999998807907104,-37.24301408444128,1.8866815025830874e-06
grid-r003-c038,3,38,7.800000190734863,0.8000001907348633,0.44999998807907104,-37.28945226752316,1.8666150936041959e-06
grid-r003-c039,3,39,8.0,0.8000001907348633,0.44999998807907104,-37.379458940726536,1.8283279814568232e-06
grid-r003-c040,3,40,8.199999809265137,0.8000001907348633,0.44999998807907104,-37.64451229978491,1.7200804904859979e-06
grid-r003-c041,3,41,8.399999618530273,0.8000001907348633,0.44999998807907104,-38.15858652503402,1.5280633078873507e-06
grid-r003-c042,3,42,8.600000381469727,0.8000001907348633,0.44999998807907104,-38.67435842689346,1.356950974695792e-06
grid-r003-c043,3,43,8.800000190734863,0.8000001907348633,0.44999998807907104,-39.255670599429294,1.1869514082718524e-06
grid-r003-c044,3,44,9.0,0.8000001907348633,0.44999998807907104,-39.639923582086105,1.0864447403946542e-06
grid-r003-c045,3,45,9.199999809265137,0.8000001907348633,0.44999998807907104,-39.76339178482724,1.0559924703557044e-06
grid-r003-c046,3,46,9.399999618530273,0.8000001907348633,0.44999998807907104,-39.71350688044553,1.0681919775379356e-06
grid-r003-c047,3,47,9.600000381469727,0.8000001907348633,0.44999998807907104,-39.40831651110501,1.1459570714578149e-06
grid-r003-c048,3,48,9.800000190734863,0.8000001907348633,0.44999998807907104,-39.168022729190454,1.211149424307223e-06
grid-r003-c049,3,49,10.0,0.8000001907348633,0.44999998807907104,-38.92488920072922,1.2808877727366053e-06
grid-r003-c050,3,50,10.200000762939453,0.8000001907348633,0.44999998807907104,-38.55419519549932,1.3950201491752523e-06
grid-r003-c051,3,51,10.399999618530273,0.8000001907348633,0.44999998807907104,-38.431420601502076,1.4350199535329011e-06
grid-r003-c052,3,52,10.600000381469727,0.8000001907348633,0.44999998807907104,-38.36008289920909,1.4587864143322804e-06
grid-r003-c053,3,53,10.800000190734863,0.8000001907348633,0.44999998807907104,-38.410001979156135,1.4421146943277563e-06
grid-r003-c054,3,54,11.0,0.8000001907348633,0.44999998807907104,-38.41938206205475,1.4390033129529911e-06
grid-r003-c055,3,55,11.200000762939453,0.8000001907348633,0.44999998807907104,-38.455755681885854,1.4270015071815578e-06
grid-r003-c056,3,56,11.399999618530273,0.8000001907348633,0.44999998807907104,-38.50604934638419,1.4105713717071922e-06
grid-r003-c057,3,57,11.600000381469727,0.8000001907348633,0.44999998807907104,-38.55134100236731,1.3959372608951526e-06
grid-r004-c000,4,0,0.19999980926513672,1.0000004768371582,0.44999998807907104,-35.76533072759994,2.6513491775403963e-06
grid-r004-c001,4,1,0.40000009536743164,1.0000004768371582,0.44999998807907104,-35.22779335850389,3.0006867746124044e-06
grid-r004-c002,4,2,0.5999999046325684,1.0000004768371582,0.44999998807907104,-34.6204810213457,3.4510551358835073e-06
grid-r004-c003,4,3,0.7999997138977051,1.0000004768371582,0.44999998807907104,-34.583295056585676,3.4807312658813316e-06
grid-r004-c004,4,4,1.0,1.0000004768371582,0.44999998807907104,-34.93453203585146,3.210308705092757e-06
grid-r004-c005,4,5,1.1999998092651367,1.0000004768371582,0.44999998807907104,-35.19849324085422,3.0209996566554764e-06
grid-r004-c006,4,6,1.4000000953674316,1.0000004768371582,0.44999998807907104,-35.114558641545194,3.079953330598073e-06
grid-r004-c007,4,7,1.5999999046325684,1.0000004768371582,0.44999998807907104,-34.78353648755209,3.323887767692213e-06
grid-r004-c008,4,8,1.799999713897705,1.0000004768371582,0.44999998807907104,-34.25833230653175,3.751170197574538e-06
grid-r004-c009,4,9,2.0,1.0000004768371582,0.44999998807907104,-33.30745442583463,4.6693298827449325e-06
grid-r004-c010,4,10,2.200000047683716,1.0000004768371582,0.44999998807907104,-32.00513940773909,6.302111160039203e-06
grid-r004-c011,4,11,2.3999998569488525,1.0000004768371582,0.44999998807907104,-30.604813449336625,8.699988029547967e-06
grid-r004-c012,4,12,2.5999999046325684,1.0000004768371582,0.44999998807907104,-29.336786675004014,1.1649876796582248e-05
grid-r004-c013,4,13,2.799999952316284,1.0000004768371582,0.44999998807907104,-28.300953913546174,1.4787835425522644e-05
grid-r004-c014,4,14,3.0,1.0000004768371582,0.44999998807907104,-27.69668468166323,1.6995405530906282e-05
grid-r004-c015,4,15,3.200000047683716,1.0000004768371582,0.44999998807907104,-27.61732786087221,1.730881012917962e-05
grid-r004-c016,4,16,3.3999998569488525,1.0000004768371582,0.44999998807907104,-28.006525251183447,1.5825136870262213e-05
grid-r004-c017,4,17,3.5999999046325684,1.0000004768371582,0.44999998807907104,-28.917367151207507,1.2831082131015137e-05
grid-r004-c018,4,18,3.799999952316284,1.0000004768371582,0.44999998807907104,-30.05602407028214,9.8718282970367e-06
grid-r004-c019,4,19,4.0,1.0000004768371582,0.44999998807907104,-31.491506044451334,7.093317435646895e-06
grid-r004-c020,4,20,4.199999809265137,1.0000004768371582,0.44999998807907104,-32.937928744075045,5.084018539491808e-06
grid-r004-c021,4,21,4.400000095367432,1.0000004768371582,0.44999998807907104,-34.180939287117084,3.8186167330422904e-06
grid-r004-c022,4,22,4.599999904632568,1.0000004768371582,0.44999998807907104,-35.11851391399225,3.0771495858061826e-06
grid-r004-c023,4,23,4.800000190734863,1.0000004768371582,0.44999998807907104,-35.79931226066136,2.6306845484214136e-06
grid-r004-c024,4,24,5.0,1.0000004768371582,0.44999998807907104,-36.23876757249679,2.377514874751796e-06
grid-r004-c025,4,25,5.199999809265137,1.0000004768371582,0.44999998807907104,-36.44910098059505,2.265113153043785e-06
grid-r004-c026,4,26,5.400000095367432,1.0000004768371582,0.44999998807907104,-36.46464720991568,2.2570193323190324e-06
grid-r004-c027,4,27,5.599999904632568,1.0000004768371582,0.44999998807907104,-36.42329427242994,2.278613010275876e-06
grid-r004-c028,4,28,5.800000190734863,1.0000004768371582,0.44999998807907104,-36.38372424310606,2.299469088029582e-06
grid-r004-c029,4,29,6.0,1.0000004768371582,0.44999998807907104,-36.32891838415749,2.3286711439141072e-06
grid-r004-c030,4,30,6.199999809265137,1.0000004768371582,0.44999998807907104,-36.30087219679052,2.343758069400792e-06
grid-r004-c031,4,31,6.400000095367432,1.0000004768371582,0.44999998807907104,-36.28930889780368,2.350006752749323e-06
grid-r004-c032,4,32,6.599999904632568,1.0000004768371582,0.44999998807907104,-36.30294516279439,2.3426396182912868e-06
grid-r004-c033,4,33,6.800000190734863,1.0000004768371582,0.44999998807907104,-36.35058485996734,2.317082589797792e-06
grid-r004-c034,4,34,7.0,1.0000004768371582,0.44999998807907104,-36.71629996402377,2.129952918039635e-06
grid-r004-c035,4,35,7.199999809265137,1.0000004768371582,0.44999998807907104,-37.45118611954349,1.7983796851694933e-06
grid-r004-c036,4,36,7.400000095367432,1.0000004768371582,0.44999998807907104,-38.34458322448704,1.464002025386435e-06
grid-r004-c037,4,37,7.599999904632568,1.0000004768371582,0.44999998807907104,-38.76288770435552,1.3295700682647293e-06
grid-r004-c038,4,38,7.800000190734863,1.0000004768371582,0.44999998807907104,-38.27157647021729,1.48882054418209e-06
grid-r004-c039,4,39,8.0,1.0000004768371582,0.44999998807907104,-37.978909246363955,1.592608668943285e-06
grid-r004-c040,4,40,8.199999809265137,1.0000004768371582,0.44999998807907104,-37.75361549195652,1.677406999078812e-06
grid-r004-c041,4,41,8.399999618530273,1.0000004768371582,0.44999998807907104,-37.82549915003398,1.6498713648616103e-06
grid-r004-c042,4,42,8.600000381469727,1.0000004768371582,0.44999998807907104,-37.90779244784788,1.618902729205729e-06
grid-r004-c043,4,43,8.800000190734863,1.0000004768371582,0.44999998807907104,-38.00808693991467,1.5819447298781597e-06
grid-r004-c044,4,44,9.0,1.0000004768371582,0.44999998807907104,-38.26543473982788,1.4909275023455848e-06
grid-r004-c045,4,45,9.199999809265137,1.0000004768371582,0.44999998807907104,-38.69814947470267,1.3495377970684785e-06
grid-r004-c046,4,46,9.399999618530273,1.0000004768371582,0.44999998807907104,-39.18091652921799,1.2075589665982989e-06
grid-r004-c047,4,47,9.600000381469727,1.0000004768371582,0.44999998807907104,-39.64166856916107,1.086008296624641e-06
grid-r004-c048,4,48,9.800000190734863,1.0000004768371582,0.44999998807907104,-39.97768135748061,1.0051522849607863e-06
grid-r004-c049,4,49,10.0,1.0000004768371582,0.44999998807907104,-40.014344972634845,9.967023970602895e-07
grid-r004-c050,4,50,10.200000762939453,1.0000004768371582,0.44999998807907104,-40.0564437131512,9.870874464468216e-07
grid-r004-c051,4,51,10.399999618530273,1.0000004768371582,0.44999998807907104,-40.039162409910574,9.910230573950685e-07
grid-r004-c052,4,52,10.600000381469727,1.0000004768371582,0.44999998807907104,-39.902913013748496,1.0226068525298615e-06
grid-r004-c053,4,53,10.800000190734863,1.0000004768371582,0.44999998807907104,-39.52887042543669,1.114584392780671e-06
grid-r004-c054,4,54,11.0,1.0000004768371582,0.44999998807907104,-39.09272670930665,1.2323308737904881e-06
grid-r004-c055,4,55,11.200000762939453,1.0000004768371582,0.44999998807907104,-38.83043032162222,1.3090522088532452e-06
grid-r004-c056,4,56,11.399999618530273,1.0000004768371582,0.44999998807907104,-38.63556894238894,1.3691250160263735e-06
grid-r004-c057,4,57,11.600000381469727,1.0000004768371582,0.44999998807907104,-38.454744801587175,1.4273337001213804e-06
grid-r005-c000,5,0,0.19999980926513672,1.200000286102295,0.44999998807907104,-36.13922150923757,2.4326400307472795e-06
grid-r005-c001,5,1,0.40000009536743164,1.200000286102295,0.44999998807907104,-35.58574104383762,2.7632863748294767e-06
grid-r005-c002,5,2,0.5999999046325684,1.200000286102295,0.44999998807907104,-35.28817981261817,2.9592524697363842e-06
grid-r005-c003,5,3,0.7999997138977051,1.200000286102295,0.44999998807907104,-34.8804685808703,3.2505222407053225e-06
grid-r005-c004,5,4,1.0,1.200000286102295,0.44999998807907104,-34.54414406161106,3.5122513963870006e-06
grid-r005-c005,5,5,1.1999998092651367,1.200000286102295,0.44999998807907104,-34.53273787537651,3.521487997204531e-06
grid-r005-c006,5,6,1.4000000953674316,1.200000286102295,0.44999998807907104,-34.80888407634977,3.304544407001231e-06
grid-r005-c007,5,7,1.5999999046325684,1.200000286102295,0.44999998807907104,-34.91444990199745,3.2251878110400867e-06
grid-r005-c008,5,8,1.799999713897705,1.200000286102295,0.44999998807907104,-34.79390487894679,3.3159617487399373e-06
grid-r005-c009,5,9,2.0,1.200000286102295,0.44999998807907104,-34.074502310703465,3.913359705620678e-06
grid-r005-c010,5,10,2.200000047683716,1.200000286102295,0.44999998807907104,-32.94387393320249,5.0770636335073505e-06
grid-r005-c011,5,11,2.3999998569488525,1.200000286102295,0.44999998807907104,-31.755469023925713,6.675028089375701e-06
grid-r005-c012,5,12,2.5999999046325684,1.200000286102295,0.44999998807907104,-30.629732339238885,8.650212294014636e-06
grid-r005-c013,5,13,2.799999952316284,1.200000286102295,0.44999998807907104,-29.695020286185347,1.0727486369432881e-05
grid-r005-c014,5,14,3.0,1.200000286102295,0.44999998807907104,-29.17245991471799,1.2099126251996495e-05
grid-r005-c015,5,15,3.200000047683716,1.200000286102295,0.44999998807907104,-29.066004278914292,1.2399368642945774e-05
grid-r005-c016,5,16,3.3999998569488525,1.200000286102295,0.44999998807907104,-29.402820706038604,1.147408147517126e-05
grid-r005-c017,5,17,3.5999999046325684,1.200000286102295,0.44999998807907104,-30.17446138771127,9.606249477656092e-06
grid-r005-c018,5,18,3.799999952316284,1.200000286102295,0.44999998807907104,-31.23446519520833,7.525813998654485e-06
grid-r005-c019,5,19,4.0,1.200000286102295,0.44999998807907104,-32.33294655958037,5.843934559379704e-06
grid-r005-c020,5,20,4.199999809265137,1.200000286102295,0.44999998807907104,-33.45529588123989,4.513052772381343e-06
grid-r005-c021,5,21,4.400000095367432,1.200000286102295,0.44999998807907104,-34.43509466154787,3.601559001253918e-06
grid-r005-c022,5,22,4.599999904632568,1.200000286102295,0.44999998807907104,-35.12897869420097,3.069743797823321e-06
grid-r005-c023,5,23,4.800000190734863,1.200000286102295,0.44999998807907104,-35.56562614517812,2.7761145702243084e-06
grid-r005-c024,5,24,5.0,1.200000286102295,0.44999998807907104,-35.77608112585751,2.6447942218510434e-06
grid-r005-c025,5,25,5.199999809265137,1.200000286102295,0.44999998807907104,-35.85974401844769,2.594332272565225e-06
grid-r005-c026,5,26,5.400000095367432,1.200000286102295,0.44999998807907104,-35.92476467498527,2.555780383772799e-06
grid-r005-c027,5,27,5.599999904632568,1.200000286102295,0.44999998807907104,-35.9686447861682,2.530087385821389e-06
grid-r005-c028,5,28,5.800000190734863,1.200000286102295,0.44999998807907104,-35.99669251375593,2.5138001547020394e-06
grid-r005-c029,5,29,6.0,1.200000286102295,0.44999998807907104,-36.00096574875808,2.511327920728945e-06
grid-r005-c030,5,30,6.199999809265137,1.200000286102295,0.44999998807907104,-36.018226790417465,2.5013664526341017e-06
grid-r005-c031,5,31,6.400000095367432,1.200000286102295,0.44999998807907104,-36.0658673690601,2.4740772914810805e-06
grid-r005-c032,5,32,6.599999904632568,1.200000286102295,0.44999998807907104,-36.11665434599487,2.44531361204281e-06
grid-r005-c033,5,33,6.800000190734863,1.200000286102295,0.44999998807907104,-36.19150523903385,2.403529606453958e-06
grid-r005-c034,5,34,7.0,1.200000286102295,0.44999998807907104,-36.26079887184658,2.3654845335840946e-06
grid-r005-c035,5,35,7.199999809265137,1.200000286102295,0.44999998807907104,-36.36645627333877,2.3086302007868653e-06
grid-r005-c036,5,36,7.400000095367432,1.200000286102295,0.44999998807907104,-36.49511492527991,2.2412407361116493e-06
grid-r005-c037,5,37,7.599999904632568,1.200000286102295,0.44999998807907104,-36.797539013733754,2.090480393235339e-06
grid-r005-c038,5,38,7.800000190734863,1.200000286102295,0.44999998807907104,-37.505435057251006,1.7760553419066127e-06
grid-r005-c039,5,39,8.0,1.200000286102295,0.44999998807907104,-38.42630363232415,1.4367117273650365e-06
grid-r005-c040,5,40,8.199999809265137,1.200000286102295,0.44999998807907104,-38.95410711564578,1.2722993005809258e-06
grid-r005-c041,5,41,8.399999618530273,1.200000286102295,0.44999998807907104,-38.53426745390297,1.401435952175234e-06
grid-r005-c042,5,42,8.600000381469727,1.200000286102295,0.44999998807907104,-38.15219232352565,1.5303147620215896e-06
grid-r005-c043,5,43,8.800000190734863,1.200000286102295,0.44999998807907104,-37.915394055251284,1.6160715858859476e-06
grid-r005-c044,5,44,9.0,1.200000286102295,0.44999998807907104,-38.00015824294603,1.5848354451009072e-06
grid-r005-c045,5,45,9.199999809265137,1.200000286102295,0.44999998807907104,-38.117118541324366,1.542723680358904e-06
grid-r005-c046,5,46,9.399999618530273,1.200000286102295,0.44999998807907104,-38.22738865433987,1.5040460539239575e-06
grid-r005-c047,5,47,9.600000381469727,1.200000286102295,0.44999998807907104,-38.33013081350436,1.4688820328956353e-06
grid-r005-c048,5,48,9.800000190734863,1.200000286102295,0.44999998807907104,-38.528393186561296,1.4033328170626191e-06
grid-r005-c049,5,49,10.0,1.200000286102295,0.44999998807907104,-38.97023008928649,1.2675847074206104e-06
grid-r005-c050,5,50,10.200000762939453,1.200000286102295,0.44999998807907104,-39.46573115246139,1.130906980506552e-06
grid-r005-c051,5,51,10.399999618530273,1.200000286102295,0.44999998807907104,-39.95630279595855,1.0101124416905805e-06
grid-r005-c052,5,52,10.600000381469727,1.200000286102295,0.44999998807907104,-40.36276313676468,9.198641350849357e-07
grid-r005-c054,5,54,11.0,1.200000286102295,0.44999998807907104,-40.282246404012064,9.370771749672713e-07
grid-r005-c055,5,55,11.200000762939453,1.200000286102295,0.44999998807907104,-40.39368067915683,9.133388516602281e-07
grid-r005-c056,5,56,11.399999618530273,1.200000286102295,0.44999998807907104,-40.48409565694628,8.945207810029387e-07
grid-r005-c057,5,57,11.600000381469727,1.200000286102295,0.44999998807907104,-40.63620390964438,8.63733191636129e-07
grid-r006-c000,6,0,0.19999980926513672,1.4000005722045898,0.44999998807907104,-35.06478865805788,3.1154525004239986e-06
grid-r006-c001,6,1,0.40000009536743164,1.4000005722045898,0.44999998807907104,-35.507284728317636,2.8136594210081967e-06
grid-r006-c002,6,2,0.5999999046325684,1.4000005722045898,0.44999998807907104,-35.58495958104123,2.763783641057671e-06
grid-r006-c003,6,3,0.7999997138977051,1.4000005722045898,0.44999998807907104,-35.68151971308267,2.703012341953581e-06
grid-r006-c004,6,4,1.0,1.4000005722045898,0.44999998807907104,-35.760255832304615,2.6544491902313894e-06
grid-r006-c005,6,5,1.1999998092651367,1.4000005722045898,0.44999998807907104,-35.428615615296756,2.8650911190197803e-06
grid-r006-c006,6,6,1.4000000953674316,1.4000005722045898,0.44999998807907104,-35.01237654846297,3.15327861244441e-06
grid-r006-c007,6,7,1.5999999046325684,1.4000005722045898,0.44999998807907104,-34.65535991315569,3.4234501526952954e-06
grid-r006-c008,6,8,1.799999713897705,1.4000005722045898,0.44999998807907104,-34.671989025993526,3.4103668440366164e-06
grid-r006-c009,6,9,2.0,1.4000005722045898,0.44999998807907104,-34.47644126442039,3.567433395801345e-06
grid-r006-c010,6,10,2.200000047683716,1.4000005722045898,0.44999998807907104,-33.81368830690067,4.155575425102143e-06
grid-r006-c011,6,11,2.3999998569488525,1.4000005722045898,0.44999998807907104,-33.03272606930335,4.974247531208675e-06
grid-r006-c012,6,12,2.5999999046325684,1.4000005722045898,0.44999998807907104,-32.072600061214715,6.204974397405749e-06
grid-r006-c013,6,13,2.799999952316284,1.4000005722045898,0.44999998807907104,-31.331301864237624,7.35986441213754e-06
grid-r006-c014,6,14,3.0,1.4000005722045898,0.44999998807907104,-30.911377692849356,8.107038411253598e-06
grid-r006-c015,6,15,3.200000047683716,1.4000005722045898,0.44999998807907104,-30.81175750529514,8.295150109915994e-06
grid-r006-c016,6,16,3.3999998569488525,1.4000005722045898,0.44999998807907104,-31.106795991526504,7.750333679723553e-06
grid-r006-c017,6,17,3.5999999046325684,1.4000005722045898,0.44999998807907104,-31.737987843566472,6.701950496790232e-06
grid-r006-c018,6,18,3.799999952316284,1.4000005722045898,0.44999998807907104,-32.73088673166634,5.332260116119869e-06
grid-r006-c019,6,19,4.0,1.4000005722045898,0.44999998807907104,-33.528618429586885,4.43749786427361e-06
grid-r006-c020,6,20,4.199999809265137,1.4000005722045898,0.44999998807907104,-34.40528538263341,3.6263645597500727e-06
grid-r006-c021,6,21,4.400000095367432,1.4000005722045898,0.44999998807907104,-35.117425542121836,3.077920837313286e-06
grid-r006-c022,6,22,4.599999904632568,1.4000005722045898,0.44999998807907104,-35.60373243624731,2.751862666627858e-06
grid-r006-c023,6,23,4.800000190734863,1.4000005722045898,0.44999998807907104,-35.863524522215414,2.5920749067154247e-06
grid-r006-c024,6,24,5.0,1.4000005722045898,0.44999998807907104,-35.95911263018423,2.535646672185976e-06
grid-r006-c025,6,25,5.199999809265137,1.4000005722045898,0.44999998807907104,-35.96402853209543,2.5327781258965842e-06
grid-r006-c026,6,26,5.400000095367432,1.4000005722045898,0.44999998807907104,-35.914477075618805,2.5618417112127645e-06
grid-r006-c027,6,27,5.599999904632568,1.4000005722045898,0.44999998807907104,-35.82358435538177,2.616023039081483e-06
grid-r006-c028,6,28,5.800000190734863,1.4000005722045898,0.44999998807907104,-35.77184327098613,2.6473762773093767e-06
grid-r006-c029,6,29,6.0,1.4000005722045898,0.44999998807907104,-35.79577887039435,2.6328257263230626e-06
grid-r006-c030,6,30,6.199999809265137,1.4000005722045898,0.44999998807907104,-35.82372364420187,2.6159391381952446e-06
grid-r006-c031,6,31,6.400000095367432,1.4000005722045898,0.44999998807907104,-35.81440605325716,2.621557541715447e-06
grid-r006-c032,6,32,6.599999904632568,1.4000005722045898,0.44999998807907104,-35.826347940517024,2.614358891150914e-06
grid-r006-c033,6,33,6.800000190734863,1.4000005722045898,0.44999998807907104,-35.83755774031098,2.6076195354107767e-06
grid-r006-c034,6,34,7.0,1.4000005722045898,0.44999998807907104,-35.8461161601419,2.6024858925666194e-06
grid-r006-c035,6,35,7.199999809265137,1.4000005722045898,0.44999998807907104,-35.89484219037573,2.5734502742125187e-06
grid-r006-c036,6,36,7.400000095367432,1.4000005722045898,0.44999998807907104,-35.95667622514382,2.5370695766469e-06
grid-r006-c037,6,37,7.599999904632568,1.4000005722045898,0.44999998807907104,-36.037340656654315,2.4903818029997637e-06
grid-r006-c038,6,38,7.800000190734863,1.4000005722045898,0.44999998807907104,-36.163422727147235,2.4191217562474776e-06
grid-r006-c039,6,39,8.0,1.4000005722045898,0.44999998807907104,-36.32996294314603,2.3281111225514906e-06
grid-r006-c040,6,40,8.199999809265137,1.4000005722045898,0.44999998807907104,-36.619292169705545,2.178064733016072e-06
grid-r006-c041,6,41,8.399999618530273,1.4000005722045898,0.44999998807907104,-37.25716000734657,1.880546165011765e-06
grid-r006-c042,6,42,8.600000381469727,1.4000005722045898,0.44999998807907104,-38.01653764465061,1.57886950091779e-06
grid-r006-c043,6,43,8.800000190734863,1.4000005722045898,0.44999998807907104,-38.60419882929561,1.3790503317068215e-06
grid-r006-c044,6,44,9.0,1.4000005722045898,0.44999998807907104,-38.374420540015265,1.4539783705913578e-06
grid-r006-c045,6,45,9.199999809265137,1.4000005722045898,0.44999998807907104,-38.10544791953453,1.5468749552383088e-06
grid-r006-c046,6,46,9.399999618530273,1.4000005722045898,0.44999998807907104,-37.8841282427776,1.6277480199278216e-06
grid-r006-c047,6,47,9.600000381469727,1.4000005722045898,0.44999998807907104,-38.04132773235666,1.5698827837695717e-06
grid-r006-c048,6,48,9.800000190734863,1.4000005722045898,0.44999998807907104,-38.233939328683476,1.5017791383797885e-06
grid-r006-c049,6,49,10.0,1.4000005722045898,0.44999998807907104,-38.440047225562076,1.43217232562165e-06
grid-r006-c050,6,50,10.200000762939453,1.4000005722045898,0.44999998807907104,-38.661435291670884,1.3609948155135498e-06
grid-r006-c051,6,51,10.399999618530273,1.4000005722045898,0.44999998807907104,-38.88707610425922,1.2920888821099652e-06
grid-r006-c052,6,52,10.600000381469727,1.4000005722045898,0.44999998807907104,-39.12621173754389,1.222865876115975e-06
grid-r006-c053,6,53,10.800000190734863,1.4000005722045898,0.44999998807907104,-39.40544713616805,1.1467144531707163e-06
grid-r006-c054,6,54,11.0,1.4000005722045898,0.44999998807907104,-39.78211891575551,1.0514487485124846e-06
grid-r006-c055,6,55,11.200000762939453,1.4000005722045898,0.44999998807907104,-40.25748877835899,9.424343829778081e-07
grid-r006-c056,6,56,11.399999618530273,1.4000005722045898,0.44999998807907104,-40.7480513228105,8.417727599407954e-07
grid-r006-c057,6,57,11.600000381469727,1.4000005722045898,0.44999998807907104,-40.83917034862367,8.242955686910136e-07
grid-r007-c000,7,0,0.19999980926513672,1.6000003814697266,0.44999998807907104,-34.93531923994263,3.2097268558572978e-06
grid-r007-c001,7,1,0.40000009536743164,1.6000003814697266,0.44999998807907104,-34.87347280451055,3.2557625218032626e-06
grid-r007-c002,7,2,0.5999999046325684,1.6000003814697266,0.44999998807907104,-35.35250430791859,2.915745199061348e-06
grid-r007-c003,7,3,0.7999997138977051,1.6000003814697266,0.44999998807907104,-35.71098479777649,2.6847355911741033e-06
grid-r007-c004,7,4,1.0,1.6000003814697266,0.44999998807907104,-35.82930302103683,2.6125806016352726e-06
grid-r007-c005,7,5,1.1999998092651367,1.6000003814697266,0.44999998807907104,-35.91516902010131,2.561433575465344e-06
grid-r007-c006,7,6,1.4000000953674316,1.6000003814697266,0.44999998807907104,-35.98860716425919,2.518484507163521e-06
grid-r007-c007,7,7,1.5999999046325684,1.6000003814697266,0.44999998807907104,-35.842768567210605,2.6044926926260814e-06
grid-r007-c008,7,8,1.799999713897705,1.6000003814697266,0.44999998807907104,-35.49090459273629,2.8242916414455976e-06
grid-r007-c009,7,9,2.0,1.6000003814697266,0.44999998807907104,-34.892504027209384,3.241526655983762e-06
grid-r007-c010,7,10,2.200000047683716,1.6000003814697266,0.44999998807907104,-34.32987004407805,3.6898863982059993e-06
grid-r007-c011,7,11,2.3999998569488525,1.6000003814697266,0.44999998807907104,-33.78866536346188,4.1795879042183515e-06
grid-r007-c012,7,12,2.5999999046325684,1.6000003814697266,0.44999998807907104,-33.29196534632096,4.686012744059553e-06
grid-r007-c013,7,13,2.799999952316284,1.6000003814697266,0.44999998807907104,-32.94768929686521,5.0726052904792596e-06
grid-r007-c014,7,14,3.0,1.6000003814697266,0.44999998807907104,-32.6875976870945,5.385676104197046e-06
grid-r007-c015,7,15,3.200000047683716,1.6000003814697266,0.44999998807907104,-32.607556656606775,5.48585512660793e-06
grid-r007-c016,7,16,3.3999998569488525,1.6000003814697266,0.44999998807907104,-32.83383866497341,5.20734238307341e-06
grid-r007-c017,7,17,3.5999999046325684,1.6000003814697266,0.44999998807907104,-33.337325734172005,4.6373238546948414e-06
grid-r007-c018,7,18,3.799999952316284,1.6000003814697266,0.44999998807907104,-34.109711929545725,3.881761131196981e-06
grid-r007-c019,7,19,4.0,1.6000003814697266,0.44999998807907104,-34.73008695885501,3.3650483146629995e-06
grid-r007-c020,7,20,4.199999809265137,1.6000003814697266,0.44999998807907104,-35.24659131431848,2.9877267024858156e-06
grid-r007-c021,7,21,4.400000095367432,1.6000003814697266,0.44999998807907104,-35.71911916236345,2.679711769815185e-06
grid-r007-c022,7,22,4.599999904632568,1.6000003814697266,0.44999998807907104,-35.974321770618126,2.5267822820751462e-06
grid-r007-c023,7,23,4.800000190734863,1.6000003814697266,0.44999998807907104,-36.09112599907974,2.459729785186937e-06
grid-r007-c024,7,24,5.0,1.6000003814697266,0.44999998807907104,-36.126029492797116,2.440040589135606e-06
grid-r007-c025,7,25,5.199999809265137,1.6000003814697266,0.44999998807907104,-36.100875032114146,2.4542143819417106e-06
grid-r007-c026,7,26,5.400000095367432,1.6000003814697266,0.44999998807907104,-36.03062375124281,2.494236468919553e-06
grid-r007-c027,7,27,5.599999904632568,1.6000003814697266,0.44999998807907104,-35.95687434125929,2.536953843446099e-06
grid-r007-c028,7,28,5.800000190734863,1.6000003814697266,0.44999998807907104,-35.86460505313192,2.5914300749718677e-06
grid-r007-c029,7,29,6.0,1.6000003814697266,0.44999998807907104,-35.81461322863852,2.621432486193953e-06
grid-r007-c030,7,30,6.199999809265137,1.6000003814697266,0.44999998807907104,-35.76123171397391,2.6538527890807018e-06
grid-r007-c031,7,31,6.400000095367432,1.6000003814697266,0.44999998807907104,-35.78798758658426,2.6375532797828782e-06
grid-r007-c032,7,32,6.599999904632568,1.6000003814697266,0.44999998807907104,-35.83915457775979,2.606660927995108e-06
grid-r007-c033,7,33,6.800000190734863,1.6000003814697266,0.44999998807907104,-35.916332660556606,2.5607473617128562e-06
grid-r007-c034,7,34,7.0,1.6000003814697266,0.44999998807907104,-35.99050646894921,2.5173833364533493e-06
grid-r007-c035,7,35,7.199999809265137,1.6000003814697266,0.44999998807907104,-36.06147001786881,2.4765836315054912e-06
grid-r007-c036,7,36,7.400000095367432,1.6000003814697266,0.44999998807907104,-36.122267058265074,2.4421553916909033e-06
grid-r007-c037,7,37,7.599999904632568,1.6000003814697266,0.44999998807907104,-36.20339895763727,2.396956233496894e-06
grid-r007-c038,7,38,7.800000190734863,1.6000003814697266,0.44999998807907104,-36.315006430971664,2.336142642889172e-06
grid-r007-c039,7,39,8.0,1.6000003814697266,0.44999998807907104,-36.411137211717566,2.2850003915664274e-06
grid-r007-c040,7,40,8.199999809265137,1.6000003814697266,0.44999998807907104,-36.51475545190027,2.2311278371489607e-06
grid-r007-c041,7,41,8.399999618530273,1.6000003814697266,0.44999998807907104,-36.593947119239516,2.1908128928771475e-06
grid-r007-c042,7,42,8.600000381469727,1.6000003814697266,0.44999998807907104,-36.71300308132017,2.131570454366738e-06
grid-r007-c043,7,43,8.800000190734863,1.6000003814697266,0.44999998807907104,-36.92563964480571,2.0297195533203194e-06
grid-r007-c044,7,44,9.0,1.6000003814697266,0.44999998807907104,-37.507840385610734,1.7750719507603208e-06
grid-r007-c045,7,45,9.199999809265137,1.6000003814697266,0.44999998807907104,-38.17987223410278,1.520592263659637e-06
grid-r007-c046,7,46,9.399999618530273,1.6000003814697266,0.44999998807907104,-38.765441485367084,1.3287884712553932e-06
grid-r007-c047,7,47,9.600000381469727,1.6000003814697266,0.44999998807907104,-38.57331176293129,1.3888931107430835e-06
grid-r007-c048,7,48,9.800000190734863,1.6000003814697266,0.44999998807907104,-38.25751168114156,1.4936499610485043e-06
grid-r007-c049,7,49,10.0,1.6000003814697266,0.44999998807907104,-38.00319274341006,1.5837284763620119e-06
grid-r007-c050,7,50,10.200000762939453,1.6000003814697266,0.44999998807907104,-37.99682140093519,1.5860535995670944e-06
grid-r007-c051,7,51,10.399999618530273,1.6000003814697266,0.44999998807907104,-38.068833810772475,1.5599713378833258e-06
grid-r007-c052,7,52,10.600000381469727,1.6000003814697266,0.44999998807907104,-38.01756878733624,1.5784946754138218e-06
grid-r007-c053,7,53,10.800000190734863,1.6000003814697266,0.44999998807907104,-38.127822067903395,1.5389261989184888e-06
grid-r007-c054,7,54,11.0,1.6000003814697266,0.44999998807907104,-38.24131358666533,1.4992313026596094e-06
grid-r007-c055,7,55,11.200000762939453,1.6000003814697266,0.44999998807907104,-38.3534802356693,1.4610059224651195e-06
grid-r007-c056,7,56,11.399999618530273,1.6000003814697266,0.44999998807907104,-38.51766821334537,1.4068026530367206e-06
grid-r007-c057,7,57,11.600000381469727,1.6000003814697266,0.44999998807907104,-38.877605988654125,1.2949094525538385e-06
grid-r008-c000,8,0,0.19999980926513672,1.8000001907348633,0.44999998807907104,-37.010988208739974,1.9902204257959966e-06
grid-r008-c001,8,1,0.40000009536743164,1.8000001907348633,0.44999998807907104,-36.08609947823663,2.46257832259289e-06
grid-r008-c002,8,2,0.5999999046325684,1.8000001907348633,0.44999998807907104,-35.47799673735804,2.8326983283477603e-06
grid-r008-c003,8,3,0.7999997138977051,1.8000001907348633,0.44999998807907104,-35.357312337070354,2.912518993980484e-06
grid-r008-c004,8,4,1.0,1.8000001907348633,0.44999998807907104,-35.849978616949,2.6001723654189846e-06
grid-r008-c005,8,5,1.1999998092651367,1.8000001907348633,0.44999998807907104,-36.071867998414206,2.4706612293812213e-06
grid-r008-c006,8,6,1.4000000953674316,1.8000001907348633,0.44999998807907104,-36.16406608876374,2.418763415334979e-06
grid-r008-c007,8,7,1.5999999046325684,1.8000001907348633,0.44999998807907104,-36.2372834095375,2.37832750826783e-06
grid-r008-c008,8,8,1.799999713897705,1.8000001907348633,0.44999998807907104,-36.350254590695954,2.3172588043962605e-06
grid-r008-c009,8,9,2.0,1.8000001907348633,0.44999998807907104,-36.13767804776086,2.43350473283499e-06
grid-r008-c010,8,10,2.200000047683716,1.8000001907348633,0.44999998807907104,-35.59939912499229,2.754609795374563e-06
grid-r008-c011,8,11,2.3999998569488525,1.8000001907348633,0.44999998807907104,-34.84204967155492,3.27940483657585e-06
grid-r008-c012,8,12,2.5999999046325684,1.8000001907348633,0.44999998807907104,-34.29179118065032,3.722381507031969e-06
grid-r008-c013,8,13,2.799999952316284,1.8000001907348633,0.44999998807907104,-34.00736427594644,3.974326773459325e-06
grid-r008-c014,8,14,3.0,1.8000001907348633,0.44999998807907104,-33.82075676566789,4.148817424720619e-06
grid-r008-c015,8,15,3.200000047683716,1.8000001907348633,0.44999998807907104,-33.93696268436267,4.039277882839087e-06
grid-r008-c016,8,16,3.3999998569488525,1.8000001907348633,0.44999998807907104,-34.246881317234184,3.761073912755819e-06
grid-r008-c017,8,17,3.5999999046325684,1.8000001907348633,0.44999998807907104,-34.76057808066206,3.3415055895602563e-06
grid-r008-c018,8,18,3.799999952316284,1.8000001907348633,0.44999998807907104,-35.247189577274526,2.9873151561332634e-06
grid-r008-c019,8,19,4.0,1.8000001907348633,0.44999998807907104,-35.81014532966404,2.624130729600438e-06
grid-r008-c020,8,20,4.199999809265137,1.8000001907348633,0.44999998807907104,-35.958771108507825,2.5358460788993398e-06
grid-r008-c021,8,21,4.400000095367432,1.8000001907348633,0.44999998807907104,-36.20561055752778,2.3957359189807903e-06
grid-r008-c022,8,22,4.599999904632568,1.8000001907348633,0.44999998807907104,-36.32368071871266,2.33148125516891e-06
grid-r008-c023,8,23,4.800000190734863,1.8000001907348633,0.44999998807907104,-36.35090108969649,2.316913878530613e-06
grid-r008-c024,8,24,5.0,1.8000001907348633,0.44999998807907104,-36.32281339913254,2.331946916456218e-06
grid-r008-c025,8,25,5.199999809265137,1.8000001907348633,0.44999998807907104,-36.21827505994076,2.3887598672445165e-06
grid-r008-c026,8,26,5.400000095367432,1.8000001907348633,0.44999998807907104,-36.15800651231073,2.4221405965363374e-06
grid-r008-c027,8,27,5.599999904632568,1.8000001907348633,0.44999998807907104,-36.09972404011814,2.4548648980271537e-06
grid-r008-c028,8,28,5.800000190734863,1.8000001907348633,0.44999998807907104,-36.02420460391712,2.4979258341772947e-06
grid-r008-c029,8,29,6.0,1.8000001907348633,0.44999998807907104,-36.00176206561838,2.5108674890361726e-06
grid-r008-c030,8,30,6.199999809265137,1.8000001907348633,0.44999998807907104,-35.951225545277616,2.540255763960886e-06
grid-r008-c031,8,31,6.400000095367432,1.8000001907348633,0.44999998807907104,-35.934387386613764,2.550123781475122e-06
grid-r008-c032,8,32,6.599999904632568,1.8000001907348633,0.44999998807907104,-35.93202092589766,2.5515137167531066e-06
grid-r008-c033,8,33,6.800000190734863,1.8000001907348633,0.44999998807907104,-35.98204697491524,2.5222916519851424e-06
grid-r008-c034,8,34,7.0,1.8000001907348633,0.44999998807907104,-36.03113409793351,2.4939433842519065e-06
grid-r008-c035,8,35,7.199999809265137,1.8000001907348633,0.44999998807907104,-36.09825406231208,2.4556959488108987e-06
grid-r008-c036,8,36,7.400000095367432,1.8000001907348633,0.44999998807907104,-36.17997097415417,2.409921535218018e-06
grid-r008-c037,8,37,7.599999904632568,1.8000001907348633,0.44999998807907104,-36.31524652727695,2.33601349464152e-06
grid-r008-c038,8,38,7.800000190734863,1.8000001907348633,0.44999998807907104,-36.54198413546371,2.2171832370077027e-06
grid-r008-c039,8,39,8.0,1.8000001907348633,0.44999998807907104,-36.65027152209313,2.162583314202493e-06
grid-r008-c040,8,40,8.199999809265137,1.8000001907348633,0.44999998807907104,-36.79216634384786,2.0930681330355583e-06
grid-r008-c041,8,41,8.399999618530273,1.8000001907348633,0.44999998807907104,-36.88263641516315,2.049917384283617e-06
grid-r008-c042,8,42,8.600000381469727,1.8000001907348633,0.44999998807907104,-36.94709298401569,2.0197178400849225e-06
grid-r008-c043,8,43,8.800000190734863,1.8000001907348633,0.44999998807907104,-37.02065824413923,1.9857939150824677e-06
grid-r008-c044,8,44,9.0,1.8000001907348633,0.44999998807907104,-37.10553037595471,1.9473632164590526e-06
grid-r008-c045,8,45,9.199999809265137,1.8000001907348633,0.44999998807907104,-37.1544219764218,1.925563310578582e-06
grid-r008-c046,8,46,9.399999618530273,1.8000001907348633,0.44999998807907104,-37.28580252543962,1.868184426712105e-06
grid-r008-c047,8,47,9.600000381469727,1.8000001907348633,0.44999998807907104,-37.80700857133509,1.6569108538533328e-06
grid-r008-c048,8,48,9.800000190734863,1.8000001907348633,0.44999998807907104,-38.39071334180772,1.4485339079328696e-06
grid-r008-c049,8,49,10.0,1.8000001907348633,0.44999998807907104,-38.937211822006745,1.2772585478160181e-06
grid-r008-c050,8,50,10.200000762939453,1.8000001907348633,0.44999998807907104,-38.80548702045538,1.316592260991456e-06
grid-r008-c051,8,51,10.399999618530273,1.8000001907348633,0.44999998807907104,-38.39781227044203,1.4461680848398828e-06
grid-r008-c052,8,52,10.600000381469727,1.8000001907348633,0.44999998807907104,-38.014376698523776,1.5796553043401218e-06
grid-r008-c053,8,53,10.800000190734863,1.8000001907348633,0.44999998807907104,-37.97218336944763,1.5950770375638967e-06
grid-r008-c054,8,54,11.0,1.8000001907348633,0.44999998807907104,-37.9666461851705,1.5971120319591137e-06
grid-r008-c055,8,55,11.200000762939453,1.8000001907348633,0.44999998807907104,-37.95433534513172,1.601645749360614e-06
grid-r008-c056,8,56,11.399999618530273,1.8000001907348633,0.44999998807907104,-37.95099932054227,1.6028765230657882e-06
grid-r008-c057,8,57,11.600000381469727,1.8000001907348633,0.44999998807907104,-38.01352380845374,1.579965555720264e-06
grid-r009-c000,9,0,0.19999980926513672,2.000000476837158,0.44999998807907104,-37.02693431799727,1.9829262782877777e-06
grid-r009-c001,9,1,0.40000009536743164,2.000000476837158,0.44999998807907104,-37.09511373864246,1.9520396108418936e-06
grid-r009-c002,9,2,0.5999999046325684,2.000000476837158,0.44999998807907104,-36.79539453043595,2.0915128970955266e-06
grid-r009-c003,9,3,0.7999997138977051,2.000000476837158,0.44999998807907104,-36.435356390224584,2.2722931589669315e-06
grid-r009-c004,9,4,1.0,2.000000476837158,0.44999998807907104,-36.09220323698513,2.459119741615723e-06
grid-r009-c005,9,5,1.1999998092651367,2.000000476837158,0.44999998807907104,-36.07542499874333,2.4686385131644784e-06
grid-r009-c006,9,6,1.4000000953674316,2.000000476837158,0.44999998807907104,-36.20803030831936,2.394401462879614e-06
grid-r009-c007,9,7,1.5999999046325684,2.000000476837158,0.44999998807907104,-36.34468598580633,2.3202319425763562e-06
grid-r009-c008,9,8,1.799999713897705,2.000000476837158,0.44999998807907104,-36.493289498329425,2.242182972622686e-06
grid-r009-c009,9,9,2.0,2.000000476837158,0.44999998807907104,-36.47931282020089,2.249410499644e-06
grid-r009-c010,9,10,2.200000047683716,2.000000476837158,0.44999998807907104,-36.366730457181845,2.308484454260906e-06
grid-r009-c011,9,11,2.3999998569488525,2.000000476837158,0.44999998807907104,-36.11890421696395,2.444047140670591e-06
grid-r009-c012,9,12,2.5999999046325684,2.000000476837158,0.44999998807907104,-35.94031364519466,2.5466463284828933e-06
grid-r009-c013,9,13,2.799999952316284,2.000000476837158,0.44999998807907104,-35.36607086464724,2.9066511615383206e-06
grid-r009-c014,9,14,3.0,2.000000476837158,0.44999998807907104,-34.995850792420306,3.1653003134124447e-06
grid-r009-c015,9,15,3.200000047683716,2.000000476837158,0.44999998807907104,-34.891535406870126,3.2422497042716714e-06
grid-r009-c016,9,16,3.3999998569488525,2.000000476837158,0.44999998807907104,-35.02536095300587,3.143865114907385e-06
grid-r009-c017,9,17,3.5999999046325684,2.000000476837158,0.44999998807907104,-35.27241261151069,2.9700156574108405e-06
grid-r009-c018,9,18,3.799999952316284,2.000000476837158,0.44999998807907104,-35.729232594141294,2.6734787752502598e-06
grid-r009-c019,9,19,4.0,2.000000476837158,0.44999998807907104,-36.424960447398846,2.2777389858674724e-06
grid-r009-c020,9,20,4.199999809265137,2.000000476837158,0.44999998807907104,-36.59204319037208,2.191773546655895e-06
grid-r009-c021,9,21,4.400000095367432,2.000000476837158,0.44999998807907104,-36.596744366449386,2.1894022665946977e-06
grid-r009-c022,9,22,4.599999904632568,2.000000476837158,0.44999998807907104,-36.63679577880745,2.169304025301244e-06
grid-r009-c023,9,23,4.800000190734863,2.000000476837158,0.44999998807907104,-36.56697670079426,2.2044605429982767e-06
grid-r009-c024,9,24,5.0,2.000000476837158,0.44999998807907104,-36.499621869202954,2.2389160676539177e-06
grid-r009-c025,9,25,5.199999809265137,2.000000476837158,0.44999998807907104,-36.43148218545262,2.2743211047782097e-06
grid-r009-c026,9,26,5.400000095367432,2.000000476837158,0.44999998807907104,-36.28344015867434,2.3531845272373175e-06
grid-r009-c027,9,27,5.599999904632568,2.000000476837158,0.44999998807907104,-36.20680933863273,2.3950747163326014e-06
grid-r009-c028,9,28,5.800000190734863,2.000000476837158,0.44999998807907104,-36.178944255812326,2.410491333648679e-06
grid-r009-c029,9,29,6.0,2.000000476837158,0.44999998807907104,-36.14843401696676,2.427485242151306e-06
grid-r009-c030,9,30,6.199999809265137,2.000000476837158,0.44999998807907104,-36.12686850580629,2.439569243506412e-06
grid-r009-c031,9,31,6.400000095367432,2.000000476837158,0.44999998807907104,-36.12286755088901,2.44181774178287e-06
grid-r009-c032,9,32,6.599999904632568,2.000000476837158,0.44999998807907104,-36.14320628059667,2.4304090402438305e-06
grid-r009-c033,9,33,6.800000190734863,2.000000476837158,0.44999998807907104,-36.168819139451244,2.4161176952475216e-06
grid-r009-c034,9,34,7.0,2.000000476837158,0.44999998807907104,-36.22375914509255,2.38574534705549e-06
grid-r009-c035,9,35,7.199999809265137,2.000000476837158,0.44999998807907104,-36.24927169304155,2.3717714157101e-06
grid-r009-c036,9,36,7.400000095367432,2.000000476837158,0.44999998807907104,-36.283474568627554,2.353165882595931e-06
grid-r009-c037,9,37,7.599999904632568,2.000000476837158,0.44999998807907104,-36.38165572044446,2.3005645743978675e-06
grid-r009-c038,9,38,7.800000190734863,2.000000476837158,0.44999998807907104,-36.49373036733125,2.2419553715735674e-06
grid-r009-c039,9,39,8.0,2.000000476837158,0.44999998807907104,-36.5924631095607,2.191561634390382e-06
grid-r009-c040,9,40,8.199999809265137,2.000000476837158,0.44999998807907104,-36.69753784576851,2.139174512194586e-06
grid-r009-c041,9,41,8.399999618530273,2.000000476837158,0.44999998807907104,-36.794443287523535,2.0919710550515447e-06
grid-r009-c042,9,42,8.600000381469727,2.000000476837158,0.44999998807907104,-36.91957763064035,2.032554675679421e-06
grid-r009-c043,9,43,8.800000190734863,2.000000476837158,0.44999998807907104,-37.04883413522108,1.972952304640785e-06
grid-r009-c044,9,44,9.0,2.000000476837158,0.44999998807907104,-37.146523498492215,1.9290685031592147e-06
grid-r009-c045,9,45,9.199999809265137,2.000000476837158,0.44999998807907104,-37.29164612649467,1.8656724023458082e-06
grid-r009-c046,9,46,9.399999618530273,2.000000476837158,0.44999998807907104,-37.38250263384157,1.8270470718562137e-06
grid-r009-c047,9,47,9.600000381469727,2.000000476837158,0.44999998807907104,-37.463020556146276,1.793485807866091e-06
grid-r009-c048,9,48,9.800000190734863,2.000000476837158,0.44999998807907104,-37.52326053106274,1.7687805211608065e-06
grid-r009-c049,9,49,10.0,2.000000476837158,0.44999998807907104,-37.586254898347384,1.743309553603467e-06
grid-r009-c050,9,50,10.200000762939453,2.000000476837158,0.44999998807907104,-37.95525500506875,1.6013066215236904e-06
grid-r009-c051,9,51,10.399999618530273,2.000000476837158,0.44999998807907104,-38.27705312244315,1.4869442566123325e-06
grid-r009-c052,9,52,10.600000381469727,2.000000476837158,0.44999998807907104,-38.756560429210296,1.3315085425347206e-06
grid-r009-c053,9,53,10.800000190734863,2.000000476837158,0.44999998807907104,-38.70577327136395,1.3471708371071145e-06
grid-r009-c054,9,54,11.0,2.000000476837158,0.44999998807907104,-38.399359131362054,1.4456530834650039e-06
grid-r009-c055,9,55,11.200000762939453,2.000000476837158,0.44999998807907104,-38.12008954281504,1.5416686665048474e-06
grid-r009-c056,9,56,11.399999618530273,2.000000476837158,0.44999998807907104,-38.010444922374575,1.5810860531928483e-06
grid-r009-c057,9,57,11.600000381469727,2.000000476837158,0.44999998807907104,-38.10244034542386,1.5479465673706727e-06
grid-r010-c000,10,0,0.19999980926513672,2.200000286102295,0.44999998807907104,-37.0041619246983,1.9933511339331744e-06
grid-r010-c001,10,1,0.40000009536743164,2.200000286102295,0.44999998807907104,-37.0679186975238,1.964301418411196e-06
grid-r010-c002,10,2,0.5999999046325684,2.200000286102295,0.44999998807907104,-37.17197231448728,1.9177975900674937e-06
grid-r010-c003,10,3,0.7999997138977051,2.200000286102295,0.44999998807907104,-37.16168190902365,1.9223471099394374e-06
grid-r010-c004,10,4,1.0,2.200000286102295,0.44999998807907104,-36.699314496957555,2.1382995782914804e-06
grid-r010-c005,10,5,1.1999998092651367,2.200000286102295,0.44999998807907104,-36.67779205692709,2.1489227037818637e-06
grid-r010-c006,10,6,1.4000000953674316,2.200000286102295,0.44999998807907104,-36.8282229155382,2.075762722597574e-06
grid-r010-c007,10,7,1.5999999046325684,2.200000286102295,0.44999998807907104,-36.95885803341193,2.014253823290346e-06
grid-r010-c008,10,8,1.799999713897705,2.200000286102295,0.44999998807907104,-36.84007629147498,2.07010498343152e-06
grid-r010-c009,10,9,2.0,2.200000286102295,0.44999998807907104,-36.7072675422041,2.134387386831804e-06
grid-r010-c010,10,10,2.200000047683716,2.200000286102295,0.44999998807907104,-36.63115903157302,2.172121412513661e-06
grid-r010-c011,10,11,2.3999998569488525,2.200000286102295,0.44999998807907104,-36.62825730689092,2.1735731934313662e-06
grid-r010-c012,10,12,2.5999999046325684,2.200000286102295,0.44999998807907104,-36.6265162939878,2.17444471672934e-06
grid-r010-c013,10,13,2.799999952316284,2.200000286102295,0.44999998807907104,-36.5053517844957,2.2359640752256382e-06
grid-r010-c014,10,14,3.0,2.200000286102295,0.44999998807907104,-36.44901466376833,2.265158173031523e-06
grid-r010-c015,10,15,3.200000047683716,2.200000286102295,0.44999998807907104,-36.20673677576016,2.3951147340994794e-06
grid-r010-c016,10,16,3.3999998569488525,2.200000286102295,0.44999998807907104,-36.02048942760856,2.500063601473812e-06
grid-r010-c017,10,17,3.5999999046325684,2.200000286102295,0.44999998807907104,-35.82318236798497,2.61626519204583e-06
grid-r010-c018,10,18,3.799999952316284,2.200000286102295,0.44999998807907104,-35.9111722970802,2.563791895227041e-06
grid-r010-c019,10,19,4.0,2.200000286102295,0.44999998807907104,-36.22198923518772,2.386717824265361e-06
grid-r010-c020,10,20,4.199999809265137,2.200000286102295,0.44999998807907104,-36.35314306005748,2.315718120371457e-06
grid-r010-c021,10,21,4.400000095367432,2.200000286102295,0.44999998807907104,-36.38023219786918,2.3013187728793127e-06
grid-r010-c022,10,22,4.599999904632568,2.200000286102295,0.44999998807907104,-36.543587770687765,2.216364691776107e-06
grid-r010-c023,10,23,4.800000190734863,2.200000286102295,0.44999998807907104,-36.72440032136679,2.1259838831610978e-06
grid-r010-c024,10,24,5.0,2.200000286102295,0.44999998807907104,-36.57808418621087,2.198829633925925e-06
grid-r010-c025,10,25,5.199999809265137,2.200000286102295,0.44999998807907104,-36.50721763511309,2.235003648820566e-06
grid-r010-c026,10,26,5.400000095367432,2.200000286102295,0.44999998807907104,-36.46747751716039,2.255548906759941e-06
grid-r010-c027,10,27,5.599999904632568,2.200000286102295,0.44999998807907104,-36.36215415383792,2.3109182620828506e-06
grid-r010-c028,10,28,5.800000190734863,2.200000286102295,0.44999998807907104,-36.296171129514406,2.3462964691134403e-06
grid-r010-c029,10,29,6.0,2.200000286102295,0.44999998807907104,-36.27383659792194,2.3583938855153974e-06
grid-r010-c030,10,30,6.199999809265137,2.200000286102295,0.44999998807907104,-36.27613380232633,2.3571467409055913e-06
grid-r010-c031,10,31,6.400000095367432,2.200000286102295,0.44999998807907104,-36.27092506207444,2.3599754968017805e-06
grid-r010-c032,10,32,6.599999904632568,2.200000286102295,0.44999998807907104,-36.295984269992445,2.346397423025337e-06
grid-r010-c033,10,33,6.800000190734863,2.200000286102295,0.44999998807907104,-36.29976890078569,2.344353561056778e-06
grid-r010-c034,10,34,7.0,2.200000286102295,0.44999998807907104,-36.374877033350934,2.304158215338248e-06
grid-r010-c035,10,35,7.199999809265137,2.200000286102295,0.44999998807907104,-36.408057480369735,2.2866213384986622e-06
grid-r010-c036,10,36,7.400000095367432,2.200000286102295,0.44999998807907104,-36.429505366512025,2.275356564496178e-06
grid-r010-c037,10,37,7.599999904632568,2.200000286102295,0.44999998807907104,-36.57631917404898,2.1997234398440924e-06
grid-r010-c038,10,38,7.800000190734863,2.200000286102295,0.44999998807907104,-36.68185242834734,2.146914539480349e-06
grid-r010-c039,10,39,8.0,2.200000286102295,0.44999998807907104,-36.736522897419015,2.120057843058021e-06
grid-r010-c040,10,40,8.199999809265137,2.200000286102295,0.44999998807907104,-36.81354861910609,2.0827883417950943e-06
grid-r010-c041,10,41,8.399999618530273,2.200000286102295,0.44999998807907104,-36.86487398433438,2.058318614217569e-06
grid-r010-c042,10,42,8.600000381469727,2.200000286102295,0.44999998807907104,-36.97533342357018,2.006627028094954e-06
grid-r010-c043,10,43,8.800000190734863,2.200000286102295,0.44999998807907104,-37.0633022648348,1.9663905277411686e-06
grid-r010-c044,10,44,9.0,2.200000286102295,0.44999998807907104,-37.17437498102937,1.916736891871551e-06
grid-r010-c045,10,45,9.199999809265137,2.200000286102295,0.44999998807907104,-37.21868841175797,1.8972788211613079e-06
grid-r010-c046,10,46,9.399999618530273,2.200000286102295,0.44999998807907104,-37.30469882118746,1.860073552961694e-06
grid-r010-c047,10,47,9.600000381469727,2.200000286102295,0.44999998807907104,-37.35901054004219,1.8369568124398938e-06
grid-r010-c048,10,48,9.800000190734863,2.200000286102295,0.44999998807907104,-37.44521859892939,1.8008524875767762e-06
grid-r010-c050,10,50,10.200000762939453,2.200000286102295,0.44999998807907104,-37.53172641033987,1.7653359236646793e-06
grid-r010-c051,10,51,10.399999618530273,2.200000286102295,0.44999998807907104,-37.60294151564371,1.7366241991112474e-06
grid-r010-c052,10,52,10.600000381469727,2.200000286102295,0.44999998807907104,-37.68165954679966,1.705430577203515e-06
grid-r010-c053,10,53,10.800000190734863,2.200000286102295,0.44999998807907104,-38.011612367988846,1.580661091793445e-06
grid-r010-c054,10,54,11.0,2.200000286102295,0.44999998807907104,-38.48026477209616,1.418971010025416e-06
grid-r010-c055,10,55,11.200000762939453,2.200000286102295,0.44999998807907104,-39.00124381863819,1.258564907402615e-06
grid-r010-c056,10,56,11.399999618530273,2.200000286102295,0.44999998807907104,-38.942039145542296,1.2758396223944146e-06
grid-r010-c057,10,57,11.600000381469727,2.200000286102295,0.44999998807907104,-38.59635798500683,1.3815423471896793e-06
grid-r011-c000,11,0,0.19999980926513672,2.40000057220459,0.44999998807907104,-37.03240914956284,1.980428123715683e-06
grid-r011-c001,11,1,0.40000009536743164,2.40000057220459,0.44999998807907104,-37.10154350559232,1.949151737790089e-06
grid-r011-c002,11,2,0.5999999046325684,2.40000057220459,0.44999998807907104,-37.14480695792477,1.9298311144666513e-06
grid-r011-c003,11,3,0.7999997138977051,2.40000057220459,0.44999998807907104,-37.24510631878491,1.8857728036891785e-06
grid-r011-c004,11,4,1.0,2.40000057220459,0.44999998807907104,-37.36741505845558,1.8334053493163083e-06
grid-r011-c005,11,5,1.1999998092651367,2.40000057220459,0.44999998807907104,-37.073243634505616,1.961894440682954e-06
grid-r011-c006,11,6,1.4000000953674316,2.40000057220459,0.44999998807907104,-36.813240932445936,2.082935907310457e-06
grid-r011-c007,11,7,1.5999999046325684,2.40000057220459,0.44999998807907104,-36.88959792365263,2.046634108410217e-06
grid-r011-c008,11,8,1.799999713897705,2.40000057220459,0.44999998807907104,-37.21226617385754,1.9000865449925186e-06
grid-r011-c009,11,9,2.0,2.40000057220459,0.44999998807907104,-37.61977383581932,1.7299064438702771e-06
grid-r011-c010,11,10,2.200000047683716,2.40000057220459,0.44999998807907104,-37.298444015529654,1.8627544022820075e-06
grid-r011-c011,11,11,2.3999998569488525,2.40000057220459,0.44999998807907104,-37.01928202500791,1.9864232854160946e-06
grid-r011-c012,11,12,2.5999999046325684,2.40000057220459,0.44999998807907104,-36.806693656449866,2.086078438878758e-06
grid-r011-c013,11,13,2.799999952316284,2.40000057220459,0.44999998807907104,-36.86818501785818,2.0567499632306863e-06
grid-r011-c014,11,14,3.0,2.40000057220459,0.44999998807907104,-36.86551209416877,2.0580162072292296e-06
grid-r011-c015,11,15,3.200000047683716,2.40000057220459,0.44999998807907104,-36.922384678296545,2.031241365330061e-06
grid-r011-c016,11,16,3.3999998569488525,2.40000057220459,0.44999998807907104,-37.008011762038024,1.9915848952223314e-06
grid-r011-c017,11,17,3.5999999046325684,2.40000057220459,0.44999998807907104,-36.970204781377525,2.008998080782476e-06
grid-r011-c018,11,18,3.799999952316284,2.40000057220459,0.44999998807907104,-36.64398435576966,2.1657162960764254e-06
grid-r011-c019,11,19,4.0,2.40000057220459,0.44999998807907104,-36.51216619652295,2.2324584278976545e-06
grid-r011-c020,11,20,4.199999809265137,2.40000057220459,0.44999998807907104,-36.58824188610065,2.1936928078503115e-06
grid-r011-c021,11,21,4.400000095367432,2.40000057220459,0.44999998807907104,-36.35428815195793,2.315107622052892e-06
grid-r011-c022,11,22,4.599999904632568,2.40000057220459,0.44999998807907104,-36.24631208395171,2.373388269916177e-06
grid-r011-c023,11,23,4.800000190734863,2.40000057220459,0.44999998807907104,-36.224712472351904,2.3852217054809444e-06
grid-r011-c024,11,24,5.0,2.40000057220459,0.44999998807907104,-36.40788819951453,2.286710468979436e-06
grid-r011-c025,11,25,5.199999809265137,2.40000057220459,0.44999998807907104,-36.502178940895185,2.2375982098310487e-06
grid-r011-c026,11,26,5.400000095367432,2.40000057220459,0.44999998807907104,-36.58880820054463,2.193406771766604e-06
grid-r011-c027,11,27,5.599999904632568,2.40000057220459,0.44999998807907104,-36.53372899952309,2.221401700808201e-06
grid-r011-c028,11,28,5.800000190734863,2.40000057220459,0.44999998807907104,-36.45283386248244,2.2631670617556665e-06
grid-r011-c029,11,29,6.0,2.40000057220459,0.44999998807907104,-36.40768913021639,2.2868152882438153e-06
grid-r011-c030,11,30,6.199999809265137,2.40000057220459,0.44999998807907104,-36.36411208804317,2.309876663275645e-06
grid-r011-c031,11,31,6.400000095367432,2.40000057220459,0.44999998807907104,-36.397604250538194,2.292131739523029e-06
grid-r011-c032,11,32,6.599999904632568,2.40000057220459,0.44999998807907104,-36.38520088987796,2.2986873773334082e-06
grid-r011-c033,11,33,6.800000190734863,2.40000057220459,0.44999998807907104,-36.442092237338024,2.2687715954816667e-06
grid-r011-c034,11,34,7.0,2.40000057220459,0.44999998807907104,-36.453847558576946,2.262638872707612e-06
grid-r011-c035,11,35,7.199999809265137,2.40000057220459,0.44999998807907104,-36.52121584921063,2.2278113647189457e-06
grid-r011-c036,11,36,7.400000095367432,2.40000057220459,0.44999998807907104,-36.56650996990358,2.2046974663680885e-06
grid-r011-c037,11,37,7.599999904632568,2.40000057220459,0.44999998807907104,-36.7014148190917,2.13726571018924e-06
grid-r011-c038,11,38,7.800000190734863,2.40000057220459,0.44999998807907104,-36.76733118777502,2.1050716441095574e-06
grid-r011-c039,11,39,8.0,2.40000057220459,0.44999998807907104,-36.83512293049671,2.072467395919375e-06
grid-r011-c040,11,40,8.199999809265137,2.40000057220459,0.44999998807907104,-36.89384394125302,2.044634129561018e-06
grid-r011-c041,11,41,8.399999618530273,2.40000057220459,0.44999998807907104,-36.96028290966496,2.013593075389508e-06
grid-r011-c042,11,42,8.600000381469727,2.40000057220459,0.44999998807907104,-36.97706548664356,2.005826900131069e-06
grid-r011-c043,11,43,8.800000190734863,2.40000057220459,0.44999998807907104,-37.011981638252976,1.989765223697759e-06
grid-r011-c044,11,44,9.0,2.40000057220459,0.44999998807907104,-37.07325672098602,1.9618885289673926e-06
grid-r011-c045,11,45,9.199999809265137,2.40000057220459,0.44999998807907104,-37.1913985405743,1.9092383354291087e-06
grid-r011-c046,11,46,9.399999618530273,2.40000057220459,0.44999998807907104,-37.29611320176535,1.8637543917066068e-06
grid-r011-c047,11,47,9.600000381469727,2.40000057220459,0.44999998807907104,-37.37761544673566,1.8291042351847864e-06
grid-r011-c048,11,48,9.800000190734863,2.40000057220459,0.44999998807907104,-37.45241405714958,1.7978712776312022e-06
grid-r011-c049,11,49,10.0,2.40000057220459,0.44999998807907104,-37.507785590473034,1.775094347067352e-06
grid-r011-c050,11,50,10.200000762939453,2.40000057220459,0.44999998807907104,-37.46908869173986,1.7909816278915969e-06
grid-r011-c051,11,51,10.399999618530273,2.40000057220459,0.44999998807907104,-37.514623352605206,1.7723017435855581e-06
grid-r011-c052,11,52,10.600000381469727,2.40000057220459,0.44999998807907104,-37.60492074829465,1.735832938720705e-06
grid-r011-c053,11,53,10.800000190734863,2.40000057220459,0.44999998807907104,-37.68415002888348,1.704452870399109e-06
grid-r011-c054,11,54,11.0,2.40000057220459,0.44999998807907104,-37.81468998091951,1.6539828493478126e-06
grid-r011-c055,11,55,11.200000762939453,2.40000057220459,0.44999998807907104,-37.93117325564262,1.6102105746540474e-06
grid-r011-c056,11,56,11.399999618530273,2.40000057220459,0.44999998807907104,-38.380764029365494,1.4518561783916084e-06
grid-r011-c057,11,57,11.600000381469727,2.40000057220459,0.44999998807907104,-38.90876554347617,1.285652047045005e-06
grid-r012-c000,12,0,0.19999980926513672,2.6000003814697266,0.44999998807907104,-37.03721247081643,1.9782389699685154e-06
grid-r012-c001,12,1,0.40000009536743164,2.6000003814697266,0.44999998807907104,-37.04947883274828,1.972659447346814e-06
grid-r012-c002,12,2,0.5999999046325684,2.6000003814697266,0.44999998807907104,-37.13589636096241,1.9337946923769778e-06
grid-r012-c003,12,3,0.7999997138977051,2.6000003814697266,0.44999998807907104,-37.22468651196507,1.8946602722280659e-06
grid-r012-c004,12,4,1.0,2.6000003814697266,0.44999998807907104,-37.3052876043209,1.8598213955556275e-06
grid-r012-c005,12,5,1.1999998092651367,2.6000003814697266,0.44999998807907104,-37.443610354591144,1.801519488253689e-06
grid-r012-c006,12,6,1.4000000953674316,2.6000003814697266,0.44999998807907104,-37.46723046288171,1.791748104551516e-06
grid-r012-c007,12,7,1.5999999046325684,2.6000003814697266,0.44999998807907104,-36.93588489312755,2.0249369754310464e-06
grid-r012-c008,12,8,1.799999713897705,2.6000003814697266,0.44999998807907104,-37.027358125533844,1.9827327832899755e-06
grid-r012-c009,12,9,2.0,2.6000003814697266,0.44999998807907104,-37.1000431683866,1.949825218616752e-06
grid-r012-c010,12,10,2.200000047683716,2.6000003814697266,0.44999998807907104,-37.583756789512144,1.7443126125726849e-06
grid-r012-c011,12,11,2.3999998569488525,2.6000003814697266,0.44999998807907104,-38.34257401258956,1.464679485252418e-06
grid-r012-c012,12,12,2.5999999046325684,2.6000003814697266,0.44999998807907104,-37.83735602512198,1.6453731177534792e-06
grid-r012-c013,12,13,2.799999952316284,2.6000003814697266,0.44999998807907104,-37.55148423086765,1.7573229342815466e-06
grid-r012-c014,12,14,3.0,2.6000003814697266,0.44999998807907104,-37.17215665210404,1.917716190291685e-06
grid-r012-c015,12,15,3.200000047683716,2.6000003814697266,0.44999998807907104,-37.2353748557874,1.8900030909207999e-06
grid-r012-c016,12,16,3.3999998569488525,2.6000003814697266,0.44999998807907104,-37.22157405947443,1.8960186025651637e-06
grid-r012-c017,12,17,3.5999999046325684,2.6000003814697266,0.44999998807907104,-37.2460455736823,1.8853650090022711e-06
grid-r012-c018,12,18,3.799999952316284,2.6000003814697266,0.44999998807907104,-37.24072302320244,1.8876770582210156e-06
grid-r012-c019,12,19,4.0,2.6000003814697266,0.44999998807907104,-37.30831108681565,1.858527070908167e-06
grid-r012-c020,12,20,4.199999809265137,2.6000003814697266,0.44999998807907104,-37.36192266298303,1.835725470300531e-06
grid-r012-c021,12,21,4.400000095367432,2.6000003814697266,0.44999998807907104,-36.8573063424445,2.061908389805467e-06
grid-r012-c022,12,22,4.599999904632568,2.6000003814697266,0.44999998807907104,-36.379074669134525,2.3019322270556586e-06
grid-r012-c023,12,23,4.800000190734863,2.6000003814697266,0.44999998807907104,-36.22401660147662,2.3856039206293644e-06
grid-r012-c024,12,24,5.0,2.6000003814697266,0.44999998807907104,-36.178822999441095,2.41055863625661e-06
grid-r012-c025,12,25,5.199999809265137,2.6000003814697266,0.44999998807907104,-36.14865531515566,2.427361550871865e-06
grid-r012-c026,12,26,5.400000095367432,2.6000003814697266,0.44999998807907104,-36.109037274968216,2.4496061996615026e-06
grid-r012-c027,12,27,5.599999904632568,2.6000003814697266,0.44999998807907104,-36.2587843084104,2.366582066315459e-06
grid-r012-c028,12,28,5.800000190734863,2.6000003814697266,0.44999998807907104,-36.444109630815554,2.267717945869663e-06
grid-r012-c029,12,29,6.0,2.6000003814697266,0.44999998807907104,-36.5934567495906,2.1910602754360298e-06
grid-r012-c030,12,30,6.199999809265137,2.6000003814697266,0.44999998807907104,-36.541628743151826,2.2173646812007064e-06
grid-r012-c031,12,31,6.400000095367432,2.6000003814697266,0.44999998807907104,-36.49734268593305,2.2400913621822838e-06
grid-r012-c032,12,32,6.599999904632568,2.6000003814697266,0.44999998807907104,-36.514662509328346,2.2311755856208038e-06
grid-r012-c033,12,33,6.800000190734863,2.6000003814697266,0.44999998807907104,-36.569235365623356,2.2033143523003673e-06
grid-r012-c034,12,34,7.0,2.6000003814697266,0.44999998807907104,-36.58727149027905,2.194183025494567e-06
grid-r012-c035,12,35,7.199999809265137,2.6000003814697266,0.44999998807907104,-36.676819823049875,2.1494038264791016e-06
grid-r012-c036,12,36,7.400000095367432,2.6000003814697266,0.44999998807907104,-36.738063490721366,2.11930591831333e-06
grid-r012-c037,12,37,7.599999904632568,2.6000003814697266,0.44999998807907104,-36.83562706643809,2.072226834570756e-06
grid-r012-c038,12,38,7.800000190734863,2.6000003814697266,0.44999998807907104,-36.85045900076897,2.065161879727384e-06
grid-r012-c039,12,39,8.0,2.6000003814697266,0.44999998807907104,-36.877924930835206,2.0521424630715046e-06
grid-r012-c040,12,40,8.199999809265137,2.6000003814697266,0.44999998807907104,-36.93575712930826,2.0249965473340126e-06
grid-r012-c041,12,41,8.399999618530273,2.6000003814697266,0.44999998807907104,-36.99002938849976,1.9998483367089648e-06
grid-r012-c042,12,42,8.600000381469727,2.6000003814697266,0.44999998807907104,-37.042955687130494,1.975624627448269e-06
grid-r012-c043,12,43,8.800000190734863,2.6000003814697266,0.44999998807907104,-37.11828188734862,1.941653863468673e-06
grid-r012-c044,12,44,9.0,2.6000003814697266,0.44999998807907104,-37.166150141004124,1.920370323205134e-06
grid-r012-c045,12,45,9.199999809265137,2.6000003814697266,0.44999998807907104,-37.243283377243486,1.8865645188270719e-06
grid-r012-c046,12,46,9.399999618530273,2.6000003814697266,0.44999998807907104,-37.3003281826449,1.86194642992632e-06
grid-r012-c047,12,47,9.600000381469727,2.6000003814697266,0.44999998807907104,-37.38449365567702,1.8262096546095563e-06
grid-r012-c048,12,48,9.800000190734863,2.6000003814697266,0.44999998807907104,-37.435883904713876,1.8047273897536797e-06
grid-r012-c049,12,49,10.0,2.6000003814697266,0.44999998807907104,-37.43092264714739,1.8067902374241385e-06
grid-r012-c050,12,50,10.200000762939453,2.6000003814697266,0.44999998807907104,-37.50652660534341,1.7756090073817177e-06
grid-r012-c051,12,51,10.399999618530273,2.6000003814697266,0.44999998807907104,-37.54593799106705,1.7595685903870617e-06
grid-r012-c052,12,52,10.600000381469727,2.6000003814697266,0.44999998807907104,-37.66854410674384,1.7105886627177824e-06
grid-r012-c053,12,53,10.800000190734863,2.6000003814697266,0.44999998807907104,-37.79407619697899,1.6618521385680651e-06
grid-r012-c054,12,54,11.0,2.6000003814697266,0.44999998807907104,-37.932310074447784,1.6097891375466133e-06
grid-r012-c055,12,55,11.200000762939453,2.6000003814697266,0.44999998807907104,-38.00564039995887,1.582836148372735e-06
grid-r012-c056,12,56,11.399999618530273,2.6000003814697266,0.44999998807907104,-37.97173673025104,1.595241087670729e-06
grid-r012-c057,12,57,11.600000381469727,2.6000003814697266,0.44999998807907104,-37.99859118056914,1.5854074035814847e-06
grid-r013-c000,13,0,0.19999980926513672,2.8000001907348633,0.44999998807907104,-37.071765619305154,1.962562237167731e-06
grid-r013-c001,13,1,0.40000009536743164,2.8000001907348633,0.44999998807907104,-37.069986830575075,1.963366230484098e-06
grid-r013-c002,13,2,0.5999999046325684,2.8000001907348633,0.44999998807907104,-37.127783248993566,1.9374106159375515e-06
grid-r013-c003,13,3,0.7999997138977051,2.8000001907348633,0.44999998807907104,-37.25142211366594,1.883032382465899e-06
grid-r013-c004,13,4,1.0,2.8000001907348633,0.44999998807907104,-37.33470230979442,1.8472674128133804e-06
grid-r013-c005,13,5,1.1999998092651367,2.8000001907348633,0.44999998807907104,-37.45184535146837,1.7981067230721237e-06
grid-r013-c006,13,6,1.4000000953674316,2.8000001907348633,0.44999998807907104,-37.57722484179577,1.7469380964030279e-06
grid-r013-c007,13,7,1.5999999046325684,2.8000001907348633,0.44999998807907104,-37.55285496507746,1.7567683698871406e-06
grid-r013-c008,13,8,1.799999713897705,2.8000001907348633,0.44999998807907104,-37.29077183665008,1.8660480236576404e-06
grid-r013-c009,13,9,2.0,2.8000001907348633,0.44999998807907104,-37.25504490200525,1.8814622535501258e-06
grid-r013-c010,13,10,2.200000047683716,2.8000001907348633,0.44999998807907104,-37.367076292541306,1.833548367358162e-06
grid-r013-c011,13,11,2.3999998569488525,2.8000001907348633,0.44999998807907104,-37.510342227850515,1.774049678715528e-06
grid-r013-c012,13,12,2.5999999046325684,2.8000001907348633,0.44999998807907104,-37.92947211003529,1.6108414229165646e-06
grid-r013-c013,13,13,2.799999952316284,2.8000001907348633,0.44999998807907104,-38.379038846637066,1.4524330254062079e-06
grid-r013-c014,13,14,3.0,2.8000001907348633,0.44999998807907104,-38.50377302848991,1.4113109045865713e-06
grid-r013-c015,13,15,3.200000047683716,2.8000001907348633,0.44999998807907104,-38.069558979765205,1.5597108813381055e-06
grid-r013-c016,13,16,3.3999998569488525,2.8000001907348633,0.44999998807907104,-37.60167198294906,1.7371319245285122e-06
grid-r013-c017,13,17,3.5999999046325684,2.8000001907348633,0.44999998807907104,-37.250073553773106,1.883617187559139e-06
grid-r013-c018,13,18,3.799999952316284,2.8000001907348633,0.44999998807907104,-37.22692089191462,1.8936857486551162e-06
grid-r013-c019,13,19,4.0,2.8000001907348633,0.44999998807907104,-37.20832553257988,1.901811401694431e-06
grid-r013-c020,13,20,4.199999809265137,2.8000001907348633,0.44999998807907104,-37.5594764345485,1.7540919543534983e-06
grid-r013-c021,13,21,4.400000095367432,2.8000001907348633,0.44999998807907104,-37.56805755484703,1.7506295080238488e-06
grid-r013-c022,13,22,4.599999904632568,2.8000001907348633,0.44999998807907104,-37.172403820963964,1.9176070509274723e-06
grid-r013-c023,13,23,4.800000190734863,2.8000001907348633,0.44999998807907104,-36.746221853118044,2.1153284706088016e-06
grid-r013-c024,13,24,5.0,2.8000001907348633,0.44999998807907104,-36.35613799581216,2.3141217297961703e-06
grid-r013-c025,13,25,5.199999809265137,2.8000001907348633,0.44999998807907104,-36.20337835924314,2.3969676021806663e-06
grid-r013-c026,13,26,5.400000095367432,2.8000001907348633,0.44999998807907104,-36.18684714437649,2.406108933428186e-06
grid-r013-c027,13,27,5.599999904632568,2.8000001907348633,0.44999998807907104,-36.11823680868862,2.4444227619824233e-06
grid-r013-c028,13,28,5.800000190734863,2.8000001907348633,0.44999998807907104,-36.04541046922418,2.4857586140569765e-06
grid-r013-c029,13,29,6.0,2.8000001907348633,0.44999998807907104,-36.11966426617505,2.4436194507870823e-06
grid-r013-c030,13,30,6.199999809265137,2.8000001907348633,0.44999998807907104,-36.34350683145296,2.3208619950310094e-06
grid-r013-c031,13,31,6.400000095367432,2.8000001907348633,0.44999998807907104,-36.54464248360033,2.215826498286333e-06
grid-r013-c032,13,32,6.599999904632568,2.8000001907348633,0.44999998807907104,-36.7013653826412,2.1372900391725125e-06
grid-r013-c033,13,33,6.800000190734863,2.8000001907348633,0.44999998807907104,-36.66078916779941,2.157352355425246e-06
grid-r013-c034,13,34,7.0,2.8000001907348633,0.44999998807907104,-36.65500876179713,2.160225676561822e-06
grid-r013-c035,13,35,7.199999809265137,2.8000001907348633,0.44999998807907104,-36.68678266004356,2.1444786852953257e-06
grid-r013-c036,13,36,7.400000095367432,2.8000001907348633,0.44999998807907104,-36.87789750306699,2.052155423371005e-06
grid-r013-c037,13,37,7.599999904632568,2.8000001907348633,0.44999998807907104,-36.8737886634272,2.0540978766803164e-06
grid-r013-c038,13,38,7.800000190734863,2.8000001907348633,0.44999998807907104,-36.95484235934938,2.0161171505606035e-06
grid-r013-c039,13,39,8.0,2.8000001907348633,0.44999998807907104,-36.99115830053411,1.9993285604869016e-06
grid-r013-c040,13,40,8.199999809265137,2.8000001907348633,0.44999998807907104,-37.03408980753317,1.979661874429439e-06
grid-r013-c041,13,41,8.399999618530273,2.8000001907348633,0.44999998807907104,-37.0967965764143,1.9512833659973694e-06
grid-r013-c042,13,42,8.600000381469727,2.8000001907348633,0.44999998807907104,-37.17489689332956,1.916506562338327e-06
grid-r013-c043,13,43,8.800000190734863,2.8000001907348633,0.44999998807907104,-37.19343319202535,1.9083440747635905e-06
grid-r013-c044,13,44,9.0,2.8000001907348633,0.44999998807907104,-37.26969247431146,1.8751272818917641e-06
grid-r013-c045,13,45,9.199999809265137,2.8000001907348633,0.44999998807907104,-37.336720199899915,1.8464093045622576e-06
grid-r013-c046,13,46,9.399999618530273,2.8000001907348633,0.44999998807907104,-37.43453947164259,1.8052861605610815e-06
grid-r013-c047,13,47,9.600000381469727,2.8000001907348633,0.44999998807907104,-37.48794713630471,1.783221478035557e-06
grid-r013-c048,13,48,9.800000190734863,2.8000001907348633,0.44999998807907104,-37.5139191482739,1.7725891439113184e-06
grid-r013-c049,13,49,10.0,2.8000001907348633,0.44999998807907104,-37.49036634355531,1.7822284235080588e-06
grid-r013-c050,13,50,10.200000762939453,2.8000001907348633,0.44999998807907104,-37.56689939888554,1.7510964198663714e-06
grid-r013-c051,13,51,10.399999618530273,2.8000001907348633,0.44999998807907104,-37.72239295357384,1.6895097587621422e-06
grid-r013-c052,13,52,10.600000381469727,2.8000001907348633,0.44999998807907104,-37.750125967486994,1.6787553249741904e-06
grid-r013-c053,13,53,10.800000190734863,2.8000001907348633,0.44999998807907104,-37.78149829523747,1.6666721194269485e-06
grid-r013-c054,13,54,11.0,2.8000001907348633,0.44999998807907104,-37.77103525513078,1.6706923133824603e-06
grid-r013-c055,13,55,11.200000762939453,2.8000001907348633,0.44999998807907104,-37.81455953262352,1.654032530495897e-06
grid-r013-c056,13,56,11.399999618530273,2.8000001907348633,0.44999998807907104,-37.882741361844445,1.6282679098367225e-06
grid-r013-c057,13,57,11.600000381469727,2.8000001907348633,0.44999998807907104,-38.00358557278734,1.5835852309464826e-06
grid-r014-c000,14,0,0.19999980926513672,3.000000476837158,0.44999998807907104,-37.10972291822308,1.9454842004051898e-06
grid-r014-c001,14,1,0.40000009536743164,3.000000476837158,0.44999998807907104,-37.1568888381395,1.9244698705733754e-06
grid-r014-c002,14,2,0.5999999046325684,3.000000476837158,0.44999998807907104,-37.26135967191642,1.8787285398502718e-06
grid-r014-c003,14,3,0.7999997138977051,3.000000476837158,0.44999998807907104,-37.34674493929073,1.842152187236934e-06
grid-r014-c004,14,4,1.0,3.000000476837158,0.44999998807907104,-37.40536774703949,1.8174531533077243e-06
grid-r014-c005,14,5,1.1999998092651367,3.000000476837158,0.44999998807907104,-37.52053531460594,1.7698907868179958e-06
grid-r014-c006,14,6,1.4000000953674316,3.000000476837158,0.44999998807907104,-37.5032222197127,1.7769605165085522e-06
grid-r014-c007,14,7,1.5999999046325684,3.000000476837158,0.44999998807907104,-37.485633325520325,1.784171786312072e-06
grid-r014-c008,14,8,1.799999713897705,3.000000476837158,0.44999998807907104,-37.56426952706752,1.7521571180623141e-06
grid-r014-c009,14,9,2.0,3.000000476837158,0.44999998807907104,-37.65494128551866,1.7159549088319181e-06
grid-r014-c010,14,10,2.200000047683716,3.000000476837158,0.44999998807907104,-37.476236029096135,1.7880365703604184e-06
grid-r014-c011,14,11,2.3999998569488525,3.000000476837158,0.44999998807907104,-37.26063833734605,1.8790406102198176e-06
grid-r014-c012,14,12,2.5999999046325684,3.000000476837158,0.44999998807907104,-37.452600804373056,1.7977939705815515e-06
grid-r014-c013,14,13,2.799999952316284,3.000000476837158,0.44999998807907104,-37.6872048462046,1.7032543837558478e-06
grid-r014-c014,14,14,3.0,3.000000476837158,0.44999998807907104,-38.29322633805046,1.4814171436228207e-06
grid-r014-c015,14,15,3.200000047683716,3.000000476837158,0.44999998807907104,-38.42434763506786,1.4373589465321857e-06
grid-r014-c016,14,16,3.3999998569488525,3.000000476837158,0.44999998807907104,-38.44186407215177,1.4315733096736949e-06
grid-r014-c017,14,17,3.5999999046325684,3.000000476837158,0.44999998807907104,-38.348968347295155,1.4625245512434049e-06
grid-r014-c018,14,18,3.799999952316284,3.000000476837158,0.44999998807907104,-37.82739086662786,1.6491528640472097e-06
grid-r014-c019,14,19,4.0,3.000000476837158,0.44999998807907104,-37.3458535925753,1.842530309659196e-06
grid-r014-c020,14,20,4.199999809265137,3.000000476837158,0.44999998807907104,-37.396193858957936,1.8212963368569035e-06
grid-r014-c021,14,21,4.400000095367432,3.000000476837158,0.44999998807907104,-37.562836029777515,1.7527355566926417e-06
grid-r014-c022,14,22,4.599999904632568,3.000000476837158,0.44999998807907104,-37.37866291323084,1.8286631302544265e-06
grid-r014-c023,14,23,4.800000190734863,3.000000476837158,0.44999998807907104,-37.1869027196206,1.9112158042844385e-06
grid-r014-c024,14,24,5.0,3.000000476837158,0.44999998807907104,-37.09863295933669,1.9504584543028614e-06
grid-r014-c025,14,25,5.199999809265137,3.000000476837158,0.44999998807907104,-36.86045536812035,2.0604138626367785e-06
grid-r014-c026,14,26,5.400000095367432,3.000000476837158,0.44999998807907104,-36.53514504639985,2.2206775156519143e-06
grid-r014-c027,14,27,5.599999904632568,3.000000476837158,0.44999998807907104,-36.26512538991355,2.363129169680178e-06
grid-r014-c028,14,28,5.800000190734863,3.000000476837158,0.44999998807907104,-36.204722403243295,2.3962259092513705e-06
grid-r014-c029,14,29,6.0,3.000000476837158,0.44999998807907104,-36.137844827180786,2.433411282254383e-06
grid-r014-c030,14,30,6.199999809265137,3.000000476837158,0.44999998807907104,-36.167554391973994,2.4168214167730184e-06
grid-r014-c031,14,31,6.400000095367432,3.000000476837158,0.44999998807907104,-36.17901758478766,2.4104506337607745e-06
grid-r014-c032,14,32,6.599999904632568,3.000000476837158,0.44999998807907104,-36.188130660306925,2.405397935945075e-06
grid-r014-c033,14,33,6.800000190734863,3.000000476837158,0.44999998807907104,-36.44638064595362,2.2665324195259018e-06
grid-r014-c034,14,34,7.0,3.000000476837158,0.44999998807907104,-36.65473221609276,2.1603632376354653e-06
grid-r014-c035,14,35,7.199999809265137,3.000000476837158,0.44999998807907104,-36.87205500786857,2.05491801352764e-06
grid-r014-c036,14,36,7.400000095367432,3.000000476837158,0.44999998807907104,-36.95727484115533,2.014988240262028e-06
grid-r014-c037,14,37,7.599999904632568,3.000000476837158,0.44999998807907104,-37.0085110833535,1.99135592993116e-06
grid-r014-c038,14,38,7.800000190734863,3.000000476837158,0.44999998807907104,-37.04342555030513,1.9754108961933525e-06
grid-r014-c039,14,39,8.0,3.000000476837158,0.44999998807907104,-37.12412575279003,1.9390429315535584e-06
grid-r014-c040,14,40,8.199999809265137,3.000000476837158,0.44999998807907104,-37.15561086064951,1.9250362583989045e-06
grid-r014-c041,14,41,8.399999618530273,3.000000476837158,0.44999998807907104,-37.19932420647693,1.9057572444580728e-06
grid-r014-c042,14,42,8.600000381469727,3.000000476837158,0.44999998807907104,-37.23730738251266,1.8891622630690108e-06
grid-r014-c043,14,43,8.800000190734863,3.000000476837158,0.44999998807907104,-37.31970874909614,1.8536559309723089e-06
grid-r014-c044,14,44,9.0,3.000000476837158,0.44999998807907104,-37.361444479455685,1.835927605498e-06
grid-r014-c045,14,45,9.199999809265137,3.000000476837158,0.44999998807907104,-37.42940273031603,1.8074226773023838e-06
grid-r014-c046,14,46,9.399999618530273,3.000000476837158,0.44999998807907104,-37.54983306789192,1.7579911855136743e-06
grid-r014-c047,14,47,9.600000381469727,3.000000476837158,0.44999998807907104,-37.64706858853805,1.7190683365697623e-06
grid-r014-c048,14,48,9.800000190734863,3.000000476837158,0.44999998807907104,-37.61156060633787,1.7331810795440106e-06
grid-r014-c049,14,49,10.0,3.000000476837158,0.44999998807907104,-37.616649415669855,1.7311514284301666e-06
grid-r014-c050,14,50,10.200000762939453,3.000000476837158,0.44999998807907104,-37.601368441661776,1.7372533420711989e-06
grid-r014-c051,14,51,10.399999618530273,3.000000476837158,0.44999998807907104,-37.61963370090037,1.7299622641075985e-06
grid-r014-c052,14,52,10.600000381469727,3.000000476837158,0.44999998807907104,-37.650359839524526,1.7177660538436612e-06
grid-r014-c053,14,53,10.800000190734863,3.000000476837158,0.44999998807907104,-37.70402245156038,1.6966714611044154e-06
grid-r014-c054,14,54,11.0,3.000000476837158,0.44999998807907104,-37.77352046646331,1.6697365481377346e-06
grid-r014-c055,14,55,11.200000762939453,3.000000476837158,0.44999998807907104,-37.88679315828318,1.6267495084321126e-06
grid-r014-c056,14,56,11.399999618530273,3.000000476837158,0.44999998807907104,-38.03477493891296,1.572253268022905e-06
grid-r014-c057,14,57,11.600000381469727,3.000000476837158,0.44999998807907104,-38.14400507412806,1.5332024076997186e-06
grid-r015-c000,15,0,0.19999980926513672,3.200000286102295,0.44999998807907104,-37.18989010990843,1.9099015844403766e-06
grid-r015-c001,15,1,0.40000009536743164,3.200000286102295,0.44999998807907104,-37.18729799154122,1.9110418634227244e-06
grid-r015-c002,15,2,0.5999999046325684,3.200000286102295,0.44999998807907104,-37.29912049308648,1.862464273472142e-06
grid-r015-c003,15,3,0.7999997138977051,3.200000286102295,0.44999998807907104,-37.36128366240658,1.8359955902269576e-06
grid-r015-c004,15,4,1.0,3.200000286102295,0.44999998807907104,-37.4286499359784,1.8077359982271446e-06
grid-r015-c005,15,5,1.1999998092651367,3.200000286102295,0.44999998807907104,-37.53190289433326,1.765264187270077e-06
grid-r015-c006,15,6,1.4000000953674316,3.200000286102295,0.44999998807907104,-37.42510214215396,1.809213358683337e-06
grid-r015-c007,15,7,1.5999999046325684,3.200000286102295,0.44999998807907104,-37.39153198328083,1.8232524325867416e-06
grid-r015-c008,15,8,1.799999713897705,3.200000286102295,0.44999998807907104,-37.64975972937745,1.718003431960824e-06
grid-r015-c009,15,9,2.0,3.200000286102295,0.44999998807907104,-37.651110093838355,1.7174693311972078e-06
grid-r015-c010,15,10,2.200000047683716,3.200000286102295,0.44999998807907104,-37.9154692128279,1.616043618923868e-06
grid-r015-c011,15,11,2.3999998569488525,3.200000286102295,0.44999998807907104,-37.37637609108116,1.829626285143604e-06
grid-r015-c012,15,12,2.5999999046325684,3.200000286102295,0.44999998807907104,-37.39825246389147,1.820433226384921e-06
grid-r015-c013,15,13,2.799999952316284,3.200000286102295,0.44999998807907104,-37.542126585085065,1.7611134808248607e-06
grid-r015-c014,15,14,3.0,3.200000286102295,0.44999998807907104,-37.59762224972257,1.7387525304002338e-06
grid-r015-c015,15,15,3.200000047683716,3.200000286102295,0.44999998807907104,-37.87823379875242,1.6299587741741561e-06
grid-r015-c016,15,16,3.3999998569488525,3.200000286102295,0.44999998807907104,-38.25201701270535,1.495540914220328e-06
grid-r015-c017,15,17,3.5999999046325684,3.200000286102295,0.44999998807907104,-38.32062068092503,1.4721020988872624e-06
grid-r015-c018,15,18,3.799999952316284,3.200000286102295,0.44999998807907104,-38.29178844681982,1.4819077023275895e-06
grid-r015-c019,15,19,4.0,3.200000286102295,0.44999998807907104,-38.283304090663734,1.4848055798211135e-06
grid-r015-c020,15,20,4.199999809265137,3.200000286102295,0.44999998807907104,-38.19550018516853,1.5151302932281396e-06
grid-r015-c021,15,21,4.400000095367432,3.200000286102295,0.44999998807907104,-38.03713803403038,1.5713980019427254e-06
grid-r015-c022,15,22,4.599999904632568,3.200000286102295,0.44999998807907104,-37.55294265283676,1.7567328995937714e-06
grid-r015-c023,15,23,4.800000190734863,3.200000286102295,0.44999998807907104,-37.20175372192521,1.9046914303544327e-06
grid-r015-c024,15,24,5.0,3.200000286102295,0.44999998807907104,-37.1470692077646,1.9288261228211923e-06
grid-r015-c025,15,25,5.199999809265137,3.200000286102295,0.44999998807907104,-37.063918476751695,1.9661115402413998e-06
grid-r015-c026,15,26,5.400000095367432,3.200000286102295,0.44999998807907104,-37.0062162664689,1.9924084426747868e-06
grid-r015-c027,15,27,5.599999904632568,3.200000286102295,0.44999998807907104,-36.943647496956785,2.0213208244967973e-06
grid-r015-c028,15,28,5.800000190734863,3.200000286102295,0.44999998807907104,-36.6459143903316,2.1647540506819496e-06
grid-r015-c029,15,29,6.0,3.200000286102295,0.44999998807907104,-36.362896449361415,2.3105233140086057e-06
grid-r015-c030,15,30,6.199999809265137,3.200000286102295,0.44999998807907104,-36.20830374370993,2.394250714132795e-06
grid-r015-c031,15,31,6.400000095367432,3.200000286102295,0.44999998807907104,-36.26088027534359,2.365440195717383e-06
grid-r015-c032,15,32,6.599999904632568,3.200000286102295,0.44999998807907104,-36.30342867406614,2.3423788206855534e-06
grid-r015-c033,15,33,6.800000190734863,3.200000286102295,0.44999998807907104,-36.34240328664984,2.321451802345109e-06
grid-r015-c034,15,34,7.0,3.200000286102295,0.44999998807907104,-36.386060565584245,2.2982324026088463e-06
grid-r015-c035,15,35,7.199999809265137,3.200000286102295,0.44999998807907104,-36.522853069976584,2.226971673735534e-06
grid-r015-c036,15,36,7.400000095367432,3.200000286102295,0.44999998807907104,-36.78842201141127,2.0948734800185775e-06
grid-r015-c037,15,37,7.599999904632568,3.200000286102295,0.44999998807907104,-37.020453374647325,1.9858875930367503e-06
grid-r015-c038,15,38,7.800000190734863,3.200000286102295,0.44999998807907104,-37.19730828714788,1.9066420691160602e-06
grid-r015-c039,15,39,8.0,3.200000286102295,0.44999998807907104,-37.19660942218604,1.9069489098910708e-06
grid-r015-c040,15,40,8.199999809265137,3.200000286102295,0.44999998807907104,-37.232485247905906,1.8912610357801896e-06
grid-r015-c041,15,41,8.399999618530273,3.200000286102295,0.44999998807907104,-37.2992286544412,1.8624178892423515e-06
grid-r015-c042,15,42,8.600000381469727,3.200000286102295,0.44999998807907104,-37.35930755114221,1.8368311884842115e-06
grid-r015-c043,15,43,8.800000190734863,3.200000286102295,0.44999998807907104,-37.42807259071557,1.807976332202088e-06
grid-r015-c044,15,44,9.0,3.200000286102295,0.44999998807907104,-37.51073410592829,1.773889607648016e-06
grid-r015-c045,15,45,9.199999809265137,3.200000286102295,0.44999998807907104,-37.58316128351902,1.7445518096792512e-06
grid-r015-c046,15,46,9.399999618530273,3.200000286102295,0.44999998807907104,-37.606421983451206,1.735233013278048e-06
grid-r015-c047,15,47,9.600000381469727,3.200000286102295,0.44999998807907104,-37.56344960336246,1.752487946760084e-06
grid-r015-c048,15,48,9.800000190734863,3.200000286102295,0.44999998807907104,-37.48639357214649,1.7838594885688508e-06
grid-r015-c049,15,49,10.0,3.200000286102295,0.44999998807907104,-37.556480869076125,1.7553022644278826e-06
grid-r015-c050,15,50,10.200000762939453,3.200000286102295,0.44999998807907104,-37.62405255283275,1.7282029602938564e-06
grid-r015-c051,15,51,10.399999618530273,3.200000286102295,0.44999998807907104,-37.66880994766343,1.7104839571402408e-06
grid-r015-c052,15,52,10.600000381469727,3.200000286102295,0.44999998807907104,-37.76076482199457,1.6746479332141462e-06
grid-r015-c053,15,53,10.800000190734863,3.200000286102295,0.44999998807907104,-37.79295835492907,1.6622799421384116e-06
grid-r015-c054,15,54,11.0,3.200000286102295,0.44999998807907104,-37.8612128931509,1.6363594568247208e-06
grid-r015-c055,15,55,11.200000762939453,3.200000286102295,0.44999998807907104,-37.950616146878716,1.603017949491914e-06
grid-r015-c056,15,56,11.399999618530273,3.200000286102295,0.44999998807907104,-38.03618296639008,1.571743609929399e-06
grid-r015-c057,15,57,11.600000381469727,3.200000286102295,0.44999998807907104,-38.2748130458129,1.487711415393278e-06
grid-r016-c000,16,0,0.19999980926513672,3.40000057220459,0.44999998807907104,-37.23381895541021,1.8906803234131075e-06
grid-r016-c001,16,1,0.40000009536743164,3.40000057220459,0.44999998807907104,-37.23029862424697,1.8922135041066213e-06
grid-r016-c002,16,2,0.5999999046325684,3.40000057220459,0.44999998807907104,-37.311559725185326,1.857137363003858e-06
grid-r016-c003,16,3,0.7999997138977051,3.40000057220459,0.44999998807907104,-37.36509781353335,1.8343838519285782e-06
grid-r016-c004,16,4,1.0,3.40000057220459,0.44999998807907104,-37.46568429055695,1.7923861150848097e-06
grid-r016-c005,16,5,1.1999998092651367,3.40000057220459,0.44999998807907104,-37.45930705336188,1.7950200117411441e-06
grid-r016-c006,16,6,1.4000000953674316,3.40000057220459,0.44999998807907104,-37.338141145262455,1.8458052863934427e-06
grid-r016-c007,16,7,1.5999999046325684,3.40000057220459,0.44999998807907104,-37.39864764762046,1.8202675846623606e-06
grid-r016-c008,16,8,1.799999713897705,3.40000057220459,0.44999998807907104,-37.662231920392614,1.71307669916132e-06
grid-r016-c009,16,9,2.0,3.40000057220459,0.44999998807907104,-37.683235334756084,1.704811893432634e-06
grid-r016-c010,16,10,2.200000047683716,3.40000057220459,0.44999998807907104,-37.69311164326411,1.7009393786793225e-06
grid-r016-c011,16,11,2.3999998569488525,3.40000057220459,0.44999998807907104,-37.70921121480485,1.6946455616562162e-06
grid-r016-c012,16,12,2.5999999046325684,3.40000057220459,0.44999998807907104,-37.74663483649412,1.6801053561721346e-06
grid-r016-c013,16,13,2.799999952316284,3.40000057220459,0.44999998807907104,-37.562201982133764,1.752991465764353e-06
grid-r016-c014,16,14,3.0,3.40000057220459,0.44999998807907104,-37.52828375025957,1.7667358633843833e-06
grid-r016-c015,16,15,3.200000047683716,3.40000057220459,0.44999998807907104,-37.51495599514798,1.7721660015013185e-06
grid-r016-c016,16,16,3.3999998569488525,3.40000057220459,0.44999998807907104,-37.58523062167591,1.7437207588955062e-06
grid-r016-c017,16,17,3.5999999046325684,3.40000057220459,0.44999998807907104,-37.91049878333012,1.6178942132683005e-06
grid-r016-c018,16,18,3.799999952316284,3.40000057220459,0.44999998807907104,-38.195666056217874,1.5150724266277393e-06
grid-r016-c019,16,19,4.0,3.40000057220459,0.44999998807907104,-38.176236471747075,1.5218657836157945e-06
grid-r016-c020,16,20,4.199999809265137,3.40000057220459,0.44999998807907104,-38.163445616372385,1.5263545947163948e-06
grid-r016-c021,16,21,4.400000095367432,3.40000057220459,0.44999998807907104,-38.61122539732561,1.3768209328191006e-06
grid-r016-c022,16,22,4.599999904632568,3.40000057220459,0.44999998807907104,-38.626380301872544,1.3720248261961387e-06
grid-r016-c023,16,23,4.800000190734863,3.40000057220459,0.44999998807907104,-38.02711276032809,1.5750296142869047e-06
grid-r016-c024,16,24,5.0,3.40000057220459,0.44999998807907104,-37.52607963339096,1.767632738847169e-06
grid-r016-c025,16,25,5.199999809265137,3.40000057220459,0.44999998807907104,-37.14431423038164,1.930050075316103e-06
grid-r016-c026,16,26,5.400000095367432,3.40000057220459,0.44999998807907104,-37.077202079006604,1.960107056220295e-06
grid-r016-c027,16,27,5.599999904632568,3.40000057220459,0.44999998807907104,-37.055750604669164,1.9698127289302647e-06
grid-r016-c028,16,28,5.800000190734863,3.40000057220459,0.44999998807907104,-37.09185111420667,1.9535066257958533e-06
grid-r016-c029,16,29,6.0,3.40000057220459,0.44999998807907104,-37.09294259681525,1.9530157260305714e-06
grid-r016-c030,16,30,6.199999809265137,3.40000057220459,0.44999998807907104,-36.94105565370986,2.0225274965923745e-06
grid-r016-c031,16,31,6.400000095367432,3.40000057220459,0.44999998807907104,-36.62360405398297,2.1759033188573085e-06
grid-r016-c032,16,32,6.599999904632568,3.40000057220459,0.44999998807907104,-36.473851693278476,2.2522408471559174e-06
grid-r016-c033,16,33,6.800000190734863,3.40000057220459,0.44999998807907104,-36.470472201608295,2.25399412556726e-06
grid-r016-c034,16,34,7.0,3.40000057220459,0.44999998807907104,-36.48389171603433,2.2470401290775044e-06
grid-r016-c035,16,35,7.199999809265137,3.40000057220459,0.44999998807907104,-36.64055054116987,2.1674293293472147e-06
grid-r016-c036,16,36,7.400000095367432,3.40000057220459,0.44999998807907104,-36.69290203080447,2.1414591628854396e-06
grid-r016-c037,16,37,7.599999904632568,3.40000057220459,0.44999998807907104,-36.68929387657314,2.143239044016809e-06
grid-r016-c038,16,38,7.800000190734863,3.40000057220459,0.44999998807907104,-36.735472700309934,2.1205705706961453e-06
grid-r016-c039,16,39,8.0,3.40000057220459,0.44999998807907104,-37.01526375412887,1.988262056329404e-06
grid-r016-c040,16,40,8.199999809265137,3.40000057220459,0.44999998807907104,-37.28643077955822,1.8679141930988408e-06
grid-r016-c041,16,41,8.399999618530273,3.40000057220459,0.44999998807907104,-37.49992756507581,1.778309069777606e-06
grid-r016-c042,16,42,8.600000381469727,3.40000057220459,0.44999998807907104,-37.55440409505975,1.7561418417244568e-06
grid-r016-c043,16,43,8.800000190734863,3.40000057220459,0.44999998807907104,-37.571980151491424,1.7490490336058429e-06
grid-r016-c044,16,44,9.0,3.40000057220459,0.44999998807907104,-37.53293117507681,1.7648462744546123e-06
grid-r016-c045,16,45,9.199999809265137,3.40000057220459,0.44999998807907104,-37.547712589957285,1.758849748512148e-06
grid-r016-c046,16,46,9.399999618530273,3.40000057220459,0.44999998807907104,-37.59380211661862,1.740282641549129e-06
grid-r016-c047,16,47,9.600000381469727,3.40000057220459,0.44999998807907104,-37.496814078437254,1.7795844087231671e-06
grid-r016-c048,16,48,9.800000190734863,3.40000057220459,0.44999998807907104,-37.5371531458293,1.7631314221944194e-06
grid-r016-c049,16,49,10.0,3.40000057220459,0.44999998807907104,-37.59378339179615,1.7402901448804187e-06
grid-r016-c050,16,50,10.200000762939453,3.40000057220459,0.44999998807907104,-37.696932436730236,1.6994436009554192e-06
grid-r016-c051,16,51,10.399999618530273,3.40000057220459,0.44999998807907104,-37.75335000125817,1.677509544606437e-06
grid-r016-c052,16,52,10.600000381469727,3.40000057220459,0.44999998807907104,-37.82007401677207,1.6519336440978805e-06
grid-r016-c053,16,53,10.800000190734863,3.40000057220459,0.44999998807907104,-37.916000546779216,1.6158459175130702e-06
grid-r016-c054,16,54,11.0,3.40000057220459,0.44999998807907104,-37.9662412270018,1.597260961716529e-06
grid-r016-c055,16,55,11.200000762939453,3.40000057220459,0.44999998807907104,-38.02859136984985,1.5744934671602095e-06
grid-r016-c056,16,56,11.399999618530273,3.40000057220459,0.44999998807907104,-38.25360196677632,1.4949952173992642e-06
grid-r016-c057,16,57,11.600000381469727,3.40000057220459,0.44999998807907104,-38.29248650604718,1.4816695284025627e-06
grid-r017-c000,17,0,0.19999980926513672,3.6000003814697266,0.44999998807907104,-37.30234103772348,1.8610836605148506e-06
grid-r017-c001,17,1,0.40000009536743164,3.6000003814697266,0.44999998807907104,-37.312754923370086,1.8566263406682992e-06
grid-r017-c002,17,2,0.5999999046325684,3.6000003814697266,0.44999998807907104,-37.34956087766673,1.8409581343803438e-06
grid-r017-c003,17,3,0.7999997138977051,3.6000003814697266,0.44999998807907104,-37.40403870097364,1.8180094230046961e-06
grid-r017-c004,17,4,1.0,3.6000003814697266,0.44999998807907104,-37.50509591579765,1.7761940398486331e-06
grid-r017-c005,17,5,1.1999998092651367,3.6000003814697266,0.44999998807907104,-37.356398255096146,1.8380620758762234e-06
grid-r017-c006,17,6,1.4000000953674316,3.6000003814697266,0.44999998807907104,-37.251098305739006,1.8831727857104852e-06
grid-r017-c007,17,7,1.5999999046325684,3.6000003814697266,0.44999998807907104,-37.58384850016234,1.744275778037263e-06
grid-r017-c008,17,8,1.799999713897705,3.6000003814697266,0.44999998807907104,-37.5009083120696,1.7779075278667733e-06
grid-r017-c009,17,9,2.0,3.6000003814697266,0.44999998807907104,-37.70501488352227,1.6962837889877846e-06
grid-r017-c010,17,10,2.200000047683716,3.6000003814697266,0.44999998807907104,-37.53705737546711,1.7631703030929202e-06
grid-r017-c011,17,11,2.3999998569488525,3.6000003814697266,0.44999998807907104,-37.732496484621294,1.6855838111951016e-06
grid-r017-c012,17,12,2.5999999046325684,3.6000003814697266,0.44999998807907104,-37.9299554999346,1.6106621387734776e-06
grid-r017-c013,17,13,2.799999952316284,3.6000003814697266,0.44999998807907104,-37.93827350880904,1.6075802022896823e-06
grid-r017-c014,17,14,3.0,3.6000003814697266,0.44999998807907104,-37.632988506381146,1.7246507013624068e-06
grid-r017-c015,17,15,3.200000047683716,3.6000003814697266,0.44999998807907104,-37.491240192795246,1.7818698552218848e-06
grid-r017-c016,17,16,3.3999998569488525,3.6000003814697266,0.44999998807907104,-37.498057207084166,1.7790750916901743e-06
grid-r017-c017,17,17,3.5999999046325684,3.6000003814697266,0.44999998807907104,-37.46375620368965,1.7931820366356988e-06
grid-r017-c018,17,18,3.799999952316284,3.6000003814697266,0.44999998807907104,-37.55362313630084,1.7564576637596474e-06
grid-r017-c019,17,19,4.0,3.6000003814697266,0.44999998807907104,-37.87796421457113,1.6300599554597284e-06
grid-r017-c020,17,20,4.199999809265137,3.6000003814697266,0.44999998807907104,-38.00915478845233,1.581555807206314e-06
grid-r017-c021,17,21,4.400000095367432,3.6000003814697266,0.44999998807907104,-38.417915859710305,1.4394892104974133e-06
grid-r017-c022,17,22,4.599999904632568,3.6000003814697266,0.44999998807907104,-38.52820425754835,1.4033938668944757e-06
grid-r017-c023,17,23,4.800000190734863,3.6000003814697266,0.44999998807907104,-38.44459301115353,1.430674046787317e-06
grid-r017-c024,17,24,5.0,3.6000003814697266,0.44999998807907104,-38.23717691909452,1.500660005149257e-06
grid-r017-c025,17,25,5.199999809265137,3.6000003814697266,0.44999998807907104,-38.20429976577613,1.5120634770937613e-06
grid-r017-c026,17,26,5.400000095367432,3.6000003814697266,0.44999998807907104,-37.819111718612206,1.652299715715344e-06
grid-r017-c027,17,27,5.599999904632568,3.6000003814697266,0.44999998807907104,-37.39457168685932,1.8219767525806674e-06
grid-r017-c028,17,28,5.800000190734863,3.6000003814697266,0.44999998807907104,-37.173690871152516,1.9170388441125397e-06
grid-r017-c029,17,29,6.0,3.6000003814697266,0.44999998807907104,-37.2084088692705,1.9017749082195223e-06
grid-r017-c030,17,30,6.199999809265137,3.6000003814697266,0.44999998807907104,-37.21164803698578,1.9003570059794583e-06
grid-r017-c031,17,31,6.400000095367432,3.6000003814697266,0.44999998807907104,-37.22527288634329,1.8944044768431922e-06
grid-r017-c032,17,32,6.599999904632568,3.6000003814697266,0.44999998807907104,-37.18345736898357,1.9127326140733203e-06
grid-r017-c033,17,33,6.800000190734863,3.6000003814697266,0.44999998807907104,-36.93720810361803,2.024320110649569e-06
grid-r017-c034,17,34,7.0,3.6000003814697266,0.44999998807907104,-36.78537846595163,2.0963420865882654e-06
grid-r017-c035,17,35,7.199999809265137,3.6000003814697266,0.44999998807907104,-36.74308037743198,2.1168591501918854e-06
grid-r017-c036,17,36,7.400000095367432,3.6000003814697266,0.44999998807907104,-36.77467398354361,2.1015155198256252e-06
grid-r017-c037,17,37,7.599999904632568,3.6000003814697266,0.44999998807907104,-36.84750547405028,2.066566821667948e-06
grid-r017-c038,17,38,7.800000190734863,3.6000003814697266,0.44999998807907104,-36.89795392163359,2.042700089077698e-06
grid-r017-c039,17,39,8.0,3.6000003814697266,0.44999998807907104,-36.94196337983307,2.0221048089297256e-06
grid-r017-c040,17,40,8.199999809265137,3.6000003814697266,0.44999998807907104,-36.9444712328677,2.02093747248e-06
grid-r017-c041,17,41,8.399999618530273,3.6000003814697266,0.44999998807907104,-36.985934977464936,2.001734628720442e-06
grid-r017-c042,17,42,8.600000381469727,3.6000003814697266,0.44999998807907104,-37.2066132008052,1.9025613937628805e-06
grid-r017-c043,17,43,8.800000190734863,3.6000003814697266,0.44999998807907104,-37.48342419035264,1.7850795757112792e-06
grid-r017-c044,17,44,9.0,3.6000003814697266,0.44999998807907104,-37.66239591824319,1.7130120113506564e-06
grid-r017-c045,17,45,9.199999809265137,3.6000003814697266,0.44999998807907104,-37.66932984213564,1.7102792071455042e-06
grid-r017-c046,17,46,9.399999618530273,3.6000003814697266,0.44999998807907104,-37.58738055030701,1.7428577621103614e-06
grid-r017-c047,17,47,9.600000381469727,3.6000003814697266,0.44999998807907104,-37.56053097353454,1.7536660834593931e-06
grid-r017-c048,17,48,9.800000190734863,3.6000003814697266,0.44999998807907104,-37.63467646405745,1.723980517454038e-06
grid-r017-c049,17,49,10.0,3.6000003814697266,0.44999998807907104,-37.69928693133538,1.6985225101961987e-06
grid-r017-c050,17,50,10.200000762939453,3.6000003814697266,0.44999998807907104,-37.76096914366505,1.674569148235605e-06
grid-r017-c051,17,51,10.399999618530273,3.6000003814697266,0.44999998807907104,-37.78595070048735,1.6649643157506944e-06
grid-r017-c052,17,52,10.600000381469727,3.6000003814697266,0.44999998807907104,-37.92949509819054,1.6108328964037355e-06
grid-r017-c053,17,53,10.800000190734863,3.6000003814697266,0.44999998807907104,-37.954556070419024,1.6015643495848053e-06
grid-r017-c054,17,54,11.0,3.6000003814697266,0.44999998807907104,-38.06344995112421,1.5619064015481854e-06
grid-r017-c055,17,55,11.200000762939453,3.6000003814697266,0.44999998807907104,-38.23023767336707,1.5030597069198848e-06
grid-r017-c056,17,56,11.399999618530273,3.6000003814697266,0.44999998807907104,-38.321726283516064,1.471727387070132e-06
grid-r017-c057,17,57,11.600000381469727,3.6000003814697266,0.44999998807907104,-38.35711159138478,1.4597848121411516e-06
grid-r018-c000,18,0,0.19999980926513672,3.8000006675720215,0.44999998807907104,-37.36719046824379,1.833500164138968e-06
grid-r018-c001,18,1,0.40000009536743164,3.8000006675720215,0.44999998807907104,-37.374382582570085,1.830466317187529e-06
grid-r018-c002,18,2,0.5999999046325684,3.8000006675720215,0.44999998807907104,-37.40767913163709,1.8164861330660642e-06
grid-r018-c003,18,3,0.7999997138977051,3.8000006675720215,0.44999998807907104,-37.459086461979766,1.7951111885849969e-06
grid-r018-c004,18,4,1.0,3.8000006675720215,0.44999998807907104,-37.5001274728787,1.7782272152544465e-06
grid-r018-c005,18,5,1.1999998092651367,3.8000006675720215,0.44999998807907104,-37.24465653292356,1.8859681176763843e-06
grid-r018-c006,18,6,1.4000000953674316,3.8000006675720215,0.44999998807907104,-37.320262808601925,1.8534194623498479e-06
grid-r018-c007,18,7,1.5999999046325684,3.8000006675720215,0.44999998807907104,-37.59912323613736,1.738151695462875e-06
grid-r018-c008,18,8,1.799999713897705,3.8000006675720215,0.44999998807907104,-37.50978313916605,1.7742780755725107e-06
grid-r018-c009,18,9,2.0,3.8000006675720215,0.44999998807907104,-37.64472988321178,1.7199943158630049e-06
grid-r018-c010,18,10,2.200000047683716,3.8000006675720215,0.44999998807907104,-37.463437095758316,1.793313799680618e-06
grid-r018-c011,18,11,2.3999998569488525,3.8000006675720215,0.44999998807907104,-37.74186908773118,1.6819500388010056e-06
grid-r018-c012,18,12,2.5999999046325684,3.8000006675720215,0.44999998807907104,-37.86591394686652,1.6345891253877198e-06
grid-r018-c013,18,13,2.799999952316284,3.8000006675720215,0.44999998807907104,-37.855117437054595,1.638657749936101e-06
grid-r018-c014,18,14,3.0,3.8000006675720215,0.44999998807907104,-37.906185491766706,1.6195018588405219e-06
grid-r018-c015,18,15,3.200000047683716,3.8000006675720215,0.44999998807907104,-37.7016778952623,1.6975876633296139e-06
grid-r018-c016,18,16,3.3999998569488525,3.8000006675720215,0.44999998807907104,-37.432005464915186,1.8063398101730854e-06
grid-r018-c017,18,17,3.5999999046325684,3.8000006675720215,0.44999998807907104,-37.436330955942495,1.8045416254608426e-06
grid-r018-c018,18,18,3.799999952316284,3.8000006675720215,0.44999998807907104,-37.42019924702948,1.8112569932782208e-06
grid-r018-c019,18,19,4.0,3.8000006675720215,0.44999998807907104,-37.43185759326626,1.8064013147522928e-06
grid-r018-c020,18,20,4.199999809265137,3.8000006675720215,0.44999998807907104,-37.6331359438781,1.7245921526409802e-06
grid-r018-c021,18,21,4.400000095367432,3.8000006675720215,0.44999998807907104,-38.20308589301892,1.5124861647564103e-06
grid-r018-c022,18,22,4.599999904632568,3.8000006675720215,0.44999998807907104,-38.54720439091149,1.3972675105833332e-06
grid-r018-c023,18,23,4.800000190734863,3.8000006675720215,0.44999998807907104,-38.565366045101314,1.3914365126765915e-06
grid-r018-c024,18,24,5.0,3.8000006675720215,0.44999998807907104,-38.346438161996915,1.4633768614658038e-06
grid-r018-c025,18,25,5.199999809265137,3.8000006675720215,0.44999998807907104,-38.281779064153135,1.4853270613457425e-06
grid-r018-c026,18,26,5.400000095367432,3.8000006675720215,0.44999998807907104,-38.2354785604973,1.5012469702924136e-06
grid-r018-c027,18,27,5.599999904632568,3.8000006675720215,0.44999998807907104,-38.25637108054636,1.4940422943254816e-06
grid-r018-c028,18,28,5.800000190734863,3.8000006675720215,0.44999998807907104,-38.086893306969614,1.5534978956566192e-06
grid-r018-c029,18,29,6.0,3.8000006675720215,0.44999998807907104,-37.7367267969487,1.68394274169259e-06
grid-r018-c030,18,30,6.199999809265137,3.8000006675720215,0.44999998807907104,-37.446161289935596,1.8004616322286893e-06
grid-r018-c031,18,31,6.400000095367432,3.8000006675720215,0.44999998807907104,-37.33966878553964,1.8451561345500522e-06
grid-r018-c032,18,32,6.599999904632568,3.8000006675720215,0.44999998807907104,-37.37500786676523,1.8302027910976904e-06
grid-r018-c033,18,33,6.800000190734863,3.8000006675720215,0.44999998807907104,-37.34373369429032,1.8434299136060872e-06
grid-r018-c034,18,34,7.0,3.8000006675720215,0.44999998807907104,-37.50260376065215,1.7772135834093206e-06
grid-r018-c035,18,35,7.199999809265137,3.8000006675720215,0.44999998807907104,-37.503958317449374,1.7766593600754277e-06
grid-r018-c036,18,36,7.400000095367432,3.8000006675720215,0.44999998807907104,-37.25485517559097,1.8815444491337985e-06
grid-r018-c037,18,37,7.599999904632568,3.8000006675720215,0.44999998807907104,-36.98662171622962,2.001418124564225e-06
grid-r018-c038,18,38,7.800000190734863,3.8000006675720215,0.44999998807907104,-36.95832811440795,2.0144996142335003e-06
grid-r018-c039,18,39,8.0,3.8000006675720215,0.44999998807907104,-36.974087100288315,2.0072029656148516e-06
grid-r018-c040,18,40,8.199999809265137,3.8000006675720215,0.44999998807907104,-37.00323318176994,1.9937774595746305e-06
grid-r018-c041,18,41,8.399999618530273,3.8000006675720215,0.44999998807907104,-37.00975938985123,1.9907836303900694e-06
grid-r018-c042,18,42,8.600000381469727,3.8000006675720215,0.44999998807907104,-37.06831987756013,1.9641199742181925e-06
grid-r018-c043,18,43,8.800000190734863,3.8000006675720215,0.44999998807907104,-37.07375655338714,1.9616627469076775e-06
grid-r018-c044,18,44,9.0,3.8000006675720215,0.44999998807907104,-37.21508671148531,1.8988529291164014e-06
grid-r018-c045,18,45,9.199999809265137,3.8000006675720215,0.44999998807907104,-37.44770985310679,1.799819756342913e-06
grid-r018-c046,18,46,9.399999618530273,3.8000006675720215,0.44999998807907104,-37.52895702657355,1.7664619917923119e-06
grid-r018-c047,18,47,9.600000381469727,3.8000006675720215,0.44999998807907104,-37.74184120061427,1.6819608390505891e-06
grid-r018-c048,18,48,9.800000190734863,3.8000006675720215,0.44999998807907104,-37.771355914396935,1.6705689631635323e-06
grid-r018-c049,18,49,10.0,3.8000006675720215,0.44999998807907104,-37.78628640159916,1.6648356222503935e-06
grid-r018-c050,18,50,10.200000762939453,3.8000006675720215,0.44999998807907104,-37.84794296851872,1.6413670209658449e-06
grid-r018-c051,18,51,10.399999618530273,3.8000006675720215,0.44999998807907104,-37.949378763795714,1.6034747432058793e-06
grid-r018-c052,18,52,10.600000381469727,3.8000006675720215,0.44999998807907104,-37.9861402075032,1.5899591971901827e-06
grid-r018-c053,18,53,10.800000190734863,3.8000006675720215,0.44999998807907104,-38.05013902501965,1.566700916555419e-06
grid-r018-c054,18,54,11.0,3.8000006675720215,0.44999998807907104,-38.173879494170045,1.5226919458655175e-06
grid-r018-c055,18,55,11.200000762939453,3.8000006675720215,0.44999998807907104,-38.33161676332477,1.4683795370729058e-06
grid-r018-c056,18,56,11.399999618530273,3.8000006675720215,0.44999998807907104,-38.3178475145801,1.4730424027220579e-06
grid-r018-c057,18,57,11.600000381469727,3.8000006675720215,0.44999998807907104,-38.38976383197238,1.448850639462762e-06
grid-r019-c000,19,0,0.19999980926513672,4.000000476837158,0.44999998807907104,-37.45048306740256,1.7986708371608984e-06
grid-r019-c001,19,1,0.40000009536743164,4.000000476837158,0.44999998807907104,-37.47685405842319,1.7877821392175974e-06
grid-r019-c002,19,2,0.5999999046325684,4.000000476837158,0.44999998807907104,-37.448153733737215,1.7996358110394794e-06
grid-r019-c003,19,3,0.7999997138977051,4.000000476837158,0.44999998807907104,-37.557560846543645,1.7548658206578693e-06
grid-r019-c004,19,4,1.0,4.000000476837158,0.44999998807907104,-37.44376301216684,1.801456164685078e-06
grid-r019-c005,19,5,1.1999998092651367,4.000000476837158,0.44999998807907104,-37.18040681543377,1.9140766198688652e-06
grid-r019-c006,19,6,1.4000000953674316,4.000000476837158,0.44999998807907104,-37.572008380389406,1.7490376649220707e-06
grid-r019-c007,19,7,1.5999999046325684,4.000000476837158,0.44999998807907104,-37.4616104545564,1.7940682255357387e-06
grid-r019-c008,19,8,1.799999713897705,4.000000476837158,0.44999998807907104,-37.54428023969271,1.7602403659111587e-06
grid-r019-c009,19,9,2.0,4.000000476837158,0.44999998807907104,-37.49756074540059,1.7792784774428583e-06
grid-r019-c010,19,10,2.200000047683716,4.000000476837158,0.44999998807907104,-37.42710569566323,1.8083788972944603e-06
grid-r019-c011,19,11,2.3999998569488525,4.000000476837158,0.44999998807907104,-37.733929376600486,1.6850277688718052e-06
grid-r019-c012,19,12,2.5999999046325684,4.000000476837158,0.44999998807907104,-37.769848873940504,1.6711487660359126e-06
grid-r019-c013,19,13,2.799999952316284,4.000000476837158,0.44999998807907104,-37.80367598681485,1.6581827821937623e-06
grid-r019-c014,19,14,3.0,4.000000476837158,0.44999998807907104,-37.829365476272685,1.6484032130392734e-06
grid-r019-c015,19,15,3.200000047683716,4.000000476837158,0.44999998807907104,-37.8576464229412,1.637703803680779e-06
grid-r019-c016,19,16,3.3999998569488525,4.000000476837158,0.44999998807907104,-37.850628506440806,1.6403523659391794e-06
grid-r019-c017,19,17,3.5999999046325684,4.000000476837158,0.44999998807907104,-37.542290875787614,1.7610468603379559e-06
grid-r019-c018,19,18,3.799999952316284,4.000000476837158,0.44999998807907104,-37.446147852820566,1.8004672028837376e-06
grid-r019-c019,19,19,4.0,4.000000476837158,0.44999998807907104,-37.45008423679774,1.7988360241361079e-06
grid-r019-c020,19,20,4.199999809265137,4.000000476837158,0.44999998807907104,-37.42779268509012,1.8080928612107527e-06
grid-r019-c021,19,21,4.400000095367432,4.000000476837158,0.44999998807907104,-37.563913644261035,1.7523007045383565e-06
grid-r019-c022,19,22,4.599999904632568,4.000000476837158,0.44999998807907104,-38.237085454626595,1.5006916100901435e-06
grid-r019-c023,19,23,4.800000190734863,4.000000476837158,0.44999998807907104,-38.541518344165354,1.3990980960443267e-06
grid-r019-c024,19,24,5.0,4.000000476837158,0.44999998807907104,-38.487153096447514,1.4167221706884447e-06
grid-r019-c025,19,25,5.199999809265137,4.000000476837158,0.44999998807907104,-38.391108407230796,1.4484021448879503e-06
grid-r019-c026,19,26,5.400000095367432,4.000000476837158,0.44999998807907104,-38.345710462501856,1.4636220839747693e-06
grid-r019-c027,19,27,5.599999904632568,4.000000476837158,0.44999998807907104,-38.32937794703795,1.4691366914121318e-06
grid-r019-c028,19,28,5.800000190734863,4.000000476837158,0.44999998807907104,-38.3229133753239,1.4713251630382729e-06
grid-r019-c029,19,29,6.0,4.000000476837158,0.44999998807907104,-38.22738405853936,1.5040476455396856e-06
grid-r019-c030,19,30,6.199999809265137,4.000000476837158,0.44999998807907104,-38.33152665052931,1.4684100051454152e-06
grid-r019-c031,19,31,6.400000095367432,4.000000476837158,0.44999998807907104,-38.214031817507205,1.508678906247951e-06
grid-r019-c032,19,32,6.599999904632568,4.000000476837158,0.44999998807907104,-37.93822436833131,1.6075983921837178e-06
grid-r019-c033,19,33,6.800000190734863,4.000000476837158,0.44999998807907104,-37.64344836473611,1.720501927593432e-06
grid-r019-c034,19,34,7.0,4.000000476837158,0.44999998807907104,-37.679238487988904,1.7063815676010563e-06
grid-r019-c035,19,35,7.199999809265137,4.000000476837158,0.44999998807907104,-37.62125337702579,1.729317204990366e-06
grid-r019-c036,19,36,7.400000095367432,4.000000476837158,0.44999998807907104,-37.67906951287617,1.7064479607142857e-06
grid-r019-c037,19,37,7.599999904632568,4.000000476837158,0.44999998807907104,-37.66283952166694,1.7128370473074028e-06
grid-r019-c038,19,38,7.800000190734863,4.000000476837158,0.44999998807907104,-37.45452229543233,1.7969987311516888e-06
grid-r019-c039,19,39,8.0,4.000000476837158,0.44999998807907104,-37.21140408031623,1.900463757920079e-06
grid-r019-c040,19,40,8.199999809265137,4.000000476837158,0.44999998807907104,-37.12070540175137,1.9405706552788615e-06
grid-r019-c041,19,41,8.399999618530273,4.000000476837158,0.44999998807907104,-37.134871118524046,1.9342512587172678e-06
grid-r019-c042,19,42,8.600000381469727,4.000000476837158,0.44999998807907104,-37.17387631197862,1.91695698958938e-06
grid-r019-c043,19,43,8.800000190734863,4.000000476837158,0.44999998807907104,-37.22389568348284,1.895005311780551e-06
grid-r019-c044,19,44,9.0,4.000000476837158,0.44999998807907104,-37.25168747062976,1.8829173313861247e-06
grid-r019-c045,19,45,9.199999809265137,4.000000476837158,0.44999998807907104,-37.180447571691886,1.9140586573485052e-06
grid-r019-c046,19,46,9.399999618530273,4.000000476837158,0.44999998807907104,-37.211844459342736,1.9002710587301408e-06
grid-r019-c047,19,47,9.600000381469727,4.000000476837158,0.44999998807907104,-37.31164666176898,1.857100187407923e-06
grid-r019-c048,19,48,9.800000190734863,4.000000476837158,0.44999998807907104,-37.52338167908753,1.7687311810732353e-06
grid-r019-c049,19,49,10.0,4.000000476837158,0.44999998807907104,-37.866264948849874,1.6344570212822873e-06
grid-r019-c050,19,50,10.200000762939453,4.000000476837158,0.44999998807907104,-38.05241306573029,1.5658807797080954e-06
grid-r019-c051,19,51,10.399999618530273,4.000000476837158,0.44999998807907104,-38.033602820807786,1.57267766098812e-06
grid-r019-c052,19,52,10.600000381469727,4.000000476837158,0.44999998807907104,-38.042416684467284,1.5694891999373795e-06
grid-r019-c053,19,53,10.800000190734863,4.000000476837158,0.44999998807907104,-38.11708237678089,1.5427365269715665e-06
grid-r019-c054,19,54,11.0,4.000000476837158,0.44999998807907104,-38.32348086480646,1.4711329185956856e-06
grid-r019-c055,19,55,11.200000762939453,4.000000476837158,0.44999998807907104,-38.35614944795271,1.4601082511944696e-06
grid-r019-c056,19,56,11.399999618530273,4.000000476837158,0.44999998807907104,-38.40994377678111,1.442134021090169e-06
grid-r019-c057,19,57,11.600000381469727,4.000000476837158,0.44999998807907104,-38.430375811256525,1.4353652204590617e-06
grid-r020-c000,20,0,0.19999980926513672,4.200000762939453,0.44999998807907104,-37.49916966490361,1.778619434844586e-06
grid-r020-c001,20,1,0.40000009536743164,4.200000762939453,0.44999998807907104,-37.554512900675874,1.7560978449182585e-06
grid-r020-c002,20,2,0.5999999046325684,4.200000762939453,0.44999998807907104,-37.55854147026602,1.7544696220284095e-06
grid-r020-c003,20,3,0.7999997138977051,4.200000762939453,0.44999998807907104,-37.60045027315853,1.7376206642438774e-06
grid-r020-c004,20,4,1.0,4.200000762939453,0.44999998807907104,-37.25886349726676,1.8798086784954648e-06
grid-r020-c005,20,5,1.1999998092651367,4.200000762939453,0.44999998807907104,-37.348136191638694,1.8415621525491588e-06
grid-r020-c006,20,6,1.4000000953674316,4.200000762939453,0.44999998807907104,-37.621717925048166,1.729132236505393e-06
grid-r020-c007,20,7,1.5999999046325684,4.200000762939453,0.44999998807907104,-37.38409435100352,1.8263775700688711e-06
grid-r020-c008,20,8,1.799999713897705,4.200000762939453,0.44999998807907104,-37.52930893812763,1.7663188600636204e-06
grid-r020-c009,20,9,2.0,4.200000762939453,0.44999998807907104,-37.3805000991835,1.8278897186974064e-06
grid-r020-c010,20,10,2.200000047683716,4.200000762939453,0.44999998807907104,-37.52625756405106,1.7675603203315404e-06
grid-r020-c011,20,11,2.3999998569488525,4.200000762939453,0.44999998807907104,-37.7441159099199,1.6810801071187598e-06
grid-r020-c012,20,12,2.5999999046325684,4.200000762939453,0.44999998807907104,-37.77240524154142,1.6701653748896206e-06
grid-r020-c013,20,13,2.799999952316284,4.200000762939453,0.44999998807907104,-37.82354873125749,1.6506124893567176e-06
grid-r020-c014,20,14,3.0,4.200000762939453,0.44999998807907104,-37.83412841565137,1.6465963881273638e-06
grid-r020-c015,20,15,3.200000047683716,4.200000762939453,0.44999998807907104,-37.84698740792741,1.6417282040492864e-06
grid-r020-c016,20,16,3.3999998569488525,4.200000762939453,0.44999998807907104,-37.86701326378727,1.6341754189852509e-06
grid-r020-c017,20,17,3.5999999046325684,4.200000762939453,0.44999998807907104,-37.93131338690357,1.6101586197692086e-06
grid-r020-c018,20,18,3.799999952316284,4.200000762939453,0.44999998807907104,-37.6939784829912,1.7005999097818858e-06
grid-r020-c019,20,19,4.0,4.200000762939453,0.44999998807907104,-37.46548651278406,1.7924677422342938e-06
grid-r020-c020,20,20,4.199999809265137,4.200000762939453,0.44999998807907104,-37.471717533199225,1.7898978512675967e-06
grid-r020-c021,20,21,4.400000095367432,4.200000762939453,0.44999998807907104,-37.473259232697984,1.7892625692184083e-06
grid-r020-c022,20,22,4.599999904632568,4.200000762939453,0.44999998807907104,-37.90709013184514,1.6191645499930019e-06
grid-r020-c023,20,23,4.800000190734863,4.200000762939453,0.44999998807907104,-38.04645246537891,1.5680313936172752e-06
grid-r020-c024,20,24,5.0,4.200000762939453,0.44999998807907104,-38.42472172484939,1.4372351415659068e-06
grid-r020-c025,20,25,5.199999809265137,4.200000762939453,0.44999998807907104,-38.432909268306545,1.4345281442729174e-06
grid-r020-c026,20,26,5.400000095367432,4.200000762939453,0.44999998807907104,-38.44382487085249,1.4309271136880852e-06
grid-r020-c027,20,27,5.599999904632568,4.200000762939453,0.44999998807907104,-38.43961114378226,1.432316139471368e-06
grid-r020-c028,20,28,5.800000190734863,4.200000762939453,0.44999998807907104,-38.461397336345286,1.425148980160884e-06
grid-r020-c029,20,29,6.0,4.200000762939453,0.44999998807907104,-38.47426220418083,1.4209335859050043e-06
grid-r020-c030,20,30,6.199999809265137,4.200000762939453,0.44999998807907104,-38.4115812730513,1.4415903706321842e-06
grid-r020-c031,20,31,6.400000095367432,4.200000762939453,0.44999998807907104,-38.49637772384903,1.4137161770122475e-06
grid-r020-c032,20,32,6.599999904632568,4.200000762939453,0.44999998807907104,-38.46991610587274,1.4223562629922526e-06
grid-r020-c033,20,33,6.800000190734863,4.200000762939453,0.44999998807907104,-38.59918327827834,1.3806438801111653e-06
grid-r020-c034,20,34,7.0,4.200000762939453,0.44999998807907104,-38.41636751940547,1.4400025065697264e-06
grid-r020-c035,20,35,7.199999809265137,4.200000762939453,0.44999998807907104,-38.04447738169774,1.5687446648371406e-06
grid-r020-c036,20,36,7.400000095367432,4.200000762939453,0.44999998807907104,-37.726916785089266,1.6877507960089133e-06
grid-r020-c037,20,37,7.599999904632568,4.200000762939453,0.44999998807907104,-37.78771312422453,1.6642887885609525e-06
grid-r020-c038,20,38,7.800000190734863,4.200000762939453,0.44999998807907104,-37.80643856218908,1.6571283367738943e-06
grid-r020-c039,20,39,8.0,4.200000762939453,0.44999998807907104,-37.87636855833991,1.6306589714076836e-06
grid-r020-c040,20,40,8.199999809265137,4.200000762939453,0.44999998807907104,-37.80339402001394,1.6582904436290846e-06
grid-r020-c041,20,41,8.399999618530273,4.200000762939453,0.44999998807907104,-37.56810352650387,1.7506109770693001e-06
grid-r020-c042,20,42,8.600000381469727,4.200000762939453,0.44999998807907104,-37.35480698789183,1.838735670389724e-06
grid-r020-c043,20,43,8.800000190734863,4.200000762939453,0.44999998807907104,-37.33219889513557,1.8483325447959942e-06
grid-r020-c044,20,44,9.0,4.200000762939453,0.44999998807907104,-37.347393598801574,1.8418770650896477e-06
grid-r020-c045,20,45,9.199999809265137,4.200000762939453,0.44999998807907104,-37.24057236882652,1.8877425418395433e-06
grid-r020-c046,20,46,9.399999618530273,4.200000762939453,0.44999998807907104,-37.3140924994783,1.8560546095613972e-06
grid-r020-c047,20,47,9.600000381469727,4.200000762939453,0.44999998807907104,-37.34105241913777,1.8445683735990315e-06
grid-r020-c048,20,48,9.800000190734863,4.200000762939453,0.44999998807907104,-37.42745218032464,1.8082346286973916e-06
grid-r020-c049,20,49,10.0,4.200000762939453,0.44999998807907104,-37.505240742637355,1.7761348090061801e-06
grid-r020-c050,20,50,10.200000762939453,4.200000762939453,0.44999998807907104,-37.54095402153062,1.7615890328670503e-06
grid-r020-c051,20,51,10.399999618530273,4.200000762939453,0.44999998807907104,-37.78888451425193,1.6638399529256276e-06
grid-r020-c052,20,52,10.600000381469727,4.200000762939453,0.44999998807907104,-38.05794457713978,1.56388762206916e-06
grid-r020-c053,20,53,10.800000190734863,4.200000762939453,0.44999998807907104,-38.45883128396536,1.4259912859415635e-06
grid-r020-c054,20,54,11.0,4.200000762939453,0.44999998807907104,-38.44007204734412,1.4321641401693341e-06
grid-r020-c055,20,55,11.200000762939453,4.200000762939453,0.44999998807907104,-38.40146039815379,1.4449537957261782e-06
grid-r020-c056,20,56,11.399999618530273,4.200000762939453,0.44999998807907104,-38.44684507318908,1.429932353858021e-06
grid-r020-c057,20,57,11.600000381469727,4.200000762939453,0.44999998807907104,-38.53159391473653,1.4022989489603788e-06
grid-r021-c000,21,0,0.19999980926513672,4.40000057220459,0.44999998807907104,-37.52971203627922,1.7661549236436258e-06
grid-r021-c001,21,1,0.40000009536743164,4.40000057220459,0.44999998807907104,-37.570503753618105,1.7496437294539646e-06
grid-r021-c002,21,2,0.5999999046325684,4.40000057220459,0.44999998807907104,-37.5814683302181,1.7452319980293396e-06
grid-r021-c003,21,3,0.7999997138977051,4.40000057220459,0.44999998807907104,-37.529395872220604,1.766283503457089e-06
grid-r021-c004,21,4,1.0,4.40000057220459,0.44999998807907104,-37.1877920028436,1.9108244941890007e-06
grid-r021-c005,21,5,1.1999998092651367,4.40000057220459,0.44999998807907104,-37.64567267930338,1.719620968287927e-06
grid-r021-c006,21,6,1.4000000953674316,4.40000057220459,0.44999998807907104,-37.53539321260771,1.7638460576563375e-06
grid-r021-c007,21,7,1.5999999046325684,4.40000057220459,0.44999998807907104,-37.52465728816942,1.7682117459116853e-06
grid-r021-c008,21,8,1.799999713897705,4.40000057220459,0.44999998807907104,-37.56321323486176,1.7525833300169325e-06
grid-r021-c009,21,9,2.0,4.40000057220459,0.44999998807907104,-37.34190851225022,1.8442048030919977e-06
grid-r021-c010,21,10,2.200000047683716,4.40000057220459,0.44999998807907104,-37.70859417849255,1.6948863503785105e-06
grid-r021-c011,21,11,2.3999998569488525,4.40000057220459,0.44999998807907104,-37.726829023790245,1.6877849020602298e-06
grid-r021-c012,21,12,2.5999999046325684,4.40000057220459,0.44999998807907104,-37.74812090677165,1.6795305555206141e-06
grid-r021-c013,21,13,2.799999952316284,4.40000057220459,0.44999998807907104,-37.79818940892143,1.6602789401076734e-06
grid-r021-c014,21,14,3.0,4.40000057220459,0.44999998807907104,-37.82883475288482,1.648604666115716e-06
grid-r021-c015,21,15,3.200000047683716,4.40000057220459,0.44999998807907104,-37.83594110100668,1.6459092648801743e-06
grid-r021-c016,21,16,3.3999998569488525,4.40000057220459,0.44999998807907104,-37.872298338936574,1.6321879456882016e-06
grid-r021-c017,21,17,3.5999999046325684,4.40000057220459,0.44999998807907104,-37.89039793133466,1.6253998182946816e-06
grid-r021-c018,21,18,3.799999952316284,4.40000057220459,0.44999998807907104,-37.93265881576762,1.6096598756121239e-06
grid-r021-c019,21,19,4.0,4.40000057220459,0.44999998807907104,-37.86972483278877,1.6331554206772125e-06
grid-r021-c020,21,20,4.199999809265137,4.40000057220459,0.44999998807907104,-37.581319241599225,1.7452919109928189e-06
grid-r021-c021,21,21,4.400000095367432,4.40000057220459,0.44999998807907104,-37.52858725667344,1.7666123994786176e-06
grid-r021-c022,21,22,4.599999904632568,4.40000057220459,0.44999998807907104,-37.8061462864634,1.6572398635616992e-06
grid-r021-c023,21,23,4.800000190734863,4.40000057220459,0.44999998807907104,-37.99106526623804,1.5881571471254574e-06
grid-r021-c024,21,24,5.0,4.40000057220459,0.44999998807907104,-38.048665978843445,1.5672324025217677e-06
grid-r021-c025,21,25,5.199999809265137,4.40000057220459,0.44999998807907104,-38.19175852758201,1.5164362139330478e-06
grid-r021-c026,21,26,5.400000095367432,4.40000057220459,0.44999998807907104,-38.51379601063783,1.4080575283514918e-06
grid-r021-c027,21,27,5.599999904632568,4.40000057220459,0.44999998807907104,-38.56854620998301,1.3904179922974436e-06
grid-r021-c028,21,28,5.800000190734863,4.40000057220459,0.44999998807907104,-38.52598627570775,1.4041107760931482e-06
grid-r021-c029,21,29,6.0,4.40000057220459,0.44999998807907104,-38.49951404337487,1.4126956102700206e-06
grid-r021-c030,21,30,6.199999809265137,4.40000057220459,0.44999998807907104,-38.45283369768265,1.42796193358663e-06
grid-r021-c031,21,31,6.400000095367432,4.40000057220459,0.44999998807907104,-38.49400140127659,1.4144899296297808e-06
grid-r021-c032,21,32,6.599999904632568,4.40000057220459,0.44999998807907104,-38.563097088941774,1.392163653690659e-06
grid-r021-c033,21,33,6.800000190734863,4.40000057220459,0.44999998807907104,-38.75181777396108,1.3329633929970441e-06
grid-r021-c034,21,34,7.0,4.40000057220459,0.44999998807907104,-38.80989975769687,1.315255190093012e-06
grid-r021-c035,21,35,7.199999809265137,4.40000057220459,0.44999998807907104,-38.82021687568164,1.312134372710716e-06
grid-r021-c036,21,36,7.400000095367432,4.40000057220459,0.44999998807907104,-38.76943768251094,1.3275663377498859e-06
grid-r021-c037,21,37,7.599999904632568,4.40000057220459,0.44999998807907104,-38.424105129431524,1.4374392094396171e-06
grid-r021-c038,21,38,7.800000190734863,4.40000057220459,0.44999998807907104,-38.15322327005019,1.529951532575069e-06
grid-r021-c039,21,39,8.0,4.40000057220459,0.44999998807907104,-37.97610542839783,1.5936371937641525e-06
grid-r021-c040,21,40,8.199999809265137,4.40000057220459,0.44999998807907104,-38.04185581801256,1.569691903569037e-06
grid-r021-c041,21,41,8.399999618530273,4.40000057220459,0.44999998807907104,-38.08662570916879,1.5535936199739808e-06
grid-r021-c042,21,42,8.600000381469727,4.40000057220459,0.44999998807907104,-38.08706175584679,1.5534376416326268e-06
grid-r021-c043,21,43,8.800000190734863,4.40000057220459,0.44999998807907104,-37.89530738237516,1.6235634348049643e-06
grid-r021-c044,21,44,9.0,4.40000057220459,0.44999998807907104,-37.529815192928105,1.7661129732005065e-06
grid-r021-c045,21,45,9.199999809265137,4.40000057220459,0.44999998807907104,-37.36085394974233,1.8361772617936367e-06
grid-r021-c046,21,46,9.399999618530273,4.40000057220459,0.44999998807907104,-37.39608677963283,1.8213412431578035e-06
grid-r021-c047,21,47,9.600000381469727,4.40000057220459,0.44999998807907104,-37.44122416740649,1.8025095869234065e-06
grid-r021-c048,21,48,9.800000190734863,4.40000057220459,0.44999998807907104,-37.51240248833875,1.7732082824295503e-06
grid-r021-c049,21,49,10.0,4.40000057220459,0.44999998807907104,-37.541176288127716,1.761498879204737e-06
grid-r021-c050,21,50,10.200000762939453,4.40000057220459,0.44999998807907104,-37.58570039400752,1.743532152431726e-06
grid-r021-c051,21,51,10.399999618530273,4.40000057220459,0.44999998807907104,-37.66553584093924,1.711773961687868e-06
grid-r021-c052,21,52,10.600000381469727,4.40000057220459,0.44999998807907104,-37.79828338238198,1.6602430150669534e-06
grid-r021-c053,21,53,10.800000190734863,4.40000057220459,0.44999998807907104,-37.930431279245994,1.6104856968013337e-06
grid-r021-c054,21,54,11.0,4.40000057220459,0.44999998807907104,-38.1956090271464,1.5150923218243406e-06
grid-r021-c055,21,55,11.200000762939453,4.40000057220459,0.44999998807907104,-38.40465541035555,1.4438911648539943e-06
grid-r021-c056,21,56,11.399999618530273,4.40000057220459,0.44999998807907104,-38.70337886592122,1.3479137805916253e-06
grid-r021-c057,21,57,11.600000381469727,4.40000057220459,0.44999998807907104,-38.582841128191816,1.3858489182894118e-06
grid-r022-c000,22,0,0.19999980926513672,4.600000381469727,0.44999998807907104,-37.54495796442933,1.7599656985112233e-06
grid-r022-c001,22,1,0.40000009536743164,4.600000381469727,0.44999998807907104,-37.575847808187774,1.7474920923632453e-06
grid-r022-c002,22,2,0.5999999046325684,4.600000381469727,0.44999998807907104,-37.6847514337246,1.704216856523999e-06
grid-r022-c003,22,3,0.7999997138977051,4.600000381469727,0.44999998807907104,-37.30453557940301,1.8601434703668929e-06
grid-r022-c004,22,4,1.0,4.600000381469727,0.44999998807907104,-37.42518346733567,1.809179480005696e-06
grid-r022-c005,22,5,1.1999998092651367,4.600000381469727,0.44999998807907104,-37.81264982416249,1.6547600125704776e-06
grid-r022-c006,22,6,1.4000000953674316,4.600000381469727,0.44999998807907104,-37.50706052398287,1.7753907286532922e-06
grid-r022-c007,22,7,1.5999999046325684,4.600000381469727,0.44999998807907104,-37.5997715045704,1.7378922620991943e-06
grid-r022-c008,22,8,1.799999713897705,4.600000381469727,0.44999998807907104,-37.609064700907034,1.7341774309898028e-06
grid-r022-c009,22,9,2.0,4.600000381469727,0.44999998807907104,-37.46036835904691,1.7945814079212141e-06
grid-r022-c010,22,10,2.200000047683716,4.600000381469727,0.44999998807907104,-37.7413700821795,1.6821433064251323e-06
grid-r022-c011,22,11,2.3999998569488525,4.600000381469727,0.44999998807907104,-37.75946747102913,1.675148268986959e-06
grid-r022-c012,22,12,2.5999999046325684,4.600000381469727,0.44999998807907104,-37.77958529969296,1.6674064227117924e-06
grid-r022-c013,22,13,2.799999952316284,4.600000381469727,0.44999998807907104,-37.79973457884729,1.6596883369857096e-06
grid-r022-c014,22,14,3.0,4.600000381469727,0.44999998807907104,-37.82396213850316,1.6504553741469863e-06
grid-r022-c015,22,15,3.200000047683716,4.600000381469727,0.44999998807907104,-37.86406697186597,1.6352844340872252e-06
grid-r022-c016,22,16,3.3999998569488525,4.600000381469727,0.44999998807907104,-37.897352065319055,1.6227992318817996e-06
grid-r022-c017,22,17,3.5999999046325684,4.600000381469727,0.44999998807907104,-37.928359628763474,1.611254106137494e-06
grid-r022-c018,22,18,3.799999952316284,4.600000381469727,0.44999998807907104,-37.95078462823999,1.6029557627916802e-06
grid-r022-c019,22,19,4.0,4.600000381469727,0.44999998807907104,-37.96330934360529,1.5983396224328317e-06
grid-r022-c020,22,20,4.199999809265137,4.600000381469727,0.44999998807907104,-37.99521757738357,1.5866394278418738e-06
grid-r022-c021,22,21,4.400000095367432,4.600000381469727,0.44999998807907104,-37.784915884206434,1.6653610828143428e-06
grid-r022-c022,22,22,4.599999904632568,4.600000381469727,0.44999998807907104,-37.773246364230445,1.6698419358363026e-06
grid-r022-c023,22,23,4.800000190734863,4.600000381469727,0.44999998807907104,-38.09980620186123,1.548885734337091e-06
grid-r022-c024,22,24,5.0,4.600000381469727,0.44999998807907104,-38.099732567009596,1.5489119959966047e-06
grid-r022-c025,22,25,5.199999809265137,4.600000381469727,0.44999998807907104,-38.08586209732053,1.5538668094450259e-06
grid-r022-c026,22,26,5.400000095367432,4.600000381469727,0.44999998807907104,-37.97004994416183,1.5958607946231496e-06
grid-r022-c027,22,27,5.599999904632568,4.600000381469727,0.44999998807907104,-38.22943558204162,1.503337330177601e-06
grid-r022-c028,22,28,5.800000190734863,4.600000381469727,0.44999998807907104,-38.488421145059505,1.4163085779728135e-06
grid-r022-c029,22,29,6.0,4.600000381469727,0.44999998807907104,-38.51864294694028,1.4064869446883677e-06
grid-r022-c030,22,30,6.199999809265137,4.600000381469727,0.44999998807907104,-38.57125361622879,1.3895514712203294e-06
grid-r022-c031,22,31,6.400000095367432,4.600000381469727,0.44999998807907104,-38.54687224708617,1.3973743762107915e-06
grid-r022-c032,22,32,6.599999904632568,4.600000381469727,0.44999998807907104,-38.62566352163549,1.3722512903768802e-06
grid-r022-c033,22,33,6.800000190734863,4.600000381469727,0.44999998807907104,-38.88897872456734,1.291522949031787e-06
grid-r022-c034,22,34,7.0,4.600000381469727,0.44999998807907104,-38.889293742540346,1.2914292710775044e-06
grid-r022-c035,22,35,7.199999809265137,4.600000381469727,0.44999998807907104,-38.93492245059035,1.277932028642681e-06
grid-r022-c036,22,36,7.400000095367432,4.600000381469727,0.44999998807907104,-38.95444552208207,1.2722001656584325e-06
grid-r022-c037,22,37,7.599999904632568,4.600000381469727,0.44999998807907104,-38.92431297081724,1.281057734558999e-06
grid-r022-c038,22,38,7.800000190734863,4.600000381469727,0.44999998807907104,-38.878637881217216,1.2946018159709638e-06
grid-r022-c039,22,39,8.0,4.600000381469727,0.44999998807907104,-38.835062557029914,1.3076567029202124e-06
grid-r022-c040,22,40,8.199999809265137,4.600000381469727,0.44999998807907104,-38.52647015356956,1.4039543430044432e-06
grid-r022-c041,22,41,8.399999618530273,4.600000381469727,0.44999998807907104,-38.25513001381293,1.494469302087964e-06
grid-r022-c042,22,42,8.600000381469727,4.600000381469727,0.44999998807907104,-38.171724402744836,1.5234477359626908e-06
grid-r022-c043,22,43,8.800000190734863,4.600000381469727,0.44999998807907104,-38.14020035823955,1.5345461861215881e-06
grid-r022-c044,22,44,9.0,4.600000381469727,0.44999998807907104,-38.04656424784497,1.567991034789884e-06
grid-r022-c045,22,45,9.199999809265137,4.600000381469727,0.44999998807907104,-38.022849997555795,1.5765763237141073e-06
grid-r022-c046,22,46,9.399999618530273,4.600000381469727,0.44999998807907104,-37.800419150327976,1.6594267435721122e-06
grid-r022-c047,22,47,9.600000381469727,4.600000381469727,0.44999998807907104,-37.60518841205756,1.735725959406409e-06
grid-r022-c048,22,48,9.800000190734863,4.600000381469727,0.44999998807907104,-37.53452106968656,1.764200305842678e-06
grid-r022-c049,22,49,10.0,4.600000381469727,0.44999998807907104,-37.60109817134836,1.7373614582538721e-06
grid-r022-c050,22,50,10.200000762939453,4.600000381469727,0.44999998807907104,-37.67779257452866,1.706949774415989e-06
grid-r022-c051,22,51,10.399999618530273,4.600000381469727,0.44999998807907104,-37.76179743776029,1.674249801908445e-06
grid-r022-c052,22,52,10.600000381469727,4.600000381469727,0.44999998807907104,-37.959774742793186,1.599640995664231e-06
grid-r022-c053,22,53,10.800000190734863,4.600000381469727,0.44999998807907104,-37.947072468978774,1.6043264849940897e-06
grid-r022-c054,22,54,11.0,4.600000381469727,0.44999998807907104,-37.98911303075376,1.5888712141531869e-06
grid-r022-c055,22,55,11.200000762939453,4.600000381469727,0.44999998807907104,-38.010274422875376,1.5811481262062443e-06
grid-r022-c056,22,56,11.399999618530273,4.600000381469727,0.44999998807907104,-38.07523124867898,1.5576750911350246e-06
grid-r022-c057,22,57,11.600000381469727,4.600000381469727,0.44999998807907104,-38.33836237189885,1.4661005707239383e-06
grid-r023-c000,23,0,0.19999980926513672,4.800000190734863,0.44999998807907104,-37.56879880138149,1.7503307390143164e-06
grid-r023-c001,23,1,0.40000009536743164,4.800000190734863,0.44999998807907104,-37.60845717471497,1.7344200387015007e-06
grid-r023-c002,23,2,0.5999999046325684,4.800000190734863,0.44999998807907104,-37.65862610954223,1.7144996036222437e-06
grid-r023-c003,23,3,0.7999997138977051,4.800000190734863,0.44999998807907104,-37.16599382434113,1.9204394448024686e-06
grid-r023-c004,23,4,1.0,4.800000190734863,0.44999998807907104,-37.76593301443612,1.6726562535041012e-06
grid-r023-c005,23,5,1.1999998092651367,4.800000190734863,0.44999998807907104,-37.72744777877293,1.6875444543984486e-06
grid-r023-c006,23,6,1.4000000953674316,4.800000190734863,0.44999998807907104,-37.58179651295236,1.7451001212975825e-06
grid-r023-c007,23,7,1.5999999046325684,4.800000190734863,0.44999998807907104,-37.702594736919266,1.6972293224171153e-06
grid-r023-c008,23,8,1.799999713897705,4.800000190734863,0.44999998807907104,-37.57412522356304,1.7481853546996717e-06
grid-r023-c009,23,9,2.0,4.800000190734863,0.44999998807907104,-37.69086899771622,1.7018179505612352e-06
grid-r023-c010,23,10,2.200000047683716,4.800000190734863,0.44999998807907104,-37.79649436980477,1.6609270687695243e-06
grid-r023-c011,23,11,2.3999998569488525,4.800000190734863,0.44999998807907104,-37.8185440029386,1.6525157207070151e-06
grid-r023-c012,23,12,2.5999999046325684,4.800000190734863,0.44999998807907104,-37.824509320469666,1.6502474409207935e-06
grid-r023-c013,23,13,2.799999952316284,4.800000190734863,0.44999998807907104,-37.83823803568461,1.6450389921374153e-06
grid-r023-c014,23,14,3.0,4.800000190734863,0.44999998807907104,-37.86747675804527,1.634001023376186e-06
grid-r023-c015,23,15,3.200000047683716,4.800000190734863,0.44999998807907104,-37.87080576154957,1.6327489902323578e-06
grid-r023-c016,23,16,3.3999998569488525,4.800000190734863,0.44999998807907104,-37.91323825874872,1.6168739875865867e-06
grid-r023-c017,23,17,3.5999999046325684,4.800000190734863,0.44999998807907104,-37.952160444596565,1.6024480373744154e-06
grid-r023-c018,23,18,3.799999952316284,4.800000190734863,0.44999998807907104,-37.997292732016135,1.5858814776947838e-06
grid-r023-c019,23,19,4.0,4.800000190734863,0.44999998807907104,-38.034108303080814,1.572494625179388e-06
grid-r023-c020,23,20,4.199999809265137,4.800000190734863,0.44999998807907104,-38.05899191497514,1.5635105228284374e-06
grid-r023-c021,23,21,4.400000095367432,4.800000190734863,0.44999998807907104,-38.07765515762845,1.5568059552606428e-06
grid-r023-c022,23,22,4.599999904632568,4.800000190734863,0.44999998807907104,-37.993741263668255,1.587178871886863e-06
grid-r023-c023,23,23,4.800000190734863,4.800000190734863,0.44999998807907104,-38.09871232684771,1.5492759075641516e-06
grid-r023-c024,23,24,5.0,4.800000190734863,0.44999998807907104,-38.05313928213084,1.5656189589208225e-06
grid-r023-c025,23,25,5.199999809265137,4.800000190734863,0.44999998807907104,-38.097654411501,1.5496533478653873e-06
grid-r023-c026,23,26,5.400000095367432,4.800000190734863,0.44999998807907104,-38.04635737382756,1.568065727042267e-06
grid-r023-c027,23,27,5.599999904632568,4.800000190734863,0.44999998807907104,-38.00362173981785,1.583572043273307e-06
grid-r023-c028,23,28,5.800000190734863,4.800000190734863,0.44999998807907104,-38.09245207203416,1.551510763420083e-06
grid-r023-c029,23,29,6.0,4.800000190734863,0.44999998807907104,-38.43856403687301,1.4326615200843662e-06
grid-r023-c030,23,30,6.199999809265137,4.800000190734863,0.44999998807907104,-38.672878873872406,1.3574133390648058e-06
grid-r023-c031,23,31,6.400000095367432,4.800000190734863,0.44999998807907104,-38.71534575075568,1.3442047475109575e-06
grid-r023-c032,23,32,6.599999904632568,4.800000190734863,0.44999998807907104,-38.85003000944849,1.303157773691055e-06
grid-r023-c033,23,33,6.800000190734863,4.800000190734863,0.44999998807907104,-38.97047587642598,1.267512971026008e-06
grid-r023-c034,23,34,7.0,4.800000190734863,0.44999998807907104,-39.04089916207474,1.2471252830437152e-06
grid-r023-c035,23,35,7.199999809265137,4.800000190734863,0.44999998807907104,-39.076058764482156,1.2370695685604005e-06
grid-r023-c036,23,36,7.400000095367432,4.800000190734863,0.44999998807907104,-39.08999071841475,1.2331074685789645e-06
grid-r023-c037,23,37,7.599999904632568,4.800000190734863,0.44999998807907104,-39.10632647302095,1.2284779131732648e-06
grid-r023-c038,23,38,7.800000190734863,4.800000190734863,0.44999998807907104,-39.106884759750514,1.2283200021556695e-06
grid-r023-c039,23,39,8.0,4.800000190734863,0.44999998807907104,-38.9467517423341,1.2744559398925048e-06
grid-r023-c040,23,40,8.199999809265137,4.800000190734863,0.44999998807907104,-39.01624065431398,1.2542263903014828e-06
grid-r023-c041,23,41,8.399999618530273,4.800000190734863,0.44999998807907104,-39.08852110038592,1.2335248129602405e-06
grid-r023-c042,23,42,8.600000381469727,4.800000190734863,0.44999998807907104,-38.93899886487304,1.2767330872520688e-06
grid-r023-c043,23,43,8.800000190734863,4.800000190734863,0.44999998807907104,-38.4621380988131,1.4249059177018353e-06
grid-r023-c044,23,44,9.0,4.800000190734863,0.44999998807907104,-38.24220911604782,1.4989221881478443e-06
grid-r023-c045,23,45,9.199999809265137,4.800000190734863,0.44999998807907104,-38.2430158763721,1.498643769082264e-06
grid-r023-c046,23,46,9.399999618530273,4.800000190734863,0.44999998807907104,-38.26176902064633,1.492186470386514e-06
grid-r023-c047,23,47,9.600000381469727,4.800000190734863,0.44999998807907104,-38.30558482104245,1.4772075473956647e-06
grid-r023-c048,23,48,9.800000190734863,4.800000190734863,0.44999998807907104,-38.14240037801174,1.5337690228989231e-06
grid-r023-c049,23,49,10.0,4.800000190734863,0.44999998807907104,-37.89101187892819,1.6251700571956462e-06
grid-r023-c050,23,50,10.200000762939453,4.800000190734863,0.44999998807907104,-37.76754322785287,1.6720362054911675e-06
grid-r023-c051,23,51,10.399999618530273,4.800000190734863,0.44999998807907104,-37.96077644067887,1.5992720818758244e-06
grid-r023-c052,23,52,10.600000381469727,4.800000190734863,0.44999998807907104,-38.00261665792312,1.5839385696381214e-06
grid-r023-c053,23,53,10.800000190734863,4.800000190734863,0.44999998807907104,-38.05979250777866,1.563222326694813e-06
grid-r023-c054,23,54,11.0,4.800000190734863,0.44999998807907104,-38.08726390312412,1.5533653368038358e-06
grid-r023-c055,23,55,11.200000762939453,4.800000190734863,0.44999998807907104,-38.0645811432868,1.5614996300428174e-06
grid-r023-c056,23,56,11.399999618530273,4.800000190734863,0.44999998807907104,-37.982219938751214,1.5913950619506068e-06
grid-r023-c057,23,57,11.600000381469727,4.800000190734863,0.44999998807907104,-38.02398099997747,1.5761658005430945e-06
grid-r024-c000,24,0,0.19999980926513672,5.000000476837158,0.44999998807907104,-37.63194828384314,1.7250638393306872e-06
grid-r024-c001,24,1,0.40000009536743164,5.000000476837158,0.44999998807907104,-37.670513620849064,1.7098130911108456e-06
grid-r024-c002,24,2,0.5999999046325684,5.000000476837158,0.44999998807907104,-37.38792264433735,1.8247683328809217e-06
grid-r024-c003,24,3,0.7999997138977051,5.000000476837158,0.44999998807907104,-37.42646085455136,1.8086474256051588e-06
grid-r024-c004,24,4,1.0,5.000000476837158,0.44999998807907104,-37.8916134555553,1.6249449572569574e-06
grid-r024-c005,24,5,1.1999998092651367,5.000000476837158,0.44999998807907104,-37.640999750200805,1.7214722447533859e-06
grid-r024-c006,24,6,1.4000000953674316,5.000000476837158,0.44999998807907104,-37.65916177893978,1.7142881461040815e-06
grid-r024-c007,24,7,1.5999999046325684,5.000000476837158,0.44999998807907104,-37.75224141449789,1.6779378029241343e-06
grid-r024-c008,24,8,1.799999713897705,5.000000476837158,0.44999998807907104,-37.59838900862008,1.7384455759383854e-06
grid-r024-c009,24,9,2.0,5.000000476837158,0.44999998807907104,-37.87293333132495,1.631949317015824e-06
grid-r024-c010,24,10,2.200000047683716,5.000000476837158,0.44999998807907104,-37.888013442177694,1.6262924873444717e-06
grid-r024-c011,24,11,2.3999998569488525,5.000000476837158,0.44999998807907104,-37.892163150691964,1.624739297767519e-06
grid-r024-c012,24,12,2.5999999046325684,5.000000476837158,0.44999998807907104,-37.90883255989371,1.6185150570890983e-06
grid-r024-c013,24,13,2.799999952316284,5.000000476837158,0.44999998807907104,-37.938162636394146,1.6076212432380999e-06
grid-r024-c014,24,14,3.0,5.000000476837158,0.44999998807907104,-37.91756345479716,1.6152645230249618e-06
grid-r024-c015,24,15,3.200000047683716,5.000000476837158,0.44999998807907104,-37.93353063820782,1.609336777619319e-06
grid-r024-c016,24,16,3.3999998569488525,5.000000476837158,0.44999998807907104,-37.96886608848706,1.5962958741511102e-06
grid-r024-c017,24,17,3.5999999046325684,5.000000476837158,0.44999998807907104,-38.00842590109628,1.581821265972394e-06
grid-r024-c018,24,18,3.799999952316284,5.000000476837158,0.44999998807907104,-38.00277875217407,1.5838794524825062e-06
grid-r024-c019,24,19,4.0,5.000000476837158,0.44999998807907104,-37.99263116989606,1.5875846202106914e-06
grid-r024-c020,24,20,4.199999809265137,5.000000476837158,0.44999998807907104,-37.99247567367314,1.5876414636295522e-06
grid-r024-c021,24,21,4.400000095367432,5.000000476837158,0.44999998807907104,-38.02628933414093,1.5753282696095994e-06
grid-r024-c022,24,22,4.599999904632568,5.000000476837158,0.44999998807907104,-38.00651451858381,1.582517597853439e-06
grid-r024-c023,24,23,4.800000190734863,5.000000476837158,0.44999998807907104,-38.452386995529444,1.4281088169809664e-06
grid-r024-c024,24,24,5.0,5.000000476837158,0.44999998807907104,-38.27927242872212,1.4861846011626767e-06
grid-r024-c025,24,25,5.199999809265137,5.000000476837158,0.44999998807907104,-38.15862045193144,1.52805137076939e-06
grid-r024-c026,24,26,5.400000095367432,5.000000476837158,0.44999998807907104,-38.16913989821053,1.5243546158671961e-06
grid-r024-c027,24,27,5.599999904632568,5.000000476837158,0.44999998807907104,-38.11466451617704,1.5435956584042287e-06
grid-r024-c028,24,28,5.800000190734863,5.000000476837158,0.44999998807907104,-38.132351358265105,1.5373220776382368e-06
grid-r024-c029,24,29,6.0,5.000000476837158,0.44999998807907104,-38.15806408427967,1.5282471395039465e-06
grid-r024-c030,24,30,6.199999809265137,5.000000476837158,0.44999998807907104,-38.39918495393211,1.445711063752242e-06
grid-r024-c031,24,31,6.400000095367432,5.000000476837158,0.44999998807907104,-38.75157294347599,1.3330385399967781e-06
grid-r024-c032,24,32,6.599999904632568,5.000000476837158,0.44999998807907104,-39.129782784840295,1.2218607707836782e-06
grid-r024-c033,24,33,6.800000190734863,5.000000476837158,0.44999998807907104,-39.11086277063212,1.2271954119569273e-06
grid-r024-c034,24,34,7.0,5.000000476837158,0.44999998807907104,-39.13129270901273,1.2214360367579502e-06
grid-r024-c035,24,35,7.199999809265137,5.000000476837158,0.44999998807907104,-39.185136899756415,1.206386059493525e-06
grid-r024-c036,24,36,7.400000095367432,5.000000476837158,0.44999998807907104,-39.19055735722253,1.2048813005094416e-06
grid-r024-c037,24,37,7.599999904632568,5.000000476837158,0.44999998807907104,-39.177606754579095,1.2084796026101685e-06
grid-r024-c038,24,38,7.800000190734863,5.000000476837158,0.44999998807907104,-39.19965784375694,1.2023591580145876e-06
grid-r024-c039,24,39,8.0,5.000000476837158,0.44999998807907104,-39.18297404578002,1.2069870081177214e-06
grid-r024-c040,24,40,8.199999809265137,5.000000476837158,0.44999998807907104,-39.091401555128655,1.2327069498496712e-06
grid-r024-c041,24,41,8.399999618530273,5.000000476837158,0.44999998807907104,-39.15167543625627,1.2157169066995266e-06
grid-r024-c042,24,42,8.600000381469727,5.000000476837158,0.44999998807907104,-39.14947559650537,1.2163328619863023e-06
grid-r024-c043,24,43,8.800000190734863,5.000000476837158,0.44999998807907104,-39.11107922874773,1.227134248438233e-06
grid-r024-c044,24,44,9.0,5.000000476837158,0.44999998807907104,-39.150325679323274,1.2160948017481132e-06
grid-r024-c045,24,45,9.199999809265137,5.000000476837158,0.44999998807907104,-38.86599295523978,1.2983766737306723e-06
grid-r024-c046,24,46,9.399999618530273,5.000000476837158,0.44999998807907104,-38.597787740498674,1.3810875998387928e-06
grid-r024-c047,24,47,9.600000381469727,5.000000476837158,0.44999998807907104,-38.3916657866955,1.4482162669082754e-06
grid-r024-c048,24,48,9.800000190734863,5.000000476837158,0.44999998807907104,-38.404783984698135,1.443848418603011e-06
grid-r024-c049,24,49,10.0,5.000000476837158,0.44999998807907104,-38.440264765728536,1.4321005892270477e-06
grid-r024-c050,24,50,10.200000762939453,5.000000476837158,0.44999998807907104,-38.654362577122534,1.363213073091174e-06
grid-r024-c051,24,51,10.399999618530273,5.000000476837158,0.44999998807907104,-38.42319327829706,1.437741047993768e-06
grid-r024-c052,24,52,10.600000381469727,5.000000476837158,0.44999998807907104,-38.12795553576691,1.5388789051939966e-06
grid-r024-c053,24,53,10.800000190734863,5.000000476837158,0.44999998807907104,-38.068761332182255,1.559997372169164e-06
grid-r024-c054,24,54,11.0,5.000000476837158,0.44999998807907104,-38.015748111867744,1.579156560183037e-06
grid-r024-c055,24,55,11.200000762939453,5.000000476837158,0.44999998807907104,-37.983360269539894,1.5909772628219798e-06
grid-r024-c056,24,56,11.399999618530273,5.000000476837158,0.44999998807907104,-38.048755135133604,1.5672002291466924e-06
grid-r024-c057,24,57,11.600000381469727,5.000000476837158,0.44999998807907104,-38.091604710973606,1.5518135114689358e-06
grid-r025-c000,25,0,0.19999980926513672,5.200000762939453,0.44999998807907104,-37.703495477977924,1.6968773479675292e-06
grid-r025-c001,25,1,0.40000009536743164,5.200000762939453,0.44999998807907104,-37.721463450166326,1.6898713965929346e-06
grid-r025-c002,25,2,0.5999999046325684,5.200000762939453,0.44999998807907104,-37.22189931943496,1.8958766077048494e-06
grid-r025-c003,25,3,0.7999997138977051,5.200000762939453,0.44999998807907104,-37.76690042897605,1.6722837017368875e-06
grid-r025-c004,25,4,1.0,5.200000762939453,0.44999998807907104,-37.790924222637855,1.6630586969768046e-06
grid-r025-c005,25,5,1.1999998092651367,5.200000762939453,0.44999998807907104,-37.60936137766233,1.7340589693048969e-06
grid-r025-c006,25,6,1.4000000953674316,5.200000762939453,0.44999998807907104,-37.75270900525271,1.6777571545389947e-06
grid-r025-c007,25,7,1.5999999046325684,5.200000762939453,0.44999998807907104,-37.78841449610568,1.6640200328765786e-06
grid-r025-c008,25,8,1.799999713897705,5.200000762939453,0.44999998807907104,-37.687122521684785,1.7032866708177608e-06
grid-r025-c009,25,9,2.0,5.200000762939453,0.44999998807907104,-37.96583197940009,1.5974114830896724e-06
grid-r025-c010,25,10,2.200000047683716,5.200000762939453,0.44999998807907104,-37.972015294006226,1.5951387695167796e-06
grid-r025-c011,25,11,2.3999998569488525,5.200000762939453,0.44999998807907104,-38.0064564881266,1.5825387436052551e-06
grid-r025-c012,25,12,2.5999999046325684,5.200000762939453,0.44999998807907104,-38.02701746434545,1.575064175085572e-06
grid-r025-c013,25,13,2.799999952316284,5.200000762939453,0.44999998807907104,-38.032654807745665,1.5730209952380392e-06
grid-r025-c014,25,14,3.0,5.200000762939453,0.44999998807907104,-38.04770018383718,1.5675809663662221e-06
grid-r025-c015,25,15,3.200000047683716,5.200000762939453,0.44999998807907104,-37.96060726254063,1.5993343822628958e-06
grid-r025-c016,25,16,3.3999998569488525,5.200000762939453,0.44999998807907104,-37.952363804180976,1.6023730040615192e-06
grid-r025-c017,25,17,3.5999999046325684,5.200000762939453,0.44999998807907104,-37.936816729756444,1.6081195326478337e-06
grid-r025-c018,25,18,3.799999952316284,5.200000762939453,0.44999998807907104,-37.941616981136626,1.6063430621215957e-06
grid-r025-c019,25,19,4.0,5.200000762939453,0.44999998807907104,-37.96860628354842,1.5963913710947963e-06
grid-r025-c020,25,20,4.199999809265137,5.200000762939453,0.44999998807907104,-37.99698296771681,1.5859945960983168e-06
grid-r025-c021,25,21,4.400000095367432,5.200000762939453,0.44999998807907104,-38.04547551462715,1.5683841638747253e-06
grid-r025-c022,25,22,4.599999904632568,5.200000762939453,0.44999998807907104,-38.07441639626588,1.5579673799948068e-06
grid-r025-c023,25,23,4.800000190734863,5.200000762939453,0.44999998807907104,-38.32850155977028,1.4694331866849097e-06
grid-r025-c024,25,24,5.0,5.200000762939453,0.44999998807907104,-38.61745884748221,1.374846192447876e-06
grid-r025-c025,25,25,5.199999809265137,5.200000762939453,0.44999998807907104,-38.55229608316903,1.3956303064333042e-06
grid-r025-c026,25,26,5.400000095367432,5.200000762939453,0.44999998807907104,-38.30382843282899,1.4778050854147295e-06
grid-r025-c027,25,27,5.599999904632568,5.200000762939453,0.44999998807907104,-38.273934327158,1.4880124581395648e-06
grid-r025-c028,25,28,5.800000190734863,5.200000762939453,0.44999998807907104,-38.25028941135676,1.496135951128963e-06
grid-r025-c029,25,29,6.0,5.200000762939453,0.44999998807907104,-38.293485642335554,1.4813286952630733e-06
grid-r025-c030,25,30,6.199999809265137,5.200000762939453,0.44999998807907104,-38.31336979594147,1.474561940995045e-06
grid-r025-c031,25,31,6.400000095367432,5.200000762939453,0.44999998807907104,-38.50158322063436,1.4120226978775463e-06
grid-r025-c032,25,32,6.599999904632568,5.200000762939453,0.44999998807907104,-29.11386912421736,1.2263461940165143e-05
grid-r025-c033,25,33,6.800000190734863,5.200000762939453,0.44999998807907104,-39.183073040542524,1.2069594959029928e-06
grid-r025-c034,25,34,7.0,5.200000762939453,0.44999998807907104,-39.15631913927783,1.214417693518044e-06
grid-r025-c035,25,35,7.199999809265137,5.200000762939453,0.44999998807907104,-39.20167372816827,1.20180118301505e-06
grid-r025-c036,25,36,7.400000095367432,5.200000762939453,0.44999998807907104,-39.27208996768232,1.1824723742392962e-06
grid-r025-c037,25,37,7.599999904632568,5.200000762939453,0.44999998807907104,-39.293833274598086,1.1765670251406846e-06
grid-r025-c038,25,38,7.800000190734863,5.200000762939453,0.44999998807907104,-39.29344134766872,1.1766732086471166e-06
grid-r025-c039,25,39,8.0,5.200000762939453,0.44999998807907104,-39.359464197858365,1.1589203268158599e-06
grid-r025-c040,25,40,8.199999809265137,5.200000762939453,0.44999998807907104,-39.40180177686336,1.1476773806862184e-06
grid-r025-c041,25,41,8.399999618530273,5.200000762939453,0.44999998807907104,-39.33394340415263,1.1657506320261746e-06
grid-r025-c042,25,42,8.600000381469727,5.200000762939453,0.44999998807907104,-39.11298396197643,1.2265961686352966e-06
grid-r025-c043,25,43,8.800000190734863,5.200000762939453,0.44999998807907104,-39.175861739582764,1.2089652727809153e-06
grid-r025-c044,25,44,9.0,5.200000762939453,0.44999998807907104,-39.180680617144276,1.2076245639036642e-06
grid-r025-c045,25,45,9.199999809265137,5.200000762939453,0.44999998807907104,-39.23578749793982,1.1923980309802573e-06
grid-r025-c046,25,46,9.399999618530273,5.200000762939453,0.44999998807907104,-39.27736509576786,1.181036964226223e-06
grid-r025-c047,25,47,9.600000381469727,5.200000762939453,0.44999998807907104,-39.23766736622176,1.191882006423839e-06
grid-r025-c048,25,48,9.800000190734863,5.200000762939453,0.44999998807907104,-38.96976465096272,1.2677205631916877e-06
grid-r025-c049,25,49,10.0,5.200000762939453,0.44999998807907104,-38.86643713508135,1.2982438875042135e-06
grid-r025-c050,25,50,10.200000762939453,5.200000762939453,0.44999998807907104,-38.757918544956915,1.331092221334984e-06
grid-r025-c051,25,51,10.399999618530273,5.200000762939453,0.44999998807907104,-38.76386446432755,1.3292710718815215e-06
grid-r025-c052,25,52,10.600000381469727,5.200000762939453,0.44999998807907104,-38.7202193409135,1.3426971463559312e-06
grid-r025-c053,25,53,10.800000190734863,5.200000762939453,0.44999998807907104,-38.475956464144936,1.4203793625711114e-06
grid-r025-c054,25,54,11.0,5.200000762939453,0.44999998807907104,-38.24632816177653,1.4975012163631618e-06
grid-r025-c055,25,55,11.200000762939453,5.200000762939453,0.44999998807907104,-38.16885811594859,1.524453523416014e-06
grid-r025-c056,25,56,11.399999618530273,5.200000762939453,0.44999998807907104,-38.09596769705347,1.5502553196711233e-06
grid-r025-c057,25,57,11.600000381469727,5.200000762939453,0.44999998807907104,-38.202874038763895,1.5125599475140916e-06
grid-r026-c000,26,0,0.19999980926513672,5.40000057220459,0.44999998807907104,-37.75152850170628,1.6782132661319338e-06
grid-r026-c001,26,1,0.40000009536743164,5.40000057220459,0.44999998807907104,-37.47303213700303,1.7893561334858532e-06
grid-r026-c002,26,2,0.5999999046325684,5.40000057220459,0.44999998807907104,-37.495994030326784,1.7799204670154722e-06
grid-r026-c003,26,3,0.7999997138977051,5.40000057220459,0.44999998807907104,-37.96830443447209,1.5965023294484126e-06
grid-r026-c004,26,4,1.0,5.40000057220459,0.44999998807907104,-37.69397122474004,1.7006027519528288e-06
grid-r026-c005,26,5,1.1999998092651367,5.40000057220459,0.44999998807907104,-37.63348609220578,1.7244531136384467e-06
grid-r026-c006,26,6,1.4000000953674316,5.40000057220459,0.44999998807907104,-37.80195201778356,1.6588411426710081e-06
grid-r026-c007,26,7,1.5999999046325684,5.40000057220459,0.44999998807907104,-37.772959270301136,1.6699523257557303e-06
grid-r026-c008,26,8,1.799999713897705,5.40000057220459,0.44999998807907104,-37.83886866751133,1.6448001360913622e-06
grid-r026-c009,26,9,2.0,5.40000057220459,0.44999998807907104,-38.01372568668473,1.579892114023096e-06
grid-r026-c010,26,10,2.200000047683716,5.40000057220459,0.44999998807907104,-38.0806179998345,1.5557442338831606e-06
grid-r026-c011,26,11,2.3999998569488525,5.40000057220459,0.44999998807907104,-38.0823657521633,1.5551182741546654e-06
grid-r026-c012,26,12,2.5999999046325684,5.40000057220459,0.44999998807907104,-38.052787037820586,1.5657459471185575e-06
grid-r026-c013,26,13,2.799999952316284,5.40000057220459,0.44999998807907104,-38.050257835756945,1.566658056617598e-06
grid-r026-c014,26,14,3.0,5.40000057220459,0.44999998807907104,-37.99964579400307,1.5850224599489593e-06
grid-r026-c015,26,15,3.200000047683716,5.40000057220459,0.44999998807907104,-37.95511594911525,1.6013578942875029e-06
grid-r026-c016,26,16,3.3999998569488525,5.40000057220459,0.44999998807907104,-37.958799505519146,1.6000002460714313e-06
grid-r026-c017,26,17,3.5999999046325684,5.40000057220459,0.44999998807907104,-37.9735201567458,1.5945861377986148e-06
grid-r026-c018,26,18,3.799999952316284,5.40000057220459,0.44999998807907104,-38.00310140008318,1.5837617866054643e-06
grid-r026-c019,26,19,4.0,5.40000057220459,0.44999998807907104,-38.020029882276134,1.5776004147483036e-06
grid-r026-c020,26,20,4.199999809265137,5.40000057220459,0.44999998807907104,-38.02368028933732,1.5762749399073073e-06
grid-r026-c021,26,21,4.400000095367432,5.40000057220459,0.44999998807907104,-38.06728417191236,1.5605280623276485e-06
grid-r026-c022,26,22,4.599999904632568,5.40000057220459,0.44999998807907104,-38.1011340747856,1.5484122286579804e-06
grid-r026-c023,26,23,4.800000190734863,5.40000057220459,0.44999998807907104,-38.27029060439054,1.4892614217387745e-06
grid-r026-c024,26,24,5.0,5.40000057220459,0.44999998807907104,-38.67267882547702,1.3574758668255527e-06
grid-r026-c025,26,25,5.199999809265137,5.40000057220459,0.44999998807907104,-38.753012492846146,1.332596752945392e-06
grid-r026-c026,26,26,5.400000095367432,5.40000057220459,0.44999998807907104,-38.80905408291354,1.3155113265383989e-06
grid-r026-c027,26,27,5.599999904632568,5.40000057220459,0.44999998807907104,-38.50413338057785,1.411193807143718e-06
grid-r026-c028,26,28,5.800000190734863,5.40000057220459,0.44999998807907104,-38.332808580052784,1.4679766309200204e-06
grid-r026-c029,26,29,6.0,5.40000057220459,0.44999998807907104,-38.373390389652826,1.4543232964570052e-06
grid-r026-c030,26,30,6.199999809265137,5.40000057220459,0.44999998807907104,-38.384856002693446,1.4504888667943305e-06
grid-r026-c031,26,31,6.400000095367432,5.40000057220459,0.44999998807907104,-38.54158574776178,1.3990763818583218e-06
grid-r026-c032,26,32,6.599999904632568,5.40000057220459,0.44999998807907104,-38.67606270203399,1.3564185792347416e-06
grid-r026-c033,26,33,6.800000190734863,5.40000057220459,0.44999998807907104,-38.780993793777824,1.3240385214885464e-06
grid-r026-c034,26,34,7.0,5.40000057220459,0.44999998807907104,-39.074237974730444,1.2375883216009242e-06
grid-r026-c035,26,35,7.199999809265137,5.40000057220459,0.44999998807907104,-39.295894620254785,1.1760087090806337e-06
grid-r026-c036,26,36,7.400000095367432,5.40000057220459,0.44999998807907104,-39.40827514969706,1.1459679853942362e-06
grid-r026-c037,26,37,7.599999904632568,5.40000057220459,0.44999998807907104,-39.440755420915075,1.1374294217603165e-06
grid-r026-c038,26,38,7.800000190734863,5.40000057220459,0.44999998807907104,-39.49820618428117,1.1224819900235161e-06
grid-r026-c039,26,39,8.0,5.40000057220459,0.44999998807907104,-39.46894341396623,1.1300708138151094e-06
grid-r026-c040,26,40,8.199999809265137,5.40000057220459,0.44999998807907104,-39.52807313935896,1.1147890290885698e-06
grid-r026-c041,26,41,8.399999618530273,5.40000057220459,0.44999998807907104,-39.37565795718511,1.1546070481927018e-06
grid-r026-c042,26,42,8.600000381469727,5.40000057220459,0.44999998807907104,-39.20050055691214,1.2021258726235828e-06
grid-r026-c043,26,43,8.800000190734863,5.40000057220459,0.44999998807907104,-39.159261202567,1.2135952829339658e-06
grid-r026-c044,26,44,9.0,5.40000057220459,0.44999998807907104,-39.26276576135692,1.185013843496563e-06
grid-r026-c045,26,45,9.199999809265137,5.40000057220459,0.44999998807907104,-39.348899567272795,1.1617429436228122e-06
grid-r026-c046,26,46,9.399999618530273,5.40000057220459,0.44999998807907104,-39.35738651706373,1.159474891210266e-06
grid-r026-c047,26,47,9.600000381469727,5.40000057220459,0.44999998807907104,-39.30518932408445,1.1734945246644202e-06
grid-r026-c048,26,48,9.800000190734863,5.40000057220459,0.44999998807907104,-39.403078810751666,1.1473399581518606e-06
grid-r026-c049,26,49,10.0,5.40000057220459,0.44999998807907104,-39.587429034492416,1.0996566288667964e-06
grid-r026-c050,26,50,10.200000762939453,5.40000057220459,0.44999998807907104,-39.47187080233909,1.12930933937605e-06
grid-r026-c051,26,51,10.399999618530273,5.40000057220459,0.44999998807907104,-39.16007088399512,1.2133690461268998e-06
grid-r026-c052,26,52,10.600000381469727,5.40000057220459,0.44999998807907104,-38.85068589393746,1.3029609817749588e-06
grid-r026-c053,26,53,10.800000190734863,5.40000057220459,0.44999998807907104,-38.8163376116941,1.3133069387549767e-06
grid-r026-c054,26,54,11.0,5.40000057220459,0.44999998807907104,-38.813560616882484,1.3141469707989017e-06
grid-r026-c055,26,55,11.200000762939453,5.40000057220459,0.44999998807907104,-38.73720104900795,1.3374572063185042e-06
grid-r026-c056,26,56,11.399999618530273,5.40000057220459,0.44999998807907104,-38.553850130126946,1.3951309938420309e-06
grid-r026-c057,26,57,11.600000381469727,5.40000057220459,0.44999998807907104,-38.34344515260756,1.4643857184637454e-06
grid-r027-c000,27,0,0.19999980926513672,5.600000381469727,0.44999998807907104,-37.76390648220204,1.6734369410187355e-06
grid-r027-c001,27,1,0.40000009536743164,5.600000381469727,0.44999998807907104,-37.31757974064212,1.8545648572398932e-06
grid-r027-c002,27,2,0.5999999046325684,5.600000381469727,0.44999998807907104,-37.81534347541189,1.65373398886004e-06
grid-r027-c003,27,3,0.7999997138977051,5.600000381469727,0.44999998807907104,-37.947825297108324,1.6040484069890226e-06
grid-r027-c004,27,4,1.0,5.600000381469727,0.44999998807907104,-37.65022618712756,1.7178189182232018e-06
grid-r027-c005,27,5,1.1999998092651367,5.600000381469727,0.44999998807907104,-37.762442726108446,1.6740010551075102e-06
grid-r027-c006,27,6,1.4000000953674316,5.600000381469727,0.44999998807907104,-37.91214061265828,1.617282691768196e-06
grid-r027-c007,27,7,1.5999999046325684,5.600000381469727,0.44999998807907104,-37.8206810915312,1.6517027461304679e-06
grid-r027-c008,27,8,1.799999713897705,5.600000381469727,0.44999998807907104,-37.95357953848438,1.6019245094867074e-06
grid-r027-c009,27,9,2.0,5.600000381469727,0.44999998807907104,-37.99885153975878,1.5853123613851494e-06
grid-r027-c010,27,10,2.200000047683716,5.600000381469727,0.44999998807907104,-37.99505700977888,1.5866980902501382e-06
grid-r027-c011,27,11,2.3999998569488525,5.600000381469727,0.44999998807907104,-37.99257923353838,1.5876036059125909e-06
grid-r027-c012,27,12,2.5999999046325684,5.600000381469727,0.44999998807907104,-38.03643585037059,1.5716520920250332e-06
grid-r027-c013,27,13,2.799999952316284,5.600000381469727,0.44999998807907104,-38.049775049490925,1.5668322248529876e-06
grid-r027-c014,27,14,3.0,5.600000381469727,0.44999998807907104,-38.07525882512241,1.5576652003801428e-06
grid-r027-c015,27,15,3.200000047683716,5.600000381469727,0.44999998807907104,-38.06665586658302,1.5607538443873636e-06
grid-r027-c016,27,16,3.3999998569488525,5.600000381469727,0.44999998807907104,-38.07100271455931,1.559192469358095e-06
grid-r027-c017,27,17,3.5999999046325684,5.600000381469727,0.44999998807907104,-38.05612867462028,1.5645416624465724e-06
grid-r027-c018,27,18,3.799999952316284,5.600000381469727,0.44999998807907104,-38.07261893705083,1.5586123254252016e-06
grid-r027-c019,27,19,4.0,5.600000381469727,0.44999998807907104,-38.0691417791446,1.5598607205902226e-06
grid-r027-c020,27,20,4.199999809265137,5.600000381469727,0.44999998807907104,-38.108794562112216,1.5456834034921485e-06
grid-r027-c021,27,21,4.400000095367432,5.600000381469727,0.44999998807907104,-38.12189490649661,1.5410279274874483e-06
grid-r027-c022,27,22,4.599999904632568,5.600000381469727,0.44999998807907104,-38.17315809374817,1.522944899079448e-06
grid-r027-c023,27,23,4.800000190734863,5.600000381469727,0.44999998807907104,-38.23805185103818,1.5003577118477551e-06
grid-r027-c024,27,24,5.0,5.600000381469727,0.44999998807907104,-38.69682125694717,1.3499505939762457e-06
grid-r027-c025,27,25,5.199999809265137,5.600000381469727,0.44999998807907104,-38.807354973421866,1.3160261005396023e-06
grid-r027-c026,27,26,5.400000095367432,5.600000381469727,0.44999998807907104,-38.864296515121,1.2988839444005862e-06
grid-r027-c027,27,27,5.599999904632568,5.600000381469727,0.44999998807907104,-38.89513833384257,1.2896924772576313e-06
grid-r027-c028,27,28,5.800000190734863,5.600000381469727,0.44999998807907104,-38.67093733886498,1.3580203130914015e-06
grid-r027-c029,27,29,6.0,5.600000381469727,0.44999998807907104,-38.47896849153078,1.4193946071827668e-06
grid-r027-c030,27,30,6.199999809265137,5.600000381469727,0.44999998807907104,-38.53192524421662,1.4021919696460827e-06
grid-r027-c031,27,31,6.400000095367432,5.600000381469727,0.44999998807907104,-38.77114322632438,1.3270450835989323e-06
grid-r027-c032,27,32,6.599999904632568,5.600000381469727,0.44999998807907104,-38.85082610162341,1.3029189176450018e-06
grid-r027-c033,27,33,6.800000190734863,5.600000381469727,0.44999998807907104,-38.881049637172524,1.2938830877828877e-06
grid-r027-c034,27,34,7.0,5.600000381469727,0.44999998807907104,-38.844774765439816,1.3047356333117932e-06
grid-r027-c035,27,35,7.199999809265137,5.600000381469727,0.44999998807907104,-38.96372159900612,1.2694857787209912e-06
grid-r027-c036,27,36,7.400000095367432,5.600000381469727,0.44999998807907104,-39.262265810494185,1.1851502677018289e-06
grid-r027-c037,27,37,7.599999904632568,5.600000381469727,0.44999998807907104,-39.51339161961582,1.118564000535116e-06
grid-r027-c038,27,38,7.800000190734863,5.600000381469727,0.44999998807907104,-39.5578927187115,1.1071608696511248e-06
grid-r027-c039,27,39,8.0,5.600000381469727,0.44999998807907104,-39.67817497220844,1.076917669706745e-06
grid-r027-c040,27,40,8.199999809265137,5.600000381469727,0.44999998807907104,-39.633464733797425,1.0880617082875688e-06
grid-r027-c041,27,41,8.399999618530273,5.600000381469727,0.44999998807907104,-39.40540924657079,1.1467244576124358e-06
grid-r027-c042,27,42,8.600000381469727,5.600000381469727,0.44999998807907104,-39.43167657863079,1.139809683081694e-06
grid-r027-c043,27,43,8.800000190734863,5.600000381469727,0.44999998807907104,-39.331872813907445,1.1663065606626333e-06
grid-r027-c044,27,44,9.0,5.600000381469727,0.44999998807907104,-39.28102459805241,1.180042204396159e-06
grid-r027-c045,27,45,9.199999809265137,5.600000381469727,0.44999998807907104,-39.257998156788865,1.1863154441016377e-06
grid-r027-c046,27,46,9.399999618530273,5.600000381469727,0.44999998807907104,-39.318723707247216,1.1698431308104773e-06
grid-r027-c047,27,47,9.600000381469727,5.600000381469727,0.44999998807907104,-39.405002384797456,1.1468318916740827e-06
grid-r027-c048,27,48,9.800000190734863,5.600000381469727,0.44999998807907104,-39.67572834259969,1.077524530046503e-06
grid-r027-c049,27,49,10.0,5.600000381469727,0.44999998807907104,-39.650838652339516,1.083717620531388e-06
grid-r027-c050,27,50,10.200000762939453,5.600000381469727,0.44999998807907104,-39.61439816541624,1.092849061024026e-06
grid-r027-c051,27,51,10.399999618530273,5.600000381469727,0.44999998807907104,-39.65833417741603,1.0818488362929202e-06
grid-r027-c052,27,52,10.600000381469727,5.600000381469727,0.44999998807907104,-39.698724507922655,1.0718340490711853e-06
grid-r027-c053,27,53,10.800000190734863,5.600000381469727,0.44999998807907104,-39.45243267194461,1.1343752248649253e-06
grid-r027-c054,27,54,11.0,5.600000381469727,0.44999998807907104,-39.22141823955275,1.1963497854594607e-06
grid-r027-c055,27,55,11.200000762939453,5.600000381469727,0.44999998807907104,-38.960398333825424,1.2704575738098356e-06
grid-r027-c056,27,56,11.399999618530273,5.600000381469727,0.44999998807907104,-39.01344501122046,1.2550340215966571e-06
grid-r027-c057,27,57,11.600000381469727,5.600000381469727,0.44999998807907104,-39.078017274692,1.2365118209345383e-06
grid-r028-c000,28,0,0.19999980926513672,5.800000190734863,0.44999998807907104,-37.53148588902802,1.7654336943451199e-06
grid-r028-c001,28,1,0.40000009536743164,5.800000190734863,0.44999998807907104,-37.58796133538926,1.742624704093032e-06
grid-r028-c002,28,2,0.5999999046325684,5.800000190734863,0.44999998807907104,-38.00291466663218,1.5838298850212595e-06
grid-r028-c003,28,3,0.7999997138977051,5.800000190734863,0.44999998807907104,-37.878830881270474,1.6297346974170068e-06
grid-r028-c004,28,4,1.0,5.800000190734863,0.44999998807907104,-37.66276601699305,1.7128660374510218e-06
grid-r028-c005,28,5,1.1999998092651367,5.800000190734863,0.44999998807907104,-37.86884214788823,1.6334873862433597e-06
grid-r028-c006,28,6,1.4000000953674316,5.800000190734863,0.44999998807907104,-37.97387191348971,1.594456989550963e-06
grid-r028-c007,28,7,1.5999999046325684,5.800000190734863,0.44999998807907104,-37.69272995190335,1.7010888768709265e-06
grid-r028-c008,28,8,1.799999713897705,5.800000190734863,0.44999998807907104,-37.94672349154058,1.604455405868066e-06
grid-r028-c009,28,9,2.0,5.800000190734863,0.44999998807907104,-37.953051291706636,1.6021193687265622e-06
grid-r028-c010,28,10,2.200000047683716,5.800000190734863,0.44999998807907104,-37.95789205260558,1.6003345990611706e-06
grid-r028-c011,28,11,2.3999998569488525,5.800000190734863,0.44999998807907104,-38.018831386980125,1.5780358353367774e-06
grid-r028-c012,28,12,2.5999999046325684,5.800000190734863,0.44999998807907104,-38.05247329008881,1.5658590655220905e-06
grid-r028-c013,28,13,2.799999952316284,5.800000190734863,0.44999998807907104,-38.11870399643483,1.5421605894516688e-06
grid-r028-c014,28,14,3.0,5.800000190734863,0.44999998807907104,-38.13443622629425,1.5365842500614235e-06
grid-r028-c015,28,15,3.200000047683716,5.800000190734863,0.44999998807907104,-38.138412134758106,1.5351781712524826e-06
grid-r028-c016,28,16,3.3999998569488525,5.800000190734863,0.44999998807907104,-38.15579831706537,1.5290446526705637e-06
grid-r028-c017,28,17,3.5999999046325684,5.800000190734863,0.44999998807907104,-38.19321806481214,1.5159266695263796e-06
grid-r028-c018,28,18,3.799999952316284,5.800000190734863,0.44999998807907104,-38.215033359543696,1.508331024524523e-06
grid-r028-c019,28,19,4.0,5.800000190734863,0.44999998807907104,-38.21050600222306,1.5099042229849147e-06
grid-r028-c020,28,20,4.199999809265137,5.800000190734863,0.44999998807907104,-38.223478402084005,1.505400859969086e-06
grid-r028-c021,28,21,4.400000095367432,5.800000190734863,0.44999998807907104,-38.232504825734395,1.5022752677396056e-06
grid-r028-c022,28,22,4.599999904632568,5.800000190734863,0.44999998807907104,-38.235373318987456,1.5012833500804845e-06
grid-r028-c023,28,23,4.800000190734863,5.800000190734863,0.44999998807907104,-38.261418963003145,1.4923067510608234e-06
grid-r028-c024,28,24,5.0,5.800000190734863,0.44999998807907104,-38.52786089923009,1.403504825248092e-06
grid-r028-c025,28,25,5.199999809265137,5.800000190734863,0.44999998807907104,-38.75642434435349,1.3315502656041645e-06
grid-r028-c026,28,26,5.400000095367432,5.800000190734863,0.44999998807907104,-38.83469745943459,1.3077666380922892e-06
grid-r028-c027,28,27,5.599999904632568,5.800000190734863,0.44999998807907104,-38.970018591044735,1.2676464393734932e-06
grid-r028-c028,28,28,5.800000190734863,5.800000190734863,0.44999998807907104,-38.95671026393964,1.2715369166471646e-06
grid-r028-c029,28,29,6.0,5.800000190734863,0.44999998807907104,-38.97200427565957,1.2670669775616261e-06
grid-r028-c030,28,30,6.199999809265137,5.800000190734863,0.44999998807907104,-38.81650679177631,1.313255779678002e-06
grid-r028-c031,28,31,6.400000095367432,5.800000190734863,0.44999998807907104,-38.89777569906884,1.2889095160062425e-06
grid-r028-c032,28,32,6.599999904632568,5.800000190734863,0.44999998807907104,-38.87573121052381,1.2954685644217534e-06
grid-r028-c033,28,33,6.800000190734863,5.800000190734863,0.44999998807907104,-38.919761322752564,1.2824010582335177e-06
grid-r028-c034,28,34,7.0,5.800000190734863,0.44999998807907104,-38.94278454996424,1.2756206615449628e-06
grid-r028-c035,28,35,7.199999809265137,5.800000190734863,0.44999998807907104,-38.96293876210319,1.2697146303253248e-06
grid-r028-c036,28,36,7.400000095367432,5.800000190734863,0.44999998807907104,-38.880248749046174,1.2941217164552654e-06
grid-r028-c037,28,37,7.599999904632568,5.800000190734863,0.44999998807907104,-39.26218915645063,1.1851711860799696e-06
grid-r028-c038,28,38,7.800000190734863,5.800000190734863,0.44999998807907104,-39.774864385751094,1.0532065743973362e-06
grid-r028-c039,28,39,8.0,5.800000190734863,0.44999998807907104,-39.84941230759126,1.0352822528147954e-06
grid-r028-c040,28,40,8.199999809265137,5.800000190734863,0.44999998807907104,-39.57771342322679,1.1021194268323597e-06
grid-r028-c041,28,41,8.399999618530273,5.800000190734863,0.44999998807907104,-39.42492431955509,1.1415831977501512e-06
grid-r028-c042,28,42,8.600000381469727,5.800000190734863,0.44999998807907104,-39.34395033945193,1.1630676226559444e-06
grid-r028-c043,28,43,8.800000190734863,5.800000190734863,0.44999998807907104,-39.40675969808838,1.1463679356893408e-06
grid-r028-c044,28,44,9.0,5.800000190734863,0.44999998807907104,-39.338600120948676,1.1645013273664517e-06
grid-r028-c045,28,45,9.199999809265137,5.800000190734863,0.44999998807907104,-39.28656153344011,1.1785386959672906e-06
grid-r028-c046,28,46,9.399999618530273,5.800000190734863,0.44999998807907104,-39.32953156879874,1.1669354762489093e-06
grid-r028-c047,28,47,9.600000381469727,5.800000190734863,0.44999998807907104,-39.69122384710319,1.0736868034655345e-06
grid-r028-c048,28,48,9.800000190734863,5.800000190734863,0.44999998807907104,-39.69685745195492,1.0722949355113087e-06
grid-r028-c049,28,49,10.0,5.800000190734863,0.44999998807907104,-39.7383010051317,1.062110982275044e-06
grid-r028-c050,28,50,10.200000762939453,5.800000190734863,0.44999998807907104,-39.658627640556965,1.0817757356562652e-06
grid-r028-c051,28,51,10.399999618530273,5.800000190734863,0.44999998807907104,-39.73390098607199,1.0631875966282678e-06
grid-r028-c052,28,52,10.600000381469727,5.800000190734863,0.44999998807907104,-39.767593873023024,1.0549712214924511e-06
grid-r028-c053,28,53,10.800000190734863,5.800000190734863,0.44999998807907104,-39.79030853419854,1.0494678690520232e-06
grid-r028-c054,28,54,11.0,5.800000190734863,0.44999998807907104,-39.88465351733052,1.0269153563058353e-06
grid-r028-c055,28,55,11.200000762939453,5.800000190734863,0.44999998807907104,-39.969090827450884,1.007142486741941e-06
grid-r028-c056,28,56,11.399999618530273,5.800000190734863,0.44999998807907104,-39.79062328526218,1.0493918125575874e-06
grid-r028-c057,28,57,11.600000381469727,5.800000190734863,0.44999998807907104,-39.5402627852988,1.111664460040629e-06
grid-r029-c000,29,0,0.19999980926513672,6.000000476837158,0.44999998807907104,-37.51168026984209,1.7735031860866002e-06
grid-r029-c001,29,1,0.40000009536743164,6.000000476837158,0.44999998807907104,-37.931529572005864,1.6100784705486149e-06
grid-r029-c002,29,2,0.5999999046325684,6.000000476837158,0.44999998807907104,-38.08882291454892,1.552807816551649e-06
grid-r029-c003,29,3,0.7999997138977051,6.000000476837158,0.44999998807907104,-37.7398980563506,1.682713559603144e-06
grid-r029-c004,29,4,1.0,6.000000476837158,0.44999998807907104,-37.60866356466279,1.7343376157441526e-06
grid-r029-c005,29,5,1.1999998092651367,6.000000476837158,0.44999998807907104,-37.765839148022316,1.6726924059184967e-06
grid-r029-c006,29,6,1.4000000953674316,6.000000476837158,0.44999998807907104,-37.844930523071376,1.64250593570614e-06
grid-r029-c007,29,7,1.5999999046325684,6.000000476837158,0.44999998807907104,-37.75976104345518,1.6750350368965883e-06
grid-r029-c008,29,8,1.799999713897705,6.000000476837158,0.44999998807907104,-37.959504061631755,1.5997406990209129e-06
grid-r029-c009,29,9,2.0,6.000000476837158,0.44999998807907104,-37.99780272378612,1.5856952586545958e-06
grid-r029-c010,29,10,2.200000047683716,6.000000476837158,0.44999998807907104,-38.03115002657309,1.5735661236249143e-06
grid-r029-c011,29,11,2.3999998569488525,6.000000476837158,0.44999998807907104,-38.03410610520445,1.5724954209872521e-06
grid-r029-c012,29,12,2.5999999046325684,6.000000476837158,0.44999998807907104,-38.09759100849551,1.549675971546094e-06
grid-r029-c013,29,13,2.799999952316284,6.000000476837158,0.44999998807907104,-38.10769171480081,1.5460759641428012e-06
grid-r029-c014,29,14,3.0,6.000000476837158,0.44999998807907104,-38.185173916497455,1.5187371218416956e-06
grid-r029-c015,29,15,3.200000047683716,6.000000476837158,0.44999998807907104,-38.20482812514081,1.5118795317903277e-06
grid-r029-c016,29,16,3.3999998569488525,6.000000476837158,0.44999998807907104,-38.25034650298072,1.496116283306037e-06
grid-r029-c017,29,17,3.5999999046325684,6.000000476837158,0.44999998807907104,-38.3397770276067,1.4656230860055075e-06
grid-r029-c018,29,18,3.799999952316284,6.000000476837158,0.44999998807907104,-38.34683360664091,1.463243620491994e-06
grid-r029-c019,29,19,4.0,6.000000476837158,0.44999998807907104,-38.356453793652044,1.4600059330405202e-06
grid-r029-c020,29,20,4.199999809265137,6.000000476837158,0.44999998807907104,-38.33848125260726,1.4660604392702226e-06
grid-r029-c021,29,21,4.400000095367432,6.000000476837158,0.44999998807907104,-38.29164185197803,1.481957724536187e-06
grid-r029-c022,29,22,4.599999904632568,6.000000476837158,0.44999998807907104,-38.28615743121083,1.4838303741271375e-06
grid-r029-c023,29,23,4.800000190734863,6.000000476837158,0.44999998807907104,-38.28241135155797,1.485110828980396e-06
grid-r029-c024,29,24,5.0,6.000000476837158,0.44999998807907104,-38.47031358238347,1.4222260915630613e-06
grid-r029-c025,29,25,5.199999809265137,6.000000476837158,0.44999998807907104,-38.795117250167564,1.319739681093779e-06
grid-r029-c026,29,26,5.400000095367432,6.000000476837158,0.44999998807907104,-38.85640245718343,1.3012470390094677e-06
grid-r029-c027,29,27,5.599999904632568,6.000000476837158,0.44999998807907104,-38.90655636681672,1.2863062011092552e-06
grid-r029-c028,29,28,5.800000190734863,6.000000476837158,0.44999998807907104,-39.0176769544641,1.2538116607174743e-06
grid-r029-c029,29,29,6.0,6.000000476837158,0.44999998807907104,-39.01719026008672,1.2539521776488982e-06
grid-r029-c030,29,30,6.199999809265137,6.000000476837158,0.44999998807907104,-39.3486513769225,1.1618093367360416e-06
grid-r029-c031,29,31,6.400000095367432,6.000000476837158,0.44999998807907104,-39.17459263262544,1.209318611472554e-06
grid-r029-c032,29,32,6.599999904632568,6.000000476837158,0.44999998807907104,-38.98139138799955,1.2643312174986931e-06
grid-r029-c033,29,33,6.800000190734863,6.000000476837158,0.44999998807907104,-39.01845002860399,1.2535884934550268e-06
grid-r029-c034,29,34,7.0,6.000000476837158,0.44999998807907104,-39.09551534008993,1.2315398407736211e-06
grid-r029-c035,29,35,7.199999809265137,6.000000476837158,0.44999998807907104,-39.11640999595293,1.2256289210199611e-06
grid-r029-c036,29,36,7.400000095367432,6.000000476837158,0.44999998807907104,-39.274401695510505,1.181843117592507e-06
grid-r029-c037,29,37,7.599999904632568,6.000000476837158,0.44999998807907104,-39.126434211098555,1.2228032346683904e-06
grid-r029-c038,29,38,7.800000190734863,6.000000476837158,0.44999998807907104,-39.20100494885389,1.2019862651868607e-06
grid-r029-c039,29,39,8.0,6.000000476837158,0.44999998807907104,-39.506939595674524,1.1202270115973079e-06
grid-r029-c040,29,40,8.199999809265137,6.000000476837158,0.44999998807907104,-39.51020322411651,1.1193855016244925e-06
grid-r029-c041,29,41,8.399999618530273,6.000000476837158,0.44999998807907104,-39.48624965110522,1.1255765457462985e-06
grid-r029-c042,29,42,8.600000381469727,6.000000476837158,0.44999998807907104,-39.51439106727153,1.1183066135345143e-06
grid-r029-c043,29,43,8.800000190734863,6.000000476837158,0.44999998807907104,-39.49562980505408,1.123148081205727e-06
grid-r029-c044,29,44,9.0,6.000000476837158,0.44999998807907104,-39.51129149843897,1.1191050361958332e-06
grid-r029-c045,29,45,9.199999809265137,6.000000476837158,0.44999998807907104,-39.52564143513391,1.115413397201337e-06
grid-r029-c046,29,46,9.399999618530273,6.000000476837158,0.44999998807907104,-39.57643639879967,1.102443548006704e-06
grid-r029-c047,29,47,9.600000381469727,6.000000476837158,0.44999998807907104,-39.69986936318077,1.071551537279447e-06
grid-r029-c048,29,48,9.800000190734863,6.000000476837158,0.44999998807907104,-39.750436913356715,1.0591471664156415e-06
grid-r029-c049,29,49,10.0,6.000000476837158,0.44999998807907104,-39.7092607275621,1.069236873263435e-06
grid-r029-c050,29,50,10.200000762939453,6.000000476837158,0.44999998807907104,-39.796479743950776,1.0479776619831682e-06
grid-r029-c051,29,51,10.399999618530273,6.000000476837158,0.44999998807907104,-39.767885920243344,1.0549002809057129e-06
grid-r029-c052,29,52,10.600000381469727,6.000000476837158,0.44999998807907104,-39.95557748805087,1.0102811529577593e-06
grid-r029-c053,29,53,10.800000190734863,6.000000476837158,0.44999998807907104,-40.155575646020324,9.648114200899727e-07
grid-r029-c054,29,54,11.0,6.000000476837158,0.44999998807907104,-40.21812446432142,9.510154086456168e-07
grid-r029-c055,29,55,11.200000762939453,6.000000476837158,0.44999998807907104,-40.21305075626402,9.521270953882777e-07
grid-r029-c056,29,56,11.399999618530273,6.000000476837158,0.44999998807907104,-40.3333637120057,9.26112249999278e-07
grid-r029-c057,29,57,11.600000381469727,6.000000476837158,0.44999998807907104,-40.37143652237834,9.180288884635956e-07
grid-r030-c000,30,0,0.19999980926513672,6.200000762939453,0.44999998807907104,-37.75746162912701,1.67592213529133e-06
grid-r030-c001,30,1,0.40000009536743164,6.200000762939453,0.44999998807907104,-38.02646892615986,1.5752631270515849e-06
grid-r030-c002,30,2,0.5999999046325684,6.200000762939453,0.44999998807907104,-37.900718976757794,1.6215416280829231e-06
grid-r030-c003,30,3,0.7999997138977051,6.200000762939453,0.44999998807907104,-37.586335049621546,1.7432773802283918e-06
grid-r030-c004,30,4,1.0,6.200000762939453,0.44999998807907104,-37.755483804488854,1.6766855424066307e-06
grid-r030-c005,30,5,1.1999998092651367,6.200000762939453,0.44999998807907104,-37.89520946129136,1.6236000419667107e-06
grid-r030-c006,30,6,1.4000000953674316,6.200000762939453,0.44999998807907104,-37.78615828645225,1.6648847349642892e-06
grid-r030-c007,30,7,1.5999999046325684,6.200000762939453,0.44999998807907104,-37.91146903280322,1.6175328028111835e-06
grid-r030-c008,30,8,1.799999713897705,6.200000762939453,0.44999998807907104,-37.97891792684689,1.5926054857118288e-06
grid-r030-c009,30,9,2.0,6.200000762939453,0.44999998807907104,-38.02259477189031,1.5766689784868504e-06
grid-r030-c010,30,10,2.200000047683716,6.200000762939453,0.44999998807907104,-38.050287775314885,1.5666472563680145e-06
grid-r030-c011,30,11,2.3999998569488525,6.200000762939453,0.44999998807907104,-38.08173240430658,1.55534507939592e-06
grid-r030-c012,30,12,2.5999999046325684,6.200000762939453,0.44999998807907104,-38.11530716396662,1.543367261547246e-06
grid-r030-c013,30,13,2.799999952316284,6.200000762939453,0.44999998807907104,-38.18435345120136,1.519024067420105e-06
grid-r030-c014,30,14,3.0,6.200000762939453,0.44999998807907104,-38.240142661712284,1.4996355730545474e-06
grid-r030-c015,30,15,3.200000047683716,6.200000762939453,0.44999998807907104,-38.291606869849346,1.4819696616541478e-06
grid-r030-c016,30,16,3.3999998569488525,6.200000762939453,0.44999998807907104,-38.304335627255,1.4776325087950681e-06
grid-r030-c017,30,17,3.5999999046325684,6.200000762939453,0.44999998807907104,-38.350880885857606,1.4618806289945496e-06
grid-r030-c018,30,18,3.799999952316284,6.200000762939453,0.44999998807907104,-38.37822205494259,1.452706214877253e-06
grid-r030-c019,30,19,4.0,6.200000762939453,0.44999998807907104,-38.40937275014071,1.4423236507354886e-06
grid-r030-c020,30,20,4.199999809265137,6.200000762939453,0.44999998807907104,-38.43707274178756,1.4331535567180254e-06
grid-r030-c021,30,21,4.400000095367432,6.200000762939453,0.44999998807907104,-38.43419806882785,1.4341025007524877e-06
grid-r030-c022,30,22,4.599999904632568,6.200000762939453,0.44999998807907104,-38.40369601031035,1.4442101701206411e-06
grid-r030-c023,30,23,4.800000190734863,6.200000762939453,0.44999998807907104,-38.37667896568314,1.4532224668073468e-06
grid-r030-c024,30,24,5.0,6.200000762939453,0.44999998807907104,-38.383377929224416,1.4509826087305555e-06
grid-r030-c025,30,25,5.199999809265137,6.200000762939453,0.44999998807907104,-38.819388376518006,1.312384711127379e-06
grid-r030-c026,30,26,5.400000095367432,6.200000762939453,0.44999998807907104,-38.85160263100392,1.3026859733145102e-06
grid-r030-c027,30,27,5.599999904632568,6.200000762939453,0.44999998807907104,-38.88810986745138,1.2917813592139282e-06
grid-r030-c028,30,28,5.800000190734863,6.200000762939453,0.44999998807907104,-39.02082721732204,1.2529025070762145e-06
grid-r030-c029,30,29,6.0,6.200000762939453,0.44999998807907104,-39.144744318047245,1.2176586778878118e-06
grid-r030-c030,30,30,6.199999809265137,6.200000762939453,0.44999998807907104,-39.4060934630502,1.1465438092272962e-06
grid-r030-c031,30,31,6.400000095367432,6.200000762939453,0.44999998807907104,-39.49309976614821,1.1238025763304904e-06
grid-r030-c032,30,32,6.599999904632568,6.200000762939453,0.44999998807907104,-39.49810193855718,1.1225089338040561e-06
grid-r030-c033,30,33,6.800000190734863,6.200000762939453,0.44999998807907104,-39.2292038167544,1.1942070159420837e-06
grid-r030-c034,30,34,7.0,6.200000762939453,0.44999998807907104,-39.22429696280096,1.1955570471400279e-06
grid-r030-c035,30,35,7.199999809265137,6.200000762939453,0.44999998807907104,-39.30843696512575,1.1726173170245602e-06
grid-r030-c036,30,36,7.400000095367432,6.200000762939453,0.44999998807907104,-39.283556686842125,1.1793543990279431e-06
grid-r030-c037,30,37,7.599999904632568,6.200000762939453,0.44999998807907104,-39.29167895291502,1.177150807052385e-06
grid-r030-c038,30,38,7.800000190734863,6.200000762939453,0.44999998807907104,-39.21292942462127,1.198690483761311e-06
grid-r030-c039,30,39,8.0,6.200000762939453,0.44999998807907104,-38.99412116990397,1.2606307109308545e-06
grid-r030-c040,30,40,8.199999809265137,6.200000762939453,0.44999998807907104,-39.124670078820614,1.2233000461492338e-06
grid-r030-c041,30,41,8.399999618530273,6.200000762939453,0.44999998807907104,-39.460896059918596,1.1321667443553451e-06
grid-r030-c042,30,42,8.600000381469727,6.200000762939453,0.44999998807907104,-39.58737919680428,1.0996692481057835e-06
grid-r030-c043,30,43,8.800000190734863,6.200000762939453,0.44999998807907104,-39.61800718861268,1.091941271624819e-06
grid-r030-c044,30,44,9.0,6.200000762939453,0.44999998807907104,-39.56262367632917,1.1059554481107625e-06
grid-r030-c045,30,45,9.199999809265137,6.200000762939453,0.44999998807907104,-39.63568562470815,1.087505438590597e-06
grid-r030-c046,30,46,9.399999618530273,6.200000762939453,0.44999998807907104,-39.86221710244263,1.0322343086954788e-06
grid-r030-c047,30,47,9.600000381469727,6.200000762939453,0.44999998807907104,-39.7067176114999,1.0698631740524434e-06
grid-r030-c048,30,48,9.800000190734863,6.200000762939453,0.44999998807907104,-39.79218985216698,1.0490133490748121e-06
grid-r030-c049,30,49,10.0,6.200000762939453,0.44999998807907104,-39.929304348449364,1.016411488308222e-06
grid-r030-c050,30,50,10.200000762939453,6.200000762939453,0.44999998807907104,-40.0892474954616,9.796597169042798e-07
grid-r030-c051,30,51,10.399999618530273,6.200000762939453,0.44999998807907104,-40.20466362219511,9.539676284475718e-07
grid-r030-c052,30,52,10.600000381469727,6.200000762939453,0.44999998807907104,-40.22988470534348,9.484436418460973e-07
grid-r030-c053,30,53,10.800000190734863,6.200000762939453,0.44999998807907104,-40.35313703080065,9.219052685693896e-07
grid-r030-c054,30,54,11.0,6.200000762939453,0.44999998807907104,-40.44991133402828,9.015895443553745e-07
grid-r030-c055,30,55,11.200000762939453,6.200000762939453,0.44999998807907104,-40.587747798575265,8.734241987440328e-07
grid-r030-c056,30,56,11.399999618530273,6.200000762939453,0.44999998807907104,-40.56281430529482,8.784530791672296e-07
grid-r030-c057,30,57,11.600000381469727,6.200000762939453,0.44999998807907104,-40.560856279124465,8.788492209532706e-07
grid-r031-c000,31,0,0.19999980926513672,6.40000057220459,0.44999998807907104,-37.49459758623924,1.7804928802434006e-06
grid-r031-c001,31,1,0.40000009536743164,6.40000057220459,0.44999998807907104,-38.0007922680245,1.5846040923861437e-06
grid-r031-c002,31,2,0.5999999046325684,6.40000057220459,0.44999998807907104,-37.815489174204295,1.6536785096832318e-06
grid-r031-c003,31,3,0.7999997138977051,6.40000057220459,0.44999998807907104,-37.622671731918885,1.7287525224674027e-06
grid-r031-c004,31,4,1.0,6.40000057220459,0.44999998807907104,-37.896259034848974,1.6232077086897334e-06
grid-r031-c005,31,5,1.1999998092651367,6.40000057220459,0.44999998807907104,-38.02013128452022,1.5775635802128818e-06
grid-r031-c006,31,6,1.4000000953674316,6.40000057220459,0.44999998807907104,-37.75671251227938,1.6762112409196561e-06
grid-r031-c007,31,7,1.5999999046325684,6.40000057220459,0.44999998807907104,-38.04150102795609,1.569820142321987e-06
grid-r031-c008,31,8,1.799999713897705,6.40000057220459,0.44999998807907104,-38.0422062330953,1.5695652564318152e-06
grid-r031-c009,31,9,2.0,6.40000057220459,0.44999998807907104,-38.08643026513739,1.5536635373791796e-06
grid-r031-c010,31,10,2.200000047683716,6.40000057220459,0.44999998807907104,-38.085078605251674,1.5541471611868474e-06
grid-r031-c011,31,11,2.3999998569488525,6.40000057220459,0.44999998807907104,-38.156759064726806,1.5287064343283419e-06
grid-r031-c012,31,12,2.5999999046325684,6.40000057220459,0.44999998807907104,-38.21882035908851,1.5070163499331102e-06
grid-r031-c013,31,13,2.799999952316284,6.40000057220459,0.44999998807907104,-38.21497673025516,1.5083506923474488e-06
grid-r031-c014,31,14,3.0,6.40000057220459,0.44999998807907104,-38.25639652678544,1.494033540438977e-06
grid-r031-c015,31,15,3.200000047683716,6.40000057220459,0.44999998807907104,-38.29281941485225,1.4815559552516788e-06
grid-r031-c016,31,16,3.3999998569488525,6.40000057220459,0.44999998807907104,-38.294221977589764,1.4810775610385463e-06
grid-r031-c017,31,17,3.5999999046325684,6.40000057220459,0.44999998807907104,-38.354651025503436,1.4606121112592518e-06
grid-r031-c018,31,18,3.799999952316284,6.40000057220459,0.44999998807907104,-38.413096044461554,1.4410876474357792e-06
grid-r031-c019,31,19,4.0,6.40000057220459,0.44999998807907104,-38.48258310778168,1.4182137419993524e-06
grid-r031-c020,31,20,4.199999809265137,6.40000057220459,0.44999998807907104,-38.45162369757081,1.4283598375186557e-06
grid-r031-c021,31,21,4.400000095367432,6.40000057220459,0.44999998807907104,-38.502469363482525,1.4117346154307597e-06
grid-r031-c022,31,22,4.599999904632568,6.40000057220459,0.44999998807907104,-38.47993283732166,1.4190794672686025e-06
grid-r031-c023,31,23,4.800000190734863,6.40000057220459,0.44999998807907104,-38.48132789957806,1.4186236967361765e-06
grid-r031-c024,31,24,5.0,6.40000057220459,0.44999998807907104,-38.50033159841641,1.4124296967565897e-06
grid-r031-c025,31,25,5.199999809265137,6.40000057220459,0.44999998807907104,-38.74811234674289,1.334101170868962e-06
grid-r031-c026,31,26,5.400000095367432,6.40000057220459,0.44999998807907104,-38.89297280988106,1.2903357173854602e-06
grid-r031-c027,31,27,5.599999904632568,6.40000057220459,0.44999998807907104,-38.96615462181323,1.2687747812378802e-06
grid-r031-c028,31,28,5.800000190734863,6.40000057220459,0.44999998807907104,-39.04035127240845,1.2472826256271219e-06
grid-r031-c029,31,29,6.0,6.40000057220459,0.44999998807907104,-39.289978485847605,1.1776118071793462e-06
grid-r031-c030,31,30,6.199999809265137,6.40000057220459,0.44999998807907104,-39.501781523398776,1.121558284467028e-06
grid-r031-c031,31,31,6.400000095367432,6.40000057220459,0.44999998807907104,-39.54139415954547,1.111374899664952e-06
grid-r031-c032,31,32,6.599999904632568,6.40000057220459,0.44999998807907104,-39.59239771347231,1.0983992524415953e-06
grid-r031-c033,31,33,6.800000190734863,6.40000057220459,0.44999998807907104,-39.71762856888783,1.0671786867533228e-06
grid-r031-c034,31,34,7.0,6.40000057220459,0.44999998807907104,-39.51127693926084,1.119108787861478e-06
grid-r031-c035,31,35,7.199999809265137,6.40000057220459,0.44999998807907104,-39.38161582654431,1.1530241863511037e-06
grid-r031-c036,31,36,7.400000095367432,6.40000057220459,0.44999998807907104,-39.38117821870271,1.1531403742992552e-06
grid-r031-c037,31,37,7.599999904632568,6.40000057220459,0.44999998807907104,-39.434258628566866,1.1391322232157108e-06
grid-r031-c038,31,38,7.800000190734863,6.40000057220459,0.44999998807907104,-39.23724361039773,1.1919983080588281e-06
grid-r031-c039,31,39,8.0,6.40000057220459,0.44999998807907104,-39.0009397963797,1.2586530147018493e-06
grid-r031-c040,31,40,8.199999809265137,6.40000057220459,0.44999998807907104,-39.0582821988564,1.242143525814754e-06
grid-r031-c041,31,41,8.399999618530273,6.40000057220459,0.44999998807907104,-39.07447376048636,1.2375211326798308e-06
grid-r031-c042,31,42,8.600000381469727,6.40000057220459,0.44999998807907104,-39.308922046866286,1.1724863497875049e-06
grid-r031-c043,31,43,8.800000190734863,6.40000057220459,0.44999998807907104,-39.57217042953292,1.103526983570191e-06
grid-r031-c044,31,44,9.0,6.40000057220459,0.44999998807907104,-39.60153090784714,1.0960917506963597e-06
grid-r031-c045,31,45,9.199999809265137,6.40000057220459,0.44999998807907104,-39.95087521240893,1.0113756161445053e-06
grid-r031-c046,31,46,9.399999618530273,6.40000057220459,0.44999998807907104,-39.98001619036763,1.0046120451079332e-06
grid-r031-c047,31,47,9.600000381469727,6.40000057220459,0.44999998807907104,-40.100831951303526,9.7705003554438e-07
grid-r031-c048,31,48,9.800000190734863,6.40000057220459,0.44999998807907104,-40.02678514607083,9.938514722307445e-07
grid-r031-c049,31,49,10.0,6.40000057220459,0.44999998807907104,-40.07077188370512,9.838362302616588e-07
grid-r031-c050,31,50,10.200000762939453,6.40000057220459,0.44999998807907104,-40.25737666650273,9.424587119610806e-07
grid-r031-c051,31,51,10.399999618530273,6.40000057220459,0.44999998807907104,-40.41683220949862,9.084829457606247e-07
grid-r031-c052,31,52,10.600000381469727,6.40000057220459,0.44999998807907104,-40.61486801698326,8.679869551997399e-07
grid-r031-c053,31,53,10.800000190734863,6.40000057220459,0.44999998807907104,-40.61097215246127,8.687659374118084e-07
grid-r031-c054,31,54,11.0,6.40000057220459,0.44999998807907104,-40.60767942759705,8.694248663232429e-07
grid-r031-c055,31,55,11.200000762939453,6.40000057220459,0.44999998807907104,-40.58245033116883,8.744902402213484e-07
grid-r031-c056,31,56,11.399999618530273,6.40000057220459,0.44999998807907104,-40.61106990432525,8.687463832757203e-07
grid-r031-c057,31,57,11.600000381469727,6.40000057220459,0.44999998807907104,-40.73976171302664,8.433810307906242e-07
grid-r032-c000,32,0,0.19999980926513672,6.600000381469727,0.44999998807907104,-37.17158409828233,1.917969029818778e-06
grid-r032-c001,32,1,0.40000009536743164,6.600000381469727,0.44999998807907104,-37.85472846980569,1.6388045196435996e-06
grid-r032-c002,32,2,0.5999999046325684,6.600000381469727,0.44999998807907104,-37.512030784174186,1.7733600543579087e-06
grid-r032-c003,32,3,0.7999997138977051,6.600000381469727,0.44999998807907104,-37.621546033633074,1.7292006759817014e-06
grid-r032-c004,32,4,1.0,6.600000381469727,0.44999998807907104,-37.87968953955411,1.6294125089189038e-06
grid-r032-c005,32,5,1.1999998092651367,6.600000381469727,0.44999998807907104,-37.89831177389975,1.6224406635956257e-06
grid-r032-c006,32,6,1.4000000953674316,6.600000381469727,0.44999998807907104,-37.857356709902064,1.6378130567318294e-06
grid-r032-c007,32,7,1.5999999046325684,6.600000381469727,0.44999998807907104,-38.13990983039809,1.5346488453360507e-06
grid-r032-c008,32,8,1.799999713897705,6.600000381469727,0.44999998807907104,-38.179886196206986,1.520587375125615e-06
grid-r032-c009,32,9,2.0,6.600000381469727,0.44999998807907104,-38.20401536655066,1.5121624983294168e-06
grid-r032-c010,32,10,2.200000047683716,6.600000381469727,0.44999998807907104,-38.23746152409565,1.5005616660346277e-06
grid-r032-c011,32,11,2.3999998569488525,6.600000381469727,0.44999998807907104,-38.22122513423214,1.506182115917909e-06
grid-r032-c012,32,12,2.5999999046325684,6.600000381469727,0.44999998807907104,-38.21581773476482,1.508058630861342e-06
grid-r032-c013,32,13,2.799999952316284,6.600000381469727,0.44999998807907104,-38.21924825792479,1.5068678749230457e-06
grid-r032-c014,32,14,3.0,6.600000381469727,0.44999998807907104,-38.27429568199949,1.487888653173286e-06
grid-r032-c015,32,15,3.200000047683716,6.600000381469727,0.44999998807907104,-38.25280446445879,1.495269771112362e-06
grid-r032-c016,32,16,3.3999998569488525,6.600000381469727,0.44999998807907104,-38.27069940080169,1.4891212458678638e-06
grid-r032-c017,32,17,3.5999999046325684,6.600000381469727,0.44999998807907104,-38.335439199905025,1.467087713535875e-06
grid-r032-c018,32,18,3.799999952316284,6.600000381469727,0.44999998807907104,-38.369235260253674,1.4557153917849064e-06
grid-r032-c019,32,19,4.0,6.600000381469727,0.44999998807907104,-38.40493547477883,1.4437980553339003e-06
grid-r032-c020,32,20,4.199999809265137,6.600000381469727,0.44999998807907104,-38.50120035375763,1.4121471849648515e-06
grid-r032-c021,32,21,4.400000095367432,6.600000381469727,0.44999998807907104,-38.53630285588846,1.400779297000554e-06
grid-r032-c022,32,22,4.599999904632568,6.600000381469727,0.44999998807907104,-38.56409874582761,1.3918426020609331e-06
grid-r032-c023,32,23,4.800000190734863,6.600000381469727,0.44999998807907104,-38.576023921149925,1.3880260212317808e-06
grid-r032-c024,32,24,5.0,6.600000381469727,0.44999998807907104,-38.58955558269693,1.3837079677614383e-06
grid-r032-c025,32,25,5.199999809265137,6.600000381469727,0.44999998807907104,-38.78125035743848,1.323960304944194e-06
grid-r032-c026,32,26,5.400000095367432,6.600000381469727,0.44999998807907104,-39.02142900923294,1.2527289072750136e-06
grid-r032-c027,32,27,5.599999904632568,6.600000381469727,0.44999998807907104,-39.07162683524233,1.2383326293274877e-06
grid-r032-c028,32,28,5.800000190734863,6.600000381469727,0.44999998807907104,-39.145743128965265,1.2173786672065035e-06
grid-r032-c029,32,29,6.0,6.600000381469727,0.44999998807907104,-39.48447566878745,1.1260364090048824e-06
grid-r032-c030,32,30,6.199999809265137,6.600000381469727,0.44999998807907104,-39.44159240831108,1.1372102335371892e-06
grid-r032-c031,32,31,6.400000095367432,6.600000381469727,0.44999998807907104,-39.52262052719878,1.1161895372424624e-06
grid-r032-c032,32,32,6.599999904632568,6.600000381469727,0.44999998807907104,-39.738031393198064,1.0621769206409226e-06
grid-r032-c033,32,33,6.800000190734863,6.600000381469727,0.44999998807907104,-39.86798178181218,1.0308650644219597e-06
grid-r032-c034,32,34,7.0,6.600000381469727,0.44999998807907104,-39.90322202993154,1.0225340929537197e-06
grid-r032-c035,32,35,7.199999809265137,6.600000381469727,0.44999998807907104,-39.8266106720651,1.0407320587546565e-06
grid-r032-c036,32,36,7.400000095367432,6.600000381469727,0.44999998807907104,-39.529079072789855,1.114530846280104e-06
grid-r032-c037,32,37,7.599999904632568,6.600000381469727,0.44999998807907104,-39.49682787972663,1.1228382845729357e-06
grid-r032-c038,32,38,7.800000190734863,6.600000381469727,0.44999998807907104,-39.21899800552313,1.1970166724495357e-06
grid-r032-c039,32,39,8.0,6.600000381469727,0.44999998807907104,-39.11169003676977,1.2269616718185716e-06
grid-r032-c040,32,40,8.199999809265137,6.600000381469727,0.44999998807907104,-39.12562593157388,1.223030835717509e-06
grid-r032-c041,32,41,8.399999618530273,6.600000381469727,0.44999998807907104,-39.182699163065344,1.2070634056726703e-06
grid-r032-c042,32,42,8.600000381469727,6.600000381469727,0.44999998807907104,-39.14389370530914,1.2178971928733517e-06
grid-r032-c043,32,43,8.800000190734863,6.600000381469727,0.44999998807907104,-39.14934732720482,1.2163687870270223e-06
grid-r032-c044,32,44,9.0,6.600000381469727,0.44999998807907104,-39.71815417688708,1.067049538505671e-06
grid-r032-c045,32,45,9.199999809265137,6.600000381469727,0.44999998807907104,-40.15519236729283,9.648965715314262e-07
grid-r032-c046,32,46,9.399999618530273,6.600000381469727,0.44999998807907104,-40.28461488893835,9.365662663185503e-07
grid-r032-c047,32,47,9.600000381469727,6.600000381469727,0.44999998807907104,-40.271302493843436,9.394415201313677e-07
grid-r032-c048,32,48,9.800000190734863,6.600000381469727,0.44999998807907104,-40.38490156725986,9.151870017376496e-07
grid-r032-c049,32,49,10.0,6.600000381469727,0.44999998807907104,-40.42433099408684,9.069156590157945e-07
grid-r032-c050,32,50,10.200000762939453,6.600000381469727,0.44999998807907104,-40.45130746213757,9.012997566060221e-07
grid-r032-c051,32,51,10.399999618530273,6.600000381469727,0.44999998807907104,-40.61397419507995,8.681656140652194e-07
grid-r032-c052,32,52,10.600000381469727,6.600000381469727,0.44999998807907104,-40.668466191997304,8.573405807510426e-07
grid-r032-c053,32,53,10.800000190734863,6.600000381469727,0.44999998807907104,-40.699273417604466,8.51280447022873e-07
grid-r032-c054,32,54,11.0,6.600000381469727,0.44999998807907104,-40.703193901101244,8.505123219038069e-07
grid-r032-c055,32,55,11.200000762939453,6.600000381469727,0.44999998807907104,-40.74336239321755,8.426820841123117e-07
grid-r032-c056,32,56,11.399999618530273,6.600000381469727,0.44999998807907104,-40.739525500786954,8.434269034296449e-07
grid-r032-c057,32,57,11.600000381469727,6.600000381469727,0.44999998807907104,-40.650236631843406,8.6094684093041e-07
grid-r033-c000,33,0,0.19999980926513672,6.800000190734863,0.44999998807907104,-36.97732346022184,2.005707756325137e-06
grid-r033-c001,33,1,0.40000009536743164,6.800000190734863,0.44999998807907104,-37.61808167371902,1.7305806068179663e-06
grid-r033-c002,33,2,0.5999999046325684,6.800000190734863,0.44999998807907104,-37.507355875927345,1.7752699932316318e-06
grid-r033-c003,33,3,0.7999997138977051,6.800000190734863,0.44999998807907104,-37.77141384246662,1.6705466805433389e-06
grid-r033-c004,33,4,1.0,6.800000190734863,0.44999998807907104,-37.926883502702054,1.6118018493216368e-06
grid-r033-c005,33,5,1.1999998092651367,6.800000190734863,0.44999998807907104,-37.76388051850577,1.673446945460455e-06
grid-r033-c006,33,6,1.4000000953674316,6.800000190734863,0.44999998807907104,-37.900898322329354,1.621474666535505e-06
grid-r033-c007,33,7,1.5999999046325684,6.800000190734863,0.44999998807907104,-38.14409556522434,1.5331704616983188e-06
grid-r033-c008,33,8,1.799999713897705,6.800000190734863,0.44999998807907104,-38.17546861888101,1.5221348803606816e-06
grid-r033-c009,33,9,2.0,6.800000190734863,0.44999998807907104,-38.194210908566475,1.515580152045004e-06
grid-r033-c010,33,10,2.200000047683716,6.800000190734863,0.44999998807907104,-38.21950809762277,1.5067777212607325e-06
grid-r033-c011,33,11,2.3999998569488525,6.800000190734863,0.44999998807907104,-38.24869774824058,1.496684376434132e-06
grid-r033-c012,33,12,2.5999999046325684,6.800000190734863,0.44999998807907104,-38.24421459903154,1.4982301763666328e-06
grid-r033-c013,33,13,2.799999952316284,6.800000190734863,0.44999998807907104,-38.24773854483127,1.4970149777582265e-06
grid-r033-c014,33,14,3.0,6.800000190734863,0.44999998807907104,-38.28633378911471,1.483770120103145e-06
grid-r033-c015,33,15,3.200000047683716,6.800000190734863,0.44999998807907104,-38.273927027370014,1.4880149592499947e-06
grid-r033-c016,33,16,3.3999998569488525,6.800000190734863,0.44999998807907104,-38.30461998943736,1.477535761296167e-06
grid-r033-c017,33,17,3.5999999046325684,6.800000190734863,0.44999998807907104,-38.332070381873166,1.4682261735288193e-06
grid-r033-c018,33,18,3.799999952316284,6.800000190734863,0.44999998807907104,-38.36127510643105,1.4583860092898249e-06
grid-r033-c019,33,19,4.0,6.800000190734863,0.44999998807907104,-38.40987701619379,1.4421561900235247e-06
grid-r033-c020,33,20,4.199999809265137,6.800000190734863,0.44999998807907104,-38.44712338264499,1.4298407222668175e-06
grid-r033-c021,33,21,4.400000095367432,6.800000190734863,0.44999998807907104,-38.53511413009343,1.401162762704189e-06
grid-r033-c022,33,22,4.599999904632568,6.800000190734863,0.44999998807907104,-38.589690106188954,1.3836651078236173e-06
grid-r033-c023,33,23,4.800000190734863,6.800000190734863,0.44999998807907104,-38.65488270628164,1.3630498187922058e-06
grid-r033-c024,33,24,5.0,6.800000190734863,0.44999998807907104,-38.69673567381008,1.3499771966962726e-06
grid-r033-c025,33,25,5.199999809265137,6.800000190734863,0.44999998807907104,-38.786600999545,1.3223301493781037e-06
grid-r033-c026,33,26,5.400000095367432,6.800000190734863,0.44999998807907104,-39.150544113335485,1.216033638229419e-06
grid-r033-c027,33,27,5.599999904632568,6.800000190734863,0.44999998807907104,-39.1472119563969,1.2169670071671135e-06
grid-r033-c028,33,28,5.800000190734863,6.800000190734863,0.44999998807907104,-39.26664983959496,1.183954509542673e-06
grid-r033-c029,33,29,6.0,6.800000190734863,0.44999998807907104,-39.522924868018244,1.11611132069811e-06
grid-r033-c030,33,30,6.199999809265137,6.800000190734863,0.44999998807907104,-39.59678484728457,1.097290237339621e-06
grid-r033-c031,33,31,6.400000095367432,6.800000190734863,0.44999998807907104,-39.68861589709589,1.0743317488959292e-06
grid-r033-c032,33,32,6.599999904632568,6.800000190734863,0.44999998807907104,-39.734935309897125,1.0629344160406617e-06
grid-r033-c033,33,33,6.800000190734863,6.800000190734863,0.44999998807907104,-39.82398417339758,1.0413616564619588e-06
grid-r033-c034,33,34,7.0,6.800000190734863,0.44999998807907104,-39.97112479501367,1.0066709137390717e-06
grid-r033-c035,33,35,7.199999809265137,6.800000190734863,0.44999998807907104,-40.03270744378186,9.92497120932967e-07
grid-r033-c036,33,36,7.400000095367432,6.800000190734863,0.44999998807907104,-40.12472349482945,9.716898148326436e-07
grid-r033-c037,33,37,7.599999904632568,6.800000190734863,0.44999998807907104,-39.63398706071922,1.0879308547373512e-06
grid-r033-c038,33,38,7.800000190734863,6.800000190734863,0.44999998807907104,-39.29995217088741,1.174910494228243e-06
grid-r033-c039,33,39,8.0,6.800000190734863,0.44999998807907104,-39.304718121251895,1.1736218539226684e-06
grid-r033-c040,33,40,8.199999809265137,6.800000190734863,0.44999998807907104,-39.16789431858197,1.2111852356611053e-06
grid-r033-c041,33,41,8.399999618530273,6.800000190734863,0.44999998807907104,-39.10544477537218,1.228727342095226e-06
grid-r033-c042,33,42,8.600000381469727,6.800000190734863,0.44999998807907104,-39.21359139173578,1.1985077890130924e-06
grid-r033-c043,33,43,8.800000190734863,6.800000190734863,0.44999998807907104,-39.47795872531665,1.1277273870291538e-06
grid-r033-c044,33,44,9.0,6.800000190734863,0.44999998807907104,-39.671725407005745,1.07851815300819e-06
grid-r033-c045,33,45,9.199999809265137,6.800000190734863,0.44999998807907104,-39.82485712536973,1.0411523589937133e-06
grid-r033-c046,33,46,9.399999618530273,6.800000190734863,0.44999998807907104,-40.304282973156006,9.323343874712009e-07
grid-r033-c047,33,47,9.600000381469727,6.800000190734863,0.44999998807907104,-40.67852369041283,8.553574275538267e-07
grid-r033-c048,33,48,9.800000190734863,6.800000190734863,0.44999998807907104,-40.76167812312825,8.391356800530048e-07
grid-r033-c049,33,49,10.0,6.800000190734863,0.44999998807907104,-40.75699062914364,8.400418778364838e-07
grid-r033-c050,33,50,10.200000762939453,6.800000190734863,0.44999998807907104,-40.61479947369753,8.680006544636854e-07
grid-r033-c051,33,51,10.399999618530273,6.800000190734863,0.44999998807907104,-40.54061363478581,8.829551347844244e-07
grid-r033-c052,33,52,10.600000381469727,6.800000190734863,0.44999998807907104,-40.69500677462128,8.521171821485041e-07
grid-r033-c053,33,53,10.800000190734863,6.800000190734863,0.44999998807907104,-40.76391956942245,8.38702703731542e-07
grid-r033-c054,33,54,11.0,6.800000190734863,0.44999998807907104,-40.78374502108762,8.348827691406768e-07
grid-r033-c055,33,55,11.200000762939453,6.800000190734863,0.44999998807907104,-40.84532652270181,8.231279480241938e-07
grid-r033-c056,33,56,11.399999618530273,6.800000190734863,0.44999998807907104,-40.79350078305109,8.330094374287e-07
grid-r033-c057,33,57,11.600000381469727,6.800000190734863,0.44999998807907104,-40.849491629553434,8.223389045269869e-07
grid-r034-c000,34,0,0.19999980926513672,7.000000476837158,0.44999998807907104,-37.04376648285734,1.9752558273467002e-06
grid-r034-c001,34,1,0.40000009536743164,7.000000476837158,0.44999998807907104,-37.06605756621396,1.9651433831313625e-06
grid-r034-c002,34,2,0.5999999046325684,7.000000476837158,0.44999998807907104,-37.67808993397382,1.7068329043468111e-06
grid-r034-c003,34,3,0.7999997138977051,7.000000476837158,0.44999998807907104,-38.049385897279684,1.5669726280975738e-06
grid-r034-c004,34,4,1.0,7.000000476837158,0.44999998807907104,-38.062987821553726,1.5620726117049344e-06
grid-r034-c005,34,5,1.1999998092651367,7.000000476837158,0.44999998807907104,-37.803714099888296,1.6581682302785339e-06
grid-r034-c006,34,6,1.4000000953674316,7.000000476837158,0.44999998807907104,-37.98948283445391,1.5887359268162982e-06
grid-r034-c007,34,7,1.5999999046325684,7.000000476837158,0.44999998807907104,-38.07637470857303,1.5572650227113627e-06
grid-r034-c008,34,8,1.799999713897705,7.000000476837158,0.44999998807907104,-38.0546419233874,1.5650773548259167e-06
grid-r034-c009,34,9,2.0,7.000000476837158,0.44999998807907104,-38.085343883778805,1.5540522326773498e-06
grid-r034-c010,34,10,2.200000047683716,7.000000476837158,0.44999998807907104,-38.101890490269206,1.5481425634789048e-06
grid-r034-c011,34,11,2.3999998569488525,7.000000476837158,0.44999998807907104,-38.18928507769029,1.5173001202128944e-06
grid-r034-c012,34,12,2.5999999046325684,7.000000476837158,0.44999998807907104,-38.23774812208218,1.5004626447989722e-06
grid-r034-c013,34,13,2.799999952316284,7.000000476837158,0.44999998807907104,-38.26888845652151,1.489742317062337e-06
grid-r034-c014,34,14,3.0,7.000000476837158,0.44999998807907104,-38.287756893400186,1.4832839951850474e-06
grid-r034-c015,34,15,3.200000047683716,7.000000476837158,0.44999998807907104,-38.30965805699971,1.4758227280253777e-06
grid-r034-c016,34,16,3.3999998569488525,7.000000476837158,0.44999998807907104,-38.33256844168161,1.4680578033221536e-06
grid-r034-c017,34,17,3.5999999046325684,7.000000476837158,0.44999998807907104,-38.370911424926746,1.4551536651197239e-06
grid-r034-c018,34,18,3.799999952316284,7.000000476837158,0.44999998807907104,-38.392516823237976,1.4479325045613223e-06
grid-r034-c019,34,19,4.0,7.000000476837158,0.44999998807907104,-38.43404348896536,1.4341535461426247e-06
grid-r034-c020,34,20,4.199999809265137,7.000000476837158,0.44999998807907104,-38.47758600994935,1.4198465123627102e-06
grid-r034-c021,34,21,4.400000095367432,7.000000476837158,0.44999998807907104,-38.50645364441994,1.4104400634096237e-06
grid-r034-c022,34,22,4.599999904632568,7.000000476837158,0.44999998807907104,-38.55008061723198,1.3963424407847924e-06
grid-r034-c023,34,23,4.800000190734863,7.000000476837158,0.44999998807907104,-38.58900611356063,1.3838830454915296e-06
grid-r034-c024,34,24,5.0,7.000000476837158,0.44999998807907104,-38.648811653144215,1.3649565744344727e-06
grid-r034-c025,34,25,5.199999809265137,7.000000476837158,0.44999998807907104,-38.7094328311417,1.346036128779815e-06
grid-r034-c026,34,26,5.400000095367432,7.000000476837158,0.44999998807907104,-39.09076916488174,1.2328864613664337e-06
grid-r034-c027,34,27,5.599999904632568,7.000000476837158,0.44999998807907104,-39.237647482326,1.1918874633920495e-06
grid-r034-c028,34,28,5.800000190734863,7.000000476837158,0.44999998807907104,-39.55118282679406,1.108872766053537e-06
grid-r034-c029,34,29,6.0,7.000000476837158,0.44999998807907104,-39.7980743468678,1.0475929457243183e-06
grid-r034-c030,34,30,6.199999809265137,7.000000476837158,0.44999998807907104,-39.86668018329019,1.031174065246887e-06
grid-r034-c031,34,31,6.400000095367432,7.000000476837158,0.44999998807907104,-39.83498546981535,1.038727077684598e-06
grid-r034-c032,34,32,6.599999904632568,7.000000476837158,0.44999998807907104,-39.8799048991983,1.0280388096362003e-06
grid-r034-c033,34,33,6.800000190734863,7.000000476837158,0.44999998807907104,-39.93601841617935,1.0148413593924488e-06
grid-r034-c034,34,34,7.0,7.000000476837158,0.44999998807907104,-39.97151375024069,1.0065807600767585e-06
grid-r034-c035,34,35,7.199999809265137,7.000000476837158,0.44999998807907104,-40.04740860199141,9.891431318465038e-07
grid-r034-c036,34,36,7.400000095367432,7.000000476837158,0.44999998807907104,-40.072206400490884,9.835113132794504e-07
grid-r034-c037,34,37,7.599999904632568,7.000000476837158,0.44999998807907104,-39.775627178627076,1.0530216059123632e-06
grid-r034-c038,34,38,7.800000190734863,7.000000476837158,0.44999998807907104,-39.66139346630146,1.0810870207933476e-06
grid-r034-c039,34,39,8.0,7.000000476837158,0.44999998807907104,-39.33591116783555,1.1652225566649577e-06
grid-r034-c040,34,40,8.199999809265137,7.000000476837158,0.44999998807907104,-39.32394383889041,1.1684378478094004e-06
grid-r034-c041,34,41,8.399999618530273,7.000000476837158,0.44999998807907104,-39.26859443375419,1.1834245015052147e-06
grid-r034-c042,34,42,8.600000381469727,7.000000476837158,0.44999998807907104,-39.33402133520801,1.1657297136480338e-06
grid-r034-c043,34,43,8.800000190734863,7.000000476837158,0.44999998807907104,-39.78826720517576,1.049961269927735e-06
grid-r034-c044,34,44,9.0,7.000000476837158,0.44999998807907104,-39.945499748057486,1.012628217722522e-06
grid-r034-c045,34,45,9.199999809265137,7.000000476837158,0.44999998807907104,-40.08295222405174,9.810808023758e-07
grid-r034-c046,34,46,9.399999618530273,7.000000476837158,0.44999998807907104,-40.11814577551767,9.731626278153271e-07
grid-r034-c047,34,47,9.600000381469727,7.000000476837158,0.44999998807907104,-40.35233028446976,9.220765377904172e-07
grid-r034-c048,34,48,9.800000190734863,7.000000476837158,0.44999998807907104,-40.696688293793386,8.517873197888548e-07
grid-r034-c049,34,49,10.0,7.000000476837158,0.44999998807907104,-40.768633410561804,8.377928679692559e-07
grid-r034-c050,34,50,10.200000762939453,7.000000476837158,0.44999998807907104,-40.808143525052635,8.302055789499718e-07
grid-r034-c051,34,51,10.399999618530273,7.000000476837158,0.44999998807907104,-40.71708198860185,8.477968549414072e-07
grid-r034-c052,34,52,10.600000381469727,7.000000476837158,0.44999998807907104,-40.62575338088842,8.658141155137855e-07
grid-r034-c053,34,53,10.800000190734863,7.000000476837158,0.44999998807907104,-40.779725475858825,8.356558396371838e-07
grid-r034-c054,34,54,11.0,7.000000476837158,0.44999998807907104,-40.90631018525087,8.116503522614948e-07
grid-r034-c055,34,55,11.200000762939453,7.000000476837158,0.44999998807907104,-40.94136620042565,8.051251256802061e-07
grid-r034-c056,34,56,11.399999618530273,7.000000476837158,0.44999998807907104,-40.93867061687646,8.056250067056681e-07
grid-r034-c057,34,57,11.600000381469727,7.000000476837158,0.44999998807907104,-40.923866799851496,8.083758302745991e-07
grid-r035-c000,35,0,0.19999980926513672,7.200000286102295,0.44999998807907104,-37.337046978842025,1.8462703792465618e-06
grid-r035-c001,35,1,0.40000009536743164,7.200000286102295,0.44999998807907104,-36.80787248907407,2.0855122784269042e-06
grid-r035-c002,35,2,0.5999999046325684,7.200000286102295,0.44999998807907104,-37.78175099567473,1.666575144554372e-06
grid-r035-c003,35,3,0.7999997138977051,7.200000286102295,0.44999998807907104,-38.03329893183397,1.5727877098470344e-06
grid-r035-c004,35,4,1.0,7.200000286102295,0.44999998807907104,-37.97265667760041,1.5949032103890204e-06
grid-r035-c005,35,5,1.1999998092651367,7.200000286102295,0.44999998807907104,-37.770886311782554,1.670749611548672e-06
grid-r035-c006,35,6,1.4000000953674316,7.200000286102295,0.44999998807907104,-38.005631977830035,1.5828392179173534e-06
grid-r035-c007,35,7,1.5999999046325684,7.200000286102295,0.44999998807907104,-38.07689470674429,1.5570785762974992e-06
grid-r035-c008,35,8,1.799999713897705,7.200000286102295,0.44999998807907104,-38.098646996296125,1.5492992133658845e-06
grid-r035-c009,35,9,2.0,7.200000286102295,0.44999998807907104,-38.107732591487164,1.5460614122275729e-06
grid-r035-c010,35,10,2.200000047683716,7.200000286102295,0.44999998807907104,-38.130323347059125,1.5380401237052865e-06
grid-r035-c011,35,11,2.3999998569488525,7.200000286102295,0.44999998807907104,-38.14561326272424,1.5326347693189746e-06
grid-r035-c012,35,12,2.5999999046325684,7.200000286102295,0.44999998807907104,-38.196956090921,1.5146224541240372e-06
grid-r035-c013,35,13,2.799999952316284,7.200000286102295,0.44999998807907104,-38.24133631021026,1.4992234582678066e-06
grid-r035-c014,35,14,3.0,7.200000286102295,0.44999998807907104,-38.25787563906844,1.4935247918401728e-06
grid-r035-c015,35,15,3.200000047683716,7.200000286102295,0.44999998807907104,-38.35829520180124,1.4593870218959637e-06
grid-r035-c016,35,16,3.3999998569488525,7.200000286102295,0.44999998807907104,-38.379839131964566,1.4521654065902112e-06
grid-r035-c017,35,17,3.5999999046325684,7.200000286102295,0.44999998807907104,-38.477230983189095,1.419962586624024e-06
grid-r035-c018,35,18,3.799999952316284,7.200000286102295,0.44999998807907104,-38.51155628410024,1.4087838735576952e-06
grid-r035-c019,35,19,4.0,7.200000286102295,0.44999998807907104,-38.47691909822015,1.4200645637174603e-06
grid-r035-c020,35,20,4.199999809265137,7.200000286102295,0.44999998807907104,-38.505903388288175,1.410618779118522e-06
grid-r035-c021,35,21,4.400000095367432,7.200000286102295,0.44999998807907104,-38.48690252812281,1.4168039115247666e-06
grid-r035-c022,35,22,4.599999904632568,7.200000286102295,0.44999998807907104,-38.52379789409336,1.4048184766579652e-06
grid-r035-c023,35,23,4.800000190734863,7.200000286102295,0.44999998807907104,-38.54362564250005,1.3984193856231286e-06
grid-r035-c024,35,24,5.0,7.200000286102295,0.44999998807907104,-38.55206330708339,1.395705112372525e-06
grid-r035-c025,35,25,5.199999809265137,7.200000286102295,0.44999998807907104,-38.56625145815827,1.391152864016476e-06
grid-r035-c026,35,26,5.400000095367432,7.200000286102295,0.44999998807907104,-38.947761059976365,1.27415978568024e-06
grid-r035-c027,35,27,5.599999904632568,7.200000286102295,0.44999998807907104,-39.3482485227836,1.1619171118582017e-06
grid-r035-c028,35,28,5.800000190734863,7.200000286102295,0.44999998807907104,-39.88563829692226,1.0266825256621814e-06
grid-r035-c029,35,29,6.0,7.200000286102295,0.44999998807907104,-40.06117612934638,9.86012423709326e-07
grid-r035-c030,35,30,6.199999809265137,7.200000286102295,0.44999998807907104,-40.07738876146988,9.823384061746765e-07
grid-r035-c031,35,31,6.400000095367432,7.200000286102295,0.44999998807907104,-40.024796950102164,9.943065606421442e-07
grid-r035-c032,35,32,6.599999904632568,7.200000286102295,0.44999998807907104,-39.97701729931441,1.005305989565386e-06
grid-r035-c033,35,33,6.800000190734863,7.200000286102295,0.44999998807907104,-39.98651778305763,1.0031092188000912e-06
grid-r035-c034,35,34,7.0,7.200000286102295,0.44999998807907104,-40.043232683595306,9.900946906782337e-07
grid-r035-c035,35,35,7.199999809265137,7.200000286102295,0.44999998807907104,-40.04601368802503,9.894608865579357e-07
grid-r035-c036,35,36,7.400000095367432,7.200000286102295,0.44999998807907104,-39.812695715410015,1.044071950673242e-06
grid-r035-c037,35,37,7.599999904632568,7.200000286102295,0.44999998807907104,-39.79629553530107,1.0480221135367174e-06
grid-r035-c038,35,38,7.800000190734863,7.200000286102295,0.44999998807907104,-39.84017344089844,1.0374869816587307e-06
grid-r035-c039,35,39,8.0,7.200000286102295,0.44999998807907104,-39.83142719940099,1.0395784784122952e-06
grid-r035-c040,35,40,8.199999809265137,7.200000286102295,0.44999998807907104,-39.57072864701553,1.1038933962481678e-06
grid-r035-c041,35,41,8.399999618530273,7.200000286102295,0.44999998807907104,-39.52299830228188,1.1160924486830481e-06
grid-r035-c042,35,42,8.600000381469727,7.200000286102295,0.44999998807907104,-39.787020302975186,1.0502627674213727e-06
grid-r035-c043,35,43,8.800000190734863,7.200000286102295,0.44999998807907104,-39.99814248096145,1.0004278010455891e-06
grid-r035-c044,35,44,9.0,7.200000286102295,0.44999998807907104,-40.16160406879734,9.634730986363138e-07
grid-r035-c045,35,45,9.199999809265137,7.200000286102295,0.44999998807907104,-40.17286343006639,9.609784683561884e-07
grid-r035-c046,35,46,9.399999618530273,7.200000286102295,0.44999998807907104,-40.247265243324605,9.446555395697942e-07
grid-r035-c047,35,47,9.600000381469727,7.200000286102295,0.44999998807907104,-40.19535751658719,9.560139915265609e-07
grid-r035-c048,35,48,9.800000190734863,7.200000286102295,0.44999998807907104,-40.28848107614809,9.35732884954632e-07
grid-r035-c049,35,49,10.0,7.200000286102295,0.44999998807907104,-40.59730912851725,8.715034027773072e-07
grid-r035-c050,35,50,10.200000762939453,7.200000286102295,0.44999998807907104,-40.864842240664665,8.194373890546558e-07
grid-r035-c051,35,51,10.399999618530273,7.200000286102295,0.44999998807907104,-40.958461698696254,8.019620736376964e-07
grid-r035-c052,35,52,10.600000381469727,7.200000286102295,0.44999998807907104,-40.85347263188575,8.215854450099869e-07
grid-r035-c053,35,53,10.800000190734863,7.200000286102295,0.44999998807907104,-40.66475327558215,8.58073860854347e-07
grid-r035-c054,35,54,11.0,7.200000286102295,0.44999998807907104,-40.86013240781134,8.203265338124766e-07
grid-r035-c055,35,55,11.200000762939453,7.200000286102295,0.44999998807907104,-41.011456480441375,7.922355962364236e-07
grid-r035-c056,35,56,11.399999618530273,7.200000286102295,0.44999998807907104,-41.002541152536494,7.938635917525971e-07
grid-r035-c057,35,57,11.600000381469727,7.200000286102295,0.44999998807907104,-40.970394476795526,7.997616080501757e-07
grid-r036-c000,36,0,0.19999980926513672,7.40000057220459,0.44999998807907104,-40.55127275687552,8.807907079244615e-07
grid-r036-c001,36,1,0.40000009536743164,7.40000057220459,0.44999998807907104,-63.75283428197095,4.214213866760019e-09
grid-r036-c002,36,2,0.5999999046325684,7.40000057220459,0.44999998807907104,-66.79867289488136,2.0899346697689225e-09
grid-r036-c003,36,3,0.7999997138977051,7.40000057220459,0.44999998807907104,-64.57337176917191,3.488693556263911e-09
grid-r036-c004,36,4,1.0,7.40000057220459,0.44999998807907104,-64.39315003831767,3.6365117583869733e-09
grid-r036-c005,36,5,1.1999998092651367,7.40000057220459,0.44999998807907104,-63.73031118699711,4.236126116552441e-09
grid-r036-c006,36,6,1.4000000953674316,7.40000057220459,0.44999998807907104,-63.44240920453947,4.5264640924358446e-09
grid-r036-c007,36,7,1.5999999046325684,7.40000057220459,0.44999998807907104,-69.75444921378542,1.0581691078925815e-09
grid-r036-c008,36,8,1.799999713897705,7.40000057220459,0.44999998807907104,-61.13073231187616,7.707734894779605e-09
grid-r036-c009,36,9,2.0,7.40000057220459,0.44999998807907104,-65.47883091032193,2.8321542888676277e-09
grid-r036-c010,36,10,2.200000047683716,7.40000057220459,0.44999998807907104,-71.07195800761964,7.812754887481788e-10
grid-r036-c011,36,11,2.3999998569488525,7.40000057220459,0.44999998807907104,-67.25835959565062,1.8800268009044885e-09
grid-r036-c012,36,12,2.5999999046325684,7.40000057220459,0.44999998807907104,-65.60145374365584,2.753306915792564e-09
grid-r036-c013,36,13,2.799999952316284,7.40000057220459,0.44999998807907104,-62.899379056177054,5.129347169230414e-09
grid-r036-c014,36,14,3.0,7.40000057220459,0.44999998807907104,-65.53929401252537,2.792997833012123e-09
grid-r036-c015,36,15,3.200000047683716,7.40000057220459,0.44999998807907104,-67.79175553589077,1.6627403898183957e-09
grid-r036-c016,36,16,3.3999998569488525,7.40000057220459,0.44999998807907104,-65.59960310185515,2.7544804215295926e-09
grid-r036-c017,36,17,3.5999999046325684,7.40000057220459,0.44999998807907104,-67.63852714265012,1.722452624974835e-09
grid-r036-c018,36,18,3.799999952316284,7.40000057220459,0.44999998807907104,-64.0076546218944,3.974061080214142e-09
grid-r036-c019,36,19,4.0,7.40000057220459,0.44999998807907104,-65.63409797105257,2.73268896400225e-09
grid-r036-c020,36,20,4.199999809265137,7.40000057220459,0.44999998807907104,-66.81138408593796,2.0838266667766447e-09
grid-r036-c021,36,21,4.400000095367432,7.40000057220459,0.44999998807907104,-66.84916960313645,2.0657751065300545e-09
grid-r036-c022,36,22,4.599999904632568,7.40000057220459,0.44999998807907104,-65.80473681872124,2.6274007414173184e-09
grid-r036-c023,36,23,4.800000190734863,7.40000057220459,0.44999998807907104,-67.76824611658547,1.6717656148301785e-09
grid-r036-c024,36,24,5.0,7.40000057220459,0.44999998807907104,-66.33251953173675,2.326741022073975e-09
grid-r036-c025,36,25,5.199999809265137,7.40000057220459,0.44999998807907104,-68.36415220009498,1.4574201845363177e-09
grid-r036-c026,36,26,5.400000095367432,7.40000057220459,0.44999998807907104,-67.82252721418368,1.6510007805337068e-09
grid-r036-c027,36,27,5.599999904632568,7.40000057220459,0.44999998807907104,-49.96149559538462,1.0089053859019259e-07
grid-r036-c028,36,28,5.800000190734863,7.40000057220459,0.44999998807907104,-40.47144919293265,8.971293823378801e-07
grid-r036-c029,36,29,6.0,7.40000057220459,0.44999998807907104,-40.16043121992793,9.637333278078586e-07
grid-r036-c030,36,30,6.199999809265137,7.40000057220459,0.44999998807907104,-40.23479728203188,9.473714044361259e-07
grid-r036-c031,36,31,6.400000095367432,7.40000057220459,0.44999998807907104,-40.272474657406285,9.391879984832485e-07
grid-r036-c032,36,32,6.599999904632568,7.40000057220459,0.44999998807907104,-40.20955991278318,9.528927193969139e-07
grid-r036-c033,36,33,6.800000190734863,7.40000057220459,0.44999998807907104,-40.115690887496285,9.737128721098998e-07
grid-r036-c034,36,34,7.0,7.40000057220459,0.44999998807907104,-40.12264374693152,9.72155248746276e-07
grid-r036-c035,36,35,7.199999809265137,7.40000057220459,0.44999998807907104,-40.099944677130864,9.772496696314192e-07
grid-r036-c036,36,36,7.400000095367432,7.40000057220459,0.44999998807907104,-39.70472994935506,1.070352936949348e-06
grid-r036-c037,36,37,7.599999904632568,7.40000057220459,0.44999998807907104,-39.674057103464044,1.0779392596305115e-06
grid-r036-c038,36,38,7.800000190734863,7.40000057220459,0.44999998807907104,-39.76416986778254,1.0558032954577357e-06
grid-r036-c039,36,39,8.0,7.40000057220459,0.44999998807907104,-39.95482738121985,1.010455662253662e-06
grid-r036-c040,36,40,8.199999809265137,7.40000057220459,0.44999998807907104,-40.02574399863885,9.94089759842609e-07
grid-r036-c041,36,41,8.399999618530273,7.40000057220459,0.44999998807907104,-40.155866837650834,9.64746732279309e-07
grid-r036-c042,36,42,8.600000381469727,7.40000057220459,0.44999998807907104,-40.21437328731895,9.518371939520875e-07
grid-r036-c043,36,43,8.800000190734863,7.40000057220459,0.44999998807907104,-40.040366247387105,9.90748389995133e-07
grid-r036-c044,36,44,9.0,7.40000057220459,0.44999998807907104,-40.2588807256539,9.421323738934007e-07
grid-r036-c045,36,45,9.199999809265137,7.40000057220459,0.44999998807907104,-40.3231990173434,9.282823612011271e-07
grid-r036-c046,36,46,9.399999618530273,7.40000057220459,0.44999998807907104,-40.33882823727188,9.249476988770766e-07
grid-r036-c047,36,47,9.600000381469727,7.40000057220459,0.44999998807907104,-40.369257009963526,9.184897180603002e-07
grid-r036-c048,36,48,9.800000190734863,7.40000057220459,0.44999998807907104,-40.35316273776076,9.21899811601179e-07
grid-r036-c049,36,49,10.0,7.40000057220459,0.44999998807907104,-40.37756636415918,9.167340522253653e-07
grid-r036-c050,36,50,10.200000762939453,7.40000057220459,0.44999998807907104,-40.45218513291501,9.011176302919921e-07
grid-r036-c051,36,51,10.399999618530273,7.40000057220459,0.44999998807907104,-40.845418897284524,8.231104402511846e-07
grid-r036-c052,36,52,10.600000381469727,7.40000057220459,0.44999998807907104,-40.98568790847085,7.969502462401579e-07
grid-r036-c053,36,53,10.800000190734863,7.40000057220459,0.44999998807907104,-41.018964020320226,7.908672614576062e-07
grid-r036-c054,36,54,11.0,7.40000057220459,0.44999998807907104,-40.78526395879639,8.345908213414077e-07
grid-r036-c055,36,55,11.200000762939453,7.40000057220459,0.44999998807907104,-40.95373077744782,8.028361548895191e-07
grid-r036-c056,36,56,11.399999618530273,7.40000057220459,0.44999998807907104,-41.09349983709441,7.774098094159854e-07
grid-r036-c057,36,57,11.600000381469727,7.40000057220459,0.44999998807907104,-41.061363711229816,7.831836796867719e-07
grid-r037-c000,37,0,0.19999980926513672,7.600000381469727,0.44999998807907104,-44.086474795884286,3.902586342974246e-07
grid-r037-c027,37,27,5.599999904632568,7.600000381469727,0.44999998807907104,-53.07831286979108,4.9223071840742705e-08
grid-r037-c028,37,28,5.800000190734863,7.600000381469727,0.44999998807907104,-42.054931278248276,6.230270059859322e-07
grid-r037-c029,37,29,6.0,7.600000381469727,0.44999998807907104,-40.60927065638146,8.691063726473658e-07
grid-r037-c030,37,30,6.199999809265137,7.600000381469727,0.44999998807907104,-40.28494306866677,9.364954962620686e-07
grid-r037-c031,37,31,6.400000095367432,7.600000381469727,0.44999998807907104,-40.35492965253716,9.215248155669542e-07
grid-r037-c032,37,32,6.599999904632568,7.600000381469727,0.44999998807907104,-40.42872335194019,9.059988883564074e-07
grid-r037-c033,37,33,6.800000190734863,7.600000381469727,0.44999998807907104,-40.504529300371566,8.903219281819474e-07
grid-r037-c034,37,34,7.0,7.600000381469727,0.44999998807907104,-40.62296429936517,8.663703283673385e-07
grid-r037-c035,37,35,7.199999809265137,7.600000381469727,0.44999998807907104,-42.13087129649466,6.122275522102427e-07
grid-r037-c036,37,36,7.400000095367432,7.600000381469727,0.44999998807907104,-42.68738665474502,5.385937811297481e-07
grid-r037-c037,37,37,7.599999904632568,7.600000381469727,0.44999998807907104,-42.73971816050933,5.321427920534916e-07
grid-r037-c038,37,38,7.800000190734863,7.600000381469727,0.44999998807907104,-42.71476698261765,5.352088692234247e-07
grid-r037-c039,37,39,8.0,7.600000381469727,0.44999998807907104,-42.754096789192474,5.303838861436816e-07
grid-r037-c040,37,40,8.199999809265137,7.600000381469727,0.44999998807907104,-42.5486409253667,5.56078248337144e-07
grid-r037-c041,37,41,8.399999618530273,7.600000381469727,0.44999998807907104,-40.9180341533788,8.094622216958669e-07
grid-r037-c042,37,42,8.600000381469727,7.600000381469727,0.44999998807907104,-40.87360432919113,8.17785803519655e-07
grid-r037-c043,37,43,8.800000190734863,7.600000381469727,0.44999998807907104,-40.43785016246433,9.040969075613248e-07
grid-r037-c044,37,44,9.0,7.600000381469727,0.44999998807907104,-40.21028848438235,9.527328757030773e-07
grid-r037-c045,37,45,9.199999809265137,7.600000381469727,0.44999998807907104,-40.38959363135311,9.141987789007544e-07
grid-r037-c046,37,46,9.399999618530273,7.600000381469727,0.44999998807907104,-40.414701775741534,9.089287118513312e-07
grid-r037-c047,37,47,9.600000381469727,7.600000381469727,0.44999998807907104,-40.43968957476225,9.037140671352972e-07
grid-r037-c048,37,48,9.800000190734863,7.600000381469727,0.44999998807907104,-40.43682632835677,9.043100703820528e-07
grid-r037-c049,37,49,10.0,7.600000381469727,0.44999998807907104,-40.4720532446845,8.970046110334806e-07
grid-r037-c050,37,50,10.200000762939453,7.600000381469727,0.44999998807907104,-40.46396949407424,8.986758075479884e-07
grid-r037-c051,37,51,10.399999618530273,7.600000381469727,0.44999998807907104,-40.45152330229931,9.012549639919598e-07
grid-r037-c052,37,52,10.600000381469727,7.600000381469727,0.44999998807907104,-40.64127322231566,8.627255851934024e-07
grid-r037-c053,37,53,10.800000190734863,7.600000381469727,0.44999998807907104,-41.0010950714339,7.941279704937187e-07
grid-r037-c054,37,54,11.0,7.600000381469727,0.44999998807907104,-41.07171147082041,7.813198408257449e-07
grid-r037-c055,37,55,11.200000762939453,7.600000381469727,0.44999998807907104,-40.85719112838074,8.208822919186787e-07
grid-r037-c056,37,56,11.399999618530273,7.600000381469727,0.44999998807907104,-40.98687168443618,7.967330475366907e-07
grid-r037-c057,37,57,11.600000381469727,7.600000381469727,0.44999998807907104,-41.16113967525262,7.653957254660781e-07
grid-r038-c000,38,0,0.19999980926513672,7.8000006675720215,0.44999998807907104,-45.471719637526206,2.8367955451358284e-07
grid-r038-c027,38,27,5.599999904632568,7.8000006675720215,0.44999998807907104,-53.02429731785479,4.983910883993303e-08
grid-r038-c028,38,28,5.800000190734863,7.8000006675720215,0.44999998807907104,-44.03608665106711,3.948129005948431e-07
grid-r038-c029,38,29,6.0,7.8000006675720215,0.44999998807907104,-41.031710865502035,7.885494142101379e-07
grid-r038-c030,38,30,6.199999809265137,7.8000006675720215,0.44999998807907104,-40.97222253664705,7.994250381671009e-07
grid-r038-c031,38,31,6.400000095367432,7.8000006675720215,0.44999998807907104,-40.596173377854825,8.71731344886939e-07
grid-r038-c032,38,32,6.599999904632568,7.8000006675720215,0.44999998807907104,-40.66893787323622,8.572474712309486e-07
grid-r038-c033,38,33,6.800000190734863,7.8000006675720215,0.44999998807907104,-40.989526051872254,7.962462404975668e-07
grid-r038-c034,38,34,7.0,7.8000006675720215,0.44999998807907104,-40.91220750232892,8.105489541776478e-07
grid-r038-c035,38,35,7.199999809265137,7.8000006675720215,0.44999998807907104,-46.60764059493205,2.1839160524450563e-07
grid-r038-c040,38,40,8.199999809265137,7.8000006675720215,0.44999998807907104,-53.47284041256232,4.494857819281606e-08
grid-r038-c041,38,41,8.399999618530273,7.8000006675720215,0.44999998807907104,-43.25193820790952,4.729401439362846e-07
grid-r038-c042,38,42,8.600000381469727,7.8000006675720215,0.44999998807907104,-41.19932602039948,7.586953074678604e-07
grid-r038-c043,38,43,8.800000190734863,7.8000006675720215,0.44999998807907104,-41.06795914091134,7.819951974852302e-07
grid-r038-c044,38,44,9.0,7.8000006675720215,0.44999998807907104,-40.69089337663164,8.529246429134218e-07
grid-r038-c045,38,45,9.199999809265137,7.8000006675720215,0.44999998807907104,-40.35268932564791,9.220003107657249e-07
grid-r038-c046,38,46,9.399999618530273,7.8000006675720215,0.44999998807907104,-40.51112106988757,8.88971612766909e-07
grid-r038-c047,38,47,9.600000381469727,7.8000006675720215,0.44999998807907104,-40.53160416385519,8.847887329466175e-07
grid-r038-c048,38,48,9.800000190734863,7.8000006675720215,0.44999998807907104,-40.53170377274852,8.847684398460842e-07
grid-r038-c049,38,49,10.0,7.8000006675720215,0.44999998807907104,-40.56380278492463,8.782531608630961e-07
grid-r038-c050,38,50,10.200000762939453,7.8000006675720215,0.44999998807907104,-40.57225042974527,8.765464940552192e-07
grid-r038-c051,38,51,10.399999618530273,7.8000006675720215,0.44999998807907104,-40.5594132600329,8.791412824393774e-07
grid-r038-c052,38,52,10.600000381469727,7.8000006675720215,0.44999998807907104,-40.543467256660705,8.823751613817876e-07
grid-r038-c053,38,53,10.800000190734863,7.8000006675720215,0.44999998807907104,-40.57509082154402,8.759733987062646e-07
grid-r038-c054,38,54,11.0,7.8000006675720215,0.44999998807907104,-40.8913757058528,8.144462526615825e-07
grid-r038-c055,38,55,11.200000762939453,7.8000006675720215,0.44999998807907104,-41.1625397080153,7.651490250282222e-07
grid-r038-c056,38,56,11.399999618530273,7.8000006675720215,0.44999998807907104,-40.971990937775416,7.994676707312465e-07
grid-r038-c057,38,57,11.600000381469727,7.8000006675720215,0.44999998807907104,-41.01289884690719,7.919725248939358e-07
grid-r039-c000,39,0,0.19999980926513672,8.000000953674316,0.44999998807907104,-44.94007479894833,3.2062141031019564e-07
grid-r039-c027,39,27,5.599999904632568,8.000000953674316,0.44999998807907104,-53.83615216045462,4.134136233346908e-08
grid-r039-c028,39,28,5.800000190734863,8.000000953674316,0.44999998807907104,-46.92702659160817,2.029071453080178e-07
grid-r039-c029,39,29,6.0,8.000000953674316,0.44999998807907104,-41.661742129694176,6.820650355621183e-07
grid-r039-c030,39,30,6.199999809265137,8.000000953674316,0.44999998807907104,-41.491173341722046,7.093860858731205e-07
grid-r039-c031,39,31,6.400000095367432,8.000000953674316,0.44999998807907104,-41.734762276291846,6.706929980282439e-07
grid-r039-c032,39,32,6.599999904632568,8.000000953674316,0.44999998807907104,-41.494081176331534,7.089112727953761e-07
grid-r039-c033,39,33,6.800000190734863,8.000000953674316,0.44999998807907104,-41.17872312735617,7.62303102419537e-07
grid-r039-c034,39,34,7.0,8.000000953674316,0.44999998807907104,-40.34255735252447,9.241538236892666e-07
grid-r039-c035,39,35,7.199999809265137,8.000000953674316,0.44999998807907104,-46.66661004872141,2.1544627770708757e-07
grid-r039-c040,39,40,8.199999809265137,8.000000953674316,0.44999998807907104,-53.693143671656074,4.2725350368755244e-08
grid-r039-c041,39,41,8.399999618530273,8.000000953674316,0.44999998807907104,-47.502380403556046,1.7773049876268487e-07
grid-r039-c042,39,42,8.600000381469727,8.000000953674316,0.44999998807907104,-42.31513461169095,5.867951813343097e-07
grid-r039-c043,39,43,8.800000190734863,8.000000953674316,0.44999998807907104,-41.48093050487912,7.110611477401108e-07
grid-r039-c044,39,44,9.0,8.000000953674316,0.44999998807907104,-41.177077336548194,7.625920375176065e-07
grid-r039-c045,39,45,9.199999809265137,8.000000953674316,0.44999998807907104,-40.904967242694134,8.119013727991842e-07
grid-r039-c046,39,46,9.399999618530273,8.000000953674316,0.44999998807907104,-40.5568833766013,8.79653555330151e-07
grid-r039-c047,39,47,9.600000381469727,8.000000953674316,0.44999998807907104,-40.623066880751,8.663498647365486e-07
grid-r039-c048,39,48,9.800000190734863,8.000000953674316,0.44999998807907104,-40.66804955405242,8.574228331781342e-07
grid-r039-c049,39,49,10.0,8.000000953674316,0.44999998807907104,-40.653925386631855,8.602158914072788e-07
grid-r039-c050,39,50,10.200000762939453,8.000000953674316,0.44999998807907104,-40.61397334201296,8.68165784595476e-07
grid-r039-c051,39,51,10.399999618530273,8.000000953674316,0.44999998807907104,-40.67024836775596,8.569888336751319e-07
grid-r039-c052,39,52,10.600000381469727,8.000000953674316,0.44999998807907104,-40.64467772324548,8.620495464128908e-07
grid-r039-c053,39,53,10.800000190734863,8.000000953674316,0.44999998807907104,-40.64133245550692,8.627138186056982e-07
grid-r039-c054,39,54,11.0,8.000000953674316,0.44999998807907104,-40.64256222747254,8.624695624348533e-07
grid-r039-c055,39,55,11.200000762939453,8.000000953674316,0.44999998807907104,-40.72323710144377,8.465961514048104e-07
grid-r039-c056,39,56,11.399999618530273,8.000000953674316,0.44999998807907104,-41.1164606695451,7.733105462648382e-07
grid-r039-c057,39,57,11.600000381469727,8.000000953674316,0.44999998807907104,-41.081585142120844,7.795455303494236e-07
grid-r040-c000,40,0,0.19999980926513672,8.200000762939453,0.44999998807907104,-44.02207927612132,3.960883532272419e-07
grid-r040-c027,40,27,5.599999904632568,8.200000762939453,0.44999998807907104,-55.01100779827547,3.15427257646661e-08
grid-r040-c028,40,28,5.800000190734863,8.200000762939453,0.44999998807907104,-48.71515291892044,1.3442644331007614e-07
grid-r040-c029,40,29,6.0,8.200000762939453,0.44999998807907104,-43.7176572787739,4.2484867890379974e-07
grid-r040-c030,40,30,6.199999809265137,8.200000762939453,0.44999998807907104,-41.604754238079174,6.9107403533053e-07
grid-r040-c031,40,31,6.400000095367432,8.200000762939453,0.44999998807907104,-42.21408791834272,6.006081321174861e-07
grid-r040-c032,40,32,6.599999904632568,8.200000762939453,0.44999998807907104,-42.15604551904249,6.086889925427386e-07
grid-r040-c033,40,33,6.800000190734863,8.200000762939453,0.44999998807907104,-41.16135868285678,7.653571287846717e-07
grid-r040-c034,40,34,7.0,8.200000762939453,0.44999998807907104,-40.262710685973985,9.413018915438442e-07
grid-r040-c035,40,35,7.199999809265137,8.200000762939453,0.44999998807907104,-46.63448482159103,2.1704586572468543e-07
grid-r040-c040,40,40,8.199999809265137,8.200000762939453,0.44999998807907104,-53.68938344930933,4.276235898714731e-08
grid-r040-c041,40,41,8.399999618530273,8.200000762939453,0.44999998807907104,-47.997856980098106,1.5856754487231228e-07
grid-r040-c042,40,42,8.600000381469727,8.200000762939453,0.44999998807907104,-45.95247568359656,2.539524643907498e-07
grid-r040-c043,40,43,8.800000190734863,8.200000762939453,0.44999998807907104,-41.851526609470056,6.52901007924811e-07
grid-r040-c044,40,44,9.0,8.200000762939453,0.44999998807907104,-41.70598426586233,6.751520231773611e-07
grid-r040-c045,40,45,9.199999809265137,8.200000762939453,0.44999998807907104,-41.39943509967743,7.245301958391792e-07
grid-r040-c046,40,46,9.399999618530273,8.200000762939453,0.44999998807907104,-41.0162379489686,7.913638455647742e-07
grid-r040-c047,40,47,9.600000381469727,8.200000762939453,0.44999998807907104,-40.87201646322201,8.180848567462817e-07
grid-r040-c048,40,48,9.800000190734863,8.200000762939453,0.44999998807907104,-40.74436265636946,8.424880206803209e-07
grid-r040-c049,40,49,10.0,8.200000762939453,0.44999998807907104,-40.76533530459213,8.384293437302404e-07
grid-r040-c050,40,50,10.200000762939453,8.200000762939453,0.44999998807907104,-40.8061656562475,8.305837582156528e-07
grid-r040-c051,40,51,10.399999618530273,8.200000762939453,0.44999998807907104,-40.74559616265634,8.422487667303358e-07
grid-r040-c052,40,52,10.600000381469727,8.200000762939453,0.44999998807907104,-40.77470892594317,8.366216661670478e-07
grid-r040-c053,40,53,10.800000190734863,8.200000762939453,0.44999998807907104,-40.775375851222975,8.364932000404224e-07
grid-r040-c054,40,54,11.0,8.200000762939453,0.44999998807907104,-40.721522246116976,8.469305043945496e-07
grid-r040-c055,40,55,11.200000762939453,8.200000762939453,0.44999998807907104,-40.741396817864526,8.430635602962866e-07
grid-r040-c056,40,56,11.399999618530273,8.200000762939453,0.44999998807907104,-40.641118132472656,8.627563943264249e-07
grid-r040-c057,40,57,11.600000381469727,8.200000762939453,0.44999998807907104,-39.78974871946858,1.0496031563889119e-06
grid-r041-c000,41,0,0.19999980926513672,8.40000057220459,0.44999998807907104,-44.83566437432265,3.2842299901858496e-07
grid-r041-c001,41,1,0.40000009536743164,8.40000057220459,0.44999998807907104,-62.022127357473025,6.2775078468746415e-09
grid-r041-c002,41,2,0.5999999046325684,8.40000057220459,0.44999998807907104,-63.66516393478628,4.300150013847315e-09
grid-r041-c003,41,3,0.7999997138977051,8.40000057220459,0.44999998807907104,-57.74550556035409,1.6805422831112082e-08
grid-r041-c004,41,4,1.0,8.40000057220459,0.44999998807907104,-87.72809134507939,1.6872944014201252e-11
grid-r041-c005,41,5,1.1999998092651367,8.40000057220459,0.44999998807907104,-97.17105628320553,1.918202142264791e-12
grid-r041-c006,41,6,1.4000000953674316,8.40000057220459,0.44999998807907104,-76.85648176298227,2.0622999141739484e-10
grid-r041-c007,41,7,1.5999999046325684,8.40000057220459,0.44999998807907104,-102.09762233681741,6.169326659775931e-13
grid-r041-c008,41,8,1.799999713897705,8.40000057220459,0.44999998807907104,-107.52994037094945,1.7660620687219575e-13
grid-r041-c009,41,9,2.0,8.40000057220459,0.44999998807907104,-103.78247745000529,4.185547308049875e-13
grid-r041-c010,41,10,2.200000047683716,8.40000057220459,0.44999998807907104,-109.55977464850778,1.1066812071781895e-13
grid-r041-c011,41,11,2.3999998569488525,8.40000057220459,0.44999998807907104,-106.82725512610965,2.0762253407410197e-13
grid-r041-c015,41,15,3.200000047683716,8.40000057220459,0.44999998807907104,-88.02280782018647,1.5765916350218845e-11
grid-r041-c026,41,26,5.400000095367432,8.40000057220459,0.44999998807907104,-68.3813259443967,1.4516683410903397e-09
grid-r041-c027,41,27,5.599999904632568,8.40000057220459,0.44999998807907104,-55.511490671655736,2.8109358396477546e-08
grid-r041-c028,41,28,5.800000190734863,8.40000057220459,0.44999998807907104,-52.15644350580109,6.086332149379814e-08
grid-r041-c029,41,29,6.0,8.40000057220459,0.44999998807907104,-47.99053655922836,1.5883505000147125e-07
grid-r041-c030,41,30,6.199999809265137,8.40000057220459,0.44999998807907104,-42.302463800943556,5.885096925339894e-07
grid-r041-c031,41,31,6.400000095367432,8.40000057220459,0.44999998807907104,-42.305718504268526,5.88068814977305e-07
grid-r041-c032,41,32,6.599999904632568,8.40000057220459,0.44999998807907104,-42.21921730975579,5.998991809974541e-07
grid-r041-c033,41,33,6.800000190734863,8.40000057220459,0.44999998807907104,-41.15000774812525,7.6736012033507e-07
grid-r041-c034,41,34,7.0,8.40000057220459,0.44999998807907104,-40.69979631167249,8.511779583386669e-07
grid-r041-c035,41,35,7.199999809265137,8.40000057220459,0.44999998807907104,-46.983671346308654,2.0027782454690168e-07
grid-r041-c040,41,40,8.199999809265137,8.40000057220459,0.44999998807907104,-53.593479033568684,4.3717175657320695e-08
grid-r041-c041,41,41,8.399999618530273,8.40000057220459,0.44999998807907104,-47.97806693452759,1.592917584503084e-07
grid-r041-c042,41,42,8.600000381469727,8.40000057220459,0.44999998807907104,-47.93386498037735,1.609212887387912e-07
grid-r041-c043,41,43,8.800000190734863,8.40000057220459,0.44999998807907104,-44.32169759776278,3.6968364724998537e-07
grid-r041-c044,41,44,9.0,8.40000057220459,0.44999998807907104,-41.84636395230912,6.536776027132873e-07
grid-r041-c045,41,45,9.199999809265137,8.40000057220459,0.44999998807907104,-41.80722830557979,6.595947183996032e-07
grid-r041-c046,41,46,9.399999618530273,8.40000057220459,0.44999998807907104,-41.57165037390622,6.963618375266378e-07
grid-r041-c047,41,47,9.600000381469727,8.40000057220459,0.44999998807907104,-41.192607470818146,7.598699198752001e-07
grid-r041-c048,41,48,9.800000190734863,8.40000057220459,0.44999998807907104,-41.13477704278924,7.700559763179626e-07
grid-r041-c049,41,49,10.0,8.40000057220459,0.44999998807907104,-40.896355343407976,8.135129405673069e-07
grid-r041-c050,41,50,10.200000762939453,8.40000057220459,0.44999998807907104,-40.85136679617004,8.219839173762011e-07
grid-r041-c051,41,51,10.399999618530273,8.40000057220459,0.44999998807907104,-40.85003803166983,8.222354495046602e-07
grid-r041-c052,41,52,10.600000381469727,8.40000057220459,0.44999998807907104,-40.85715022864723,8.208900226236437e-07
grid-r041-c053,41,53,10.800000190734863,8.40000057220459,0.44999998807907104,-40.79518233945409,8.326869647135027e-07
grid-r041-c054,41,54,11.0,8.40000057220459,0.44999998807907104,-40.740290383253125,8.432783715761616e-07
grid-r041-c055,41,55,11.200000762939453,8.40000057220459,0.44999998807907104,-40.6262740557939,8.657103194309457e-07
grid-r041-c056,41,56,11.399999618530273,8.40000057220459,0.44999998807907104,-39.490532121630636,1.124467189583811e-06
grid-r041-c057,41,57,11.600000381469727,8.40000057220459,0.44999998807907104,-38.896539725359425,1.2892763834315701e-06
grid-r042-c000,42,0,0.19999980926513672,8.600000381469727,0.44999998807907104,-47.44613194771773,1.8004737967203255e-07
grid-r042-c001,42,1,0.40000009536743164,8.600000381469727,0.44999998807907104,-50.52625995405083,8.85878179701649e-08
grid-r042-c002,42,2,0.5999999046325684,8.600000381469727,0.44999998807907104,-57.073017081064265,1.961996787258613e-08
grid-r042-c003,42,3,0.7999997138977051,8.600000381469727,0.44999998807907104,-56.62585024193757,2.174778224173224e-08
grid-r042-c004,42,4,1.0,8.600000381469727,0.44999998807907104,-71.85787933060527,6.519466633214677e-10
grid-r042-c005,42,5,1.1999998092651367,8.600000381469727,0.44999998807907104,-73.99173288890753,3.988657182318889e-10
grid-r042-c006,42,6,1.4000000953674316,8.600000381469727,0.44999998807907104,-79.15278832999107,1.2154054152002658e-10
grid-r042-c007,42,7,1.5999999046325684,8.600000381469727,0.44999998807907104,-94.59772348964009,3.469186526591783e-12
grid-r042-c008,42,8,1.799999713897705,8.600000381469727,0.44999998807907104,-88.41314241258887,1.4410722615210148e-11
grid-r042-c009,42,9,2.0,8.600000381469727,0.44999998807907104,-92.85467899481061,5.182413959775589e-12
grid-r042-c010,42,10,2.200000047683716,8.600000381469727,0.44999998807907104,-100.76344411057303,8.38794528626452e-13
grid-r042-c011,42,11,2.3999998569488525,8.600000381469727,0.44999998807907104,-95.4041805517594,2.8812566481989377e-12
grid-r042-c012,42,12,2.5999999046325684,8.600000381469727,0.44999998807907104,-107.66242019913888,1.713002434127961e-13
grid-r042-c013,42,13,2.799999952316284,8.600000381469727,0.44999998807907104,-100.85271946314195,8.217279395990318e-13
grid-r042-c016,42,16,3.3999998569488525,8.600000381469727,0.44999998807907104,-105.7610758664348,2.6539480248860547e-13
grid-r042-c017,42,17,3.5999999046325684,8.600000381469727,0.44999998807907104,-98.22345531757692,1.5054088618043915e-12
grid-r042-c018,42,18,3.799999952316284,8.600000381469727,0.44999998807907104,-106.38500453014048,2.298791311385745e-13
grid-r042-c020,42,20,4.199999809265137,8.600000381469727,0.44999998807907104,-105.31618457905834,2.940231608530852e-13
grid-r042-c026,42,26,5.400000095367432,8.600000381469727,0.44999998807907104,-58.26453070483103,1.491237888728847e-08
grid-r042-c027,42,27,5.599999904632568,8.600000381469727,0.44999998807907104,-54.22309956000936,3.781725865792396e-08
grid-r042-c028,42,28,5.800000190734863,8.600000381469727,0.44999998807907104,-55.303802228113184,2.9486265873401862e-08
grid-r042-c029,42,29,6.0,8.600000381469727,0.44999998807907104,-52.89427825003091,5.1353751473470766e-08
grid-r042-c030,42,30,6.199999809265137,8.600000381469727,0.44999998807907104,-43.03386659837387,4.972941383130092e-07
grid-r042-c031,42,31,6.400000095367432,8.600000381469727,0.44999998807907104,-42.45190104823814,5.686039799002174e-07
grid-r042-c032,42,32,6.599999904632568,8.600000381469727,0.44999998807907104,-41.70146684405093,6.758546646778996e-07
grid-r042-c033,42,33,6.800000190734863,8.600000381469727,0.44999998807907104,-41.21027109909613,7.567856528112316e-07
grid-r042-c034,42,34,7.0,8.600000381469727,0.44999998807907104,-41.20584250512819,7.575577569696179e-07
grid-r042-c035,42,35,7.199999809265137,8.600000381469727,0.44999998807907104,-47.53839891298827,1.7626257431402337e-07
grid-r042-c040,42,40,8.199999809265137,8.600000381469727,0.44999998807907104,-53.7500283006154,4.216937554701872e-08
grid-r042-c041,42,41,8.399999618530273,8.600000381469727,0.44999998807907104,-47.9298007755945,1.6107195222048176e-07
grid-r042-c042,42,42,8.600000381469727,8.600000381469727,0.44999998807907104,-48.026551515907556,1.5752331705698452e-07
grid-r042-c043,42,43,8.800000190734863,8.600000381469727,0.44999998807907104,-47.63729932549275,1.7229396576112777e-07
grid-r042-c044,42,44,9.0,8.600000381469727,0.44999998807907104,-42.95212248275778,5.067429924565658e-07
grid-r042-c045,42,45,9.199999809265137,8.600000381469727,0.44999998807907104,-41.92770951263838,6.415478424059984e-07
grid-r042-c046,42,46,9.399999618530273,8.600000381469727,0.44999998807907104,-41.930201809869565,6.411797812688746e-07
grid-r042-c047,42,47,9.600000381469727,8.600000381469727,0.44999998807907104,-41.714698344476595,6.73798695061123e-07
grid-r042-c048,42,48,9.800000190734863,8.600000381469727,0.44999998807907104,-41.29264381992765,7.425669537042268e-07
grid-r042-c049,42,49,10.0,8.600000381469727,0.44999998807907104,-41.32813272328582,7.365237024714588e-07
grid-r042-c050,42,50,10.200000762939453,8.600000381469727,0.44999998807907104,-41.09062154954412,7.779252086947963e-07
grid-r042-c051,42,51,10.399999618530273,8.600000381469727,0.44999998807907104,-40.89284634755649,8.141705052366888e-07
grid-r042-c052,42,52,10.600000381469727,8.600000381469727,0.44999998807907104,-40.84932562098828,8.223703389376169e-07
grid-r042-c053,42,53,10.800000190734863,8.600000381469727,0.44999998807907104,-40.75748642562146,8.399459829888656e-07
grid-r042-c054,42,54,11.0,8.600000381469727,0.44999998807907104,-40.48510502486113,8.943129046201648e-07
grid-r042-c055,42,55,11.200000762939453,8.600000381469727,0.44999998807907104,-39.36635175680125,1.157083829639305e-06
grid-r042-c056,42,56,11.399999618530273,8.600000381469727,0.44999998807907104,-38.993276838089194,1.2608758197529824e-06
grid-r042-c057,42,57,11.600000381469727,8.600000381469727,0.44999998807907104,-39.022157419041974,1.252518813998904e-06
grid-r043-c000,43,0,0.19999980926513672,8.800000190734863,0.44999998807907104,-52.74051326378101,5.3204537664441887e-08
grid-r043-c001,43,1,0.40000009536743164,8.800000190734863,0.44999998807907104,-47.6383414755843,1.7225262638476124e-07
grid-r043-c002,43,2,0.5999999046325684,8.800000190734863,0.44999998807907104,-54.41698967757125,3.6166046157859455e-08
grid-r043-c003,43,3,0.7999997138977051,8.800000190734863,0.44999998807907104,-67.212297160966,1.9000729878371203e-09
grid-r043-c004,43,4,1.0,8.800000190734863,0.44999998807907104,-66.74708560154464,2.114907804440236e-09
grid-r043-c005,43,5,1.1999998092651367,8.800000190734863,0.44999998807907104,-72.91056330116696,5.1161547220957e-10
grid-r043-c006,43,6,1.4000000953674316,8.800000190734863,0.44999998807907104,-97.70878347661304,1.6948124761245742e-12
grid-r043-c007,43,7,1.5999999046325684,8.800000190734863,0.44999998807907104,-88.17780352144541,1.5213167531280547e-11
grid-r043-c008,43,8,1.799999713897705,8.800000190734863,0.44999998807907104,-87.89996222830939,1.6218242027132845e-11
grid-r043-c009,43,9,2.0,8.800000190734863,0.44999998807907104,-90.85906675284039,8.205278470563293e-12
grid-r043-c010,43,10,2.200000047683716,8.800000190734863,0.44999998807907104,-91.82176744910572,6.573902446710411e-12
grid-r043-c011,43,11,2.3999998569488525,8.800000190734863,0.44999998807907104,-92.07025277145563,6.208328989787404e-12
grid-r043-c012,43,12,2.5999999046325684,8.800000190734863,0.44999998807907104,-99.84361562670858,1.0366650029722257e-12
grid-r043-c013,43,13,2.799999952316284,8.800000190734863,0.44999998807907104,-98.33304614149031,1.467896333998131e-12
grid-r043-c014,43,14,3.0,8.800000190734863,0.44999998807907104,-90.56801823890042,8.774011031609241e-12
grid-r043-c015,43,15,3.200000047683716,8.800000190734863,0.44999998807907104,-99.96031905814478,1.0091787431762422e-12
grid-r043-c016,43,16,3.3999998569488525,8.800000190734863,0.44999998807907104,-106.45100009836756,2.2641228627183485e-13
grid-r043-c026,43,26,5.400000095367432,8.800000190734863,0.44999998807907104,-58.329644092686706,1.4690466620947973e-08
grid-r043-c027,43,27,5.599999904632568,8.800000190734863,0.44999998807907104,-53.877062433176675,4.0953757718398265e-08
grid-r043-c028,43,28,5.800000190734863,8.800000190734863,0.44999998807907104,-53.87226305816442,4.0999040606948256e-08
grid-r043-c029,43,29,6.0,8.800000190734863,0.44999998807907104,-53.4385746911519,4.5304624052278086e-08
grid-r043-c030,43,30,6.199999809265137,8.800000190734863,0.44999998807907104,-45.529103998547996,2.7995588425255846e-07
grid-r043-c031,43,31,6.400000095367432,8.800000190734863,0.44999998807907104,-42.33038541994994,5.847381885359937e-07
grid-r043-c032,43,32,6.599999904632568,8.800000190734863,0.44999998807907104,-41.32783006651658,7.365750320786901e-07
grid-r043-c033,43,33,6.800000190734863,8.800000190734863,0.44999998807907104,-41.37836218469593,7.280543172782927e-07
grid-r043-c034,43,34,7.0,8.800000190734863,0.44999998807907104,-41.43411382241324,7.187678079390025e-07
grid-r043-c035,43,35,7.199999809265137,8.800000190734863,0.44999998807907104,-47.82316654404589,1.6507577527136164e-07
grid-r043-c040,43,40,8.199999809265137,8.800000190734863,0.44999998807907104,-53.69803535073683,4.267725373097164e-08
grid-r043-c041,43,41,8.399999618530273,8.800000190734863,0.44999998807907104,-47.9790341074806,1.5925628815693926e-07
grid-r043-c042,43,42,8.600000381469727,8.800000190734863,0.44999998807907104,-47.874598925751926,1.6313235562392947e-07
grid-r043-c043,43,43,8.800000190734863,8.800000190734863,0.44999998807907104,-47.754822619663074,1.6769408262007346e-07
grid-r043-c044,43,44,9.0,8.800000190734863,0.44999998807907104,-46.55089514396421,2.212638605669781e-07
grid-r043-c045,43,45,9.199999809265137,8.800000190734863,0.44999998807907104,-42.24323545234452,5.965906666460796e-07
grid-r043-c046,43,46,9.399999618530273,8.800000190734863,0.44999998807907104,-41.94868011678987,6.384574930962117e-07
grid-r043-c047,43,47,9.600000381469727,8.800000190734863,0.44999998807907104,-41.9642025664999,6.361796067722025e-07
grid-r043-c048,43,48,9.800000190734863,8.800000190734863,0.44999998807907104,-41.80583810764506,6.598058917006711e-07
grid-r043-c049,43,49,10.0,8.800000190734863,0.44999998807907104,-41.53250849393217,7.0266634111249e-07
grid-r043-c050,43,50,10.200000762939453,8.800000190734863,0.44999998807907104,-41.509623876735795,7.063787279548706e-07
grid-r043-c051,43,51,10.399999618530273,8.800000190734863,0.44999998807907104,-41.159103336606,7.657546916561841e-07
grid-r043-c052,43,52,10.600000381469727,8.800000190734863,0.44999998807907104,-40.77562080967418,8.364460200027679e-07
grid-r043-c053,43,53,10.800000190734863,8.800000190734863,0.44999998807907104,-40.295294898052774,9.342659268440912e-07
grid-r043-c054,43,54,11.0,8.800000190734863,0.44999998807907104,-39.34756316168679,1.1621004887274466e-06
grid-r043-c055,43,55,11.200000762939453,8.800000190734863,0.44999998807907104,-39.111230112068036,1.2270916158740874e-06
grid-r043-c056,43,56,11.399999618530273,8.800000190734863,0.44999998807907104,-39.10358592030896,1.229253371093364e-06
grid-r043-c057,43,57,11.600000381469727,8.800000190734863,0.44999998807907104,-39.099694021895964,1.2303554512982373e-06
grid-r044-c000,44,0,0.19999980926513672,9.000000953674316,0.44999998807907104,-52.84511906497683,5.193834340389003e-08
grid-r044-c001,44,1,0.40000009536743164,9.000000953674316,0.44999998807907104,-48.78412067094405,1.3230855699930544e-07
grid-r044-c002,44,2,0.5999999046325684,9.000000953674316,0.44999998807907104,-53.45537391270618,4.512971685244338e-08
grid-r044-c003,44,3,0.7999997138977051,9.000000953674316,0.44999998807907104,-74.4393264873575,3.598051301345606e-10
grid-r044-c004,44,4,1.0,9.000000953674316,0.44999998807907104,-66.43283526602252,2.2736126314981675e-09
grid-r044-c005,44,5,1.1999998092651367,9.000000953674316,0.44999998807907104,-75.28866931765549,2.9589189431966645e-10
grid-r044-c006,44,6,1.4000000953674316,9.000000953674316,0.44999998807907104,-90.6335137620467,8.642683790860417e-12
grid-r044-c007,44,7,1.5999999046325684,9.000000953674316,0.44999998807907104,-85.29569632442326,2.954135200350372e-11
grid-r044-c008,44,8,1.799999713897705,9.000000953674316,0.44999998807907104,-91.68797575443533,6.7795742977883044e-12
grid-r044-c009,44,9,2.0,9.000000953674316,0.44999998807907104,-99.28824782375185,1.1780811786168965e-12
grid-r044-c010,44,10,2.200000047683716,9.000000953674316,0.44999998807907104,-80.71377124917257,8.484433988709128e-11
grid-r044-c011,44,11,2.3999998569488525,9.000000953674316,0.44999998807907104,-114.30109577980568,3.714414978936778e-14
grid-r044-c012,44,12,2.5999999046325684,9.000000953674316,0.44999998807907104,-99.55040669527665,1.1090709513966734e-12
grid-r044-c016,44,16,3.3999998569488525,9.000000953674316,0.44999998807907104,-106.14979338863832,2.426725541435776e-13
grid-r044-c026,44,26,5.400000095367432,9.000000953674316,0.44999998807907104,-56.005278530078925,2.5088352728630525e-08
grid-r044-c027,44,27,5.599999904632568,9.000000953674316,0.44999998807907104,-53.594033173927926,4.371159789684498e-08
grid-r044-c028,44,28,5.800000190734863,9.000000953674316,0.44999998807907104,-54.19620760824233,3.805215342822521e-08
grid-r044-c029,44,29,6.0,9.000000953674316,0.44999998807907104,-53.24916787140944,4.732419256470166e-08
grid-r044-c030,44,30,6.199999809265137,9.000000953674316,0.44999998807907104,-49.86622856996347,1.031281300356568e-07
grid-r044-c031,44,31,6.400000095367432,9.000000953674316,0.44999998807907104,-41.947302655315106,6.386600261976128e-07
grid-r044-c032,44,32,6.599999904632568,9.000000953674316,0.44999998807907104,-41.577972001533794,6.953489446459571e-07
grid-r044-c033,44,33,6.800000190734863,9.000000953674316,0.44999998807907104,-41.52650069072689,7.036390456960362e-07
grid-r044-c034,44,34,7.0,9.000000953674316,0.44999998807907104,-41.52394483966823,7.040532636892749e-07
grid-r044-c035,44,35,7.199999809265137,9.000000953674316,0.44999998807907104,-47.90356182097443,1.6204805319830484e-07
grid-r044-c040,44,40,8.199999809265137,9.000000953674316,0.44999998807907104,-53.47582955620001,4.49176518202421e-08
grid-r044-c041,44,41,8.399999618530273,9.000000953674316,0.44999998807907104,-47.93290934710052,1.6095670218874147e-07
grid-r044-c042,44,42,8.600000381469727,9.000000953674316,0.44999998807907104,-47.82528690714669,1.6499519972512644e-07
grid-r044-c043,44,43,8.800000190734863,9.000000953674316,0.44999998807907104,-47.937904968778454,1.6077166264949483e-07
grid-r044-c044,44,44,9.0,9.000000953674316,0.44999998807907104,-47.56986294260592,1.7499019122624304e-07
grid-r044-c045,44,45,9.199999809265137,9.000000953674316,0.44999998807907104,-45.07877956175081,3.1054321425472153e-07
grid-r044-c046,44,46,9.399999618530273,9.000000953674316,0.44999998807907104,-42.15532447007769,6.087900601414731e-07
grid-r044-c047,44,47,9.600000381469727,9.000000953674316,0.44999998807907104,-42.07276374172849,6.204740543580556e-07
grid-r044-c048,44,48,9.800000190734863,9.000000953674316,0.44999998807907104,-41.988594912894015,6.326164907477505e-07
grid-r044-c049,44,49,10.0,9.000000953674316,0.44999998807907104,-41.6822539566612,6.788512223465659e-07
grid-r044-c050,44,50,10.200000762939453,9.000000953674316,0.44999998807907104,-41.48271469388487,7.107690862540039e-07
grid-r044-c051,44,51,10.399999618530273,9.000000953674316,0.44999998807907104,-41.26208323756323,7.478107022507174e-07
grid-r044-c052,44,52,10.600000381469727,9.000000953674316,0.44999998807907104,-40.58515220950271,8.739463623896881e-07
grid-r044-c053,44,53,10.800000190734863,9.000000953674316,0.44999998807907104,-39.44319824336776,1.1367898196112947e-06
grid-r044-c054,44,54,11.0,9.000000953674316,0.44999998807907104,-39.159594008118304,1.2135022871007095e-06
grid-r044-c055,44,55,11.200000762939453,9.000000953674316,0.44999998807907104,-39.1775552764038,1.2084939271517214e-06
grid-r044-c056,44,56,11.399999618530273,9.000000953674316,0.44999998807907104,-39.14118809709442,1.2186561662019813e-06
grid-r044-c057,44,57,11.600000381469727,9.000000953674316,0.44999998807907104,-39.17296269279863,1.2097725630155765e-06
grid-r045-c016,45,16,3.3999998569488525,9.200000762939453,0.44999998807907104,-88.19873069401129,1.5140036793703793e-11
grid-r045-c019,45,19,4.0,9.200000762939453,0.44999998807907104,-117.21053117045611,1.9008457798779833e-14
grid-r045-c020,45,20,4.199999809265137,9.200000762939453,0.44999998807907104,-112.66670696553706,5.411645049723142e-14
grid-r045-c026,45,26,5.400000095367432,9.200000762939453,0.44999998807907104,-55.717306456145394,2.68083049093093e-08
grid-r045-c027,45,27,5.599999904632568,9.200000762939453,0.44999998807907104,-53.48178100122824,4.485614013560735e-08
grid-r045-c028,45,28,5.800000190734863,9.200000762939453,0.44999998807907104,-53.73943598456225,4.227235095299875e-08
grid-r045-c029,45,29,6.0,9.200000762939453,0.44999998807907104,-53.57103833002668,4.394365404891687e-08
grid-r045-c030,45,30,6.199999809265137,9.200000762939453,0.44999998807907104,-50.89745620461426,8.133067552762441e-08
grid-r045-c031,45,31,6.400000095367432,9.200000762939453,0.44999998807907104,-42.56630226928411,5.538214509215322e-07
grid-r045-c032,45,32,6.599999904632568,9.200000762939453,0.44999998807907104,-41.70965582407034,6.745814857822552e-07
grid-r045-c033,45,33,6.800000190734863,9.200000762939453,0.44999998807907104,-41.72487149348862,6.722221996824373e-07
grid-r045-c034,45,34,7.0,9.200000762939453,0.44999998807907104,-41.6461952735816,6.845110647191177e-07
grid-r045-c035,45,35,7.199999809265137,9.200000762939453,0.44999998807907104,-47.9455558981294,1.60488681899551e-07
grid-r045-c040,45,40,8.199999809265137,9.200000762939453,0.44999998807907104,-53.713888553713076,4.2521751453250545e-08
grid-r045-c041,45,41,8.399999618530273,9.200000762939453,0.44999998807907104,-47.86839807709718,1.6336544206296821e-07
grid-r045-c042,45,42,8.600000381469727,9.200000762939453,0.44999998807907104,-47.8924368087324,1.6246369227701507e-07
grid-r045-c043,45,43,8.800000190734863,9.200000762939453,0.44999998807907104,-48.05786596594953,1.5639159300917527e-07
grid-r045-c044,45,44,9.0,9.200000762939453,0.44999998807907104,-47.7070371924887,1.695494091791261e-07
grid-r045-c045,45,45,9.199999809265137,9.200000762939453,0.44999998807907104,-47.67952306966953,1.706269756596157e-07
grid-r045-c046,45,46,9.399999618530273,9.200000762939453,0.44999998807907104,-43.66061085475843,4.304660592424625e-07
grid-r045-c047,45,47,9.600000381469727,9.200000762939453,0.44999998807907104,-41.99306108384806,6.319662588794017e-07
grid-r045-c048,45,48,9.800000190734863,9.200000762939453,0.44999998807907104,-41.8753811165119,6.493246473837644e-07
grid-r045-c049,45,49,10.0,9.200000762939453,0.44999998807907104,-41.69945395541927,6.761679856026603e-07
grid-r045-c050,45,50,10.200000762939453,9.200000762939453,0.44999998807907104,-41.148528453362694,7.676215432184108e-07
grid-r045-c051,45,51,10.399999618530273,9.200000762939453,0.44999998807907104,-40.802179360418435,8.313464832099271e-07
grid-r045-c052,45,52,10.600000381469727,9.200000762939453,0.44999998807907104,-39.87197568892479,1.02991748462955e-06
grid-r045-c053,45,53,10.800000190734863,9.200000762939453,0.44999998807907104,-39.670535771726776,1.0788136250994285e-06
grid-r045-c054,45,54,11.0,9.200000762939453,0.44999998807907104,-39.43303262423015,1.1394538432796253e-06
grid-r045-c055,45,55,11.200000762939453,9.200000762939453,0.44999998807907104,-39.28154763590743,1.179900095849007e-06
grid-r045-c056,45,56,11.399999618530273,9.200000762939453,0.44999998807907104,-39.245277566348776,1.1897952845174586e-06
grid-r045-c057,45,57,11.600000381469727,9.200000762939453,0.44999998807907104,-39.249601270751306,1.1886113497894257e-06
grid-r046-c026,46,26,5.400000095367432,9.40000057220459,0.44999998807907104,-55.979728178293655,2.5236387202198785e-08
grid-r046-c027,46,27,5.599999904632568,9.40000057220459,0.44999998807907104,-53.70674074836808,4.2591793203428097e-08
grid-r046-c028,46,28,5.800000190734863,9.40000057220459,0.44999998807907104,-53.95160667310478,4.0256807665173255e-08
grid-r046-c029,46,29,6.0,9.40000057220459,0.44999998807907104,-55.11983588093001,3.0762130620587413e-08
grid-r046-c030,46,30,6.199999809265137,9.40000057220459,0.44999998807907104,-47.95825403909802,1.6002012159788137e-07
grid-r046-c031,46,31,6.400000095367432,9.40000057220459,0.44999998807907104,-44.45939347864653,3.581464511626109e-07
grid-r046-c032,46,32,6.599999904632568,9.40000057220459,0.44999998807907104,-41.781658236908044,6.634896863033646e-07
grid-r046-c033,46,33,6.800000190734863,9.40000057220459,0.44999998807907104,-41.74580283267538,6.689901397294307e-07
grid-r046-c034,46,34,7.0,9.40000057220459,0.44999998807907104,-41.71213369389094,6.741967126799864e-07
grid-r046-c035,46,35,7.199999809265137,9.40000057220459,0.44999998807907104,-48.08305952485709,1.5548698684142437e-07
grid-r046-c040,46,40,8.199999809265137,9.40000057220459,0.44999998807907104,-53.83003387099548,4.13996446013698e-08
grid-r046-c041,46,41,8.399999618530273,9.40000057220459,0.44999998807907104,-48.193249250594675,1.5159157840116677e-07
grid-r046-c042,46,42,8.600000381469727,9.40000057220459,0.44999998807907104,-48.070902413301866,1.5592284796639433e-07
grid-r046-c043,46,43,8.800000190734863,9.40000057220459,0.44999998807907104,-48.0404802246337,1.5701891697972314e-07
grid-r046-c044,46,44,9.0,9.40000057220459,0.44999998807907104,-47.696980809883456,1.6994246720969386e-07
grid-r046-c045,46,45,9.199999809265137,9.40000057220459,0.44999998807907104,-47.276996913693154,1.8719761385455058e-07
grid-r046-c046,46,46,9.399999618530273,9.40000057220459,0.44999998807907104,-46.26118518674619,2.3652741276691813e-07
grid-r046-c047,46,47,9.600000381469727,9.40000057220459,0.44999998807907104,-42.47648474335655,5.653944299410796e-07
grid-r046-c048,46,48,9.800000190734863,9.40000057220459,0.44999998807907104,-41.54500429316705,7.006474902482296e-07
grid-r046-c049,46,49,10.0,9.40000057220459,0.44999998807907104,-41.37809635500172,7.280988825186796e-07
grid-r046-c050,46,50,10.200000762939453,9.40000057220459,0.44999998807907104,-40.929516476180666,8.073249091467005e-07
grid-r046-c051,46,51,10.399999618530273,9.40000057220459,0.44999998807907104,-39.91833945973906,1.0189809245275683e-06
grid-r046-c052,46,52,10.600000381469727,9.40000057220459,0.44999998807907104,-39.879645081182495,1.0281003142154077e-06
grid-r046-c053,46,53,10.800000190734863,9.40000057220459,0.44999998807907104,-39.84507793558316,1.036316007230198e-06
grid-r046-c054,46,54,11.0,9.40000057220459,0.44999998807907104,-39.82394197647181,1.041371774590516e-06
grid-r046-c055,46,55,11.200000762939453,9.40000057220459,0.44999998807907104,-39.6454723337039,1.085057533600775e-06
grid-r046-c056,46,56,11.399999618530273,9.40000057220459,0.44999998807907104,-39.38232071622919,1.152837057816214e-06
grid-r046-c057,46,57,11.600000381469727,9.40000057220459,0.44999998807907104,-39.31074959038107,1.1719930625986308e-06
grid-r047-c026,47,26,5.400000095367432,9.600000381469727,0.44999998807907104,-55.83430785864523,2.609571581047021e-08
grid-r047-c027,47,27,5.599999904632568,9.600000381469727,0.44999998807907104,-54.31959484617768,3.6986268270311484e-08
grid-r047-c028,47,28,5.800000190734863,9.600000381469727,0.44999998807907104,-55.31170108351466,2.9432685622055033e-08
grid-r047-c029,47,29,6.0,9.600000381469727,0.44999998807907104,-50.37248909934628,9.178064175330292e-08
grid-r047-c030,47,30,6.199999809265137,9.600000381469727,0.44999998807907104,-47.29664293072089,1.8635270748745825e-07
grid-r047-c031,47,31,6.400000095367432,9.600000381469727,0.44999998807907104,-46.696174973371726,2.1398459182364604e-07
grid-r047-c032,47,32,6.599999904632568,9.600000381469727,0.44999998807907104,-42.01535939656884,6.287298219831428e-07
grid-r047-c033,47,33,6.800000190734863,9.600000381469727,0.44999998807907104,-41.81239033734982,6.588111887140258e-07
grid-r047-c034,47,34,7.0,9.600000381469727,0.44999998807907104,-41.76844811037178,6.655109245912172e-07
grid-r047-c035,47,35,7.199999809265137,9.600000381469727,0.44999998807907104,-48.06943774055243,1.559754423396953e-07
grid-r047-c040,47,40,8.199999809265137,9.600000381469727,0.44999998807907104,-53.453000843427375,4.515438334351529e-08
grid-r047-c041,47,41,8.399999618530273,9.600000381469727,0.44999998807907104,-48.18636490715902,1.5183206869551213e-07
grid-r047-c042,47,42,8.600000381469727,9.600000381469727,0.44999998807907104,-48.07986107569552,1.556015405412836e-07
grid-r047-c043,47,43,8.800000190734863,9.600000381469727,0.44999998807907104,-47.485572030033865,1.7841969679466274e-07
grid-r047-c044,47,44,9.0,9.600000381469727,0.44999998807907104,-46.95465354992369,2.0162048031124868e-07
grid-r047-c045,47,45,9.199999809265137,9.600000381469727,0.44999998807907104,-46.90140173479935,2.041079056880335e-07
grid-r047-c046,47,46,9.399999618530273,9.600000381469727,0.44999998807907104,-46.021032458224596,2.4997510195134964e-07
grid-r047-c047,47,47,9.600000381469727,9.600000381469727,0.44999998807907104,-44.21270390502889,3.790788980495563e-07
grid-r047-c048,47,48,9.800000190734863,9.600000381469727,0.44999998807907104,-41.561487104521646,6.979933573347807e-07
grid-r047-c049,47,49,10.0,9.600000381469727,0.44999998807907104,-40.89306284769253,8.141299190356222e-07
grid-r047-c050,47,50,10.200000762939453,9.600000381469727,0.44999998807907104,-40.14103682154683,9.680467201178544e-07
grid-r047-c051,47,51,10.399999618530273,9.600000381469727,0.44999998807907104,-39.95653791164722,1.0100577583216364e-06
grid-r047-c052,47,52,10.600000381469727,9.600000381469727,0.44999998807907104,-39.83371843124281,1.0390301667939639e-06
grid-r047-c053,47,53,10.800000190734863,9.600000381469727,0.44999998807907104,-39.993506319348235,1.0014963436333346e-06
grid-r047-c054,47,54,11.0,9.600000381469727,0.44999998807907104,-40.018252716277374,9.958059763448546e-07
grid-r047-c055,47,55,11.200000762939453,9.600000381469727,0.44999998807907104,-39.879172549995104,1.0282121820637258e-06
grid-r047-c056,47,56,11.399999618530273,9.600000381469727,0.44999998807907104,-39.86360683691265,1.0319040484318975e-06
grid-r047-c057,47,57,11.600000381469727,9.600000381469727,0.44999998807907104,-39.51958669002053,1.1169695426360704e-06
grid-r048-c026,48,26,5.400000095367432,9.800000190734863,0.44999998807907104,-57.57512691533533,1.747782185645974e-08
grid-r048-c027,48,27,5.599999904632568,9.800000190734863,0.44999998807907104,-56.37254120303973,2.305397828195055e-08
grid-r048-c028,48,28,5.800000190734863,9.800000190734863,0.44999998807907104,-55.401974290025066,2.88272072879181e-08
grid-r048-c029,48,29,6.0,9.800000190734863,0.44999998807907104,-47.83929269208099,1.6446395534330804e-07
grid-r048-c030,48,30,6.199999809265137,9.800000190734863,0.44999998807907104,-47.231022374481384,1.8918981936622004e-07
grid-r048-c031,48,31,6.400000095367432,9.800000190734863,0.44999998807907104,-47.16326921352072,1.9216446389691555e-07
grid-r048-c032,48,32,6.599999904632568,9.800000190734863,0.44999998807907104,-43.14868337778208,4.843191732106789e-07
grid-r048-c033,48,33,6.800000190734863,9.800000190734863,0.44999998807907104,-41.836063041089595,6.552298827955383e-07
grid-r048-c034,48,34,7.0,9.800000190734863,0.44999998807907104,-41.864899723872085,6.508936394311604e-07
grid-r048-c035,48,35,7.199999809265137,9.800000190734863,0.44999998807907104,-48.18215376663525,1.519793642046352e-07
grid-r048-c040,48,40,8.199999809265137,9.800000190734863,0.44999998807907104,-53.91662504553048,4.058237834669853e-08
grid-r048-c041,48,41,8.399999618530273,9.800000190734863,0.44999998807907104,-47.420126669795934,1.8112872623987641e-07
grid-r048-c042,48,42,8.600000381469727,9.800000190734863,0.44999998807907104,-47.416217129066766,1.8129185264115222e-07
grid-r048-c043,48,43,8.800000190734863,9.800000190734863,0.44999998807907104,-47.178940876263255,1.914722815854475e-07
grid-r048-c044,48,44,9.0,9.800000190734863,0.44999998807907104,-46.47871945443653,2.2497178520097805e-07
grid-r048-c045,48,45,9.199999809265137,9.800000190734863,0.44999998807907104,-45.50513082991583,2.815055211158324e-07
grid-r048-c046,48,46,9.399999618530273,9.800000190734863,0.44999998807907104,-45.36528556901706,2.9071767926325265e-07
grid-r048-c047,48,47,9.600000381469727,9.800000190734863,0.44999998807907104,-45.188636095229725,3.0278641816039453e-07
grid-r048-c048,48,48,9.800000190734863,9.800000190734863,0.44999998807907104,-42.26464839009739,5.936564093644847e-07
grid-r048-c049,48,49,10.0,9.800000190734863,0.44999998807907104,-40.2463770698852,9.448487503505021e-07
grid-r048-c050,48,50,10.200000762939453,9.800000190734863,0.44999998807907104,-40.12821568738516,9.70908786257496e-07
grid-r048-c051,48,51,10.399999618530273,9.800000190734863,0.44999998807907104,-40.09104105115016,9.792552191356663e-07
grid-r048-c052,48,52,10.600000381469727,9.800000190734863,0.44999998807907104,-40.00872369495152,9.979933111026185e-07
grid-r048-c053,48,53,10.800000190734863,9.800000190734863,0.44999998807907104,-39.90601866042343,1.0218758461633115e-06
grid-r048-c054,48,54,11.0,9.800000190734863,0.44999998807907104,-40.06238458259588,9.857380973699037e-07
grid-r048-c055,48,55,11.200000762939453,9.800000190734863,0.44999998807907104,-40.12004520804351,9.727370979817351e-07
grid-r048-c056,48,56,11.399999618530273,9.800000190734863,0.44999998807907104,-39.99660641077242,1.0007817081714165e-06
grid-r048-c057,48,57,11.600000381469727,9.800000190734863,0.44999998807907104,-40.21193080963731,9.523726589577564e-07
grid-r049-c026,49,26,5.400000095367432,10.0,0.44999998807907104,-59.26943263589297,1.1831961188590867e-08
grid-r049-c027,49,27,5.599999904632568,10.0,0.44999998807907104,-57.814547107403826,1.654037262710517e-08
grid-r049-c028,49,28,5.800000190734863,10.0,0.44999998807907104,-50.50271530223827,8.906938830932631e-08
grid-r049-c029,49,29,6.0,10.0,0.44999998807907104,-47.57457635435743,1.748003768398121e-07
grid-r049-c030,49,30,6.199999809265137,10.0,0.44999998807907104,-47.333953926447606,1.8475857643807103e-07
grid-r049-c031,49,31,6.400000095367432,10.0,0.44999998807907104,-47.110133435656124,1.945300311945175e-07
grid-r049-c032,49,32,6.599999904632568,10.0,0.44999998807907104,-44.99294009588671,3.167422448768775e-07
grid-r049-c033,49,33,6.800000190734863,10.0,0.44999998807907104,-41.90300071711804,6.452082743635401e-07
grid-r049-c034,49,34,7.0,10.0,0.44999998807907104,-41.875626347071886,6.492879833785992e-07
grid-r049-c035,49,35,7.199999809265137,10.0,0.44999998807907104,-48.20721290969031,1.511049561031541e-07
grid-r049-c040,49,40,8.199999809265137,10.0,0.44999998807907104,-52.82562735751293,5.217197340812163e-08
grid-r049-c041,49,41,8.399999618530273,10.0,0.44999998807907104,-47.12826754153244,1.937194582524171e-07
grid-r049-c042,49,42,8.600000381469727,10.0,0.44999998807907104,-46.93301635475437,2.0262748989807733e-07
grid-r049-c043,49,43,8.800000190734863,10.0,0.44999998807907104,-45.90303705099058,2.568598915786424e-07
grid-r049-c044,49,44,9.0,10.0,0.44999998807907104,-45.5482709216389,2.7872306418430526e-07
grid-r049-c045,49,45,9.199999809265137,10.0,0.44999998807907104,-45.45682156275842,2.8465436230362684e-07
grid-r049-c046,49,46,9.399999618530273,10.0,0.44999998807907104,-45.3026974345005,2.949376778360602e-07
grid-r049-c047,49,47,9.600000381469727,10.0,0.44999998807907104,-43.69647749486275,4.2692565216384537e-07
grid-r049-c048,49,48,9.800000190734863,10.0,0.44999998807907104,-42.648157188222555,5.434808940663061e-07
grid-r049-c049,49,49,10.0,10.0,0.44999998807907104,-40.82760181749886,8.264942152891308e-07
grid-r049-c050,49,50,10.200000762939453,10.0,0.44999998807907104,-40.21248530266802,9.522510708848131e-07
grid-r049-c051,49,51,10.399999618530273,10.0,0.44999998807907104,-40.179344514878494,9.595454457667074e-07
grid-r049-c052,49,52,10.600000381469727,10.0,0.44999998807907104,-40.192036964883194,9.567452252667863e-07
grid-r049-c053,49,53,10.800000190734863,10.0,0.44999998807907104,-40.05052494568158,9.884336122922832e-07
grid-r049-c054,49,54,11.0,10.0,0.44999998807907104,-40.03698279852958,9.915205509969383e-07
grid-r049-c055,49,55,11.200000762939453,10.0,0.44999998807907104,-40.282161575710276,9.370954785481445e-07
grid-r049-c056,49,56,11.399999618530273,10.0,0.44999998807907104,-40.6318734010725,8.6459488102264e-07
grid-r049-c057,49,57,11.600000381469727,10.0,0.44999998807907104,-40.56661740370664,8.776841582402994e-07
grid-r050-c026,50,26,5.400000095367432,10.200000762939453,0.44999998807907104,-61.94420759488585,6.3911533842997414e-09
grid-r050-c027,50,27,5.599999904632568,10.200000762939453,0.44999998807907104,-55.97175596162995,2.528275544477765e-08
grid-r050-c028,50,28,5.800000190734863,10.200000762939453,0.44999998807907104,-48.16303142797145,1.5265001707120973e-07
grid-r050-c029,50,29,6.0,10.200000762939453,0.44999998807907104,-47.53420868304276,1.7643272087752848e-07
grid-r050-c030,50,30,6.199999809265137,10.200000762939453,0.44999998807907104,-47.278423381709956,1.8713613769705262e-07
grid-r050-c031,50,31,6.400000095367432,10.200000762939453,0.44999998807907104,-46.985319989498024,2.0020181068503007e-07
grid-r050-c032,50,32,6.599999904632568,10.200000762939453,0.44999998807907104,-46.8833603091003,2.0495757269145543e-07
grid-r050-c033,50,33,6.800000190734863,10.200000762939453,0.44999998807907104,-42.30162534209437,5.886233225282922e-07
grid-r050-c034,50,34,7.0,10.200000762939453,0.44999998807907104,-41.9117764873409,6.439058211071824e-07
grid-r050-c035,50,35,7.199999809265137,10.200000762939453,0.44999998807907104,-48.3034846568505,1.477922069170745e-07
grid-r050-c040,50,40,8.199999809265137,10.200000762939453,0.44999998807907104,-52.561932462722595,5.543789782791464e-08
grid-r050-c041,50,41,8.399999618530273,10.200000762939453,0.44999998807907104,-46.115049147539196,2.4462175929329533e-07
grid-r050-c042,50,42,8.600000381469727,10.200000762939453,0.44999998807907104,-45.622197488391535,2.740187312610942e-07
grid-r050-c043,50,43,8.800000190734863,10.200000762939453,0.44999998807907104,-45.38765494000329,2.892241184326849e-07
grid-r050-c044,50,44,9.0,10.200000762939453,0.44999998807907104,-45.45898026247227,2.845129074557917e-07
grid-r050-c045,50,45,9.199999809265137,10.200000762939453,0.44999998807907104,-45.491631369978876,2.823819045261189e-07
grid-r050-c046,50,46,9.399999618530273,10.200000762939453,0.44999998807907104,-43.57496717811527,4.3903918367504957e-07
grid-r050-c047,50,47,9.600000381469727,10.200000762939453,0.44999998807907104,-42.82532530113813,5.217560214987316e-07
grid-r050-c048,50,48,9.800000190734863,10.200000762939453,0.44999998807907104,-42.61302517438166,5.478951834447798e-07
grid-r050-c049,50,49,10.0,10.200000762939453,0.44999998807907104,-42.24196403820979,5.967653464722389e-07
grid-r050-c050,50,50,10.200000762939453,10.200000762939453,0.44999998807907104,-40.458768659156505,8.997526492748875e-07
grid-r050-c051,50,51,10.399999618530273,10.200000762939453,0.44999998807907104,-40.272392385380364,9.39205790473352e-07
grid-r050-c052,50,52,10.600000381469727,10.200000762939453,0.44999998807907104,-40.22088757028178,9.50410537825519e-07
grid-r050-c053,50,53,10.800000190734863,10.200000762939453,0.44999998807907104,-40.22679047135527,9.4911962378319e-07
grid-r050-c054,50,54,11.0,10.200000762939453,0.44999998807907104,-40.38024070414085,9.161697107629152e-07
grid-r050-c055,50,55,11.200000762939453,10.200000762939453,0.44999998807907104,-40.687737635602765,8.535446340829367e-07
grid-r050-c056,50,56,11.399999618530273,10.200000762939453,0.44999998807907104,-40.775652389660664,8.364399377569498e-07
grid-r050-c057,50,57,11.600000381469727,10.200000762939453,0.44999998807907104,-40.87874495484514,8.168183853740629e-07
grid-r051-c026,51,26,5.400000095367432,10.40000057220459,0.44999998807907104,-65.55803157095099,2.7809734515216178e-09
grid-r051-c027,51,27,5.599999904632568,10.40000057220459,0.44999998807907104,-49.89386262353237,1.024740114985434e-07
grid-r051-c028,51,28,5.800000190734863,10.40000057220459,0.44999998807907104,-47.93317891256321,1.609467119578767e-07
grid-r051-c029,51,29,6.0,10.40000057220459,0.44999998807907104,-47.68258527465949,1.7050670919616095e-07
grid-r051-c030,51,30,6.199999809265137,10.40000057220459,0.44999998807907104,-47.23264952403488,1.8911894983375532e-07
grid-r051-c031,51,31,6.400000095367432,10.40000057220459,0.44999998807907104,-47.037215653006285,1.9782375204613345e-07
grid-r051-c032,51,32,6.599999904632568,10.40000057220459,0.44999998807907104,-46.89901424000446,2.0422014301857416e-07
grid-r051-c033,51,33,6.800000190734863,10.40000057220459,0.44999998807907104,-43.676815752189086,4.288628474569123e-07
grid-r051-c034,51,34,7.0,10.40000057220459,0.44999998807907104,-41.96139168500252,6.36591494185268e-07
grid-r051-c035,51,35,7.199999809265137,10.40000057220459,0.44999998807907104,-48.41544906407353,1.4403070736079826e-07
grid-r051-c040,51,40,8.199999809265137,10.40000057220459,0.44999998807907104,-50.39961073436825,9.120925881234143e-08
grid-r051-c041,51,41,8.399999618530273,10.40000057220459,0.44999998807907104,-45.496784100265614,2.820470683673193e-07
grid-r051-c042,51,42,8.600000381469727,10.40000057220459,0.44999998807907104,-45.60938690810566,2.7482820996738155e-07
grid-r051-c043,51,43,8.800000190734863,10.40000057220459,0.44999998807907104,-45.48809260197443,2.8261209195079573e-07
grid-r051-c044,51,44,9.0,10.40000057220459,0.44999998807907104,-45.16985144689569,3.0409890428018116e-07
grid-r051-c045,51,45,9.199999809265137,10.40000057220459,0.44999998807907104,-43.5037820938788,4.462947629235714e-07
grid-r051-c046,51,46,9.399999618530273,10.40000057220459,0.44999998807907104,-42.9584646506384,5.060035164206056e-07
grid-r051-c047,51,47,9.600000381469727,10.40000057220459,0.44999998807907104,-42.74726375798331,5.312190296535846e-07
grid-r051-c048,51,48,9.800000190734863,10.40000057220459,0.44999998807907104,-42.76784514986501,5.287075168780575e-07
grid-r051-c049,51,49,10.0,10.40000057220459,0.44999998807907104,-42.59899038933763,5.496686412698182e-07
grid-r051-c050,51,50,10.200000762939453,10.40000057220459,0.44999998807907104,-41.80557658312588,6.598456252504548e-07
grid-r051-c051,51,51,10.399999618530273,10.40000057220459,0.44999998807907104,-40.32635262017817,9.27608539313951e-07
grid-r051-c052,51,52,10.600000381469727,10.40000057220459,0.44999998807907104,-40.42956022289788,9.058243222170859e-07
grid-r051-c053,51,53,10.800000190734863,10.40000057220459,0.44999998807907104,-40.817214067550154,8.284734462904453e-07
grid-r051-c054,51,54,11.0,10.40000057220459,0.44999998807907104,-40.87466282653011,8.17586510493129e-07
grid-r051-c055,51,55,11.200000762939453,10.40000057220459,0.44999998807907104,-40.70226865781609,8.506935387231351e-07
grid-r051-c056,51,56,11.399999618530273,10.40000057220459,0.44999998807907104,-40.89612350691255,8.135563689393166e-07
grid-r051-c057,51,57,11.600000381469727,10.40000057220459,0.44999998807907104,-42.53077168379023,5.583709707934759e-07
grid-r052-c026,52,26,5.400000095367432,10.600000381469727,0.44999998807907104,-54.81344565790184,3.301075324202429e-08
grid-r052-c027,52,27,5.599999904632568,10.600000381469727,0.44999998807907104,-48.21331189729999,1.5089290172909386e-07
grid-r052-c028,52,28,5.800000190734863,10.600000381469727,0.44999998807907104,-47.90470834857375,1.6200527852561208e-07
grid-r052-c029,52,29,6.0,10.600000381469727,0.44999998807907104,-47.689061620610204,1.7025263332470786e-07
grid-r052-c030,52,30,6.199999809265137,10.600000381469727,0.44999998807907104,-47.246398075807775,1.8852119865186978e-07
grid-r052-c031,52,31,6.400000095367432,10.600000381469727,0.44999998807907104,-46.99168063275387,1.9990881128251203e-07
grid-r052-c032,52,32,6.599999904632568,10.600000381469727,0.44999998807907104,-46.97898619432766,2.0049400006882934e-07
grid-r052-c033,52,33,6.800000190734863,10.600000381469727,0.44999998807907104,-45.65827136688084,2.7175207151231007e-07
grid-r052-c034,52,34,7.0,10.600000381469727,0.44999998807907104,-42.02290552441731,6.276383146541775e-07
grid-r052-c035,52,35,7.199999809265137,10.600000381469727,0.44999998807907104,-48.38262912969864,1.4512328050386714e-07
grid-r052-c040,52,40,8.199999809265137,10.600000381469727,0.44999998807907104,-50.993064501744215,7.95597756564348e-08
grid-r052-c041,52,41,8.399999618530273,10.600000381469727,0.44999998807907104,-45.378572407764196,2.8982961453039024e-07
grid-r052-c042,52,42,8.600000381469727,10.600000381469727,0.44999998807907104,-45.34734327236792,2.9192122497079254e-07
grid-r052-c043,52,43,8.800000190734863,10.600000381469727,0.44999998807907104,-45.02647024152233,3.143062201615976e-07
grid-r052-c044,52,44,9.0,10.600000381469727,0.44999998807907104,-43.580635677648985,4.3846651465173636e-07
grid-r052-c045,52,45,9.199999809265137,10.600000381469727,0.44999998807907104,-42.97490843579627,5.040912469667092e-07
grid-r052-c046,52,46,9.399999618530273,10.600000381469727,0.44999998807907104,-42.824193678504656,5.218919909566466e-07
grid-r052-c047,52,47,9.600000381469727,10.600000381469727,0.44999998807907104,-42.757609573533266,5.299550593917957e-07
grid-r052-c048,52,48,9.800000190734863,10.600000381469727,0.44999998807907104,-42.798001027606595,5.250490744401759e-07
grid-r052-c049,52,49,10.0,10.600000381469727,0.44999998807907104,-42.643310938718216,5.440876975626452e-07
grid-r052-c050,52,50,10.200000762939453,10.600000381469727,0.44999998807907104,-42.53237953529012,5.58164288122498e-07
grid-r052-c051,52,51,10.399999618530273,10.600000381469727,0.44999998807907104,-41.6798741213644,6.792233193664288e-07
grid-r052-c052,52,52,10.600000381469727,10.600000381469727,0.44999998807907104,-40.957376734157265,8.021624466891808e-07
grid-r052-c053,52,53,10.800000190734863,10.600000381469727,0.44999998807907104,-40.941765745255225,8.050510587054305e-07
grid-r052-c054,52,54,11.0,10.600000381469727,0.44999998807907104,-41.052000078638585,7.848740892768546e-07
grid-r052-c055,52,55,11.200000762939453,10.600000381469727,0.44999998807907104,-41.093679892658876,7.773775791974913e-07
grid-r052-c056,52,56,11.399999618530273,10.600000381469727,0.44999998807907104,-41.91027960266412,6.441277946578339e-07
grid-r052-c057,52,57,11.600000381469727,10.600000381469727,0.44999998807907104,-42.92570265158319,5.098351039123372e-07
grid-r053-c026,53,26,5.400000095367432,10.800000190734863,0.44999998807907104,-50.09949106760709,9.773517462008385e-08
grid-r053-c027,53,27,5.599999904632568,10.800000190734863,0.44999998807907104,-48.211347858416914,1.5096115646429098e-07
grid-r053-c028,53,28,5.800000190734863,10.800000190734863,0.44999998807907104,-47.928010236670914,1.6113837375542062e-07
grid-r053-c029,53,29,6.0,10.800000190734863,0.44999998807907104,-47.59268706652419,1.7407295160865033e-07
grid-r053-c030,53,30,6.199999809265137,10.800000190734863,0.44999998807907104,-47.21102927370028,1.9006277796052018e-07
grid-r053-c031,53,31,6.400000095367432,10.800000190734863,0.44999998807907104,-47.20484226940172,1.9033373632737494e-07
grid-r053-c032,53,32,6.599999904632568,10.800000190734863,0.44999998807907104,-46.997001070554234,1.996640577317521e-07
grid-r053-c033,53,33,6.800000190734863,10.800000190734863,0.44999998807907104,-46.76098309855557,2.1081508805309568e-07
grid-r053-c034,53,34,7.0,10.800000190734863,0.44999998807907104,-42.7377599623702,5.323827849679219e-07
grid-r053-c035,53,35,7.199999809265137,10.800000190734863,0.44999998807907104,-48.43084786225509,1.4352092136959982e-07
grid-r053-c040,53,40,8.199999809265137,10.800000190734863,0.44999998807907104,-51.03680915881819,7.876242591464688e-08
grid-r053-c041,53,41,8.399999618530273,10.800000190734863,0.44999998807907104,-45.388308383233365,2.8918060479554697e-07
grid-r053-c042,53,42,8.600000381469727,10.800000190734863,0.44999998807907104,-44.72511737695571,3.368901104749966e-07
grid-r053-c043,53,43,8.800000190734863,10.800000190734863,0.44999998807907104,-43.5069051936764,4.45973938667521e-07
grid-r053-c044,53,44,9.0,10.800000190734863,0.44999998807907104,-42.82663091277304,5.215991905060946e-07
grid-r053-c045,53,45,9.199999809265137,10.800000190734863,0.44999998807907104,-42.95008612023441,5.069806547908229e-07
grid-r053-c046,53,46,9.399999618530273,10.800000190734863,0.44999998807907104,-42.87496003486349,5.158269118510361e-07
grid-r053-c047,53,47,9.600000381469727,10.800000190734863,0.44999998807907104,-42.778298207966685,5.274364980323298e-07
grid-r053-c048,53,48,9.800000190734863,10.800000190734863,0.44999998807907104,-42.659854933733534,5.420189950200438e-07
grid-r053-c049,53,49,10.0,10.800000190734863,0.44999998807907104,-42.93983164838555,5.081791414340842e-07
grid-r053-c050,53,50,10.200000762939453,10.800000190734863,0.44999998807907104,-43.612089841243744,4.353023541625589e-07
grid-r053-c051,53,51,10.399999618530273,10.800000190734863,0.44999998807907104,-43.364417976519015,4.608485255630512e-07
grid-r053-c052,53,52,10.600000381469727,10.800000190734863,0.44999998807907104,-41.485126145669334,7.103745360836911e-07
grid-r053-c053,53,53,10.800000190734863,10.800000190734863,0.44999998807907104,-41.174973976597286,7.629614628967829e-07
grid-r053-c054,53,54,11.0,10.800000190734863,0.44999998807907104,-41.265469615663186,7.472278298337187e-07
grid-r053-c055,53,55,11.200000762939453,10.800000190734863,0.44999998807907104,-42.022284503636214,6.277280704125587e-07
grid-r053-c056,53,56,11.399999618530273,10.800000190734863,0.44999998807907104,-43.1135966110878,4.882478492618247e-07
grid-r053-c057,53,57,11.600000381469727,10.800000190734863,0.44999998807907104,-42.40469606257406,5.748180456066621e-07
grid-r054-c026,54,26,5.400000095367432,11.0,0.44999998807907104,-49.0824839127697,1.2352407452453917e-07
grid-r054-c027,54,27,5.599999904632568,11.0,0.44999998807907104,-47.89414737225937,1.6239971500908723e-07
grid-r054-c028,54,28,5.800000190734863,11.0,0.44999998807907104,-47.75892665410686,1.6753568843341782e-07
grid-r054-c029,54,29,6.0,11.0,0.44999998807907104,-47.598717833469124,1.7383139550020132e-07
grid-r054-c030,54,30,6.199999809265137,11.0,0.44999998807907104,-47.31602026188929,1.8552309200003947e-07
grid-r054-c031,54,31,6.400000095367432,11.0,0.44999998807907104,-47.19316238043608,1.9084630764609756e-07
grid-r054-c032,54,32,6.599999904632568,11.0,0.44999998807907104,-47.04335912906117,1.975441108470477e-07
grid-r054-c033,54,33,6.800000190734863,11.0,0.44999998807907104,-46.778941110895786,2.099451705817046e-07
grid-r054-c034,54,34,7.0,11.0,0.44999998807907104,-44.24297711088663,3.764456550925388e-07
grid-r054-c035,54,35,7.199999809265137,11.0,0.44999998807907104,-48.544754102790904,1.3980560709114798e-07
grid-r054-c040,54,40,8.199999809265137,11.0,0.44999998807907104,-51.35114653404028,7.326310935695801e-08
grid-r054-c041,54,41,8.399999618530273,11.0,0.44999998807907104,-44.70315138312267,3.385983688986016e-07
grid-r054-c042,54,42,8.600000381469727,11.0,0.44999998807907104,-43.33633748602597,4.638379209609411e-07
grid-r054-c043,54,43,8.800000190734863,11.0,0.44999998807907104,-42.839486025494686,5.200575401431706e-07
grid-r054-c044,54,44,9.0,11.0,0.44999998807907104,-42.90752713594231,5.119732691127865e-07
grid-r054-c045,54,45,9.199999809265137,11.0,0.44999998807907104,-42.77917542644146,5.273299734653847e-07
grid-r054-c046,54,46,9.399999618530273,11.0,0.44999998807907104,-42.82664321833798,5.215977125772042e-07
grid-r054-c047,54,47,9.600000381469727,11.0,0.44999998807907104,-42.85290781066139,5.184527935853112e-07
grid-r054-c048,54,48,9.800000190734863,11.0,0.44999998807907104,-43.359984265532965,4.613192459146376e-07
grid-r054-c049,54,49,10.0,11.0,0.44999998807907104,-43.74411022900922,4.222687834953831e-07
grid-r054-c050,54,50,10.200000762939453,11.0,0.44999998807907104,-43.70698564202407,4.258939156898123e-07
grid-r054-c051,54,51,10.399999618530273,11.0,0.44999998807907104,-43.764217440438564,4.2031825842059334e-07
grid-r054-c052,54,52,10.600000381469727,11.0,0.44999998807907104,-43.39044608259901,4.5809483140146767e-07
grid-r054-c053,54,53,10.800000190734863,11.0,0.44999998807907104,-41.38754090897237,7.265172143888776e-07
grid-r054-c054,54,54,11.0,11.0,0.44999998807907104,-41.9151577801897,6.434046895265055e-07
grid-r054-c055,54,55,11.200000762939453,11.0,0.44999998807907104,-43.40492135248595,4.5657051828129624e-07
grid-r054-c056,54,56,11.399999618530273,11.0,0.44999998807907104,-42.79227847128006,5.257413704384817e-07
grid-r054-c057,54,57,11.600000381469727,11.0,0.44999998807907104,-42.61986532923415,5.470329256240802e-07
grid-r055-c026,55,26,5.400000095367432,11.200000762939453,0.44999998807907104,-48.88714068336718,1.2920696690343902e-07
grid-r055-c027,55,27,5.599999904632568,11.200000762939453,0.44999998807907104,-47.099207368037455,1.950200498868071e-07
grid-r055-c028,55,28,5.800000190734863,11.200000762939453,0.44999998807907104,-47.801922179585745,1.6588525397764897e-07
grid-r055-c029,55,29,6.0,11.200000762939453,0.44999998807907104,-47.66282229840135,1.7128438400959567e-07
grid-r055-c030,55,30,6.199999809265137,11.200000762939453,0.44999998807907104,-47.2736284710447,1.8734286300059466e-07
grid-r055-c031,55,31,6.400000095367432,11.200000762939453,0.44999998807907104,-47.31102717689596,1.8573651061615237e-07
grid-r055-c032,55,32,6.599999904632568,11.200000762939453,0.44999998807907104,-47.06242957311231,1.966785703189089e-07
grid-r055-c033,55,33,6.800000190734863,11.200000762939453,0.44999998807907104,-46.802146136871315,2.0882639262254088e-07
grid-r055-c034,55,34,7.0,11.200000762939453,0.44999998807907104,-46.157916618613314,2.4221907324317726e-07
grid-r055-c035,55,35,7.199999809265137,11.200000762939453,0.44999998807907104,-49.0402771503033,1.2473039134874853e-07
grid-r055-c040,55,40,8.199999809265137,11.200000762939453,0.44999998807907104,-49.21955590951259,1.1968629110015172e-07
grid-r055-c041,55,41,8.399999618530273,11.200000762939453,0.44999998807907104,-43.35092159319637,4.6228291239458486e-07
grid-r055-c042,55,42,8.600000381469727,11.200000762939453,0.44999998807907104,-43.00991536455271,5.000442797609139e-07
grid-r055-c043,55,43,8.800000190734863,11.200000762939453,0.44999998807907104,-42.97113818418923,5.045290549787751e-07
grid-r055-c044,55,44,9.0,11.200000762939453,0.44999998807907104,-42.8102288127846,5.235728508523607e-07
grid-r055-c045,55,45,9.199999809265137,11.200000762939453,0.44999998807907104,-42.86421471283204,5.171047519070271e-07
grid-r055-c046,55,46,9.399999618530273,11.200000762939453,0.44999998807907104,-43.12237089538308,4.872624117524538e-07
grid-r055-c047,55,47,9.600000381469727,11.200000762939453,0.44999998807907104,-43.67634836292023,4.2890900431302725e-07
grid-r055-c048,55,48,9.800000190734863,11.200000762939453,0.44999998807907104,-43.75528855388441,4.211833015688171e-07
grid-r055-c049,55,49,10.0,11.200000762939453,0.44999998807907104,-43.89263266597763,4.080719406829303e-07
grid-r055-c050,55,50,10.200000762939453,11.200000762939453,0.44999998807907104,-43.981047574019534,3.9984828958949947e-07
grid-r055-c051,55,51,10.399999618530273,11.200000762939453,0.44999998807907104,-44.16473605519501,3.832890342891915e-07
grid-r055-c052,55,52,10.600000381469727,11.200000762939453,0.44999998807907104,-43.95258918271199,4.0247701349471754e-07
grid-r055-c053,55,53,10.800000190734863,11.200000762939453,0.44999998807907104,-43.40031000557647,4.570555631744355e-07
grid-r055-c054,55,54,11.0,11.200000762939453,0.44999998807907104,-43.35631051624663,4.617096465153736e-07
grid-r055-c055,55,55,11.200000762939453,11.200000762939453,0.44999998807907104,-42.95420805286647,5.064997026238416e-07
grid-r055-c056,55,56,11.399999618530273,11.200000762939453,0.44999998807907104,-42.91676411896239,5.108855134494661e-07
grid-r055-c057,55,57,11.600000381469727,11.200000762939453,0.44999998807907104,-42.29547251094405,5.894578407605877e-07
grid-r056-c026,56,26,5.400000095367432,11.40000057220459,0.44999998807907104,-48.81454001047287,1.3138506460563804e-07
grid-r056-c027,56,27,5.599999904632568,11.40000057220459,0.44999998807907104,-46.634760649697796,2.1703208119561168e-07
grid-r056-c028,56,28,5.800000190734863,11.40000057220459,0.44999998807907104,-47.51264647999612,1.7731086643379967e-07
grid-r056-c029,56,29,6.0,11.40000057220459,0.44999998807907104,-47.613770924850044,1.732299210743804e-07
grid-r056-c030,56,30,6.199999809265137,11.40000057220459,0.44999998807907104,-47.478163449938535,1.787243206763378e-07
grid-r056-c031,56,31,6.400000095367432,11.40000057220459,0.44999998807907104,-47.2922285107189,1.8654222344594018e-07
grid-r056-c032,56,32,6.599999904632568,11.40000057220459,0.44999998807907104,-47.15794784093572,1.9240006565723888e-07
grid-r056-c033,56,33,6.800000190734863,11.40000057220459,0.44999998807907104,-46.89976861664874,2.0418467272520502e-07
grid-r056-c034,56,34,7.0,11.40000057220459,0.44999998807907104,-46.767353117860466,2.1050610143902304e-07
grid-r056-c035,56,35,7.199999809265137,11.40000057220459,0.44999998807907104,-54.818906924783036,3.296926820439694e-08
grid-r056-c040,56,40,8.199999809265137,11.40000057220459,0.44999998807907104,-48.81696267091384,1.3131179343872645e-07
grid-r056-c041,56,41,8.399999618530273,11.40000057220459,0.44999998807907104,-42.704662499201966,5.364555590858799e-07
grid-r056-c042,56,42,8.600000381469727,11.40000057220459,0.44999998807907104,-42.94904858062415,5.071017881164153e-07
grid-r056-c043,56,43,8.800000190734863,11.40000057220459,0.44999998807907104,-42.981720511408135,5.033011802879628e-07
grid-r056-c044,56,44,9.0,11.40000057220459,0.44999998807907104,-42.96165459051701,5.056319878349314e-07
grid-r056-c045,56,45,9.199999809265137,11.40000057220459,0.44999998807907104,-43.580377256630214,4.3849260578099347e-07
grid-r056-c046,56,46,9.399999618530273,11.40000057220459,0.44999998807907104,-43.846832305018744,4.123982080272981e-07
grid-r056-c047,56,47,9.600000381469727,11.40000057220459,0.44999998807907104,-43.71144134944666,4.254571877027047e-07
grid-r056-c048,56,48,9.800000190734863,11.40000057220459,0.44999998807907104,-43.83383995928553,4.1363378500136605e-07
grid-r056-c049,56,49,10.0,11.40000057220459,0.44999998807907104,-44.06187386564936,3.924755560547055e-07
grid-r056-c050,56,50,10.200000762939453,11.40000057220459,0.44999998807907104,-44.16369245305302,3.833811490494554e-07
grid-r056-c051,56,51,10.399999618530273,11.40000057220459,0.44999998807907104,-44.142405751236765,3.8526488310708373e-07
grid-r056-c052,56,52,10.600000381469727,11.40000057220459,0.44999998807907104,-44.634726681436135,3.4397535841890203e-07
grid-r056-c053,56,53,10.800000190734863,11.40000057220459,0.44999998807907104,-48.47349922110587,1.421183242200641e-07
grid-r056-c054,56,54,11.0,11.40000057220459,0.44999998807907104,-44.11448998181503,3.877492815718142e-07
grid-r056-c055,56,55,11.200000762939453,11.40000057220459,0.44999998807907104,-42.894690487124464,5.134887715030345e-07
grid-r056-c056,56,56,11.399999618530273,11.40000057220459,0.44999998807907104,-42.627518192129436,5.460698275783216e-07
grid-r056-c057,56,57,11.600000381469727,11.40000057220459,0.44999998807907104,-41.41210821576748,7.224190312626888e-07
grid-r057-c026,57,26,5.400000095367432,11.600000381469727,0.44999998807907104,-48.22282651630732,1.5056268409807672e-07
grid-r057-c027,57,27,5.599999904632568,11.600000381469727,0.44999998807907104,-46.625203614862855,2.1751020540250465e-07
grid-r057-c028,57,28,5.800000190734863,11.600000381469727,0.44999998807907104,-46.85241025927853,2.064234223553285e-07
grid-r057-c029,57,29,6.0,11.600000381469727,0.44999998807907104,-47.69220928029371,1.701292831057799e-07
grid-r057-c030,57,30,6.199999809265137,11.600000381469727,0.44999998807907104,-47.434801350430064,1.805177305413963e-07
grid-r057-c031,57,31,6.400000095367432,11.600000381469727,0.44999998807907104,-47.33921023636461,1.8453509653681976e-07
grid-r057-c032,57,32,6.599999904632568,11.600000381469727,0.44999998807907104,-47.106425276356305,1.9469619871870236e-07
grid-r057-c033,57,33,6.800000190734863,11.600000381469727,0.44999998807907104,-46.84485109358087,2.067830280338967e-07
grid-r057-c034,57,34,7.0,11.600000381469727,0.44999998807907104,-47.821609278893916,1.6513497769210517e-07
grid-r057-c035,57,35,7.199999809265137,11.600000381469727,0.44999998807907104,-62.160541658012946,6.080591585799766e-09
grid-r057-c039,57,39,8.0,11.600000381469727,0.44999998807907104,-137.95962729308613,1.599695306877039e-16
grid-r057-c040,57,40,8.199999809265137,11.600000381469727,0.44999998807907104,-48.0189960431383,1.5779760076384264e-07
grid-r057-c041,57,41,8.399999618530273,11.600000381469727,0.44999998807907104,-42.729812402976926,5.333579338184791e-07
grid-r057-c042,57,42,8.600000381469727,11.600000381469727,0.44999998807907104,-42.57030118111709,5.533117359846074e-07
grid-r057-c043,57,43,8.800000190734863,11.600000381469727,0.44999998807907104,-43.18551098784095,4.80229573440738e-07
grid-r057-c044,57,44,9.0,11.600000381469727,0.44999998807907104,-43.87578906150023,4.096576731171808e-07
grid-r057-c045,57,45,9.199999809265137,11.600000381469727,0.44999998807907104,-43.98474863383443,3.995076838236855e-07
grid-r057-c046,57,46,9.399999618530273,11.600000381469727,0.44999998807907104,-43.92367198117671,4.051658208936715e-07
grid-r057-c047,57,47,9.600000381469727,11.600000381469727,0.44999998807907104,-44.07719156619122,3.910937209639087e-07
grid-r057-c048,57,48,9.800000190734863,11.600000381469727,0.44999998807907104,-44.176442468510444,3.8225726939344895e-07
grid-r057-c049,57,49,10.0,11.600000381469727,0.44999998807907104,-44.07409209906645,3.91372935837353e-07
grid-r057-c050,57,50,10.200000762939453,11.600000381469727,0.44999998807907104,-44.19581553053473,3.805558890235261e-07
grid-r057-c051,57,51,10.399999618530273,11.600000381469727,0.44999998807907104,-44.48584934662355,3.559713661616115e-07
grid-r057-c052,57,52,10.600000381469727,11.600000381469727,0.44999998807907104,-48.58600452785838,1.3848398339177947e-07
grid-r057-c053,57,53,10.800000190734863,11.600000381469727,0.44999998807907104,-47.68599520960973,1.703728855773079e-07
grid-r057-c054,57,54,11.0,11.600000381469727,0.44999998807907104,-46.62819756582188,2.173603093069687e-07
grid-r057-c055,57,55,11.200000762939453,11.600000381469727,0.44999998807907104,-43.097336016730374,4.9007934421752e-07
grid-r057-c056,57,56,11.399999618530273,11.600000381469727,0.44999998807907104,-41.58909539233433,6.935702572263835e-07
grid-r057-c057,57,57,11.600000381469727,11.600000381469727,0.44999998807907104,-41.499664884495076,7.080004138515505e-07
grid-r058-c026,58,26,5.400000095367432,11.80000114440918,0.44999998807907104,-47.953764702030384,1.601856212118946e-07
grid-r058-c027,58,27,5.599999904632568,11.80000114440918,0.44999998807907104,-46.22966114107716,2.3825053574455524e-07
grid-r058-c028,58,28,5.800000190734863,11.80000114440918,0.44999998807907104,-46.63452804298224,2.1704370567476872e-07
grid-r058-c029,58,29,6.0,11.80000114440918,0.44999998807907104,-47.32318477693437,1.8521728861742304e-07
grid-r058-c030,58,30,6.199999809265137,11.80000114440918,0.44999998807907104,-47.547140951302,1.759081271757168e-07
grid-r058-c031,58,31,6.400000095367432,11.80000114440918,0.44999998807907104,-47.388715702771435,1.824435145181269e-07
grid-r058-c032,58,32,6.599999904632568,11.80000114440918,0.44999998807907104,-47.245269436576194,1.885701976789278e-07
grid-r058-c033,58,33,6.800000190734863,11.80000114440918,0.44999998807907104,-47.040961333957654,1.976532075786963e-07
grid-r058-c034,58,34,7.0,11.80000114440918,0.44999998807907104,-50.40310772785942,9.11358455368827e-08
grid-r058-c035,58,35,7.199999809265137,11.80000114440918,0.44999998807907104,-65.78655460286393,2.6384237017396117e-09
grid-r058-c040,58,40,8.199999809265137,11.80000114440918,0.44999998807907104,-48.3033585456634,1.477964985951985e-07
grid-r058-c041,58,41,8.399999618530273,11.80000114440918,0.44999998807907104,-42.64047515719493,5.44443082617363e-07
grid-r058-c042,58,42,8.600000381469727,11.80000114440918,0.44999998807907104,-43.0492760407375,4.955327881361882e-07
grid-r058-c043,58,43,8.800000190734863,11.80000114440918,0.44999998807907104,-43.64963466785396,4.315553780998016e-07
grid-r058-c044,58,44,9.0,11.80000114440918,0.44999998807907104,-43.905615470513986,4.0685387148187147e-07
grid-r058-c045,58,45,9.199999809265137,11.80000114440918,0.44999998807907104,-44.03064170569405,3.9530820572508674e-07
grid-r058-c046,58,46,9.399999618530273,11.80000114440918,0.44999998807907104,-44.19813591302298,3.8035261695767986e-07
grid-r058-c047,58,47,9.600000381469727,11.80000114440918,0.44999998807907104,-44.263515636490624,3.7466958247023285e-07
grid-r058-c048,58,48,9.800000190734863,11.80000114440918,0.44999998807907104,-44.20029876127012,3.801632431077451e-07
grid-r058-c049,58,49,10.0,11.80000114440918,0.44999998807907104,-44.25828321188885,3.7512126027650083e-07
grid-r058-c050,58,50,10.200000762939453,11.80000114440918,0.44999998807907104,-44.25655472349098,3.752705879378482e-07
grid-r058-c051,58,51,10.399999618530273,11.80000114440918,0.44999998807907104,-47.509194977082515,1.7745183811257448e-07
grid-r058-c052,58,52,10.600000381469727,11.80000114440918,0.44999998807907104,-47.86890962765207,1.6334620056568383e-07
grid-r058-c053,58,53,10.800000190734863,11.80000114440918,0.44999998807907104,-47.188502630201015,1.9105118553852662e-07
grid-r058-c054,58,54,11.0,11.80000114440918,0.44999998807907104,-46.96284375011601,2.0124060995385662e-07
grid-r058-c055,58,55,11.200000762939453,11.80000114440918,0.44999998807907104,-43.78531105196732,4.1828172925306717e-07
grid-r058-c056,58,56,11.399999618530273,11.80000114440918,0.44999998807907104,-41.56684940642653,6.971320658522018e-07
grid-r058-c057,58,57,11.600000381469727,11.80000114440918,0.44999998807907104,-41.42771130199197,7.198282219178509e-07
grid-r059-c026,59,26,5.400000095367432,12.0,0.44999998807907104,-47.764838401373,1.6730778895635012e-07
grid-r059-c027,59,27,5.599999904632568,12.0,0.44999998807907104,-45.90282801694937,2.5687225502224464e-07
grid-r059-c028,59,28,5.800000190734863,12.0,0.44999998807907104,-46.5585129629948,2.208760889743644e-07
grid-r059-c029,59,29,6.0,12.0,0.44999998807907104,-46.72756183366177,2.1244368042516726e-07
grid-r059-c030,59,30,6.199999809265137,12.0,0.44999998807907104,-47.55692271590783,1.7551236908275314e-07
grid-r059-c031,59,31,6.400000095367432,12.0,0.44999998807907104,-47.312738103227275,1.856633531360785e-07
grid-r059-c032,59,32,6.599999904632568,12.0,0.44999998807907104,-47.14547130761606,1.9295359265925072e-07
grid-r059-c033,59,33,6.800000190734863,12.0,0.44999998807907104,-47.18966249458914,1.9100016857009905e-07
grid-r059-c034,59,34,7.0,12.0,0.44999998807907104,-56.27456817643538,2.357996642388116e-08
grid-r059-c035,59,35,7.199999809265137,12.0,0.44999998807907104,-66.95651793578855,2.015339450878173e-09
grid-r059-c040,59,40,8.199999809265137,12.0,0.44999998807907104,-48.94506848604692,1.2749499944675335e-07
grid-r059-c041,59,41,8.399999618530273,12.0,0.44999998807907104,-43.446447684256825,4.522256915606704e-07
grid-r059-c042,59,42,8.600000381469727,12.0,0.44999998807907104,-43.587067373973404,4.3781764702544024e-07
grid-r059-c043,59,43,8.800000190734863,12.0,0.44999998807907104,-43.537023851651796,4.4289177481005026e-07
grid-r059-c044,59,44,9.0,12.0,0.44999998807907104,-43.73795588598304,4.228676004913723e-07
grid-r059-c045,59,45,9.199999809265137,12.0,0.44999998807907104,-44.29698268418353,3.717934475844231e-07
grid-r059-c046,59,46,9.399999618530273,12.0,0.44999998807907104,-44.34180925229771,3.6797564462176524e-07
grid-r059-c047,59,47,9.600000381469727,12.0,0.44999998807907104,-44.4596657579052,3.581239980121609e-07
grid-r059-c048,59,48,9.800000190734863,12.0,0.44999998807907104,-44.29379569679726,3.720663812600833e-07
grid-r059-c049,59,49,10.0,12.0,0.44999998807907104,-44.31778516042725,3.70016834949638e-07
grid-r059-c050,59,50,10.200000762939453,12.0,0.44999998807907104,-47.01610329876256,1.987877737974486e-07
grid-r059-c051,59,51,10.399999618530273,12.0,0.44999998807907104,-48.13496057229359,1.5363987415639713e-07
grid-r059-c052,59,52,10.600000381469727,12.0,0.44999998807907104,-47.11209169997264,1.9444233601007e-07
grid-r059-c053,59,53,10.800000190734863,12.0,0.44999998807907104,-47.09083229920407,1.953964954282128e-07
grid-r059-c054,59,54,11.0,12.0,0.44999998807907104,-45.10927271639784,3.08370431412186e-07
grid-r059-c055,59,55,11.200000762939453,12.0,0.44999998807907104,-43.87164531594912,4.1004872741723375e-07
grid-r059-c056,59,56,11.399999618530273,12.0,0.44999998807907104,-42.60505416362286,5.489017098625482e-07
grid-r059-c057,59,57,11.600000381469727,12.0,0.44999998807907104,-41.532249220062525,7.027082915556093e-07
grid-r060-c026,60,26,5.400000095367432,12.200000762939453,0.44999998807907104,-47.695578497582346,1.6999734953060397e-07
grid-r060-c027,60,27,5.599999904632568,12.200000762939453,0.44999998807907104,-45.944451104683736,2.5442213313908724e-07
grid-r060-c028,60,28,5.800000190734863,12.200000762939453,0.44999998807907104,-46.072272892080434,2.4704308998479974e-07
grid-r060-c029,60,29,6.0,12.200000762939453,0.44999998807907104,-46.57251820247647,2.2016494938270625e-07
grid-r060-c030,60,30,6.199999809265137,12.200000762939453,0.44999998807907104,-47.08206071047272,1.957915429784407e-07
grid-r060-c031,60,31,6.400000095367432,12.200000762939453,0.44999998807907104,-47.410908665000306,1.8151358460727351e-07
grid-r060-c032,60,32,6.599999904632568,12.200000762939453,0.44999998807907104,-47.20046798261437,1.9052554023346602e-07
grid-r060-c033,60,33,6.800000190734863,12.200000762939453,0.44999998807907104,-49.02844226650939,1.2507075553003233e-07
grid-r060-c034,60,34,7.0,12.200000762939453,0.44999998807907104,-59.75971653807483,1.0568864894366925e-08
grid-r060-c035,60,35,7.199999809265137,12.200000762939453,0.44999998807907104,-66.78171305714208,2.0981121284791016e-09
grid-r060-c040,60,40,8.199999809265137,12.200000762939453,0.44999998807907104,-49.46819494783003,1.130265587789836e-07
grid-r060-c041,60,41,8.399999618530273,12.200000762939453,0.44999998807907104,-43.84284346921887,4.1277715467913367e-07
grid-r060-c042,60,42,8.600000381469727,12.200000762939453,0.44999998807907104,-43.67564737331704,4.289782395971997e-07
grid-r060-c043,60,43,8.800000190734863,12.200000762939453,0.44999998807907104,-43.94779986153089,4.029211027045676e-07
grid-r060-c044,60,44,9.0,12.200000762939453,0.44999998807907104,-43.933883060818744,4.042143189053604e-07
grid-r060-c045,60,45,9.199999809265137,12.200000762939453,0.44999998807907104,-43.83800213606288,4.132375579501968e-07
grid-r060-c046,60,46,9.399999618530273,12.200000762939453,0.44999998807907104,-44.15050724338175,3.8454686546174344e-07
grid-r060-c047,60,47,9.600000381469727,12.200000762939453,0.44999998807907104,-44.38626517627263,3.6422812854652875e-07
grid-r060-c048,60,48,9.800000190734863,12.200000762939453,0.44999998807907104,-44.382593819501494,3.6453616303333547e-07
grid-r060-c049,60,49,10.0,12.200000762939453,0.44999998807907104,-46.36635222916459,2.308685509433417e-07
grid-r060-c050,60,50,10.200000762939453,12.200000762939453,0.44999998807907104,-48.252104335221574,1.4955108440517506e-07
grid-r060-c051,60,51,10.399999618530273,12.200000762939453,0.44999998807907104,-47.17979319623393,1.914347080855805e-07
grid-r060-c052,60,52,10.600000381469727,12.200000762939453,0.44999998807907104,-47.12736634574746,1.937596607604064e-07
grid-r060-c053,60,53,10.800000190734863,12.200000762939453,0.44999998807907104,-45.68287033783548,2.7021718551623053e-07
grid-r060-c054,60,54,11.0,12.200000762939453,0.44999998807907104,-44.12803679616479,3.8654167155982577e-07
grid-r060-c055,60,55,11.200000762939453,12.200000762939453,0.44999998807907104,-44.09359678412825,3.896191742569499e-07
grid-r060-c056,60,56,11.399999618530273,12.200000762939453,0.44999998807907104,-43.852500698129184,4.1186029875461827e-07
grid-r060-c057,60,57,11.600000381469727,12.200000762939453,0.44999998807907104,-42.08561882098371,6.186401719787682e-07
grid-r061-c026,61,26,5.400000095367432,12.40000057220459,0.44999998807907104,-47.87001680821193,1.633045627613683e-07
grid-r061-c027,61,27,5.599999904632568,12.40000057220459,0.44999998807907104,-45.85487054919716,2.5972451567213284e-07
grid-r061-c028,61,28,5.800000190734863,12.40000057220459,0.44999998807907104,-45.909777181044575,2.564615613209753e-07
grid-r061-c029,61,29,6.0,12.40000057220459,0.44999998807907104,-46.21317361125186,2.3915674773888895e-07
grid-r061-c030,61,30,6.199999809265137,12.40000057220459,0.44999998807907104,-46.62845169820508,2.173475905919986e-07
grid-r061-c031,61,31,6.400000095367432,12.40000057220459,0.44999998807907104,-47.305393330936184,1.859776119772505e-07
grid-r061-c032,61,32,6.599999904632568,12.40000057220459,0.44999998807907104,-47.544215866953024,1.7602664570404158e-07
grid-r061-c033,61,33,6.800000190734863,12.40000057220459,0.44999998807907104,-52.01373248090863,6.289653953217567e-08
grid-r061-c034,61,34,7.0,12.40000057220459,0.44999998807907104,-59.2880172888388,1.1781437159186225e-08
grid-r061-c035,61,35,7.199999809265137,12.40000057220459,0.44999998807907104,-66.1471533137389,2.428201195669999e-09
grid-r061-c040,61,40,8.199999809265137,12.40000057220459,0.44999998807907104,-49.61716376006245,1.0921533544205886e-07
grid-r061-c041,61,41,8.399999618530273,12.40000057220459,0.44999998807907104,-43.824291979006546,4.145441607761313e-07
grid-r061-c042,61,42,8.600000381469727,12.40000057220459,0.44999998807907104,-44.260779778943245,3.749056816104712e-07
grid-r061-c043,61,43,8.800000190734863,12.40000057220459,0.44999998807907104,-43.97268825994638,4.0061866002361057e-07
grid-r061-c044,61,44,9.0,12.40000057220459,0.44999998807907104,-44.004687047821136,3.9767775206200895e-07
grid-r061-c045,61,45,9.199999809265137,12.40000057220459,0.44999998807907104,-43.93839782222969,4.0379433130510733e-07
grid-r061-c046,61,46,9.399999618530273,12.40000057220459,0.44999998807907104,-44.00570399395738,3.9758464254191495e-07
grid-r061-c047,61,47,9.600000381469727,12.40000057220459,0.44999998807907104,-44.14219494161229,3.8528358459188894e-07
grid-r061-c048,61,48,9.800000190734863,12.40000057220459,0.44999998807907104,-45.9983549521106,2.51283807983782e-07
grid-r061-c049,61,49,10.0,12.40000057220459,0.44999998807907104,-48.28551860970509,1.484048652855563e-07
grid-r061-c050,61,50,10.200000762939453,12.40000057220459,0.44999998807907104,-47.23330910597433,1.890902296963759e-07
grid-r061-c051,61,51,10.399999618530273,12.40000057220459,0.44999998807907104,-47.16755184327556,1.9197506162527134e-07
grid-r061-c052,61,52,10.600000381469727,12.40000057220459,0.44999998807907104,-46.34889574365634,2.3179839558906679e-07
grid-r061-c053,61,53,10.800000190734863,12.40000057220459,0.44999998807907104,-44.31328136282792,3.704007554006239e-07
grid-r061-c054,61,54,11.0,12.40000057220459,0.44999998807907104,-44.292407203225125,3.7218535453575896e-07
grid-r061-c055,61,55,11.200000762939453,12.40000057220459,0.44999998807907104,-44.24880636926517,3.7594071500279824e-07
grid-r061-c056,61,56,11.399999618530273,12.40000057220459,0.44999998807907104,-43.987553397250956,3.992497568106046e-07
grid-r061-c057,61,57,11.600000381469727,12.40000057220459,0.44999998807907104,-43.582861606303105,4.38241841038689e-07
grid-r062-c026,62,26,5.400000095367432,12.600000381469727,0.44999998807907104,-47.58121103532315,1.7453353962082474e-07
grid-r062-c027,62,27,5.599999904632568,12.600000381469727,0.44999998807907104,-45.95865584613597,2.535913381507271e-07
grid-r062-c028,62,28,5.800000190734863,12.600000381469727,0.44999998807907104,-45.949106225525995,2.5414956894564966e-07
grid-r062-c029,62,29,6.0,12.600000381469727,0.44999998807907104,-45.82517700635934,2.615063863231626e-07
grid-r062-c030,62,30,6.199999809265137,12.600000381469727,0.44999998807907104,-46.22953369415396,2.3825752748507512e-07
grid-r062-c031,62,31,6.400000095367432,12.600000381469727,0.44999998807907104,-46.93964457494147,2.0231847486229526e-07
grid-r062-c032,62,32,6.599999904632568,12.600000381469727,0.44999998807907104,-48.015949155505524,1.579083459546382e-07
grid-r062-c033,62,33,6.800000190734863,12.600000381469727,0.44999998807907104,-58.53557946709054,1.4010126392349775e-08
grid-r062-c034,62,34,7.0,12.600000381469727,0.44999998807907104,-60.18644158766334,9.579786741653606e-09
grid-r062-c035,62,35,7.199999809265137,12.600000381469727,0.44999998807907104,-66.05494976316324,2.4803046283494723e-09
grid-r062-c036,62,36,7.400000095367432,12.600000381469727,0.44999998807907104,-127.45324027873795,1.797529274949819e-15
grid-r062-c040,62,40,8.199999809265137,12.600000381469727,0.44999998807907104,-49.828482808333106,1.0402835215472805e-07
grid-r062-c041,62,41,8.399999618530273,12.600000381469727,0.44999998807907104,-44.30244512727123,3.71326109416259e-07
grid-r062-c042,62,42,8.600000381469727,12.600000381469727,0.44999998807907104,-44.120895770842836,3.8717777783858764e-07
grid-r062-c043,62,43,8.800000190734863,12.600000381469727,0.44999998807907104,-44.19926995126231,3.8025331150493e-07
grid-r062-c044,62,44,9.0,12.600000381469727,0.44999998807907104,-44.02987114774693,3.95378350503961e-07
grid-r062-c045,62,45,9.199999809265137,12.600000381469727,0.44999998807907104,-44.03385154473223,3.950161442389799e-07
grid-r062-c046,62,46,9.399999618530273,12.600000381469727,0.44999998807907104,-44.00704631765018,3.974617754920473e-07
grid-r062-c047,62,47,9.600000381469727,12.600000381469727,0.44999998807907104,-44.974202184850625,3.181118017892004e-07
grid-r062-c048,62,48,9.800000190734863,12.600000381469727,0.44999998807907104,-47.74316427464511,1.6814485093163967e-07
grid-r062-c049,62,49,10.0,12.600000381469727,0.44999998807907104,-47.397955489490826,1.8205577134722262e-07
grid-r062-c050,62,50,10.200000762939453,12.600000381469727,0.44999998807907104,-47.256712121714386,1.880740114756918e-07
grid-r062-c051,62,51,10.399999618530273,12.600000381469727,0.44999998807907104,-46.90827832666315,2.0378497822548525e-07
grid-r062-c052,62,52,10.600000381469727,12.600000381469727,0.44999998807907104,-44.615392498475316,3.455101023064344e-07
grid-r062-c053,62,53,10.800000190734863,12.600000381469727,0.44999998807907104,-44.29573024410561,3.7190068269410403e-07
grid-r062-c054,62,54,11.0,12.600000381469727,0.44999998807907104,-44.307926764357504,3.7085771964484593e-07
grid-r062-c055,62,55,11.200000762939453,12.600000381469727,0.44999998807907104,-44.2495008500574,3.7588060308735294e-07
grid-r062-c056,62,56,11.399999618530273,12.600000381469727,0.44999998807907104,-44.17477012729486,3.8240449384829844e-07
grid-r062-c057,62,57,11.600000381469727,12.600000381469727,0.44999998807907104,-45.76409793642331,2.652101898092951e-07
grid-r063-c026,63,26,5.400000095367432,12.80000114440918,0.44999998807907104,-47.75185471172199,1.67808721585061e-07
grid-r063-c027,63,27,5.599999904632568,12.80000114440918,0.44999998807907104,-45.891732910338135,2.5752933652256615e-07
grid-r063-c028,63,28,5.800000190734863,12.80000114440918,0.44999998807907104,-45.86856647275147,2.589067378266918e-07
grid-r063-c029,63,29,6.0,12.80000114440918,0.44999998807907104,-45.71728516123463,2.6808436359715415e-07
grid-r063-c030,63,30,6.199999809265137,12.80000114440918,0.44999998807907104,-46.09764741420055,2.4560389988437237e-07
grid-r063-c031,63,31,6.400000095367432,12.80000114440918,0.44999998807907104,-46.61385059481454,2.180795490858145e-07
grid-r063-c032,63,32,6.599999904632568,12.80000114440918,0.44999998807907104,-49.76082122125922,1.0566176911197545e-07
grid-r063-c033,63,33,6.800000190734863,12.80000114440918,0.44999998807907104,-60.169267898814184,9.617743934597911e-09
grid-r063-c034,63,34,7.0,12.80000114440918,0.44999998807907104,-59.553152654345226,1.1083699291702942e-08
grid-r063-c035,63,35,7.199999809265137,12.80000114440918,0.44999998807907104,-66.80579282638422,2.0865111860501884e-09
grid-r063-c040,63,40,8.199999809265137,12.80000114440918,0.44999998807907104,-50.152738828867214,9.654418420268485e-08
grid-r063-c041,63,41,8.399999618530273,12.80000114440918,0.44999998807907104,-44.264861637635406,3.7455347978720965e-07
grid-r063-c042,63,42,8.600000381469727,12.80000114440918,0.44999998807907104,-44.40189176649315,3.629199341048661e-07
grid-r063-c043,63,43,8.800000190734863,12.80000114440918,0.44999998807907104,-44.201637325750326,3.8004608882147295e-07
grid-r063-c044,63,44,9.0,12.80000114440918,0.44999998807907104,-44.117118308708584,3.8751468878217565e-07
grid-r063-c045,63,45,9.199999809265137,12.80000114440918,0.44999998807907104,-44.159592922790466,3.8374321320588933e-07
grid-r063-c046,63,46,9.399999618530273,12.80000114440918,0.44999998807907104,-44.7040621088689,3.3852737146844447e-07
grid-r063-c047,63,47,9.600000381469727,12.80000114440918,0.44999998807907104,-47.237128556332124,1.8892400532877218e-07
grid-r063-c048,63,48,9.800000190734863,12.80000114440918,0.44999998807907104,-46.89050364341429,2.04620732802141e-07
grid-r063-c049,63,49,10.0,12.80000114440918,0.44999998807907104,-46.741040009138686,2.1178539100219496e-07
grid-r063-c050,63,50,10.200000762939453,12.80000114440918,0.44999998807907104,-47.07901330961013,1.9592897615439142e-07
grid-r063-c051,63,51,10.399999618530273,12.80000114440918,0.44999998807907104,-44.99111084764192,3.1687568480265327e-07
grid-r063-c052,63,52,10.600000381469727,12.80000114440918,0.44999998807907104,-44.29607078707507,3.7187152202022844e-07
grid-r063-c053,63,53,10.800000190734863,12.80000114440918,0.44999998807907104,-44.34595459046476,3.676245796668809e-07
grid-r063-c054,63,54,11.0,12.80000114440918,0.44999998807907104,-44.2893524882781,3.724472321664507e-07
grid-r063-c055,63,55,11.200000762939453,12.80000114440918,0.44999998807907104,-44.28423848118797,3.7288606336005614e-07
grid-r063-c056,63,56,11.399999618530273,12.80000114440918,0.44999998807907104,-45.11586348968419,3.0790280902692757e-07
grid-r063-c057,63,57,11.600000381469727,12.80000114440918,0.44999998807907104,-49.368405555990165,1.1565367685761885e-07
grid-r064-c026,64,26,5.400000095367432,13.0,0.44999998807907104,-47.75947889227611,1.6751438636219973e-07
grid-r064-c027,64,27,5.599999904632568,13.0,0.44999998807907104,-45.922815307282065,2.556927825025923e-07
grid-r064-c028,64,28,5.800000190734863,13.0,0.44999998807907104,-45.90712316359212,2.566183354701934e-07
grid-r064-c029,64,29,6.0,13.0,0.44999998807907104,-45.71522706923828,2.682114370600175e-07
grid-r064-c030,64,30,6.199999809265137,13.0,0.44999998807907104,-46.056796507179726,2.4792501562842517e-07
grid-r064-c031,64,31,6.400000095367432,13.0,0.44999998807907104,-46.177584616828526,2.4112461005643127e-07
grid-r064-c032,64,32,6.599999904632568,13.0,0.44999998807907104,-51.341780290592254,7.342128327536557e-08
grid-r064-c033,64,33,6.800000190734863,13.0,0.44999998807907104,-60.515434754216955,8.880890689511034e-09
grid-r064-c034,64,34,7.0,13.0,0.44999998807907104,-60.25158868332832,9.437155945590803e-09
grid-r064-c035,64,35,7.199999809265137,13.0,0.44999998807907104,-65.39960787200522,2.8842919164162595e-09
grid-r064-c040,64,40,8.199999809265137,13.0,0.44999998807907104,-50.02579881905844,9.940772116578955e-08
grid-r064-c041,64,41,8.399999618530273,13.0,0.44999998807907104,-44.45105243255695,3.5883496707356244e-07
grid-r064-c042,64,42,8.600000381469727,13.0,0.44999998807907104,-44.38953230487117,3.6395422853274795e-07
grid-r064-c043,64,43,8.800000190734863,13.0,0.44999998807907104,-44.14958611307797,3.846284357678087e-07
grid-r064-c044,64,44,9.0,13.0,0.44999998807907104,-44.224154272659675,3.7808075603606994e-07
grid-r064-c045,64,45,9.199999809265137,13.0,0.44999998807907104,-44.52068227916624,3.531276888679713e-07
grid-r064-c046,64,46,9.399999618530273,13.0,0.44999998807907104,-47.29927531311215,1.8623978803589125e-07
grid-r064-c047,64,47,9.600000381469727,13.0,0.44999998807907104,-46.865696107917046,2.0579290094246971e-07
grid-r064-c048,64,48,9.800000190734863,13.0,0.44999998807907104,-46.701113473393804,2.137414014669048e-07
grid-r064-c049,64,49,10.0,13.0,0.44999998807907104,-46.70560839648891,2.1352029477839096e-07
grid-r064-c050,64,50,10.200000762939453,13.0,0.44999998807907104,-45.24753452489372,2.9870778917029384e-07
grid-r064-c051,64,51,10.399999618530273,13.0,0.44999998807907104,-44.24446436051565,3.763167626402719e-07
grid-r064-c052,64,52,10.600000381469727,13.0,0.44999998807907104,-44.423942783711524,3.610819021560019e-07
grid-r064-c053,64,53,10.800000190734863,13.0,0.44999998807907104,-44.39162805945341,3.637786392118869e-07
grid-r064-c054,64,54,11.0,13.0,0.44999998807907104,-44.42641194569681,3.6087666899220494e-07
grid-r064-c055,64,55,11.200000762939453,13.0,0.44999998807907104,-44.52106819367215,3.5309631130076014e-07
grid-r064-c056,64,56,11.399999618530273,13.0,0.44999998807907104,-48.38378517453201,1.4508465540075122e-07
grid-r064-c057,64,57,11.600000381469727,13.0,0.44999998807907104,-50.21221258383105,9.523108701614547e-08
grid-r065-c026,65,26,5.400000095367432,13.200000762939453,0.44999998807907104,-47.89490141960867,1.6237152067333227e-07
grid-r065-c027,65,27,5.599999904632568,13.200000762939453,0.44999998807907104,-45.96516653650073,2.532114535824803e-07
grid-r065-c028,65,28,5.800000190734863,13.200000762939453,0.44999998807907104,-45.82569672167041,2.614750940210797e-07
grid-r065-c029,65,29,6.0,13.200000762939453,0.44999998807907104,-46.01876953817519,2.501053870673786e-07
grid-r065-c030,65,30,6.199999809265137,13.200000762939453,0.44999998807907104,-45.99589761675013,2.5142603021777177e-07
grid-r065-c031,65,31,6.400000095367432,13.200000762939453,0.44999998807907104,-46.31872465676962,2.3341434030044184e-07
grid-r065-c032,65,32,6.599999904632568,13.200000762939453,0.44999998807907104,-51.428079392767344,7.197672147185585e-08
grid-r065-c033,65,33,6.800000190734863,13.200000762939453,0.44999998807907104,-56.952466983041674,2.017220168681888e-08
grid-r065-c034,65,34,7.0,13.200000762939453,0.44999998807907104,-59.815880836024675,1.0433065078530035e-08
grid-r065-c035,65,35,7.199999809265137,13.200000762939453,0.44999998807907104,-66.05665262572975,2.4793322950245056e-09
grid-r065-c040,65,40,8.199999809265137,13.200000762939453,0.44999998807907104,-49.9281404934822,1.0166839103931125e-07
grid-r065-c041,65,41,8.399999618530273,13.200000762939453,0.44999998807907104,-44.417191815890575,3.616436288211844e-07
grid-r065-c042,65,42,8.600000381469727,13.200000762939453,0.44999998807907104,-44.28065894841754,3.7319352941267425e-07
grid-r065-c043,65,43,8.800000190734863,13.200000762939453,0.44999998807907104,-44.304916994634326,3.7111482242835336e-07
grid-r065-c044,65,44,9.0,13.200000762939453,0.44999998807907104,-44.51356578998852,3.537068096193252e-07
grid-r065-c045,65,45,9.199999809265137,13.200000762939453,0.44999998807907104,-47.24254593680044,1.8868848883357714e-07
grid-r065-c046,65,46,9.399999618530273,13.200000762939453,0.44999998807907104,-46.927316469146334,2.028936023634742e-07
grid-r065-c047,65,47,9.600000381469727,13.200000762939453,0.44999998807907104,-46.9107678886981,2.0366819342143572e-07
grid-r065-c048,65,48,9.800000190734863,13.200000762939453,0.44999998807907104,-46.693953571121995,2.1409407224837196e-07
grid-r065-c049,65,49,10.0,13.200000762939453,0.44999998807907104,-45.839118968247604,2.6066823011205997e-07
grid-r065-c050,65,50,10.200000762939453,13.200000762939453,0.44999998807907104,-44.18120894436845,3.818379639142222e-07
grid-r065-c051,65,51,10.399999618530273,13.200000762939453,0.44999998807907104,-44.10732414228629,3.883895942635718e-07
grid-r065-c052,65,52,10.600000381469727,13.200000762939453,0.44999998807907104,-44.385033140564005,3.643314698820177e-07
grid-r065-c053,65,53,10.800000190734863,13.200000762939453,0.44999998807907104,-44.48720362577113,3.558603793862858e-07
grid-r065-c054,65,54,11.0,13.200000762939453,0.44999998807907104,-44.494654681198654,3.55250364236781e-07
grid-r065-c055,65,55,11.200000762939453,13.200000762939453,0.44999998807907104,-47.01176359276849,1.989865126006407e-07
grid-r065-c056,65,56,11.399999618530273,13.200000762939453,0.44999998807907104,-50.04890788538029,9.888017160619711e-08
grid-r065-c057,65,57,11.600000381469727,13.200000762939453,0.44999998807907104,-50.73378564521647,8.445423560488052e-08
grid-r066-c000,66,0,0.19999980926513672,13.40000057220459,0.44999998807907104,-72.76681197054538,5.288333104758181e-10
grid-r066-c001,66,1,0.40000009536743164,13.40000057220459,0.44999998807907104,-70.04110271362305,9.905803954879389e-10
grid-r066-c002,66,2,0.5999999046325684,13.40000057220459,0.44999998807907104,-67.64968626388475,1.718032494046895e-09
grid-r066-c003,66,3,0.7999997138977051,13.40000057220459,0.44999998807907104,-67.20474876293004,1.9033783438260343e-09
grid-r066-c004,66,4,1.0,13.40000057220459,0.44999998807907104,-68.21467792989904,1.508454472443077e-09
grid-r066-c005,66,5,1.1999998092651367,13.40000057220459,0.44999998807907104,-67.14881170664982,1.9280523844145137e-09
grid-r066-c006,66,6,1.4000000953674316,13.40000057220459,0.44999998807907104,-68.5439946020984,1.3983005864304232e-09
grid-r066-c007,66,7,1.5999999046325684,13.40000057220459,0.44999998807907104,-67.24864577364484,1.884236544569262e-09
grid-r066-c008,66,8,1.799999713897705,13.40000057220459,0.44999998807907104,-67.82769858233182,1.6490360188470277e-09
grid-r066-c009,66,9,2.0,13.40000057220459,0.44999998807907104,-67.42075315690033,1.8110259958348252e-09
grid-r066-c010,66,10,2.200000047683716,13.40000057220459,0.44999998807907104,-67.64086853655263,1.7215242564816435e-09
grid-r066-c011,66,11,2.3999998569488525,13.40000057220459,0.44999998807907104,-69.45589720721755,1.1334706506715975e-09
grid-r066-c012,66,12,2.5999999046325684,13.40000057220459,0.44999998807907104,-78.88040091706691,1.2940763738367167e-10
grid-r066-c013,66,13,2.799999952316284,13.40000057220459,0.44999998807907104,-85.59644316416967,2.756485317778612e-11
grid-r066-c014,66,14,3.0,13.40000057220459,0.44999998807907104,-70.86178026695924,8.200153334136928e-10
grid-r066-c015,66,15,3.200000047683716,13.40000057220459,0.44999998807907104,-77.02935704974055,1.9818204022303831e-10
grid-r066-c026,66,26,5.400000095367432,13.40000057220459,0.44999998807907104,-47.90253782017892,1.6208626618663402e-07
grid-r066-c027,66,27,5.599999904632568,13.40000057220459,0.44999998807907104,-45.92012581316557,2.5585117668924795e-07
grid-r066-c028,66,28,5.800000190734863,13.40000057220459,0.44999998807907104,-45.92687755839981,2.554537275045732e-07
grid-r066-c029,66,29,6.0,13.40000057220459,0.44999998807907104,-46.174732171676254,2.4128303266479634e-07
grid-r066-c030,66,30,6.199999809265137,13.40000057220459,0.44999998807907104,-45.90346812536647,2.5683439730528335e-07
grid-r066-c031,66,31,6.400000095367432,13.40000057220459,0.44999998807907104,-47.688054706173745,1.702921110791067e-07
grid-r066-c032,66,32,6.599999904632568,13.40000057220459,0.44999998807907104,-49.87230198832735,1.0298401065256257e-07
grid-r066-c033,66,33,6.800000190734863,13.40000057220459,0.44999998807907104,-53.024092689657024,4.984145718367472e-08
grid-r066-c034,66,34,7.0,13.40000057220459,0.44999998807907104,-60.34102248633471,9.244804921593186e-09
grid-r066-c035,66,35,7.199999809265137,13.40000057220459,0.44999998807907104,-64.38937897082641,3.6396707869812417e-09
grid-r066-c040,66,40,8.199999809265137,13.40000057220459,0.44999998807907104,-50.136763382826175,9.6899974266762e-08
grid-r066-c041,66,41,8.399999618530273,13.40000057220459,0.44999998807907104,-44.39167556318465,3.6377466017256666e-07
grid-r066-c042,66,42,8.600000381469727,13.40000057220459,0.44999998807907104,-44.11344565238372,3.8784253320045536e-07
grid-r066-c043,66,43,8.800000190734863,13.40000057220459,0.44999998807907104,-44.431349691158616,3.6046660056854307e-07
grid-r066-c044,66,44,9.0,13.40000057220459,0.44999998807907104,-46.84453771937214,2.0679794943134766e-07
grid-r066-c045,66,45,9.199999809265137,13.40000057220459,0.44999998807907104,-47.11148740301246,1.9446939347744774e-07
grid-r066-c046,66,46,9.399999618530273,13.40000057220459,0.44999998807907104,-46.804999940678556,2.0868921524197503e-07
grid-r066-c047,66,47,9.600000381469727,13.40000057220459,0.44999998807907104,-47.01448141383203,1.9886202551333554e-07
grid-r066-c048,66,48,9.800000190734863,13.40000057220459,0.44999998807907104,-46.44273394457707,2.2684363898406446e-07
grid-r066-c049,66,49,10.0,13.40000057220459,0.44999998807907104,-44.40949791600106,3.6228487942935317e-07
grid-r066-c050,66,50,10.200000762939453,13.40000057220459,0.44999998807907104,-44.221140322077275,3.783432305226597e-07
grid-r066-c051,66,51,10.399999618530273,13.40000057220459,0.44999998807907104,-44.25772386171013,3.751695771825325e-07
grid-r066-c052,66,52,10.600000381469727,13.40000057220459,0.44999998807907104,-44.19966534388266,3.802186938628438e-07
grid-r066-c053,66,53,10.800000190734863,13.40000057220459,0.44999998807907104,-44.402731927736625,3.62849732482573e-07
grid-r066-c054,66,54,11.0,13.40000057220459,0.44999998807907104,-45.697134785506904,2.6933111030302825e-07
grid-r066-c055,66,55,11.200000762939453,13.40000057220459,0.44999998807907104,-49.91874000998875,1.0188869481453366e-07
grid-r066-c056,66,56,11.399999618530273,13.40000057220459,0.44999998807907104,-50.68708576772079,8.53672759149049e-08
grid-r066-c057,66,57,11.600000381469727,13.40000057220459,0.44999998807907104,-52.08741311702062,6.183846323892794e-08
grid-r067-c000,67,0,0.19999980926513672,13.600000381469727,0.44999998807907104,-70.03867792182461,9.911336196211096e-10
grid-r067-c001,67,1,0.40000009536743164,13.600000381469727,0.44999998807907104,-70.2109078995595,9.525970012802532e-10
grid-r067-c002,67,2,0.5999999046325684,13.600000381469727,0.44999998807907104,-68.05281251357442,1.5657367624655194e-09
grid-r067-c003,67,3,0.7999997138977051,13.600000381469727,0.44999998807907104,-66.14544358030602,2.429157319738806e-09
grid-r067-c004,67,4,1.0,13.600000381469727,0.44999998807907104,-66.36147136106862,2.3112816105452794e-09
grid-r067-c005,67,5,1.1999998092651367,13.600000381469727,0.44999998807907104,-65.4611948631121,2.8436786259078417e-09
grid-r067-c006,67,6,1.4000000953674316,13.600000381469727,0.44999998807907104,-65.76058766571558,2.6542463782419645e-09
grid-r067-c007,67,7,1.5999999046325684,13.600000381469727,0.44999998807907104,-65.50754984546163,2.813487665065395e-09
grid-r067-c008,67,8,1.799999713897705,13.600000381469727,0.44999998807907104,-65.56480801720853,2.7766375865212467e-09
grid-r067-c009,67,9,2.0,13.600000381469727,0.44999998807907104,-65.80038605647385,2.6300341904317293e-09
grid-r067-c010,67,10,2.200000047683716,13.600000381469727,0.44999998807907104,-65.25195567456095,2.984038571796077e-09
grid-r067-c011,67,11,2.3999998569488525,13.600000381469727,0.44999998807907104,-66.63209285421408,2.1716544118532966e-09
grid-r067-c012,67,12,2.5999999046325684,13.600000381469727,0.44999998807907104,-77.08555984170474,1.9563385633691865e-10
grid-r067-c013,67,13,2.799999952316284,13.600000381469727,0.44999998807907104,-74.99575073299323,3.165373241298397e-10
grid-r067-c014,67,14,3.0,13.600000381469727,0.44999998807907104,-67.67489277403658,1.7080898917498644e-09
grid-r067-c015,67,15,3.200000047683716,13.600000381469727,0.44999998807907104,-70.99020525147336,7.961217241003737e-10
grid-r067-c026,67,26,5.400000095367432,13.600000381469727,0.44999998807907104,-47.92159541363843,1.6137656189130212e-07
grid-r067-c027,67,27,5.599999904632568,13.600000381469727,0.44999998807907104,-46.10198678731757,2.45358620531988e-07
grid-r067-c028,67,28,5.800000190734863,13.600000381469727,0.44999998807907104,-45.963625418236305,2.5330132302769925e-07
grid-r067-c029,67,29,6.0,13.600000381469727,0.44999998807907104,-46.034067180400825,2.4922596253418305e-07
grid-r067-c030,67,30,6.199999809265137,13.600000381469727,0.44999998807907104,-46.02051598999269,2.5000483105941385e-07
grid-r067-c031,67,31,6.400000095367432,13.600000381469727,0.44999998807907104,-49.5118441766668,1.1189626292207322e-07
grid-r067-c032,67,32,6.599999904632568,13.600000381469727,0.44999998807907104,-49.75168676076683,1.0588424004254193e-07
grid-r067-c033,67,33,6.800000190734863,13.600000381469727,0.44999998807907104,-50.52239338535428,8.866672374097107e-08
grid-r067-c034,67,34,7.0,13.600000381469727,0.44999998807907104,-55.996676494089186,2.513809427284741e-08
grid-r067-c035,67,35,7.199999809265137,13.600000381469727,0.44999998807907104,-66.15797684693008,2.4221571415239396e-09
grid-r067-c040,67,40,8.199999809265137,13.600000381469727,0.44999998807907104,-49.79033241025469,1.0494620994450088e-07
grid-r067-c041,67,41,8.399999618530273,13.600000381469727,0.44999998807907104,-44.261752791890686,3.748216954591044e-07
grid-r067-c042,67,42,8.600000381469727,13.600000381469727,0.44999998807907104,-44.41179592832407,3.6209323184266395e-07
grid-r067-c043,67,43,8.800000190734863,13.600000381469727,0.44999998807907104,-46.490659418224254,2.243541246116365e-07
grid-r067-c044,67,44,9.0,13.600000381469727,0.44999998807907104,-47.413985851495696,1.8138501900466508e-07
grid-r067-c045,67,45,9.199999809265137,13.600000381469727,0.44999998807907104,-46.89481165435056,2.0441785864022677e-07
grid-r067-c046,67,46,9.399999618530273,13.600000381469727,0.44999998807907104,-47.05430170724176,1.9704700093825522e-07
grid-r067-c047,67,47,9.600000381469727,13.600000381469727,0.44999998807907104,-46.7898418487013,2.0941887157732708e-07
grid-r067-c048,67,48,9.800000190734863,13.600000381469727,0.44999998807907104,-44.68089841512395,3.4033777751574235e-07
grid-r067-c049,67,49,10.0,13.600000381469727,0.44999998807907104,-44.436172043897514,3.6006656500831014e-07
grid-r067-c050,67,50,10.200000762939453,13.600000381469727,0.44999998807907104,-44.370299545041235,3.6556957638822496e-07
grid-r067-c051,67,51,10.399999618530273,13.600000381469727,0.44999998807907104,-44.31363928188274,3.7037023048469564e-07
grid-r067-c052,67,52,10.600000381469727,13.600000381469727,0.44999998807907104,-44.291139835802355,3.7229398230920197e-07
grid-r067-c053,67,53,10.800000190734863,13.600000381469727,0.44999998807907104,-44.60294977365588,3.465014231096575e-07
grid-r067-c054,67,54,11.0,13.600000381469727,0.44999998807907104,-48.97083601281655,1.2674078675445344e-07
grid-r067-c055,67,55,11.200000762939453,13.600000381469727,0.44999998807907104,-50.63533619079,8.639057824666452e-08
grid-r067-c056,67,56,11.399999618530273,13.600000381469727,0.44999998807907104,-52.01633454256576,6.285886655632567e-08
grid-r067-c057,67,57,11.600000381469727,13.600000381469727,0.44999998807907104,-52.23548686938494,5.976560402132236e-08
grid-r068-c000,68,0,0.19999980926513672,13.80000114440918,0.44999998807907104,-69.90143023436877,1.022956053198243e-09
grid-r068-c001,68,1,0.40000009536743164,13.80000114440918,0.44999998807907104,-70.42217278206991,9.07366459745873e-10
grid-r068-c002,68,2,0.5999999046325684,13.80000114440918,0.44999998807907104,-68.68721326147117,1.3529404263579181e-09
grid-r068-c003,68,3,0.7999997138977051,13.80000114440918,0.44999998807907104,-70.4051840987074,9.109228371606548e-10
grid-r068-c004,68,4,1.0,13.80000114440918,0.44999998807907104,-66.34747263962097,2.31874364153839e-09
grid-r068-c005,68,5,1.1999998092651367,13.80000114440918,0.44999998807907104,-65.662194392033,2.7150670600661897e-09
grid-r068-c006,68,6,1.4000000953674316,13.80000114440918,0.44999998807907104,-65.24294332236558,2.9902373910317692e-09
grid-r068-c007,68,7,1.5999999046325684,13.80000114440918,0.44999998807907104,-66.08290596812581,2.4643898033360756e-09
grid-r068-c008,68,8,1.799999713897705,13.80000114440918,0.44999998807907104,-65.13241611846338,3.0673150686055806e-09
grid-r068-c009,68,9,2.0,13.80000114440918,0.44999998807907104,-65.5371376706222,2.7943849456590897e-09
grid-r068-c010,68,10,2.200000047683716,13.80000114440918,0.44999998807907104,-65.85064411955759,2.599773951672546e-09
grid-r068-c011,68,11,2.3999998569488525,13.80000114440918,0.44999998807907104,-66.26330603319202,2.36411934473324e-09
grid-r068-c012,68,12,2.5999999046325684,13.80000114440918,0.44999998807907104,-75.79149898370339,2.635421603169874e-10
grid-r068-c013,68,13,2.799999952316284,13.80000114440918,0.44999998807907104,-67.39510116601515,1.8217546360332904e-09
grid-r068-c014,68,14,3.0,13.80000114440918,0.44999998807907104,-71.0306309815561,7.887455133470667e-10
grid-r068-c015,68,15,3.200000047683716,13.80000114440918,0.44999998807907104,-67.85538516650911,1.6385567347398933e-09
grid-r068-c016,68,16,3.3999998569488525,13.80000114440918,0.44999998807907104,-63.55922283548952,4.406337072992983e-09
grid-r068-c017,68,17,3.5999999046325684,13.80000114440918,0.44999998807907104,-62.93799171769278,5.083944820682973e-09
grid-r068-c018,68,18,3.799999952316284,13.80000114440918,0.44999998807907104,-58.66246063912061,1.3606735294047212e-08
grid-r068-c019,68,19,4.0,13.80000114440918,0.44999998807907104,-57.59999065794642,1.7378045669147468e-08
grid-r068-c020,68,20,4.199999809265137,13.80000114440918,0.44999998807907104,-62.632919453950464,5.453911100516962e-09
grid-r068-c026,68,26,5.400000095367432,13.80000114440918,0.44999998807907104,-47.9430735267094,1.6058044138844707e-07
grid-r068-c027,68,27,5.599999904632568,13.80000114440918,0.44999998807907104,-46.185340307974315,2.4069439064078324e-07
grid-r068-c028,68,28,5.800000190734863,13.80000114440918,0.44999998807907104,-46.038753467664435,2.489571784280997e-07
grid-r068-c029,68,29,6.0,13.80000114440918,0.44999998807907104,-46.10950672696016,2.449341423016449e-07
grid-r068-c030,68,30,6.199999809265137,13.80000114440918,0.44999998807907104,-46.59811930293844,2.1887092316319467e-07
grid-r068-c031,68,31,6.400000095367432,13.80000114440918,0.44999998807907104,-49.94249949569118,1.0133280170521175e-07
grid-r068-c032,68,32,6.599999904632568,13.80000114440918,0.44999998807907104,-49.78366339279752,1.051074889346637e-07
grid-r068-c033,68,33,6.800000190734863,13.80000114440918,0.44999998807907104,-49.78237501861078,1.0513867465533622e-07
grid-r068-c034,68,34,7.0,13.80000114440918,0.44999998807907104,-51.15194833740654,7.670173118867751e-08
grid-r068-c035,68,35,7.199999809265137,13.80000114440918,0.44999998807907104,-63.384829801840255,4.586876212187008e-09
grid-r068-c040,68,40,8.199999809265137,13.80000114440918,0.44999998807907104,-50.49314362279222,8.926591021918284e-08
grid-r068-c041,68,41,8.399999618530273,13.80000114440918,0.44999998807907104,-44.17202894551765,3.826459362699097e-07
grid-r068-c042,68,42,8.600000381469727,13.80000114440918,0.44999998807907104,-46.234686618024185,2.3797500148248218e-07
grid-r068-c043,68,43,8.800000190734863,13.80000114440918,0.44999998807907104,-47.154919826961844,1.9253425875831454e-07
grid-r068-c044,68,44,9.0,13.80000114440918,0.44999998807907104,-47.09012926290603,1.9542812879080884e-07
grid-r068-c045,68,45,9.199999809265137,13.80000114440918,0.44999998807907104,-46.92760727864676,2.0288001678636647e-07
grid-r068-c046,68,46,9.399999618530273,13.80000114440918,0.44999998807907104,-47.04511935405432,1.9746406110243697e-07
grid-r068-c047,68,47,9.600000381469727,13.80000114440918,0.44999998807907104,-45.059388654696136,3.119328653156117e-07
grid-r068-c048,68,48,9.800000190734863,13.80000114440918,0.44999998807907104,-44.481658786100965,3.5631501305033453e-07
grid-r068-c049,68,49,10.0,13.80000114440918,0.44999998807907104,-44.37397133290014,3.6526063240671647e-07
grid-r068-c050,68,50,10.200000762939453,13.80000114440918,0.44999998807907104,-44.38172572200527,3.64609036296315e-07
grid-r068-c051,68,51,10.399999618530273,13.80000114440918,0.44999998807907104,-44.33432163557458,3.686106140321499e-07
grid-r068-c052,68,52,10.600000381469727,13.80000114440918,0.44999998807907104,-44.433517802526836,3.602866911478486e-07
grid-r068-c053,68,53,10.800000190734863,13.80000114440918,0.44999998807907104,-47.66067172862118,1.7136922281224543e-07
grid-r068-c054,68,54,11.0,13.80000114440918,0.44999998807907104,-49.70312048511066,1.0707496755912871e-07
grid-r068-c055,68,55,11.200000762939453,13.80000114440918,0.44999998807907104,-51.01810382493787,7.910239219199866e-08
grid-r068-c056,68,56,11.399999618530273,13.80000114440918,0.44999998807907104,-52.46390306199031,5.670347746900006e-08
grid-r068-c057,68,57,11.600000381469727,13.80000114440918,0.44999998807907104,-52.29807778753971,5.891043386441197e-08
grid-r069-c000,69,0,0.19999980926513672,14.0,0.44999998807907104,-69.89999193206282,1.0232948932653585e-09
grid-r069-c001,69,1,0.40000009536743164,14.0,0.44999998807907104,-70.31837565254916,9.293139036081755e-10
grid-r069-c002,69,2,0.5999999046325684,14.0,0.44999998807907104,-69.99491482723725,1.0011715900759555e-09
grid-r069-c003,69,3,0.7999997138977051,14.0,0.44999998807907104,-68.97006806264741,1.2676319993687457e-09
grid-r069-c004,69,4,1.0,14.0,0.44999998807907104,-70.16496593503868,9.627275643353528e-10
grid-r069-c005,69,5,1.1999998092651367,14.0,0.44999998807907104,-67.64505213858979,1.7198666935058782e-09
grid-r069-c006,69,6,1.4000000953674316,14.0,0.44999998807907104,-65.47187545314978,2.836693768770715e-09
grid-r069-c007,69,7,1.5999999046325684,14.0,0.44999998807907104,-65.23878452318226,2.993102210524512e-09
grid-r069-c008,69,8,1.799999713897705,14.0,0.44999998807907104,-65.8058094045593,2.6267519270817274e-09
grid-r069-c009,69,9,2.0,14.0,0.44999998807907104,-65.25348579234017,2.982987412636362e-09
grid-r069-c010,69,10,2.200000047683716,14.0,0.44999998807907104,-65.19880413765812,3.020783401197491e-09
grid-r069-c011,69,11,2.3999998569488525,14.0,0.44999998807907104,-66.93558983738276,2.025074552491901e-09
grid-r069-c012,69,12,2.5999999046325684,14.0,0.44999998807907104,-73.60299921053937,4.3621448120312323e-10
grid-r069-c013,69,13,2.799999952316284,14.0,0.44999998807907104,-66.79023028832768,2.0940014167081245e-09
grid-r069-c014,69,14,3.0,14.0,0.44999998807907104,-74.23197369394457,3.774006385182105e-10
grid-r069-c015,69,15,3.200000047683716,14.0,0.44999998807907104,-69.0582007769317,1.2421668138529185e-09
grid-r069-c016,69,16,3.3999998569488525,14.0,0.44999998807907104,-55.9828837839422,2.5218056975973013e-08
grid-r069-c017,69,17,3.5999999046325684,14.0,0.44999998807907104,-54.741681733531195,3.3560763057494114e-08
grid-r069-c018,69,18,3.799999952316284,14.0,0.44999998807907104,-53.074352286111804,4.926798169435642e-08
grid-r069-c019,69,19,4.0,14.0,0.44999998807907104,-51.33816601104154,7.348241126692301e-08
grid-r069-c020,69,20,4.199999809265137,14.0,0.44999998807907104,-52.45938875576658,5.676244896335447e-08
grid-r069-c021,69,21,4.400000095367432,14.0,0.44999998807907104,-54.31215406059597,3.704969131490543e-08
grid-r069-c022,69,22,4.599999904632568,14.0,0.44999998807907104,-55.112425549862536,3.0814664597755836e-08
grid-r069-c023,69,23,4.800000190734863,14.0,0.44999998807907104,-56.20846913304831,2.3941595372889424e-08
grid-r069-c024,69,24,5.0,14.0,0.44999998807907104,-56.57794293582256,2.1989011500522793e-08
grid-r069-c025,69,25,5.199999809265137,14.0,0.44999998807907104,-56.072307430198265,2.4704112533413536e-08
grid-r069-c026,69,26,5.400000095367432,14.0,0.44999998807907104,-48.167187636009416,1.5250400053901103e-07
grid-r069-c027,69,27,5.599999904632568,14.0,0.44999998807907104,-46.2579073241762,2.3670600057812408e-07
grid-r069-c028,69,28,5.800000190734863,14.0,0.44999998807907104,-46.063619169135876,2.4753583716119465e-07
grid-r069-c029,69,29,6.0,14.0,0.44999998807907104,-46.095572785435564,2.457212531226105e-07
grid-r069-c030,69,30,6.199999809265137,14.0,0.44999998807907104,-46.855782893362345,2.062631807575599e-07
grid-r069-c031,69,31,6.400000095367432,14.0,0.44999998807907104,-49.705652152069334,1.0701256769607426e-07
grid-r069-c032,69,32,6.599999904632568,14.0,0.44999998807907104,-50.11346651964077,9.742117157429675e-08
grid-r069-c033,69,33,6.800000190734863,14.0,0.44999998807907104,-49.97377582522995,1.006056606911443e-07
grid-r069-c034,69,34,7.0,14.0,0.44999998807907104,-49.65170995009795,1.0835002228759549e-07
grid-r069-c035,69,35,7.199999809265137,14.0,0.44999998807907104,-53.75569849734066,4.2114354670275134e-08
grid-r069-c036,69,36,7.400000095367432,14.0,0.44999998807907104,-61.069306555716395,7.817526181952417e-09
grid-r069-c037,69,37,7.599999904632568,14.0,0.44999998807907104,-60.63348915931806,8.642732751695803e-09
grid-r069-c038,69,38,7.800000190734863,14.0,0.44999998807907104,-58.82447470319802,1.3108485852342255e-08
grid-r069-c039,69,39,8.0,14.0,0.44999998807907104,-57.73202202208539,1.685767969661356e-08
grid-r069-c040,69,40,8.199999809265137,14.0,0.44999998807907104,-46.92189200153258,2.0314718085501227e-07
grid-r069-c041,69,41,8.399999618530273,14.0,0.44999998807907104,-46.26393703715084,2.3637758772565576e-07
grid-r069-c042,69,42,8.600000381469727,14.0,0.44999998807907104,-47.15413903607222,1.9256887640040077e-07
grid-r069-c043,69,43,8.800000190734863,14.0,0.44999998807907104,-47.16300361621707,1.9217621627376502e-07
grid-r069-c044,69,44,9.0,14.0,0.44999998807907104,-47.04786407833461,1.9733930400889221e-07
grid-r069-c045,69,45,9.199999809265137,14.0,0.44999998807907104,-46.95610748404903,2.015529929622062e-07
grid-r069-c046,69,46,9.399999618530273,14.0,0.44999998807907104,-45.4898085377925,2.825004514761531e-07
grid-r069-c047,69,47,9.600000381469727,14.0,0.44999998807907104,-44.55325304437834,3.5048924473812804e-07
grid-r069-c048,69,48,9.800000190734863,14.0,0.44999998807907104,-44.536915024153075,3.518102573707438e-07
grid-r069-c049,69,49,10.0,14.0,0.44999998807907104,-44.461939783903375,3.5793652841675794e-07
grid-r069-c050,69,50,10.200000762939453,14.0,0.44999998807907104,-44.41650685336482,3.617006711920112e-07
grid-r069-c051,69,51,10.399999618530273,14.0,0.44999998807907104,-44.39819086986209,3.632293328337255e-07
grid-r069-c052,69,52,10.600000381469727,14.0,0.44999998807907104,-46.46682672676161,2.2558869261501968e-07
grid-r069-c053,69,53,10.800000190734863,14.0,0.44999998807907104,-49.85851512861292,1.0331145716691026e-07
grid-r069-c054,69,54,11.0,14.0,0.44999998807907104,-50.254944970630376,9.42986559948622e-08
grid-r069-c055,69,55,11.200000762939453,14.0,0.44999998807907104,-50.91926834427309,8.092322190123014e-08
grid-r069-c056,69,56,11.399999618530273,14.0,0.44999998807907104,-51.45991484788097,7.14510335342311e-08
grid-r069-c057,69,57,11.600000381469727,14.0,0.44999998807907104,-52.68989894438394,5.382823076161003e-08
grid-r070-c000,70,0,0.19999980926513672,14.200000762939453,0.44999998807907104,-72.52078155776931,5.596568763976961e-10
grid-r070-c001,70,1,0.40000009536743164,14.200000762939453,0.44999998807907104,-69.5542702790139,1.1080847350797285e-09
grid-r070-c002,70,2,0.5999999046325684,14.200000762939453,0.44999998807907104,-69.68365098884826,1.075560640551032e-09
grid-r070-c003,70,3,0.7999997138977051,14.200000762939453,0.44999998807907104,-68.31243249376242,1.4748802179553877e-09
grid-r070-c004,70,4,1.0,14.200000762939453,0.44999998807907104,-70.53806546449476,8.83473350032915e-10
grid-r070-c005,70,5,1.1999998092651367,14.200000762939453,0.44999998807907104,-69.59877312296325,1.0967879937595626e-09
grid-r070-c006,70,6,1.4000000953674316,14.200000762939453,0.44999998807907104,-68.48531630206516,1.4173214823998137e-09
grid-r070-c007,70,7,1.5999999046325684,14.200000762939453,0.44999998807907104,-66.96046203674831,2.0135100253781957e-09
grid-r070-c008,70,8,1.799999713897705,14.200000762939453,0.44999998807907104,-65.63641493218879,2.731231463215522e-09
grid-r070-c009,70,9,2.0,14.200000762939453,0.44999998807907104,-65.80732219346373,2.6258371033094363e-09
grid-r070-c010,70,10,2.200000047683716,14.200000762939453,0.44999998807907104,-65.2069646382344,3.0151126040323106e-09
grid-r070-c011,70,11,2.3999998569488525,14.200000762939453,0.44999998807907104,-66.26950402785666,2.360747819452058e-09
grid-r070-c012,70,12,2.5999999046325684,14.200000762939453,0.44999998807907104,-67.49427402708584,1.7806255359076317e-09
grid-r070-c013,70,13,2.799999952316284,14.200000762939453,0.44999998807907104,-69.37541063820895,1.154672801817469e-09
grid-r070-c014,70,14,3.0,14.200000762939453,0.44999998807907104,-73.50455663307676,4.4621517591991733e-10
grid-r070-c015,70,15,3.200000047683716,14.200000762939453,0.44999998807907104,-69.38541432862431,1.1520161491418435e-09
grid-r070-c016,70,16,3.3999998569488525,14.200000762939453,0.44999998807907104,-56.9557120355813,2.0157134628107087e-08
grid-r070-c017,70,17,3.5999999046325684,14.200000762939453,0.44999998807907104,-54.24617532746255,3.76168536320165e-08
grid-r070-c018,70,18,3.799999952316284,14.200000762939453,0.44999998807907104,-54.82741251617975,3.290476158213096e-08
grid-r070-c019,70,19,4.0,14.200000762939453,0.44999998807907104,-53.58339967506399,4.381875484682496e-08
grid-r070-c020,70,20,4.199999809265137,14.200000762939453,0.44999998807907104,-51.154165272423654,7.666258738936449e-08
grid-r070-c021,70,21,4.400000095367432,14.200000762939453,0.44999998807907104,-52.95445821799616,5.064705277391113e-08
grid-r070-c022,70,22,4.599999904632568,14.200000762939453,0.44999998807907104,-55.23719387351201,2.994198666783632e-08
grid-r070-c023,70,23,4.800000190734863,14.200000762939453,0.44999998807907104,-54.549140343513415,3.5082130978025816e-08
grid-r070-c024,70,24,5.0,14.200000762939453,0.44999998807907104,-55.90685290903926,2.5663430491817962e-08
grid-r070-c025,70,25,5.199999809265137,14.200000762939453,0.44999998807907104,-52.694543536440875,5.3770694563581856e-08
grid-r070-c026,70,26,5.400000095367432,14.200000762939453,0.44999998807907104,-48.034834526631215,1.5722316959454474e-07
grid-r070-c027,70,27,5.599999904632568,14.200000762939453,0.44999998807907104,-46.74941979316492,2.1137714156793663e-07
grid-r070-c028,70,28,5.800000190734863,14.200000762939453,0.44999998807907104,-46.115355949648034,2.4460447889396164e-07
grid-r070-c029,70,29,6.0,14.200000762939453,0.44999998807907104,-46.0931441817972,2.4585870050941594e-07
grid-r070-c030,70,30,6.199999809265137,14.200000762939453,0.44999998807907104,-46.386320467320104,2.2980948699569126e-07
grid-r070-c031,70,31,6.400000095367432,14.200000762939453,0.44999998807907104,-49.54307966302204,1.1109436570677644e-07
grid-r070-c032,70,32,6.599999904632568,14.200000762939453,0.44999998807907104,-49.792552692524566,1.0489257107337835e-07
grid-r070-c033,70,33,6.800000190734863,14.200000762939453,0.44999998807907104,-50.10438551699798,9.762509023403254e-08
grid-r070-c034,70,34,7.0,14.200000762939453,0.44999998807907104,-49.5668778159676,1.104872637824883e-07
grid-r070-c035,70,35,7.199999809265137,14.200000762939453,0.44999998807907104,-50.341363051634275,9.244079990367027e-08
grid-r070-c036,70,36,7.400000095367432,14.200000762939453,0.44999998807907104,-57.321123255954944,1.853052289391144e-08
grid-r070-c037,70,37,7.599999904632568,14.200000762939453,0.44999998807907104,-59.38256476169529,1.1527722776349947e-08
grid-r070-c038,70,38,7.800000190734863,14.200000762939453,0.44999998807907104,-56.72908618786221,2.1236912672861763e-08
grid-r070-c039,70,39,8.0,14.200000762939453,0.44999998807907104,-47.705247381126526,1.6961929816261545e-07
grid-r070-c040,70,40,8.199999809265137,14.200000762939453,0.44999998807907104,-47.044291806329724,1.9750169144572283e-07
grid-r070-c041,70,41,8.399999618530273,14.200000762939453,0.44999998807907104,-48.965263963309184,1.269035010409425e-07
grid-r070-c042,70,42,8.600000381469727,14.200000762939453,0.44999998807907104,-47.33846448662668,1.8456678674283467e-07
grid-r070-c043,70,43,8.800000190734863,14.200000762939453,0.44999998807907104,-47.00001185953977,1.995256866393902e-07
grid-r070-c044,70,44,9.0,14.200000762939453,0.44999998807907104,-46.88197537494878,2.0502294262314535e-07
grid-r070-c045,70,45,9.199999809265137,14.200000762939453,0.44999998807907104,-45.9330358917415,2.5509174861326755e-07
grid-r070-c046,70,46,9.399999618530273,14.200000762939453,0.44999998807907104,-44.661025533138684,3.4189869779766013e-07
grid-r070-c047,70,47,9.600000381469727,14.200000762939453,0.44999998807907104,-44.46607648828868,3.575957521206874e-07
grid-r070-c048,70,48,9.800000190734863,14.200000762939453,0.44999998807907104,-44.49267671650445,3.5541219745027774e-07
grid-r070-c049,70,49,10.0,14.200000762939453,0.44999998807907104,-44.55924628360114,3.500059051475546e-07
grid-r070-c050,70,50,10.200000762939453,14.200000762939453,0.44999998807907104,-44.59775371847597,3.4691623795879423e-07
grid-r070-c051,70,51,10.399999618530273,14.200000762939453,0.44999998807907104,-45.41346093078606,2.875106304145447e-07
grid-r070-c052,70,52,10.600000381469727,14.200000762939453,0.44999998807907104,-49.81387468266017,1.0437885578085115e-07
grid-r070-c053,70,53,10.800000190734863,14.200000762939453,0.44999998807907104,-49.93657228814304,1.0147119411385574e-07
grid-r070-c054,70,54,11.0,14.200000762939453,0.44999998807907104,-51.04711335406874,7.857577344339006e-08
grid-r070-c055,70,55,11.200000762939453,14.200000762939453,0.44999998807907104,-51.68088346526041,6.79065479403107e-08
grid-r070-c056,70,56,11.399999618530273,14.200000762939453,0.44999998807907104,-51.34363291858892,7.338996965700062e-08
grid-r070-c057,70,57,11.600000381469727,14.200000762939453,0.44999998807907104,-51.28373610142407,7.440915794632019e-08
grid-r071-c000,71,0,0.19999980926513672,14.40000057220459,0.44999998807907104,-76.03035068153073,2.4943933030208143e-10
grid-r071-c001,71,1,0.40000009536743164,14.40000057220459,0.44999998807907104,-70.50382722747361,8.904658677089117e-10
grid-r071-c002,71,2,0.5999999046325684,14.40000057220459,0.44999998807907104,-70.34821906943768,9.229498276752679e-10
grid-r071-c003,71,3,0.7999997138977051,14.40000057220459,0.44999998807907104,-69.27217489981594,1.1824492496259609e-09
grid-r071-c004,71,4,1.0,14.40000057220459,0.44999998807907104,-69.11746715552745,1.2253306147513854e-09
grid-r071-c005,71,5,1.1999998092651367,14.40000057220459,0.44999998807907104,-69.28519891291755,1.1789085263558263e-09
grid-r071-c006,71,6,1.4000000953674316,14.40000057220459,0.44999998807907104,-68.89604770011188,1.2894224576953661e-09
grid-r071-c007,71,7,1.5999999046325684,14.40000057220459,0.44999998807907104,-68.77600065618827,1.325561660436847e-09
grid-r071-c008,71,8,1.799999713897705,14.40000057220459,0.44999998807907104,-67.153058107984,1.92616811389712e-09
grid-r071-c009,71,9,2.0,14.40000057220459,0.44999998807907104,-65.4580663193628,2.845727875566695e-09
grid-r071-c010,71,10,2.200000047683716,14.40000057220459,0.44999998807907104,-65.2792023976997,2.965375944796733e-09
grid-r071-c011,71,11,2.3999998569488525,14.40000057220459,0.44999998807907104,-66.19951000752215,2.399103582462203e-09
grid-r071-c012,71,12,2.5999999046325684,14.40000057220459,0.44999998807907104,-65.6298629353538,2.735355053573585e-09
grid-r071-c013,71,13,2.799999952316284,14.40000057220459,0.44999998807907104,-75.4493154761981,2.8514676730928556e-10
grid-r071-c014,71,14,3.0,14.40000057220459,0.44999998807907104,-72.69066532192257,5.381873280363436e-10
grid-r071-c015,71,15,3.200000047683716,14.40000057220459,0.44999998807907104,-64.38026369671347,3.6473180031748598e-09
grid-r071-c016,71,16,3.3999998569488525,14.40000057220459,0.44999998807907104,-59.16049656130693,1.2132501225892156e-08
grid-r071-c017,71,17,3.5999999046325684,14.40000057220459,0.44999998807907104,-54.78990491879944,3.3190172388231076e-08
grid-r071-c018,71,18,3.799999952316284,14.40000057220459,0.44999998807907104,-54.73976779620071,3.357555655725264e-08
grid-r071-c019,71,19,4.0,14.40000057220459,0.44999998807907104,-54.47221229029839,3.570908901906478e-08
grid-r071-c020,71,20,4.199999809265137,14.40000057220459,0.44999998807907104,-52.89227290825396,5.137746938999044e-08
grid-r071-c021,71,21,4.400000095367432,14.40000057220459,0.44999998807907104,-51.38245959626725,7.273677482544372e-08
grid-r071-c022,71,22,4.599999904632568,14.40000057220459,0.44999998807907104,-54.4363613640743,3.600508691192772e-08
grid-r071-c023,71,23,4.800000190734863,14.40000057220459,0.44999998807907104,-54.988944409342736,3.170337947722146e-08
grid-r071-c024,71,24,5.0,14.40000057220459,0.44999998807907104,-55.348223118314735,2.918620900516089e-08
grid-r071-c025,71,25,5.199999809265137,14.40000057220459,0.44999998807907104,-49.619779238558095,1.0914958181729162e-07
grid-r071-c026,71,26,5.400000095367432,14.40000057220459,0.44999998807907104,-48.09743656710816,1.5497310812406795e-07
grid-r071-c027,71,27,5.599999904632568,14.40000057220459,0.44999998807907104,-47.12236522603553,1.9398291328798223e-07
grid-r071-c028,71,28,5.800000190734863,14.40000057220459,0.44999998807907104,-46.509492227611105,2.233833384934769e-07
grid-r071-c029,71,29,6.0,14.40000057220459,0.44999998807907104,-46.74061223632687,2.1180625253691687e-07
grid-r071-c030,71,30,6.199999809265137,14.40000057220459,0.44999998807907104,-47.33954436040827,1.8452089989295928e-07
grid-r071-c031,71,31,6.400000095367432,14.40000057220459,0.44999998807907104,-49.41850567113622,1.1432716462422832e-07
grid-r071-c032,71,32,6.599999904632568,14.40000057220459,0.44999998807907104,-49.65986041375197,1.0814687101401432e-07
grid-r071-c033,71,33,6.800000190734863,14.40000057220459,0.44999998807907104,-49.756920314716325,1.0575671893775507e-07
grid-r071-c034,71,34,7.0,14.40000057220459,0.44999998807907104,-49.75233437983337,1.0586845178295334e-07
grid-r071-c035,71,35,7.199999809265137,14.40000057220459,0.44999998807907104,-49.930941072818925,1.0160285057736473e-07
grid-r071-c036,71,36,7.400000095367432,14.40000057220459,0.44999998807907104,-51.02032996173507,7.906185572892355e-08
grid-r071-c037,71,37,7.599999904632568,14.40000057220459,0.44999998807907104,-56.25621132944153,2.3679845639890118e-08
grid-r071-c038,71,38,7.800000190734863,14.40000057220459,0.44999998807907104,-48.86516337710208,1.2986247099888715e-07
grid-r071-c039,71,39,8.0,14.40000057220459,0.44999998807907104,-46.467125488350035,2.2557317436167068e-07
grid-r071-c040,71,40,8.199999809265137,14.40000057220459,0.44999998807907104,-49.3981052611329,1.1486546469541281e-07
grid-r071-c041,71,41,8.399999618530273,14.40000057220459,0.44999998807907104,-49.01410293123628,1.2548439087822771e-07
grid-r071-c042,71,42,8.600000381469727,14.40000057220459,0.44999998807907104,-48.62549531851252,1.372304438973515e-07
grid-r071-c043,71,43,8.800000190734863,14.40000057220459,0.44999998807907104,-46.98430342173917,2.002486780838808e-07
grid-r071-c044,71,44,9.0,14.40000057220459,0.44999998807907104,-46.45505323984666,2.2620108097726188e-07
grid-r071-c045,71,45,9.199999809265137,14.40000057220459,0.44999998807907104,-44.838029416421435,3.282441980445583e-07
grid-r071-c046,71,46,9.399999618530273,14.40000057220459,0.44999998807907104,-44.41154879019825,3.62113837582001e-07
grid-r071-c047,71,47,9.600000381469727,14.40000057220459,0.44999998807907104,-44.57526196393046,3.4871754905907437e-07
grid-r071-c048,71,48,9.800000190734863,14.40000057220459,0.44999998807907104,-44.74655541695037,3.3523122056067223e-07
grid-r071-c049,71,49,10.0,14.40000057220459,0.44999998807907104,-44.599185350783415,3.468018974217557e-07
grid-r071-c050,71,50,10.200000762939453,14.40000057220459,0.44999998807907104,-44.687500228141985,3.3982081504291273e-07
grid-r071-c051,71,51,10.399999618530273,14.40000057220459,0.44999998807907104,-48.966212410031304,1.2687578987424786e-07
grid-r071-c052,71,52,10.600000381469727,14.40000057220459,0.44999998807907104,-50.039778861566376,9.908823983550974e-08
grid-r071-c053,71,53,10.800000190734863,14.40000057220459,0.44999998807907104,-50.426202881341354,9.065248463002717e-08
grid-r071-c054,71,54,11.0,14.40000057220459,0.44999998807907104,-50.75813447022392,8.398206574611322e-08
grid-r071-c055,71,55,11.200000762939453,14.40000057220459,0.44999998807907104,-51.188276277936055,7.606281116068203e-08
grid-r071-c056,71,56,11.399999618530273,14.40000057220459,0.44999998807907104,-51.75346352331084,6.678111219571292e-08
grid-r071-c057,71,57,11.600000381469727,14.40000057220459,0.44999998807907104,-51.69186535648309,6.773505134560764e-08
grid-r072-c000,72,0,0.19999980926513672,14.600000381469727,0.44999998807907104,-68.317896427698,1.4730258124373563e-09
grid-r072-c001,72,1,0.40000009536743164,14.600000381469727,0.44999998807907104,-78.68626814992489,1.3532348852596243e-10
grid-r072-c002,72,2,0.5999999046325684,14.600000381469727,0.44999998807907104,-70.51508523463457,8.881605451094288e-10
grid-r072-c003,72,3,0.7999997138977051,14.600000381469727,0.44999998807907104,-69.41343573676839,1.1446070757870075e-09
grid-r072-c004,72,4,1.0,14.600000381469727,0.44999998807907104,-68.36116943534998,1.4584214946822271e-09
grid-r072-c005,72,5,1.1999998092651367,14.600000381469727,0.44999998807907104,-70.5480468554019,8.814451946115298e-10
grid-r072-c006,72,6,1.4000000953674316,14.600000381469727,0.44999998807907104,-68.60627200000691,1.3783921781751474e-09
grid-r072-c007,72,7,1.5999999046325684,14.600000381469727,0.44999998807907104,-67.66862498391019,1.7105568073105815e-09
grid-r072-c008,72,8,1.799999713897705,14.600000381469727,0.44999998807907104,-69.64531787804515,1.0850961240649326e-09
grid-r072-c009,72,9,2.0,14.600000381469727,0.44999998807907104,-70.17159799108077,9.612585172291688e-10
grid-r072-c010,72,10,2.200000047683716,14.600000381469727,0.44999998807907104,-66.62766391847286,2.1738701949658434e-09
grid-r072-c011,72,11,2.3999998569488525,14.600000381469727,0.44999998807907104,-65.45860142565004,2.845377267135518e-09
grid-r072-c012,72,12,2.5999999046325684,14.600000381469727,0.44999998807907104,-66.43357757245995,2.2732240534395487e-09
grid-r072-c013,72,13,2.799999952316284,14.600000381469727,0.44999998807907104,-72.72128568479224,5.344061304590753e-10
grid-r072-c014,72,14,3.0,14.600000381469727,0.44999998807907104,-65.28319666137028,2.9626499031820686e-09
grid-r072-c015,72,15,3.200000047683716,14.600000381469727,0.44999998807907104,-62.585687128220385,5.513549616864566e-09
grid-r072-c016,72,16,3.3999998569488525,14.600000381469727,0.44999998807907104,-60.723453200989724,8.465540268787208e-09
grid-r072-c017,72,17,3.5999999046325684,14.600000381469727,0.44999998807907104,-55.38230870139789,2.8958037745496767e-08
grid-r072-c018,72,18,3.799999952316284,14.600000381469727,0.44999998807907104,-54.90902616908801,3.2292181373350104e-08
grid-r072-c019,72,19,4.0,14.600000381469727,0.44999998807907104,-54.744913531667805,3.353579813847318e-08
grid-r072-c020,72,20,4.199999809265137,14.600000381469727,0.44999998807907104,-55.13663064939162,3.06433989294419e-08
grid-r072-c021,72,21,4.400000095367432,14.600000381469727,0.44999998807907104,-52.985725366535064,5.028372740412124e-08
grid-r072-c022,72,22,4.599999904632568,14.600000381469727,0.44999998807907104,-51.88839411889407,6.473819524899227e-08
grid-r072-c023,72,23,4.800000190734863,14.600000381469727,0.44999998807907104,-55.91189461730542,2.5633655198475935e-08
grid-r072-c024,72,24,5.0,14.600000381469727,0.44999998807907104,-53.82944245200993,4.140528275797806e-08
grid-r072-c025,72,25,5.199999809265137,14.600000381469727,0.44999998807907104,-48.24286762415855,1.4986949281592388e-07
grid-r072-c026,72,26,5.400000095367432,14.600000381469727,0.44999998807907104,-47.98484361299688,1.5904339534245082e-07
grid-r072-c027,72,27,5.599999904632568,14.600000381469727,0.44999998807907104,-47.704126122443824,1.696630960168477e-07
grid-r072-c028,72,28,5.800000190734863,14.600000381469727,0.44999998807907104,-46.75758730921912,2.1097999081121088e-07
grid-r072-c029,72,29,6.0,14.600000381469727,0.44999998807907104,-48.97744755041438,1.265479880885323e-07
grid-r072-c030,72,30,6.199999809265137,14.600000381469727,0.44999998807907104,-48.87802170966805,1.2947855054790125e-07
grid-r072-c031,72,31,6.400000095367432,14.600000381469727,0.44999998807907104,-49.55262926911807,1.1085035112046171e-07
grid-r072-c032,72,32,6.599999904632568,14.600000381469727,0.44999998807907104,-49.52379349571291,1.1158881108030982e-07
grid-r072-c033,72,33,6.800000190734863,14.600000381469727,0.44999998807907104,-49.82360915666325,1.0414515827505966e-07
grid-r072-c034,72,34,7.0,14.600000381469727,0.44999998807907104,-49.49985008968848,1.1220571849435146e-07
grid-r072-c035,72,35,7.199999809265137,14.600000381469727,0.44999998807907104,-49.422812661220945,1.1421384016330194e-07
grid-r072-c036,72,36,7.400000095367432,14.600000381469727,0.44999998807907104,-49.60877259337376,1.0942655848111826e-07
grid-r072-c037,72,37,7.599999904632568,14.600000381469727,0.44999998807907104,-49.51665861119207,1.117722874255378e-07
grid-r072-c038,72,38,7.800000190734863,14.600000381469727,0.44999998807907104,-46.059029022855526,2.4779760110504867e-07
grid-r072-c039,72,39,8.0,14.600000381469727,0.44999998807907104,-49.5471214034516,1.109910243712875e-07
grid-r072-c040,72,40,8.199999809265137,14.600000381469727,0.44999998807907104,-49.046949742550666,1.2453890008146118e-07
grid-r072-c041,72,41,8.399999618530273,14.600000381469727,0.44999998807907104,-49.14332344613757,1.2180571218323166e-07
grid-r072-c042,72,42,8.600000381469727,14.600000381469727,0.44999998807907104,-48.89801866461451,1.2888374101294175e-07
grid-r072-c043,72,43,8.800000190734863,14.600000381469727,0.44999998807907104,-48.28957147848476,1.4826643734977552e-07
grid-r072-c044,72,44,9.0,14.600000381469727,0.44999998807907104,-44.90560999295094,3.231759251320909e-07
grid-r072-c045,72,45,9.199999809265137,14.600000381469727,0.44999998807907104,-44.6184105336924,3.4527008097029466e-07
grid-r072-c046,72,46,9.399999618530273,14.600000381469727,0.44999998807907104,-44.65939725545613,3.420269081289007e-07
grid-r072-c047,72,47,9.600000381469727,14.600000381469727,0.44999998807907104,-44.69577418345227,3.39174022201405e-07
grid-r072-c048,72,48,9.800000190734863,14.600000381469727,0.44999998807907104,-44.65823678991919,3.4211831234642887e-07
grid-r072-c049,72,49,10.0,14.600000381469727,0.44999998807907104,-44.7605402546654,3.341534693390713e-07
grid-r072-c050,72,50,10.200000762939453,14.600000381469727,0.44999998807907104,-45.17043720090457,3.040578917534731e-07
grid-r072-c051,72,51,10.399999618530273,14.600000381469727,0.44999998807907104,-49.86627794231187,1.0312695764014279e-07
grid-r072-c052,72,52,10.600000381469727,14.600000381469727,0.44999998807907104,-50.34359420202195,9.239332143806678e-08
grid-r072-c053,72,53,10.800000190734863,14.600000381469727,0.44999998807907104,-51.19186574801863,7.599997076113141e-08
grid-r072-c054,72,54,11.0,14.600000381469727,0.44999998807907104,-50.9658804964659,8.005932983223829e-08
grid-r072-c055,72,55,11.200000762939453,14.600000381469727,0.44999998807907104,-51.091801823033734,7.777138222309077e-08
grid-r072-c056,72,56,11.399999618530273,14.600000381469727,0.44999998807907104,-51.40361486338787,7.238332244696721e-08
grid-r072-c057,72,57,11.600000381469727,14.600000381469727,0.44999998807907104,-51.4896983244285,7.096270593365261e-08
grid-r073-c000,73,0,0.19999980926513672,14.80000114440918,0.44999998807907104,-65.59050284318126,2.760258244194347e-09
grid-r073-c001,73,1,0.40000009536743164,14.80000114440918,0.44999998807907104,-68.78723920182155,1.3221358452497611e-09
grid-r073-c002,73,2,0.5999999046325684,14.80000114440918,0.44999998807907104,-75.31166158689891,2.943295329682627e-10
grid-r073-c003,73,3,0.7999997138977051,14.80000114440918,0.44999998807907104,-70.79657105956814,8.324207434462494e-10
grid-r073-c004,73,4,1.0,14.80000114440918,0.44999998807907104,-68.18870374660398,1.517503234182982e-09
grid-r073-c005,73,5,1.1999998092651367,14.80000114440918,0.44999998807907104,-68.9906569172021,1.2616366840134674e-09
grid-r073-c006,73,6,1.4000000953674316,14.80000114440918,0.44999998807907104,-70.23838278466869,9.465895844940064e-10
grid-r073-c007,73,7,1.5999999046325684,14.80000114440918,0.44999998807907104,-68.18549803172148,1.5186237822817361e-09
grid-r073-c008,73,8,1.799999713897705,14.80000114440918,0.44999998807907104,-67.39596407581772,1.8213927033272626e-09
grid-r073-c009,73,9,2.0,14.80000114440918,0.44999998807907104,-70.06654105831535,9.847951343289196e-10
grid-r073-c010,73,10,2.200000047683716,14.80000114440918,0.44999998807907104,-71.86752930008039,6.504996541423225e-10
grid-r073-c011,73,11,2.3999998569488525,14.80000114440918,0.44999998807907104,-65.06539343602866,3.1150186874384644e-09
grid-r073-c012,73,12,2.5999999046325684,14.80000114440918,0.44999998807907104,-69.59575226483483,1.09755116106669e-09
grid-r073-c013,73,13,2.799999952316284,14.80000114440918,0.44999998807907104,-68.99166176679395,1.2613448063802934e-09
grid-r073-c014,73,14,3.0,14.80000114440918,0.44999998807907104,-62.39448521003692,5.761711108220879e-09
grid-r073-c015,73,15,3.200000047683716,14.80000114440918,0.44999998807907104,-62.71785031332706,5.348290255113852e-09
grid-r073-c016,73,16,3.3999998569488525,14.80000114440918,0.44999998807907104,-61.870657784513966,6.500312288437726e-09
grid-r073-c017,73,17,3.5999999046325684,14.80000114440918,0.44999998807907104,-56.93999447972624,2.0230217501193692e-08
grid-r073-c018,73,18,3.799999952316284,14.80000114440918,0.44999998807907104,-54.77822673535617,3.32795409008213e-08
grid-r073-c019,73,19,4.0,14.80000114440918,0.44999998807907104,-54.71943176187034,3.373314427790319e-08
grid-r073-c020,73,20,4.199999809265137,14.80000114440918,0.44999998807907104,-55.006941411675626,3.1572273684332686e-08
grid-r073-c021,73,21,4.400000095367432,14.80000114440918,0.44999998807907104,-54.843463250578495,3.278337601386738e-08
grid-r073-c022,73,22,4.599999904632568,14.80000114440918,0.44999998807907104,-52.74816930020113,5.3110827735736166e-08
grid-r073-c023,73,23,4.800000190734863,14.80000114440918,0.44999998807907104,-53.044164852010866,4.9611632135793116e-08
grid-r073-c024,73,24,5.0,14.80000114440918,0.44999998807907104,-50.699838293834944,8.511697302537868e-08
grid-r073-c025,73,25,5.199999809265137,14.80000114440918,0.44999998807907104,-48.151512339315005,1.5305543854537973e-07
grid-r073-c026,73,26,5.400000095367432,14.80000114440918,0.44999998807907104,-47.94970878539708,1.6033528993375512e-07
grid-r073-c027,73,27,5.599999904632568,14.80000114440918,0.44999998807907104,-48.017340379225445,1.578577695227068e-07
grid-r073-c028,73,28,5.800000190734863,14.80000114440918,0.44999998807907104,-47.339436327500025,1.845254899990323e-07
grid-r073-c029,73,29,6.0,14.80000114440918,0.44999998807907104,-51.18781137368744,7.607095398043384e-08
grid-r073-c030,73,30,6.199999809265137,14.80000114440918,0.44999998807907104,-49.93658201969731,1.014709667401803e-07
grid-r073-c031,73,31,6.400000095367432,14.80000114440918,0.44999998807907104,-50.194828766136496,9.561303926375331e-08
grid-r073-c032,73,32,6.599999904632568,14.80000114440918,0.44999998807907104,-49.58319268472219,1.1007298184040337e-07
grid-r073-c033,73,33,6.800000190734863,14.80000114440918,0.44999998807907104,-49.488290297849844,1.1250477882640553e-07
grid-r073-c034,73,34,7.0,14.80000114440918,0.44999998807907104,-49.26618785537177,1.1840804603480137e-07
grid-r073-c035,73,35,7.199999809265137,14.80000114440918,0.44999998807907104,-48.86973387080839,1.2972587626336463e-07
grid-r073-c036,73,36,7.400000095367432,14.80000114440918,0.44999998807907104,-47.927546441216805,1.6115558310048073e-07
grid-r073-c037,73,37,7.599999904632568,14.80000114440918,0.44999998807907104,-45.45888264890819,2.8451930234041356e-07
grid-r073-c038,73,38,7.800000190734863,14.80000114440918,0.44999998807907104,-49.30415290306895,1.1737746064000021e-07
grid-r073-c039,73,39,8.0,14.80000114440918,0.44999998807907104,-48.95259945124752,1.2727410592106025e-07
grid-r073-c040,73,40,8.199999809265137,14.80000114440918,0.44999998807907104,-49.08498630629164,1.2345292077498016e-07
grid-r073-c041,73,41,8.399999618530273,14.80000114440918,0.44999998807907104,-48.82844732989871,1.3096500595111138e-07
grid-r073-c042,73,42,8.600000381469727,14.80000114440918,0.44999998807907104,-49.28147744056767,1.1799191668160347e-07
grid-r073-c043,73,43,8.800000190734863,14.80000114440918,0.44999998807907104,-46.24817544316534,2.3723701758626703e-07
grid-r073-c044,73,44,9.0,14.80000114440918,0.44999998807907104,-45.487863745285296,2.8262698492653726e-07
grid-r073-c045,73,45,9.199999809265137,14.80000114440918,0.44999998807907104,-44.646028492037374,3.430813819704781e-07
grid-r073-c046,73,46,9.399999618530273,14.80000114440918,0.44999998807907104,-44.658763579747216,3.420768166506605e-07
grid-r073-c047,73,47,9.600000381469727,14.80000114440918,0.44999998807907104,-44.74010115775954,3.357297941875004e-07
grid-r073-c048,73,48,9.800000190734863,14.80000114440918,0.44999998807907104,-44.83460238536554,3.285033187694353e-07
grid-r073-c049,73,49,10.0,14.80000114440918,0.44999998807907104,-45.05280908224259,3.1240580256053363e-07
grid-r073-c050,73,50,10.200000762939453,14.80000114440918,0.44999998807907104,-44.310597909736686,3.706296922700858e-07
grid-r073-c051,73,51,10.399999618530273,14.80000114440918,0.44999998807907104,-47.80477410486478,1.6577635619796638e-07
grid-r073-c052,73,52,10.600000381469727,14.80000114440918,0.44999998807907104,-51.048049705585456,7.855883410456954e-08
grid-r073-c053,73,53,10.800000190734863,14.80000114440918,0.44999998807907104,-51.090751264755724,7.77901973947337e-08
grid-r073-c054,73,54,11.0,14.80000114440918,0.44999998807907104,-51.46963487633528,7.129129642180487e-08
grid-r073-c055,73,55,11.200000762939453,14.80000114440918,0.44999998807907104,-50.973301641412704,7.992264272616012e-08
grid-r073-c056,73,56,11.399999618530273,14.80000114440918,0.44999998807907104,-50.9504727101895,8.034386667077342e-08
grid-r073-c057,73,57,11.600000381469727,14.80000114440918,0.44999998807907104,-50.969345874065695,7.999547335657553e-08
grid-r074-c000,74,0,0.19999980926513672,15.0,0.44999998807907104,-68.83217106107824,1.3085276195923257e-09
grid-r074-c001,74,1,0.40000009536743164,15.0,0.44999998807907104,-66.36712929578253,2.3082724620593353e-09
grid-r074-c002,74,2,0.5999999046325684,15.0,0.44999998807907104,-69.00622509653789,1.2571221841284341e-09
grid-r074-c003,74,3,0.7999997138977051,15.0,0.44999998807907104,-74.6190612261212,3.4521835390322053e-10
grid-r074-c004,74,4,1.0,15.0,0.44999998807907104,-70.38062471549526,9.160887048942357e-10
grid-r074-c005,74,5,1.1999998092651367,15.0,0.44999998807907104,-67.96525565894164,1.5976234779557785e-09
grid-r074-c006,74,6,1.4000000953674316,15.0,0.44999998807907104,-69.57982099796843,1.1015847123374556e-09
grid-r074-c007,74,7,1.5999999046325684,15.0,0.44999998807907104,-68.76495873758047,1.3289361833201951e-09
grid-r074-c008,74,8,1.799999713897705,15.0,0.44999998807907104,-67.61131895214099,1.7332775215095353e-09
grid-r074-c009,74,9,2.0,15.0,0.44999998807907104,-67.24582367455262,1.8854613426100286e-09
grid-r074-c010,74,10,2.200000047683716,15.0,0.44999998807907104,-70.6585217614505,8.593059597217234e-10
grid-r074-c011,74,11,2.3999998569488525,15.0,0.44999998807907104,-65.7731069981257,2.646606045431099e-09
grid-r074-c012,74,12,2.5999999046325684,15.0,0.44999998807907104,-69.93166919964628,1.0158581753572093e-09
grid-r074-c013,74,13,2.799999952316284,15.0,0.44999998807907104,-62.327473463387946,5.85130388586208e-09
grid-r074-c014,74,14,3.0,15.0,0.44999998807907104,-61.84598455048253,6.537347108093172e-09
grid-r074-c015,74,15,3.200000047683716,15.0,0.44999998807907104,-64.39369448544673,3.636055900813062e-09
grid-r074-c016,74,16,3.3999998569488525,15.0,0.44999998807907104,-61.18670053115535,7.609041396960947e-09
grid-r074-c017,74,17,3.5999999046325684,15.0,0.44999998807907104,-59.12749502865546,1.222504586451123e-08
grid-r074-c018,74,18,3.799999952316284,15.0,0.44999998807907104,-54.86531592969685,3.261883207983374e-08
grid-r074-c019,74,19,4.0,15.0,0.44999998807907104,-55.13526031301481,3.0653069416075596e-08
grid-r074-c020,74,20,4.199999809265137,15.0,0.44999998807907104,-55.15672681777694,3.0501929870752065e-08
grid-r074-c021,74,21,4.400000095367432,15.0,0.44999998807907104,-55.02903869361349,3.1412039191991425e-08
grid-r074-c022,74,22,4.599999904632568,15.0,0.44999998807907104,-55.60338835842386,2.7520806966663258e-08
grid-r074-c023,74,23,4.800000190734863,15.0,0.44999998807907104,-52.980402438844294,5.0345395408157856e-08
grid-r074-c024,74,24,5.0,15.0,0.44999998807907104,-48.080902366395364,1.555642370476562e-07
grid-r074-c025,74,25,5.199999809265137,15.0,0.44999998807907104,-48.27319188542866,1.4882668608606764e-07
grid-r074-c026,74,26,5.400000095367432,15.0,0.44999998807907104,-48.023857189247025,1.576210735265704e-07
grid-r074-c027,74,27,5.599999904632568,15.0,0.44999998807907104,-48.23665711070339,1.500839630352857e-07
grid-r074-c028,74,28,5.800000190734863,15.0,0.44999998807907104,-49.39285447038924,1.1500442553824541e-07
grid-r074-c029,74,29,6.0,15.0,0.44999998807907104,-50.97456091020304,7.989947192754698e-08
grid-r074-c030,74,30,6.199999809265137,15.0,0.44999998807907104,-50.926555957945524,8.078754376583674e-08
grid-r074-c031,74,31,6.400000095367432,15.0,0.44999998807907104,-49.62849085787917,1.0893085544694259e-07
grid-r074-c032,74,32,6.599999904632568,15.0,0.44999998807907104,-49.63348464323977,1.0880567202775637e-07
grid-r074-c033,74,33,6.800000190734863,15.0,0.44999998807907104,-49.246520335829615,1.189454863492756e-07
grid-r074-c034,74,34,7.0,15.0,0.44999998807907104,-48.865948083433,1.2983900887775235e-07
grid-r074-c035,74,35,7.199999809265137,15.0,0.44999998807907104,-47.62140648393731,1.7292562404236378e-07
grid-r074-c036,74,36,7.400000095367432,15.0,0.44999998807907104,-44.93405629106877,3.210660395325249e-07
grid-r074-c037,74,37,7.599999904632568,15.0,0.44999998807907104,-47.970973943912625,1.5955212973040034e-07
grid-r074-c038,74,38,7.800000190734863,15.0,0.44999998807907104,-47.69467242781997,1.7003281982397311e-07
grid-r074-c039,74,39,8.0,15.0,0.44999998807907104,-49.15796287413728,1.2139581428982638e-07
grid-r074-c040,74,40,8.199999809265137,15.0,0.44999998807907104,-48.98726376540458,1.2626227885448316e-07
grid-r074-c041,74,41,8.399999618530273,15.0,0.44999998807907104,-49.21897738198038,1.1970223567914218e-07
grid-r074-c042,74,42,8.600000381469727,15.0,0.44999998807907104,-46.93829524978116,2.0238134368355531e-07
grid-r074-c043,74,43,8.800000190734863,15.0,0.44999998807907104,-45.752898578674206,2.6589498247631127e-07
grid-r074-c044,74,44,9.0,15.0,0.44999998807907104,-45.70050779357888,2.6912201178674877e-07
grid-r074-c045,74,45,9.199999809265137,15.0,0.44999998807907104,-45.2956145169823,2.9541908475039236e-07
grid-r074-c046,74,46,9.399999618530273,15.0,0.44999998807907104,-44.744377292417624,3.3539939181537193e-07
grid-r074-c047,74,47,9.600000381469727,15.0,0.44999998807907104,-44.96946083472227,3.184592856086965e-07
grid-r074-c048,74,48,9.800000190734863,15.0,0.44999998807907104,-45.40183079673686,2.8828159770455386e-07
grid-r074-c049,74,49,10.0,15.0,0.44999998807907104,-46.95612187580666,2.0155232505203458e-07
grid-r074-c050,74,50,10.200000762939453,15.0,0.44999998807907104,-45.40363377224641,2.8816194230785186e-07
grid-r074-c051,74,51,10.399999618530273,15.0,0.44999998807907104,-48.01853298804609,1.5781442641582544e-07
grid-r074-c052,74,52,10.600000381469727,15.0,0.44999998807907104,-51.53554443200366,7.021753134495157e-08
grid-r074-c053,74,53,10.800000190734863,15.0,0.44999998807907104,-51.26371681717751,7.475294694359036e-08
grid-r074-c054,74,54,11.0,15.0,0.44999998807907104,-51.196786403528705,7.591390982497614e-08
grid-r074-c055,74,55,11.200000762939453,15.0,0.44999998807907104,-51.02522210506942,7.897284604041488e-08
grid-r074-c056,74,56,11.399999618530273,15.0,0.44999998807907104,-50.98660475675983,7.967820181420393e-08
grid-r074-c057,74,57,11.600000381469727,15.0,0.44999998807907104,-50.629029453655946,8.651612404264597e-08
grid-r075-c000,75,0,0.19999980926513672,15.200000762939453,0.44999998807907104,-83.79993418837512,4.1687570062620694e-11
grid-r075-c001,75,1,0.40000009536743164,15.200000762939453,0.44999998807907104,-67.73303407955312,1.6853751727552435e-09
grid-r075-c002,75,2,0.5999999046325684,15.200000762939453,0.44999998807907104,-66.40397540905892,2.2887716166763994e-09
grid-r075-c003,75,3,0.7999997138977051,15.200000762939453,0.44999998807907104,-69.8268488222443,1.0406749906266555e-09
grid-r075-c004,75,4,1.0,15.200000762939453,0.44999998807907104,-73.88415409330486,4.0886938279527385e-10
grid-r075-c005,75,5,1.1999998092651367,15.200000762939453,0.44999998807907104,-68.57283618133388,1.3890452121856356e-09
grid-r075-c006,75,6,1.4000000953674316,15.200000762939453,0.44999998807907104,-69.64840677255063,1.0843246300851206e-09
grid-r075-c007,75,7,1.5999999046325684,15.200000762939453,0.44999998807907104,-69.75165328218587,1.0588505627850964e-09
grid-r075-c008,75,8,1.799999713897705,15.200000762939453,0.44999998807907104,-67.49606264854282,1.7798923446221693e-09
grid-r075-c009,75,9,2.0,15.200000762939453,0.44999998807907104,-67.89882454677186,1.6222491128203842e-09
grid-r075-c010,75,10,2.200000047683716,15.200000762939453,0.44999998807907104,-65.08436741466522,3.1014391055350643e-09
grid-r075-c011,75,11,2.3999998569488525,15.200000762939453,0.44999998807907104,-66.76977897416954,2.1038855102517573e-09
grid-r075-c012,75,12,2.5999999046325684,15.200000762939453,0.44999998807907104,-60.56701037581449,8.776047444314372e-09
grid-r075-c013,75,13,2.799999952316284,15.200000762939453,0.44999998807907104,-61.38219513831366,7.274120417122276e-09
grid-r075-c014,75,14,3.0,15.200000762939453,0.44999998807907104,-63.625229443081025,4.339873349579193e-09
grid-r075-c015,75,15,3.200000047683716,15.200000762939453,0.44999998807907104,-63.17408799693368,4.8149435549760256e-09
grid-r075-c016,75,16,3.3999998569488525,15.200000762939453,0.44999998807907104,-60.61199963381368,8.685604235836308e-09
grid-r075-c017,75,17,3.5999999046325684,15.200000762939453,0.44999998807907104,-59.49210557634868,1.1240598674078228e-08
grid-r075-c018,75,18,3.799999952316284,15.200000762939453,0.44999998807907104,-56.665226733998594,2.1551491258264832e-08
grid-r075-c019,75,19,4.0,15.200000762939453,0.44999998807907104,-54.98135307916307,3.1758844443174894e-08
grid-r075-c020,75,20,4.199999809265137,15.200000762939453,0.44999998807907104,-55.397702832587115,2.8855573930286482e-08
grid-r075-c021,75,21,4.400000095367432,15.200000762939453,0.44999998807907104,-55.472628094537924,2.836202206424332e-08
grid-r075-c022,75,22,4.599999904632568,15.200000762939453,0.44999998807907104,-55.6993210162518,2.6919556361804098e-08
grid-r075-c023,75,23,4.800000190734863,15.200000762939453,0.44999998807907104,-51.717967978746046,6.732916091323204e-08
grid-r075-c024,75,24,5.0,15.200000762939453,0.44999998807907104,-47.890308094477064,1.6254334411769378e-07
grid-r075-c025,75,25,5.199999809265137,15.200000762939453,0.44999998807907104,-47.71482734579868,1.6924555268360564e-07
grid-r075-c026,75,26,5.400000095367432,15.200000762939453,0.44999998807907104,-48.12774923981338,1.5389520058306516e-07
grid-r075-c027,75,27,5.599999904632568,15.200000762939453,0.44999998807907104,-47.908896316798874,1.6184912965400144e-07
grid-r075-c028,75,28,5.800000190734863,15.200000762939453,0.44999998807907104,-53.03750335809261,4.968778810621188e-08
grid-r075-c029,75,29,6.0,15.200000762939453,0.44999998807907104,-51.07722266788113,7.803289747698727e-08
grid-r075-c030,75,30,6.199999809265137,15.200000762939453,0.44999998807907104,-50.57889904901529,8.752056146477116e-08
grid-r075-c031,75,31,6.400000095367432,15.200000762939453,0.44999998807907104,-50.45616180072946,9.002928891277406e-08
grid-r075-c032,75,32,6.599999904632568,15.200000762939453,0.44999998807907104,-49.194243043367976,1.2038591989949055e-07
grid-r075-c033,75,33,6.800000190734863,15.200000762939453,0.44999998807907104,-49.153027644082414,1.2153384432167513e-07
grid-r075-c034,75,34,7.0,15.200000762939453,0.44999998807907104,-47.84587976818598,1.642146969516034e-07
grid-r075-c035,75,35,7.199999809265137,15.200000762939453,0.44999998807907104,-44.843416186615784,3.278373128523526e-07
grid-r075-c036,75,36,7.400000095367432,15.200000762939453,0.44999998807907104,-46.955143957191325,2.0159771452199493e-07
grid-r075-c037,75,37,7.599999904632568,15.200000762939453,0.44999998807907104,-47.713835950438096,1.6928419199757627e-07
grid-r075-c038,75,38,7.800000190734863,15.200000762939453,0.44999998807907104,-47.42084056900288,1.8109895449924807e-07
grid-r075-c039,75,39,8.0,15.200000762939453,0.44999998807907104,-48.11958027832732,1.5418494569985342e-07
grid-r075-c040,75,40,8.199999809265137,15.200000762939453,0.44999998807907104,-49.188420575516986,1.2054742626332882e-07
grid-r075-c041,75,41,8.399999618530273,15.200000762939453,0.44999998807907104,-47.55192072258065,1.757146321779146e-07
grid-r075-c042,75,42,8.600000381469727,15.200000762939453,0.44999998807907104,-45.82628967903241,2.614393963540351e-07
grid-r075-c043,75,43,8.800000190734863,15.200000762939453,0.44999998807907104,-45.793734329396315,2.634065481288417e-07
grid-r075-c044,75,44,9.0,15.200000762939453,0.44999998807907104,-45.79651030173105,2.632382347655948e-07
grid-r075-c045,75,45,9.199999809265137,15.200000762939453,0.44999998807907104,-45.73498231950019,2.669941636668227e-07
grid-r075-c046,75,46,9.399999618530273,15.200000762939453,0.44999998807907104,-45.45859719605241,2.8453800382521877e-07
grid-r075-c047,75,47,9.600000381469727,15.200000762939453,0.44999998807907104,-44.94534109849356,3.202328571205726e-07
grid-r075-c048,75,48,9.800000190734863,15.200000762939453,0.44999998807907104,-48.61129801556176,1.376797911234462e-07
grid-r075-c049,75,49,10.0,15.200000762939453,0.44999998807907104,-50.7612610510495,8.392162698100947e-08
grid-r075-c050,75,50,10.200000762939453,15.200000762939453,0.44999998807907104,-47.74687523031743,1.6800123603388784e-07
grid-r075-c051,75,51,10.399999618530273,15.200000762939453,0.44999998807907104,-49.686328736729195,1.0748976819741074e-07
grid-r075-c052,75,52,10.600000381469727,15.200000762939453,0.44999998807907104,-50.53855939376729,8.833728770696325e-08
grid-r075-c053,75,53,10.800000190734863,15.200000762939453,0.44999998807907104,-51.25442953365261,7.491297537853825e-08
grid-r075-c054,75,54,11.0,15.200000762939453,0.44999998807907104,-50.76924724012946,8.376744631277688e-08
grid-r075-c055,75,55,11.200000762939453,15.200000762939453,0.44999998807907104,-51.14522477788459,7.682056946123339e-08
grid-r075-c056,75,56,11.399999618530273,15.200000762939453,0.44999998807907104,-50.87630844772066,8.172767707037565e-08
grid-r075-c057,75,57,11.600000381469727,15.200000762939453,0.44999998807907104,-50.54390526885365,8.82286173009561e-08
grid-r076-c000,76,0,0.19999980926513672,15.40000057220459,0.44999998807907104,-89.45681118098817,1.1332321366019915e-11
grid-r076-c001,76,1,0.40000009536743164,15.40000057220459,0.44999998807907104,-80.25493172246355,9.429894365364788e-11
grid-r076-c002,76,2,0.5999999046325684,15.40000057220459,0.44999998807907104,-67.27869155626671,1.871245824958123e-09
grid-r076-c003,76,3,0.7999997138977051,15.40000057220459,0.44999998807907104,-66.44921454650822,2.265053922201332e-09
grid-r076-c004,76,4,1.0,15.40000057220459,0.44999998807907104,-71.94660747596853,6.387622653036829e-10
grid-r076-c005,76,5,1.1999998092651367,15.40000057220459,0.44999998807907104,-72.27466458324642,5.922888290932349e-10
grid-r076-c006,76,6,1.4000000953674316,15.40000057220459,0.44999998807907104,-68.07525227272963,1.5576675505002413e-09
grid-r076-c007,76,7,1.5999999046325684,15.40000057220459,0.44999998807907104,-69.52177505174548,1.1164068558500162e-09
grid-r076-c008,76,8,1.799999713897705,15.40000057220459,0.44999998807907104,-68.39902040696924,1.44576584037992e-09
grid-r076-c009,76,9,2.0,15.40000057220459,0.44999998807907104,-67.64860281408035,1.7184611511567027e-09
grid-r076-c010,76,10,2.200000047683716,15.40000057220459,0.44999998807907104,-63.492489474173496,4.474567383283556e-09
grid-r076-c011,76,11,2.3999998569488525,15.40000057220459,0.44999998807907104,-61.60837370472889,6.904983251843078e-09
grid-r076-c012,76,12,2.5999999046325684,15.40000057220459,0.44999998807907104,-59.49134863409975,1.1242557995672087e-08
grid-r076-c013,76,13,2.799999952316284,15.40000057220459,0.44999998807907104,-62.152011181479,6.09254691141814e-09
grid-r076-c014,76,14,3.0,15.40000057220459,0.44999998807907104,-63.363050631498496,4.609936432586892e-09
grid-r076-c015,76,15,3.200000047683716,15.40000057220459,0.44999998807907104,-62.70321003006123,5.366350031010825e-09
grid-r076-c016,76,16,3.3999998569488525,15.40000057220459,0.44999998807907104,-60.784529284530294,8.347320168411443e-09
grid-r076-c017,76,17,3.5999999046325684,15.40000057220459,0.44999998807907104,-59.7458075963698,1.0602767552825298e-08
grid-r076-c018,76,18,3.799999952316284,15.40000057220459,0.44999998807907104,-59.16057413739745,1.213228451035775e-08
grid-r076-c019,76,19,4.0,15.40000057220459,0.44999998807907104,-55.12204483779905,3.0746488022259655e-08
grid-r076-c020,76,20,4.199999809265137,15.40000057220459,0.44999998807907104,-55.573645658282146,2.7709930350283685e-08
grid-r076-c021,76,21,4.400000095367432,15.40000057220459,0.44999998807907104,-55.59034311812252,2.7603597629877186e-08
grid-r076-c022,76,22,4.599999904632568,15.40000057220459,0.44999998807907104,-55.773876165367795,2.6461373536790234e-08
grid-r076-c023,76,23,4.800000190734863,15.40000057220459,0.44999998807907104,-49.13226599109362,1.2211623356961354e-07
grid-r076-c024,76,24,5.0,15.40000057220459,0.44999998807907104,-48.90325429615808,1.2872845900346874e-07
grid-r076-c025,76,25,5.199999809265137,15.40000057220459,0.44999998807907104,-47.610655019799154,1.733542518422837e-07
grid-r076-c026,76,26,5.400000095367432,15.40000057220459,0.44999998807907104,-47.931966191400164,1.6099166089134087e-07
grid-r076-c027,76,27,5.599999904632568,15.40000057220459,0.44999998807907104,-48.908243766970344,1.2858065190357593e-07
grid-r076-c028,76,28,5.800000190734863,15.40000057220459,0.44999998807907104,-54.5541847379902,3.5041406221125726e-08
grid-r076-c029,76,29,6.0,15.40000057220459,0.44999998807907104,-52.417518208273236,5.731234509198657e-08
grid-r076-c030,76,30,6.199999809265137,15.40000057220459,0.44999998807907104,-50.192432089471524,9.566581837816557e-08
grid-r076-c031,76,31,6.400000095367432,15.40000057220459,0.44999998807907104,-50.195155717523846,9.560584146584006e-08
grid-r076-c032,76,32,6.599999904632568,15.40000057220459,0.44999998807907104,-49.83416649814512,1.0389229743168471e-07
grid-r076-c033,76,33,6.800000190734863,15.40000057220459,0.44999998807907104,-48.74015690336687,1.336547228447671e-07
grid-r076-c034,76,34,7.0,15.40000057220459,0.44999998807907104,-44.903007085971865,3.23369675925278e-07
grid-r076-c035,76,35,7.199999809265137,15.40000057220459,0.44999998807907104,-46.19519873965062,2.401486369763006e-07
grid-r076-c036,76,36,7.400000095367432,15.40000057220459,0.44999998807907104,-46.968744032598565,2.0096739206110215e-07
grid-r076-c037,76,37,7.599999904632568,15.40000057220459,0.44999998807907104,-47.83630101386447,1.6457728690966178e-07
grid-r076-c038,76,38,7.800000190734863,15.40000057220459,0.44999998807907104,-47.074202197697545,1.9614614643614914e-07
grid-r076-c039,76,39,8.0,15.40000057220459,0.44999998807907104,-47.37273098937587,1.8311625638034457e-07
grid-r076-c040,76,40,8.199999809265137,15.40000057220459,0.44999998807907104,-47.708353272623924,1.6949803693933063e-07
grid-r076-c041,76,41,8.399999618530273,15.40000057220459,0.44999998807907104,-46.02619804954139,2.4967795297925477e-07
grid-r076-c042,76,42,8.600000381469727,15.40000057220459,0.44999998807907104,-45.7475790849618,2.662208657966403e-07
grid-r076-c043,76,43,8.800000190734863,15.40000057220459,0.44999998807907104,-45.705830065131664,2.687924052224844e-07
grid-r076-c044,76,44,9.0,15.40000057220459,0.44999998807907104,-45.81254926141669,2.6226786076222197e-07
grid-r076-c045,76,45,9.199999809265137,15.40000057220459,0.44999998807907104,-45.97702539795753,2.525209765735781e-07
grid-r076-c046,76,46,9.399999618530273,15.40000057220459,0.44999998807907104,-45.976667117511084,2.5254180968659057e-07
grid-r076-c047,76,47,9.600000381469727,15.40000057220459,0.44999998807907104,-47.63124697556205,1.725342428926524e-07
grid-r076-c048,76,48,9.800000190734863,15.40000057220459,0.44999998807907104,-50.099441181660836,9.773629727760635e-08
grid-r076-c049,76,49,10.0,15.40000057220459,0.44999998807907104,-50.95472425257387,8.026525222248893e-08
grid-r076-c050,76,50,10.200000762939453,15.40000057220459,0.44999998807907104,-50.50268654662065,8.9069978059797e-08
grid-r076-c051,76,51,10.399999618530273,15.40000057220459,0.44999998807907104,-51.985495910322015,6.330680690780355e-08
grid-r076-c052,76,52,10.600000381469727,15.40000057220459,0.44999998807907104,-51.01867771177581,7.909194010835563e-08
grid-r076-c053,76,53,10.800000190734863,15.40000057220459,0.44999998807907104,-50.97388045038177,7.991199169055108e-08
grid-r076-c054,76,54,11.0,15.40000057220459,0.44999998807907104,-51.004775969784205,7.93455185998937e-08
grid-r076-c055,76,55,11.200000762939453,15.40000057220459,0.44999998807907104,-50.85631239516101,8.210484025994447e-08
grid-r076-c056,76,56,11.399999618530273,15.40000057220459,0.44999998807907104,-50.29999359492754,9.332556771823874e-08
grid-r076-c057,76,57,11.600000381469727,15.40000057220459,0.44999998807907104,-50.12488622351712,9.716534066228633e-08
grid-r077-c000,77,0,0.19999980926513672,15.600000381469727,0.44999998807907104,-88.4597163615018,1.4257007033280367e-11
grid-r077-c001,77,1,0.40000009536743164,15.600000381469727,0.44999998807907104,-91.09013881465603,7.780116828559613e-12
grid-r077-c002,77,2,0.5999999046325684,15.600000381469727,0.44999998807907104,-80.7565846755874,8.401204037999932e-11
grid-r077-c003,77,3,0.7999997138977051,15.600000381469727,0.44999998807907104,-66.5688982387522,2.2034853941477195e-09
grid-r077-c004,77,4,1.0,15.600000381469727,0.44999998807907104,-66.93209027266875,2.02670702442731e-09
grid-r077-c005,77,5,1.1999998092651367,15.600000381469727,0.44999998807907104,-72.16753361605426,6.070809965841306e-10
grid-r077-c006,77,6,1.4000000953674316,15.600000381469727,0.44999998807907104,-70.26388677118851,9.410470180881703e-10
grid-r077-c007,77,7,1.5999999046325684,15.600000381469727,0.44999998807907104,-69.2894786645416,1.1777473440943709e-09
grid-r077-c008,77,8,1.799999713897705,15.600000381469727,0.44999998807907104,-69.26571659791841,1.1842089531199917e-09
grid-r077-c009,77,9,2.0,15.600000381469727,0.44999998807907104,-65.29380740177834,2.9554203528903145e-09
grid-r077-c010,77,10,2.200000047683716,15.600000381469727,0.44999998807907104,-61.00904064329548,7.926764133969755e-09
grid-r077-c011,77,11,2.3999998569488525,15.600000381469727,0.44999998807907104,-59.69389996804428,1.0730254018653795e-08
grid-r077-c012,77,12,2.5999999046325684,15.600000381469727,0.44999998807907104,-61.902165830825,6.453323209143491e-09
grid-r077-c013,77,13,2.799999952316284,15.600000381469727,0.44999998807907104,-61.69105496199505,6.774769190087682e-09
grid-r077-c014,77,14,3.0,15.600000381469727,0.44999998807907104,-61.88899434210356,6.472924862777063e-09
grid-r077-c015,77,15,3.200000047683716,15.600000381469727,0.44999998807907104,-63.27797725106376,4.701130151829602e-09
grid-r077-c016,77,16,3.3999998569488525,15.600000381469727,0.44999998807907104,-61.093863210865024,7.773447663339539e-09
grid-r077-c017,77,17,3.5999999046325684,15.600000381469727,0.44999998807907104,-60.7028884336558,8.505721460494442e-09
grid-r077-c018,77,18,3.799999952316284,15.600000381469727,0.44999998807907104,-60.98825734218687,7.964788828473957e-09
grid-r077-c019,77,19,4.0,15.600000381469727,0.44999998807907104,-57.05646338946863,1.9694894604072033e-08
grid-r077-c020,77,20,4.199999809265137,15.600000381469727,0.44999998807907104,-55.5113257302028,2.8110425986938026e-08
grid-r077-c021,77,21,4.400000095367432,15.600000381469727,0.44999998807907104,-55.63034439335787,2.7350518294610993e-08
grid-r077-c022,77,22,4.599999904632568,15.600000381469727,0.44999998807907104,-52.5384953923938,5.5737881865525196e-08
grid-r077-c023,77,23,4.800000190734863,15.600000381469727,0.44999998807907104,-48.28680841045886,1.4836079742508446e-07
grid-r077-c024,77,24,5.0,15.600000381469727,0.44999998807907104,-48.650398548856344,1.3644579155425163e-07
grid-r077-c025,77,25,5.199999809265137,15.600000381469727,0.44999998807907104,-48.659737199190985,1.361527068866053e-07
grid-r077-c026,77,26,5.400000095367432,15.600000381469727,0.44999998807907104,-47.52323624603582,1.7687904119156883e-07
grid-r077-c027,77,27,5.599999904632568,15.600000381469727,0.44999998807907104,-50.29838228593262,9.336019957117969e-08
grid-r077-c028,77,28,5.800000190734863,15.600000381469727,0.44999998807907104,-54.52908813304673,3.524448644043332e-08
grid-r077-c029,77,29,6.0,15.600000381469727,0.44999998807907104,-52.91465925890594,5.111331802254426e-08
grid-r077-c030,77,30,6.199999809265137,15.600000381469727,0.44999998807907104,-50.15581220574721,9.647588683492359e-08
grid-r077-c031,77,31,6.400000095367432,15.600000381469727,0.44999998807907104,-50.037582941716664,9.91383544146629e-08
grid-r077-c032,77,32,6.599999904632568,15.600000381469727,0.44999998807907104,-49.893116475889144,1.0249161874753554e-07
grid-r077-c033,77,33,6.800000190734863,15.600000381469727,0.44999998807907104,-45.808778713899386,2.6249566076330666e-07
grid-r077-c034,77,34,7.0,15.600000381469727,0.44999998807907104,-45.957723345858014,2.5364579414599575e-07
grid-r077-c035,77,35,7.199999809265137,15.600000381469727,0.44999998807907104,-46.54293483036821,2.2166979363191786e-07
grid-r077-c036,77,36,7.400000095367432,15.600000381469727,0.44999998807907104,-46.90364139289929,2.0400267430886743e-07
grid-r077-c037,77,37,7.599999904632568,15.600000381469727,0.44999998807907104,-47.73855038413602,1.6832358085139276e-07
grid-r077-c038,77,38,7.800000190734863,15.600000381469727,0.44999998807907104,-47.131069801635036,1.9359450220690633e-07
grid-r077-c039,77,39,8.0,15.600000381469727,0.44999998807907104,-46.98814932234549,2.000714260930181e-07
grid-r077-c040,77,40,8.199999809265137,15.600000381469727,0.44999998807907104,-45.54308774040284,2.790559108234447e-07
grid-r077-c041,77,41,8.399999618530273,15.600000381469727,0.44999998807907104,-45.750850920397625,2.660203790583182e-07
grid-r077-c042,77,42,8.600000381469727,15.600000381469727,0.44999998807907104,-45.79246084474214,2.634837983350735e-07
grid-r077-c043,77,43,8.800000190734863,15.600000381469727,0.44999998807907104,-45.832484217893935,2.610667593216931e-07
grid-r077-c044,77,44,9.0,15.600000381469727,0.44999998807907104,-46.0193553949706,2.500716504982847e-07
grid-r077-c045,77,45,9.199999809265137,15.600000381469727,0.44999998807907104,-46.089972871740116,2.4603829729130666e-07
grid-r077-c046,77,46,9.399999618530273,15.600000381469727,0.44999998807907104,-47.234724559014694,1.8902861143033078e-07
grid-r077-c047,77,47,9.600000381469727,15.600000381469727,0.44999998807907104,-53.91604110443227,4.058783531490917e-08
grid-r077-c048,77,48,9.800000190734863,15.600000381469727,0.44999998807907104,-50.97801583028759,7.983593519611532e-08
grid-r077-c049,77,49,10.0,15.600000381469727,0.44999998807907104,-51.09176095442264,7.77721140821086e-08
grid-r077-c050,77,50,10.200000762939453,15.600000381469727,0.44999998807907104,-50.85906029630135,8.205290669138776e-08
grid-r077-c051,77,51,10.399999618530273,15.600000381469727,0.44999998807907104,-51.85033516199633,6.530801499593508e-08
grid-r077-c052,77,52,10.600000381469727,15.600000381469727,0.44999998807907104,-51.61557120574422,6.893549198139226e-08
grid-r077-c053,77,53,10.800000190734863,15.600000381469727,0.44999998807907104,-50.68761825895514,8.535680962040715e-08
grid-r077-c054,77,54,11.0,15.600000381469727,0.44999998807907104,-51.09791938845407,7.766190890379221e-08
grid-r077-c055,77,55,11.200000762939453,15.600000381469727,0.44999998807907104,-50.45720974582649,9.000756762134188e-08
grid-r077-c056,77,56,11.399999618530273,15.600000381469727,0.44999998807907104,-49.89938442542925,1.0234380454221537e-07
grid-r077-c057,77,57,11.600000381469727,15.600000381469727,0.44999998807907104,-50.09871158624185,9.775271792022977e-08
grid-r078-c000,78,0,0.19999980926513672,15.80000114440918,0.44999998807907104,-87.17483484166392,1.916533945434118e-11
grid-r078-c001,78,1,0.40000009536743164,15.80000114440918,0.44999998807907104,-109.50135618102163,1.1216681338084566e-13
grid-r078-c002,78,2,0.5999999046325684,15.80000114440918,0.44999998807907104,-99.9108988376298,1.020728206818644e-12
grid-r078-c003,78,3,0.7999997138977051,15.80000114440918,0.44999998807907104,-75.18006196773491,3.0338478951286163e-10
grid-r078-c004,78,4,1.0,15.80000114440918,0.44999998807907104,-66.47785988591954,2.2501631669058497e-09
grid-r078-c005,78,5,1.1999998092651367,15.80000114440918,0.44999998807907104,-66.93547888569987,2.0251262888848487e-09
grid-r078-c006,78,6,1.4000000953674316,15.80000114440918,0.44999998807907104,-71.13762511289022,7.695511450300785e-10
grid-r078-c007,78,7,1.5999999046325684,15.80000114440918,0.44999998807907104,-69.87793474043949,1.0285052809422268e-09
grid-r078-c008,78,8,1.799999713897705,15.80000114440918,0.44999998807907104,-69.15921373637168,1.2136085469904856e-09
grid-r078-c009,78,9,2.0,15.80000114440918,0.44999998807907104,-60.25621804669771,9.427101765879797e-09
grid-r078-c010,78,10,2.200000047683716,15.80000114440918,0.44999998807907104,-60.39755910168026,9.125235678197896e-09
grid-r078-c011,78,11,2.3999998569488525,15.80000114440918,0.44999998807907104,-61.94315424543737,6.392703699731328e-09
grid-r078-c012,78,12,2.5999999046325684,15.80000114440918,0.44999998807907104,-61.20243290790262,7.581527405875477e-09
grid-r078-c013,78,13,2.799999952316284,15.80000114440918,0.44999998807907104,-60.50486714366588,8.902526715814929e-09
grid-r078-c014,78,14,3.0,15.80000114440918,0.44999998807907104,-61.759962569014576,6.668125163145078e-09
grid-r078-c015,78,15,3.200000047683716,15.80000114440918,0.44999998807907104,-62.814031435671055,5.2311461828935535e-09
grid-r078-c016,78,16,3.3999998569488525,15.80000114440918,0.44999998807907104,-61.24079935995778,7.51484563465965e-09
grid-r078-c017,78,17,3.5999999046325684,15.80000114440918,0.44999998807907104,-62.12650063049969,6.128439977715061e-09
grid-r078-c018,78,18,3.799999952316284,15.80000114440918,0.44999998807907104,-64.60725275965572,3.4615827981809844e-09
grid-r078-c019,78,19,4.0,15.80000114440918,0.44999998807907104,-60.117038114460115,9.734108630254923e-09
grid-r078-c020,78,20,4.199999809265137,15.80000114440918,0.44999998807907104,-55.70692003752909,2.6872495340057867e-08
grid-r078-c021,78,21,4.400000095367432,15.80000114440918,0.44999998807907104,-55.61980964798552,2.7416943382263526e-08
grid-r078-c022,78,22,4.599999904632568,15.80000114440918,0.44999998807907104,-49.802191378380584,1.0466003175224614e-07
grid-r078-c023,78,23,4.800000190734863,15.80000114440918,0.44999998807907104,-48.210558485719375,1.5098859762474603e-07
grid-r078-c024,78,24,5.0,15.80000114440918,0.44999998807907104,-48.16891560452325,1.5244333440023183e-07
grid-r078-c025,78,25,5.199999809265137,15.80000114440918,0.44999998807907104,-48.92603051578867,1.2805512028535304e-07
grid-r078-c026,78,26,5.400000095367432,15.80000114440918,0.44999998807907104,-48.700477396034444,1.348814606672022e-07
grid-r078-c027,78,27,5.599999904632568,15.80000114440918,0.44999998807907104,-51.5280824976834,7.033828097746664e-08
grid-r078-c028,78,28,5.800000190734863,15.80000114440918,0.44999998807907104,-53.28089365528854,4.697974276268724e-08
grid-r078-c029,78,29,6.0,15.80000114440918,0.44999998807907104,-52.9670215459995,5.050075202461812e-08
grid-r078-c030,78,30,6.199999809265137,15.80000114440918,0.44999998807907104,-50.96363316201992,8.010076868458782e-08
grid-r078-c031,78,31,6.400000095367432,15.80000114440918,0.44999998807907104,-49.85336899846277,1.0343394762912794e-07
grid-r078-c032,78,32,6.599999904632568,15.80000114440918,0.44999998807907104,-46.65736662896346,2.1590531673609803e-07
grid-r078-c033,78,33,6.800000190734863,15.80000114440918,0.44999998807907104,-46.08768578689049,2.461679002863093e-07
grid-r078-c034,78,34,7.0,15.80000114440918,0.44999998807907104,-46.71172050379084,2.1322000520740403e-07
grid-r078-c035,78,35,7.199999809265137,15.80000114440918,0.44999998807907104,-46.749055131009015,2.1139489092547592e-07
grid-r078-c036,78,36,7.400000095367432,15.80000114440918,0.44999998807907104,-47.08162131924128,1.958113529099137e-07
grid-r078-c037,78,37,7.599999904632568,15.80000114440918,0.44999998807907104,-47.746304390174856,1.6802331970211526e-07
grid-r078-c038,78,38,7.800000190734863,15.80000114440918,0.44999998807907104,-47.44465309623567,1.8010869951012864e-07
grid-r078-c039,78,39,8.0,15.80000114440918,0.44999998807907104,-45.05927864963479,3.1194076655083336e-07
grid-r078-c040,78,40,8.199999809265137,15.80000114440918,0.44999998807907104,-44.89975497701246,3.236119141547533e-07
grid-r078-c041,78,41,8.399999618530273,15.80000114440918,0.44999998807907104,-45.35783288516397,2.91216991854526e-07
grid-r078-c042,78,42,8.600000381469727,15.80000114440918,0.44999998807907104,-46.007728073786154,2.507420617803291e-07
grid-r078-c043,78,43,8.800000190734863,15.80000114440918,0.44999998807907104,-46.09539697241371,2.4573120072091115e-07
grid-r078-c044,78,44,9.0,15.80000114440918,0.44999998807907104,-46.23778556585248,2.378052528229091e-07
grid-r078-c045,78,45,9.199999809265137,15.80000114440918,0.44999998807907104,-46.39866530152585,2.2915718034255406e-07
grid-r078-c046,78,46,9.399999618530273,15.80000114440918,0.44999998807907104,-52.61250574887791,5.47960716801299e-08
grid-r078-c047,78,47,9.600000381469727,15.80000114440918,0.44999998807907104,-54.63548732050231,3.439151186057643e-08
grid-r078-c048,78,48,9.800000190734863,15.80000114440918,0.44999998807907104,-54.538073609744984,3.5171641599163195e-08
grid-r078-c049,78,49,10.0,15.80000114440918,0.44999998807907104,-52.028413151384214,6.268428620614941e-08
grid-r078-c050,78,50,10.200000762939453,15.80000114440918,0.44999998807907104,-51.355575611947856,7.318843131542963e-08
grid-r078-c051,78,51,10.399999618530273,15.80000114440918,0.44999998807907104,-51.75870718150226,6.670052954405037e-08
grid-r078-c052,78,52,10.600000381469727,15.80000114440918,0.44999998807907104,-51.66326345644279,6.818261510943557e-08
grid-r078-c053,78,53,10.800000190734863,15.80000114440918,0.44999998807907104,-50.84092676017258,8.239622673045233e-08
grid-r078-c054,78,54,11.0,15.80000114440918,0.44999998807907104,-50.580302213279225,8.749228896931527e-08
grid-r078-c055,78,55,11.200000762939453,15.80000114440918,0.44999998807907104,-50.10936301918025,9.751326501827862e-08
grid-r078-c056,78,56,11.399999618530273,15.80000114440918,0.44999998807907104,-49.999586156763854,1.0000952954669629e-07
grid-r078-c057,78,57,11.600000381469727,15.80000114440918,0.44999998807907104,-50.075310641500124,9.82808572302929e-08
grid-r079-c000,79,0,0.19999980926513672,16.0,0.44999998807907104,-102.59651789380065,5.499816639435717e-13
grid-r079-c001,79,1,0.40000009536743164,16.0,0.44999998807907104,-92.17919741074363,6.054527539045562e-12
grid-r079-c002,79,2,0.5999999046325684,16.0,0.44999998807907104,-91.43920986739829,7.179248948802064e-12
grid-r079-c003,79,3,0.7999997138977051,16.0,0.44999998807907104,-97.7924517214137,1.6624738695056318e-12
grid-r079-c004,79,4,1.0,16.0,0.44999998807907104,-72.52957983932659,5.585242268679735e-10
grid-r079-c005,79,5,1.1999998092651367,16.0,0.44999998807907104,-66.53460332476345,2.2209545313955914e-09
grid-r079-c006,79,6,1.4000000953674316,16.0,0.44999998807907104,-67.00119375180176,1.9947139495712918e-09
grid-r079-c007,79,7,1.5999999046325684,16.0,0.44999998807907104,-70.82853479584134,8.26316681745709e-10
grid-r079-c008,79,8,1.799999713897705,16.0,0.44999998807907104,-62.726987717085024,5.3370494690341275e-09
grid-r079-c009,79,9,2.0,16.0,0.44999998807907104,-59.528623901684284,1.1146476630585767e-08
grid-r079-c010,79,10,2.200000047683716,16.0,0.44999998807907104,-62.02552760224643,6.27259488794607e-09
grid-r079-c011,79,11,2.3999998569488525,16.0,0.44999998807907104,-62.30116824782513,5.886852783021368e-09
grid-r079-c012,79,12,2.5999999046325684,16.0,0.44999998807907104,-59.8160239199121,1.0432721353481611e-08
grid-r079-c013,79,13,2.799999952316284,16.0,0.44999998807907104,-60.16183136411739,9.634226749710706e-09
grid-r079-c014,79,14,3.0,16.0,0.44999998807907104,-61.91610649694161,6.432641530551564e-09
grid-r079-c015,79,15,3.200000047683716,16.0,0.44999998807907104,-62.744172339170035,5.3159729951346435e-09
grid-r079-c016,79,16,3.3999998569488525,16.0,0.44999998807907104,-61.4099648012231,7.22775661543551e-09
grid-r079-c017,79,17,3.5999999046325684,16.0,0.44999998807907104,-63.906416541268754,4.067788328399047e-09
grid-r079-c018,79,18,3.799999952316284,16.0,0.44999998807907104,-77.08229821379496,1.9578083598759122e-10
grid-r079-c019,79,19,4.0,16.0,0.44999998807907104,-82.00669297167539,6.299857163716283e-11
grid-r079-c020,79,20,4.199999809265137,16.0,0.44999998807907104,-56.53229974950226,2.2221328777050076e-08
grid-r079-c021,79,21,4.400000095367432,16.0,0.44999998807907104,-53.76011324448859,4.207156578672766e-08
grid-r079-c022,79,22,4.599999904632568,16.0,0.44999998807907104,-48.502306826308086,1.4117874513885909e-07
grid-r079-c023,79,23,4.800000190734863,16.0,0.44999998807907104,-48.238477123721225,1.5002108000317094e-07
grid-r079-c024,79,24,5.0,16.0,0.44999998807907104,-48.24724442995128,1.4971853090628429e-07
grid-r079-c025,79,25,5.199999809265137,16.0,0.44999998807907104,-48.74776743784432,1.3342071270017186e-07
grid-r079-c026,79,26,5.400000095367432,16.0,0.44999998807907104,-49.98534286339887,1.0033806319142968e-07
grid-r079-c027,79,27,5.599999904632568,16.0,0.44999998807907104,-55.08266385771735,3.1026559099700535e-08
grid-r079-c028,79,28,5.800000190734863,16.0,0.44999998807907104,-51.56244931513103,6.978387290246246e-08
grid-r079-c029,79,29,6.0,16.0,0.44999998807907104,-52.99634254148964,5.016094917209557e-08
grid-r079-c030,79,30,6.199999809265137,16.0,0.44999998807907104,-52.305389660498946,5.881133446905551e-08
grid-r079-c031,79,31,6.400000095367432,16.0,0.44999998807907104,-46.709637527865425,2.1332229493964405e-07
grid-r079-c032,79,32,6.599999904632568,16.0,0.44999998807907104,-46.21406556062044,2.391076350249932e-07
grid-r079-c033,79,33,6.800000190734863,16.0,0.44999998807907104,-47.50192171021665,1.7774927130176366e-07
grid-r079-c034,79,34,7.0,16.0,0.44999998807907104,-47.16567670905427,1.9205796775167983e-07
grid-r079-c035,79,35,7.199999809265137,16.0,0.44999998807907104,-46.89725876645346,2.0430270808446949e-07
grid-r079-c036,79,36,7.400000095367432,16.0,0.44999998807907104,-46.88031162945316,2.05101500228011e-07
grid-r079-c037,79,37,7.599999904632568,16.0,0.44999998807907104,-48.015115572979866,1.5793865770774573e-07
grid-r079-c038,79,38,7.800000190734863,16.0,0.44999998807907104,-45.72056004852192,2.67882285243104e-07
grid-r079-c039,79,39,8.0,16.0,0.44999998807907104,-44.84250701095557,3.2790595128062705e-07
grid-r079-c040,79,40,8.199999809265137,16.0,0.44999998807907104,-44.64156806876656,3.4343392485425284e-07
grid-r079-c041,79,41,8.399999618530273,16.0,0.44999998807907104,-45.07728331703808,3.10650221990727e-07
grid-r079-c042,79,42,8.600000381469727,16.0,0.44999998807907104,-45.650868521799296,2.722156864365388e-07
grid-r079-c043,79,43,8.800000190734863,16.0,0.44999998807907104,-46.17841347697683,2.4107859530886344e-07
grid-r079-c044,79,44,9.0,16.0,0.44999998807907104,-46.07043358767383,2.471477387189225e-07
grid-r079-c045,79,45,9.199999809265137,16.0,0.44999998807907104,-49.91808163225217,1.0190414201360909e-07
grid-r079-c046,79,46,9.399999618530273,16.0,0.44999998807907104,-54.58607108064777,3.478507082377291e-08
grid-r079-c047,79,47,9.600000381469727,16.0,0.44999998807907104,-54.926550431051055,3.216214139456497e-08
grid-r079-c048,79,48,9.800000190734863,16.0,0.44999998807907104,-57.38280608677938,1.826919415748307e-08
grid-r079-c049,79,49,10.0,16.0,0.44999998807907104,-57.87624693593416,1.630704637989311e-08
grid-r079-c050,79,50,10.200000762939453,16.0,0.44999998807907104,-51.87644388229447,6.491657700280484e-08
grid-r079-c051,79,51,10.399999618530273,16.0,0.44999998807907104,-51.96922389099477,6.354444792577851e-08
grid-r079-c052,79,52,10.600000381469727,16.0,0.44999998807907104,-51.69547547581348,6.767876925550809e-08
grid-r079-c053,79,53,10.800000190734863,16.0,0.44999998807907104,-50.807194983973304,8.303869236669925e-08
grid-r079-c054,79,54,11.0,16.0,0.44999998807907104,-50.11001876171454,9.749854257279367e-08
grid-r079-c055,79,55,11.200000762939453,16.0,0.44999998807907104,-50.133573933197056,9.69711635434578e-08
grid-r079-c056,79,56,11.399999618530273,16.0,0.44999998807907104,-50.16464795911081,9.627980546156323e-08
grid-r079-c057,79,57,11.600000381469727,16.0,0.44999998807907104,-50.132529331901736,9.699449066147281e-08
grid-r080-c000,80,0,0.19999980926513672,16.200000762939453,0.44999998807907104,-108.10936748328066,1.5454795104265229e-13
grid-r080-c001,80,1,0.40000009536743164,16.200000762939453,0.44999998807907104,-105.27766847984472,2.966423493563214e-13
grid-r080-c002,80,2,0.5999999046325684,16.200000762939453,0.44999998807907104,-89.89260274291624,1.025037433405318e-11
grid-r080-c003,80,3,0.7999997138977051,16.200000762939453,0.44999998807907104,-85.47417342742777,2.8351931913306316e-11
grid-r080-c004,80,4,1.0,16.200000762939453,0.44999998807907104,-94.21236222011763,3.791087235804902e-12
grid-r080-c005,80,5,1.1999998092651367,16.200000762939453,0.44999998807907104,-71.28070853052768,7.446104843822354e-10
grid-r080-c006,80,6,1.4000000953674316,16.200000762939453,0.44999998807907104,-66.48016786022845,2.2489676787529334e-09
grid-r080-c007,80,7,1.5999999046325684,16.200000762939453,0.44999998807907104,-62.243159327170474,5.966011240587932e-09
grid-r080-c008,80,8,1.799999713897705,16.200000762939453,0.44999998807907104,-59.69311601330095,1.0732191135787161e-08
grid-r080-c009,80,9,2.0,16.200000762939453,0.44999998807907104,-62.092281265627435,6.176918532219133e-09
grid-r080-c010,80,10,2.200000047683716,16.200000762939453,0.44999998807907104,-64.30663251529096,3.7096825611371287e-09
grid-r080-c011,80,11,2.3999998569488525,16.200000762939453,0.44999998807907104,-60.34436545424751,9.237691500629808e-09
grid-r080-c012,80,12,2.5999999046325684,16.200000762939453,0.44999998807907104,-60.17606720572394,9.602698192168191e-09
grid-r080-c013,80,13,2.799999952316284,16.200000762939453,0.44999998807907104,-59.98397819270885,1.0036959707804272e-08
grid-r080-c014,80,14,3.0,16.200000762939453,0.44999998807907104,-61.079842455745364,7.798584000795472e-09
grid-r080-c015,80,15,3.200000047683716,16.200000762939453,0.44999998807907104,-62.98246783289464,5.032145811156852e-09
grid-r080-c016,80,16,3.3999998569488525,16.200000762939453,0.44999998807907104,-62.1791056650401,6.054655443676893e-09
grid-r080-c017,80,17,3.5999999046325684,16.200000762939453,0.44999998807907104,-69.86016936651438,1.032721130833636e-09
grid-r080-c018,80,18,3.799999952316284,16.200000762939453,0.44999998807907104,-74.86436438426578,3.2625979695666274e-10
grid-r080-c019,80,19,4.0,16.200000762939453,0.44999998807907104,-71.11433452098574,7.736892237986126e-10
grid-r080-c020,80,20,4.199999809265137,16.200000762939453,0.44999998807907104,-60.23010680115806,9.483951401989543e-09
grid-r080-c021,80,21,4.400000095367432,16.200000762939453,0.44999998807907104,-50.601415602805574,8.706797416380141e-08
grid-r080-c022,80,22,4.599999904632568,16.200000762939453,0.44999998807907104,-48.30776960151886,1.476464603911154e-07
grid-r080-c023,80,23,4.800000190734863,16.200000762939453,0.44999998807907104,-48.38424929528121,1.4506915135825693e-07
grid-r080-c024,80,24,5.0,16.200000762939453,0.44999998807907104,-47.96688260855113,1.597025089949966e-07
grid-r080-c025,80,25,5.199999809265137,16.200000762939453,0.44999998807907104,-48.04944954570145,1.566949663356354e-07
grid-r080-c026,80,26,5.400000095367432,16.200000762939453,0.44999998807907104,-52.725036679691584,5.33944763958516e-08
grid-r080-c027,80,27,5.599999904632568,16.200000762939453,0.44999998807907104,-56.594145432133175,2.19071285556538e-08
grid-r080-c028,80,28,5.800000190734863,16.200000762939453,0.44999998807907104,-54.28363630908882,3.729377695549374e-08
grid-r080-c029,80,29,6.0,16.200000762939453,0.44999998807907104,-51.20945655817742,7.569276050389817e-08
grid-r080-c030,80,30,6.199999809265137,16.200000762939453,0.44999998807907104,-49.19671989380322,1.2031728147121612e-07
grid-r080-c031,80,31,6.400000095367432,16.200000762939453,0.44999998807907104,-45.87439866187066,2.5855928242890514e-07
grid-r080-c032,80,32,6.599999904632568,16.200000762939453,0.44999998807907104,-47.65959720300077,1.714116280027156e-07
grid-r080-c033,80,33,6.800000190734863,16.200000762939453,0.44999998807907104,-47.06661920156964,1.9648892646273453e-07
grid-r080-c034,80,34,7.0,16.200000762939453,0.44999998807907104,-47.53771163831905,1.762904702218293e-07
grid-r080-c035,80,35,7.199999809265137,16.200000762939453,0.44999998807907104,-47.19355272446104,1.908291551444563e-07
grid-r080-c036,80,36,7.400000095367432,16.200000762939453,0.44999998807907104,-47.17561153318614,1.9161912234721967e-07
grid-r080-c037,80,37,7.599999904632568,16.200000762939453,0.44999998807907104,-46.72970981273967,2.1233863378711249e-07
grid-r080-c038,80,38,7.800000190734863,16.200000762939453,0.44999998807907104,-44.98083308325309,3.176264726789668e-07
grid-r080-c039,80,39,8.0,16.200000762939453,0.44999998807907104,-44.657262757869816,3.4219505096189096e-07
grid-r080-c040,80,40,8.199999809265137,16.200000762939453,0.44999998807907104,-44.83014306366083,3.288407981472119e-07
grid-r080-c041,80,41,8.399999618530273,16.200000762939453,0.44999998807907104,-44.85191365767621,3.271964885698253e-07
grid-r080-c042,80,42,8.600000381469727,16.200000762939453,0.44999998807907104,-45.17315226661543,3.038678642042214e-07
grid-r080-c043,80,43,8.800000190734863,16.200000762939453,0.44999998807907104,-46.14431338171022,2.4297895606650854e-07
grid-r080-c044,80,44,9.0,16.200000762939453,0.44999998807907104,-48.21050984445128,1.5099028871645714e-07
grid-r080-c045,80,45,9.199999809265137,16.200000762939453,0.44999998807907104,-54.03038012840496,3.9533201601216206e-08
grid-r080-c046,80,46,9.399999618530273,16.200000762939453,0.44999998807907104,-54.69917776091111,3.3890831474536753e-08
grid-r080-c047,80,47,9.600000381469727,16.200000762939453,0.44999998807907104,-55.85656199405936,2.5962338057183842e-08
grid-r080-c048,80,48,9.800000190734863,16.200000762939453,0.44999998807907104,-57.711241764385534,1.693853413087254e-08
grid-r080-c049,80,49,10.0,16.200000762939453,0.44999998807907104,-61.42540141512761,7.202111795834298e-09
grid-r080-c050,80,50,10.200000762939453,16.200000762939453,0.44999998807907104,-55.86897727232591,2.5888224897130385e-08
grid-r080-c051,80,51,10.399999618530273,16.200000762939453,0.44999998807907104,-52.265630774221606,5.935221381037081e-08
grid-r080-c052,80,52,10.600000381469727,16.200000762939453,0.44999998807907104,-51.33797242129016,7.348568686893486e-08
grid-r080-c053,80,53,10.800000190734863,16.200000762939453,0.44999998807907104,-50.33047452386944,9.267285605574216e-08
grid-r080-c054,80,54,11.0,16.200000762939453,0.44999998807907104,-50.25651536154119,9.426456415440043e-08
grid-r080-c055,80,55,11.200000762939453,16.200000762939453,0.44999998807907104,-50.11807265407698,9.731790129308138e-08
grid-r080-c056,80,56,11.399999618530273,16.200000762939453,0.44999998807907104,-50.10788732769265,9.754640473147447e-08
grid-r080-c057,80,57,11.600000381469727,16.200000762939453,0.44999998807907104,-50.05218783133037,9.880552198637815e-08
